OriginalIndex,CaseID,RunID,VB,DOC,Feed,Material,smcAC_Mean,smcAC_RMS,smcAC_Std,smcAC_PeakToPeak,smcAC_Skewness,smcAC_Kurtosis,smcAC_CrestFactor,smcAC_MeanFrequency,smcAC_MedianFrequency,smcAC_SpectralEntropy,smcAC_LowBandRatio,smcAC_MidBandRatio,smcAC_HighBandRatio,smcDC_Mean,smcDC_RMS,smcDC_Std,smcDC_PeakToPeak,smcDC_Skewness,smcDC_Kurtosis,smcDC_CrestFactor,smcDC_MeanFrequency,smcDC_MedianFrequency,smcDC_SpectralEntropy,smcDC_LowBandRatio,smcDC_MidBandRatio,smcDC_HighBandRatio,vib_table_Mean,vib_table_RMS,vib_table_Std,vib_table_PeakToPeak,vib_table_Skewness,vib_table_Kurtosis,vib_table_CrestFactor,vib_table_MeanFrequency,vib_table_MedianFrequency,vib_table_SpectralEntropy,vib_table_LowBandRatio,vib_table_MidBandRatio,vib_table_HighBandRatio,vib_spindle_Mean,vib_spindle_RMS,vib_spindle_Std,vib_spindle_PeakToPeak,vib_spindle_Skewness,vib_spindle_Kurtosis,vib_spindle_CrestFactor,vib_spindle_MeanFrequency,vib_spindle_MedianFrequency,vib_spindle_SpectralEntropy,vib_spindle_LowBandRatio,vib_spindle_MidBandRatio,vib_spindle_HighBandRatio,AE_table_Mean,AE_table_RMS,AE_table_Std,AE_table_PeakToPeak,AE_table_Skewness,AE_table_Kurtosis,AE_table_CrestFactor,AE_table_MeanFrequency,AE_table_MedianFrequency,AE_table_SpectralEntropy,AE_table_LowBandRatio,AE_table_MidBandRatio,AE_table_HighBandRatio,AE_spindle_Mean,AE_spindle_RMS,AE_spindle_Std,AE_spindle_PeakToPeak,AE_spindle_Skewness,AE_spindle_Kurtosis,AE_spindle_CrestFactor,AE_spindle_MeanFrequency,AE_spindle_MedianFrequency,AE_spindle_SpectralEntropy,AE_spindle_LowBandRatio,AE_spindle_MidBandRatio,AE_spindle_HighBandRatio
1,1,1,0,1.5,0.5,1,-0.160302191840278,1.81794140440939,1.81106130028412,7.91015625,-0.00949630697154777,1.7219325690754,2.22960173809199,13.4804537759049,12.451171875,0.289542675036222,0.968760067376811,0.0228208077773644,0.00841912484582423,7.00556315104167,7.00907957410918,0.22201884339182,1.7138671875,-0.0238665475832798,2.99999773775486,3.71255321853024,21.0048497424038,12.451171875,0.539010196884131,0.699988088381432,0.151182542850303,0.148829368768265,2.02224934895833,2.03981669555058,0.267162091856627,1.77001953125,-1.077612553497,5.00399336256576,3.90205933221665,40.081804769479,40.52734375,0.574002030738832,0.423476372099845,0.303418337004032,0.273105290896123,0.647536349826389,0.65226346687515,0.0783943338405337,0.452880859375,-0.256536154629008,2.94504829862244,3.08540317031709,39.1575898647475,40.52734375,0.549296569930247,0.429553749976427,0.328676885622252,0.241769364401322,0.198943413628472,0.203311587897805,0.0419226729260863,0.3656005859375,0.952177911187241,4.01955001964811,6.44439176801687,26.7443019579038,13.916015625,0.622398778455504,0.580295230929114,0.330403764779653,0.0893010042912323,0.211184217664931,0.214859922359089,0.0395772728408834,0.272216796875,1.08335239719577,4.21128725306482,4.76801489850587,23.8113507037819,13.916015625,0.560614767146939,0.623993166714106,0.322835361119035,0.0531714721668596
4,1,4,0.11,1.5,0.5,1,-0.1541064453125,1.94982893368684,1.94394543004883,8.2421875,-0.00930750407050799,1.68152250338311,2.12833477799284,13.3949043772693,12.6953125,0.28145178516206,0.974541629769371,0.0181234052162125,0.0073349650144168,7.50755316840278,7.50984637510938,0.18559540926206,1.2353515625,0.116218811524717,2.99160508115787,3.63389214385493,23.9589893182498,13.427734375,0.552292970527227,0.658711427691263,0.168053441945,0.173235130363737,1.79547092013889,1.8099628061029,0.228606972771903,1.49658203125,-0.892741116939722,4.58193538390888,3.82481821562177,40.1697039566575,29.541015625,0.585907208707699,0.464961316287285,0.228507571380176,0.306531112332539,0.586543511284722,0.589599051114369,0.0599545597387907,0.3564453125,-0.577001503441939,3.61200392916046,3.38005541245431,40.9048032332691,40.52734375,0.557848461575277,0.442920710889982,0.259973677295966,0.297105611814053,0.216496175130208,0.219749699069135,0.0376782679161302,0.2984619140625,0.876841086357956,4.37113917588619,5.70506580836609,30.4863827297183,15.869140625,0.722140625279426,0.524191799808517,0.340796149880944,0.135012050310539,0.234024793836806,0.238323391382446,0.0450653531849445,0.37353515625,1.12598703598357,5.439830377488,6.28110089806847,25.8964808401901,13.671875,0.616341352212553,0.616188198266477,0.282330382815554,0.101481418917969
6,1,6,0.2,1.5,0.5,1,-0.152442491319444,2.40387502110094,2.39930316148812,9.4677734375,-0.00836986250582223,1.62606441664019,1.974867313389,13.7492461521057,13.18359375,0.26907389936371,0.982864927935693,0.00942229539557334,0.00771277666873357,9.25365125868056,9.255963096262,0.20688338105753,1.3330078125,0.0410370712603562,2.63877594370795,3.13326127863197,20.243724755396,12.939453125,0.486106961773205,0.692665731973753,0.157934024929923,0.149400243096324,1.13481174045139,1.13929344560563,0.100966005649464,0.634765625,0.0506421566374688,2.72676045002303,3.45265359079765,57.7265396579783,80.810546875,0.604969352434169,0.216465026481854,0.171969844776242,0.611565128741904,0.523698187934028,0.524950070441561,0.0362363933901805,0.224609375,-0.0508077652199857,2.68597402262677,3.33724140987871,59.9430675933997,80.810546875,0.614208184258901,0.101585087734623,0.311566218872109,0.586848693393268,0.242853868272569,0.245442645429608,0.0355580065815295,0.2740478515625,0.34613077774349,3.14047021347475,5.20626682743293,33.3728743972568,18.5546875,0.74438947115535,0.50474379002654,0.278670449570068,0.216585760403393,0.24094970703125,0.243020248270673,0.0316591611540757,0.2056884765625,0.601253097920174,3.15060600045746,4.07715813948601,32.6269097190773,13.916015625,0.673928470204269,0.550700586782406,0.23822862874358,0.211070784474014
7,1,7,0.24,1.5,0.5,1,-0.145529513888889,2.47590810190569,2.47190208829138,9.6533203125,-0.00348804592162048,1.60635821172307,1.9643026263432,13.8815727086514,13.18359375,0.263842325094725,0.984818001708429,0.00667231597940413,0.0085096823121665,9.80670247395833,9.80814453592582,0.168202592153227,0.6640625,-0.368309127322832,1.93168453616052,2.57841609846047,4.88617814921152,0.732421875,0.379816278998182,0.877811624739539,0.121476708253225,0.000711667007236528,1.87658365885417,1.89395433693684,0.255951870091489,1.40869140625,-0.46513276623038,3.07126756543003,3.42854768080592,45.6818729719595,27.34375,0.577376548146498,0.221618206085788,0.392530772342474,0.385851021571738,0.441975911458333,0.443039472564418,0.0306834997658247,0.166015625,-0.269766616014578,2.70590728544972,3.0025683955536,46.9516344186044,30.2734375,0.625506450724229,0.162683016169132,0.481992432832345,0.355324550998523,0.219448513454861,0.222031664274126,0.0337737081697766,0.2294921875,0.749583615307463,3.74652130277778,4.40660125350387,30.3226028558934,13.916015625,0.750598620844849,0.549958850114229,0.269698205282825,0.180342944602946,0.334112006293403,0.337735834479607,0.0493477689293042,0.361328125,0.675880432715155,3.46254951125468,4.76563097183147,37.9870137238401,27.099609375,0.732329516391457,0.396944895435176,0.345644801664281,0.257410302900543
8,1,8,0.29,1.5,0.5,1,-0.192394748263889,2.70625951059034,2.6997119205249,9.990234375,-0.0366004987335433,1.57981314287114,1.90774325387904,14.1121008412284,13.427734375,0.260315880986209,0.986296307058959,0.0048787182163446,0.00882497472469653,9.9951171875,9.9951171875,0,0,0.07255227383315,1.84118652634409,1.04312758084087,62.5,62.5,0.999999999999982,0.159844054580897,0.319688109161793,0.52046783625731,1.05302788628472,1.06125076193571,0.131868550867916,0.69580078125,-0.123144353084932,2.2848447384186,2.62007219557954,43.200499486752,27.099609375,0.498347300226274,0.0841917035278989,0.600578551003077,0.315229745469024,0.441995985243056,0.443158556569265,0.0320824565667389,0.169677734375,-0.199262074074823,2.40090058026895,2.70534981817041,44.516486374677,27.099609375,0.583245799808873,0.106779453018887,0.586844186690036,0.306376360291076,0.281088595920139,0.283882084328131,0.0397314717053404,0.2899169921875,0.332350101193294,3.33519986151854,4.45267631053123,39.3898815526768,26.85546875,0.797755611108771,0.367784326404815,0.347670999366991,0.284544674228195,0.2988330078125,0.301523892550743,0.0401976404597371,0.2618408203125,0.465386650852421,3.22802980189962,3.94926506224811,32.238248452953,26.85546875,0.738657545814361,0.374136519049473,0.44598929762083,0.179874183329698
9,1,9,0.28,1.5,0.5,1,-0.136595052083333,2.83800669163871,2.83503260380079,9.99755859375,0.0263180304406239,1.588667569003,1.81758001198357,14.0779301798177,13.427734375,0.258356264127189,0.988706436433923,0.00447327712968418,0.00682028643639273,9.9951171875,9.9951171875,0,0,0.07255227383315,1.84118652634409,1.04312758084087,62.5,62.5,0.999999999999982,0.159844054580897,0.319688109161793,0.52046783625731,1.70299967447917,1.71482820187614,0.201089175844316,1.17919921875,-0.451610019112683,2.97360216986969,3.15652470507615,46.259575311,27.099609375,0.577531119727511,0.236677167947749,0.364708095225337,0.398614736826915,0.43962890625,0.440496788730768,0.0276408294513661,0.177001953125,-0.0404672672034562,2.64030976777055,3.65252500760642,43.36708637093,27.099609375,0.661767666698985,0.294469625178234,0.376149158182602,0.329381216639163,0.292715386284722,0.295370241100995,0.039517451700612,0.2679443359375,0.532463407075411,3.41855407624747,4.0138312941206,41.6864903372847,27.099609375,0.816551994654633,0.31926215660094,0.360665178431855,0.320072664967206,0.38656494140625,0.39048529797095,0.0551995572100065,0.3997802734375,0.54738845277308,3.16845316750491,4.57513759074458,45.0067160513949,27.099609375,0.753089380157508,0.271464275959771,0.355109197347873,0.373426526692356
10,1,10,0.29,1.5,0.5,1,-0.143949652777778,3.0267724262783,3.02368343589469,10.712890625,-0.011106915318924,1.56244581863659,1.79717066006573,14.1918135104707,13.671875,0.257532770073508,0.990658024759679,0.00348861675857919,0.00585335848174116,9.9951171875,9.9951171875,0,0,0.07255227383315,1.84118652634409,1.04312758084087,62.5,62.5,0.999999999999982,0.159844054580897,0.319688109161793,0.52046783625731,0.9511767578125,0.957552047506786,0.110324085485207,0.68603515625,-0.244098967928519,2.97227605870931,3.18332041790023,44.7268614574818,26.85546875,0.578884743376151,0.291923051484541,0.312495936779755,0.395581011735703,0.406545952690972,0.407330849251428,0.0252774819080301,0.167236328125,-0.143599206827191,2.64813082475596,3.69395066808938,45.3993483443171,27.099609375,0.684658076101982,0.277312325306409,0.344270916805089,0.378416757888502,0.321966824001736,0.324635541753583,0.0415449487134448,0.3033447265625,0.550285436960678,3.50701141309685,4.53159393186692,45.1890383639567,33.203125,0.846174600000563,0.327223821150826,0.287809349323234,0.38496682952594,0.345486789279514,0.34834627818641,0.0445471542111467,0.2996826171875,0.567760722550697,3.45017208332034,4.89005518688636,41.2867024922867,26.85546875,0.811781099001788,0.376369626637647,0.259570320819757,0.364060052542596
11,1,11,0.38,1.5,0.5,1,-0.140822482638889,2.95209758811637,2.94906457385756,10.8154296875,-0.00543171874294645,1.56726979001157,1.85728830571266,14.1610520763987,13.671875,0.257470618127447,0.989694759351355,0.00398936232914763,0.00631587831949703,9.9951171875,9.9951171875,0,0,0.07255227383315,1.84118652634409,1.04312758084087,62.5,62.5,0.999999999999982,0.159844054580897,0.319688109161793,0.52046783625731,0.859790581597222,0.865060190655892,0.0953483589021234,0.634765625,-0.112158350574768,3.12095802698802,3.84908303873094,46.9519289941453,39.794921875,0.582770931695916,0.277950591825816,0.286995473270055,0.435053934904129,0.382866753472222,0.383596239947292,0.0236484389510566,0.15625,0.227423302486175,2.75072483525542,4.20113252656096,46.4478399589593,27.099609375,0.642135506190061,0.191676434490569,0.425213205207877,0.383110360301554,0.313704291449653,0.316633625120993,0.0429753475986204,0.3326416015625,0.438474750753224,3.28207567279222,4.86528248527005,45.2782216206728,36.1328125,0.794841451279787,0.291130438327198,0.342067463153576,0.366802098519227,0.428882649739583,0.43216456647481,0.0531649638653104,0.3826904296875,0.552718831893466,3.28115023846994,4.70777493075444,35.5386969456721,26.85546875,0.828321772081263,0.371083090653416,0.386319508690713,0.242597400655871
12,1,12,0.4,1.5,0.5,1,-0.139462890625,3.2195591285085,3.21689457877158,10.8154296875,-0.00632490957173528,1.53359946324697,1.69058126378343,14.1391202891694,13.916015625,0.255265646475037,0.995088919814565,0.00180676904945002,0.00310431113598464,9.9951171875,9.9951171875,0,0,0.07255227383315,1.84118652634409,1.04312758084087,62.5,62.5,0.999999999999982,0.159844054580897,0.319688109161793,0.52046783625731,1.39996039496528,1.41077920028728,0.17440069814906,1.03759765625,-0.0563846893338684,2.86592312511626,3.20006009199013,43.9530602387799,38.0859375,0.658334186722051,0.370445222814332,0.207750984574852,0.421803792610816,0.481435818142361,0.482704871361043,0.0349831074204139,0.21240234375,0.321439088074135,2.68501490641711,3.64856773038483,44.9339492163432,33.203125,0.742904067187898,0.34179818218277,0.275330504355644,0.382871313461586,0.316429714626736,0.321115080528936,0.0546607226324576,0.4962158203125,0.404621920621613,4.11076922535989,5.36470642106786,35.5521882348828,25.634765625,0.843456768236748,0.457839499466723,0.251000820592501,0.291159679940776,0.391064724392361,0.394085486018367,0.0487060447924642,0.3045654296875,0.541832509078882,3.22582358001598,4.11257638298355,41.6793618766274,29.78515625,0.850068755308848,0.384899560679637,0.239169848473171,0.375930590847192
13,1,13,0.43,1.5,0.5,1,-0.149264322916667,3.21381808039646,3.21070671724285,11.1572265625,-0.00563920517966718,1.54848550160236,1.74892276221865,14.246542006285,13.916015625,0.254728854053891,0.992453242592999,0.00322332853846794,0.00432342886853376,9.9951171875,9.9951171875,0,0,0.07255227383315,1.84118652634409,1.04312758084087,62.5,62.5,0.999999999999982,0.159844054580897,0.319688109161793,0.52046783625731,1.07095486111111,1.07714401433272,0.115316382865171,0.75927734375,-0.0940523262004589,3.03224032012601,3.36310740414728,44.8024978794879,39.55078125,0.6104364437678,0.402625588913289,0.184670467542702,0.412703943544009,0.393269314236111,0.393817666713327,0.0207773200500273,0.133056640625,0.0243697173257677,2.69193713663709,3.49857719629577,55.0038356870775,69.091796875,0.703375267501957,0.251067951252017,0.225437666813902,0.523494381934081,0.3325244140625,0.335867744419015,0.0472773994003703,0.32958984375,0.547701522399464,3.34628175281858,4.18208292933693,44.3746658431717,36.376953125,0.841080529502992,0.370342009000077,0.231671337347173,0.397986653652751,0.391850043402778,0.395226944983027,0.0515603752651162,0.39306640625,0.485073965950839,3.45819690052126,4.96667930010392,43.0550422860928,33.935546875,0.827813320909327,0.375501682874897,0.239247224714947,0.385251092410156
14,1,14,0.45,1.5,0.5,1,-0.139569227430556,3.33285172241614,3.33029813614756,11.1474609375,-0.00731627490024602,1.54893441290047,1.67313227656213,14.3238157539117,13.916015625,0.253419626686861,0.993391217810477,0.00266428968803056,0.00394449250149224,9.9951171875,9.9951171875,0,0,0.07255227383315,1.84118652634409,1.04312758084087,62.5,62.5,0.999999999999982,0.159844054580897,0.319688109161793,0.52046783625731,1.20431803385417,1.21194276873888,0.135747718284475,0.92529296875,0.00236019860564078,2.86130087404505,3.68195960551024,40.9189337285451,26.611328125,0.577817932964137,0.416287390872564,0.159159676017468,0.424552933109968,0.403997395833333,0.404601600953505,0.0221058419194493,0.1416015625,0.230220123043628,2.8591240157095,3.49210061641435,54.0932790534729,78.61328125,0.718437860894065,0.292545567728362,0.164096307967226,0.543358124304412,0.352366536458333,0.355585749960648,0.0477446973753377,0.3814697265625,0.482249372656776,3.31212060791676,5.21560823119634,45.7564866994987,39.55078125,0.839512255984285,0.346091250178537,0.244837742016316,0.409071007805147,0.437388373480903,0.440689066080126,0.0538415072974468,0.3900146484375,0.432193908708772,3.22583354683206,4.29817093803212,42.3797219389709,31.25,0.833381501278493,0.390787291328915,0.22559473773427,0.383617970936815
15,1,15,0.5,1.5,0.5,1,-0.138108723958333,3.49339845708878,3.49105529695192,11.884765625,-0.00549408093542963,1.53785370332621,1.71275925173354,14.4761838766045,14.16015625,0.257594302011581,0.994035214412199,0.00197946614569668,0.00398531944210435,9.9951171875,9.9951171875,0,0,0.07255227383315,1.84118652634409,1.04312758084087,62.5,62.5,0.999999999999982,0.159844054580897,0.319688109161793,0.52046783625731,0.826723090277778,0.830468391776444,0.0787912514845036,0.47607421875,-0.0509128620698247,2.63851725391274,3.0883914317793,52.3958847748745,78.125,0.645121199274029,0.208211293508685,0.238379286475811,0.553409420015504,0.417392035590278,0.418068329861299,0.0237727290413739,0.150146484375,0.333179118567058,2.7145893759636,3.82757468286158,55.4358579508102,78.125,0.737650395660957,0.216149218345967,0.214594688838993,0.569256092815041,0.367101915147569,0.370473482633649,0.0498732189803551,0.345458984375,0.498674019038036,3.18297954171913,3.95965765897656,46.0427264491699,42.724609375,0.857875096490942,0.341912197710043,0.237135873183327,0.42095192910663,0.455353054470486,0.460758218095139,0.0703763593540426,0.494384765625,0.454047141420191,3.37109274270081,4.31644761825251,38.9559507213937,26.123046875,0.815606644418372,0.454595345595676,0.175236152806947,0.370168501597377
17,1,17,0.44,1.5,0.5,1,-0.142218967013889,3.45642989527631,3.45388655707242,11.7919921875,-0.00536908831189855,1.55730095068228,1.72411858741384,14.4722779145879,14.16015625,0.26293810176767,0.991770032968304,0.00388604548461708,0.00434392154707853,9.9951171875,9.9951171875,0,0,0.07255227383315,1.84118652634409,1.04312758084087,62.5,62.5,0.999999999999982,0.159844054580897,0.319688109161793,0.52046783625731,1.15747884114583,1.17127522074893,0.179263817503692,1.123046875,-0.55170380854894,3.42769929772696,3.21071282628807,43.8065261484991,39.306640625,0.638218052715913,0.15777909510377,0.521641433958724,0.320579470937506,0.412947591145833,0.414435393489145,0.0350892569854427,0.2294921875,-0.227238842542274,3.61209820713121,3.3306995540712,44.0948798588137,39.306640625,0.671445650962504,0.117656962452859,0.598043368659582,0.284299668887559,0.336141628689236,0.338985904928405,0.0438255178996249,0.3045654296875,0.348028631773178,3.07332871370837,3.93626827771311,47.5643190446741,40.771484375,0.864506963637071,0.315024265276103,0.276095083799575,0.408880650924322,0.504675021701389,0.510549672793721,0.0772361088390119,0.5316162109375,0.386681917646201,3.10619301519505,4.31345897776018,49.1024935731204,50.537109375,0.807489384776586,0.30549928777338,0.23135430316611,0.46314640906051
18,2,1,0.08,0.75,0.5,1,-0.169981553819444,1.37818462639779,1.36781391083211,5.1611328125,-0.0122121622109056,1.58571587984273,1.9319895476776,12.9665711953138,12.20703125,0.265682841158874,0.987242009594699,0.00510255278421963,0.0076554376210813,5.42030924479167,5.42113924143159,0.0948702582308647,0.517578125,-0.199941753667809,2.66179610890863,3.33248225863661,8.70208650562063,2.9296875,0.480081658293021,0.74130689114389,0.258358030119137,0.000335078736973055,1.142470703125,1.14871637327659,0.119637700752457,0.74462890625,-0.27169932097458,3.00593181622315,3.11694367737056,39.1794876318216,27.587890625,0.628396769809085,0.441146292279681,0.264689201990567,0.294164505729751,0.624657931857639,0.626774556685319,0.0514723404497834,0.32958984375,0.0631863692110479,3.09748152026303,3.77258952114041,44.0702270940191,40.771484375,0.669710084731613,0.348989806186153,0.340940815404997,0.31006937840885,0.179554985894097,0.181228853459169,0.0245771966972442,0.2008056640625,0.548437649718387,3.76476494731886,5.62103389790343,33.8884487013355,27.34375,0.814017759584759,0.361937842120585,0.469059791566857,0.169002366312558,0.23984375,0.242411857857254,0.0351960181792696,0.294189453125,0.725239766193083,4.1567334828769,6.09093845051721,39.1166882031605,27.587890625,0.789553759221253,0.268998929897428,0.525929277004922,0.20507179309765
19,2,2,0.14,0.75,0.5,1,-0.172197265625,1.27511604005425,1.26357580801819,4.7998046875,-0.0105346758883287,1.5788755323772,1.98124482676543,12.9730100287722,12.20703125,0.264636917429211,0.987512660314468,0.00485313876376667,0.00763420092176584,5.00478298611111,5.00613675962408,0.116428219655968,0.654296875,-0.139698959731328,2.54295300026641,2.881401553225,6.29760203139221,2.9296875,0.431049154784874,0.827709692953342,0.172031464562168,0.000258842484489725,0.896088324652778,0.907038194628144,0.140528963086805,0.8203125,-0.390987627030529,2.9647006722754,3.24830295813133,42.8181965349023,41.015625,0.562607468521348,0.0995589337472371,0.69770461072444,0.202736455528323,0.529309895833333,0.531973018313173,0.0531691131980474,0.2978515625,-0.785232023899828,3.16379546681324,3.16770690814154,46.4665334215372,41.015625,0.594735196532419,0.102904012196188,0.631798133046586,0.265297854757225,0.18491943359375,0.187636584849282,0.0318200574612434,0.24658203125,0.881047514575043,4.0749288029086,5.53637166701916,35.2679325777094,27.34375,0.757042704297314,0.338158157886362,0.494823085599092,0.167018756514545,0.244446478949653,0.247206918464359,0.0368440107511939,0.2655029296875,0.828864428480303,4.04476109694822,4.97382920859934,38.890428626595,38.330078125,0.739002929373144,0.227129154536291,0.610163861598178,0.162706983865531
20,2,3,0.14,0.75,0.5,1,-0.176547309027778,1.28903076543824,1.27702535626149,4.931640625,-0.0120333170621298,1.57865758484527,1.93045476934658,12.9812322401127,12.20703125,0.263607230401177,0.987645188857524,0.00466575126861759,0.00768905987385835,5.06001627604167,5.06084704159763,0.0917056896544992,0.5810546875,-0.017042245639544,2.49764477662586,3.13835341057838,7.27671987522754,2.9296875,0.439912933124994,0.791700201362296,0.207968186313693,0.000331612324011468,0.929907769097222,0.940587651555769,0.141354559455359,0.95947265625,-0.145598145044369,3.13487948803667,4.11558869966427,39.4942064181972,40.771484375,0.5656768855306,0.184129722161864,0.612195911053343,0.203674366784793,0.519902886284722,0.522133727796301,0.0482196560750438,0.29052734375,-0.702495313785828,3.0274533584931,3.15199727828912,45.6562976260706,41.015625,0.607303528245823,0.154703005382299,0.607338794894404,0.237958199723297,0.175426296657986,0.177522111257615,0.0272007140300799,0.2056884765625,0.839596694857409,4.05924423205223,5.15759690734727,35.8441907572854,27.587890625,0.775579995112706,0.267004340537824,0.571470426722393,0.161525232739783,0.237843424479167,0.240388859507598,0.0348938358549334,0.24169921875,0.607226505585286,3.51014266675878,4.20821885977674,37.4844687291323,27.83203125,0.743610324998379,0.242510368484499,0.591856548879509,0.165633082635992
21,2,4,0.14,0.75,0.5,1,-0.166382378472222,1.37517301453512,1.36522229285497,5.1123046875,-0.01526972993147,1.57920907660017,1.8924102926266,13.0426893884127,12.20703125,0.261977350504665,0.987925674919136,0.00409207225117125,0.00798225282969207,5.42663736979167,5.42768370223516,0.106582140526424,0.6494140625,-0.245032553752,2.73606477369737,3.47585585616533,7.18023350844883,2.9296875,0.421823676383685,0.784852513866121,0.214845536841334,0.000301949292544222,1.24476616753472,1.25600233963308,0.167646386627796,1.0302734375,-0.280222920744955,2.86072171346267,3.63737414585942,37.2304619715608,27.099609375,0.563030574568751,0.476163103789372,0.274111479414498,0.249725416796131,0.413672146267361,0.414883753222139,0.0316876509887206,0.380859375,0.549441357972769,4.39627606350405,9.25473474761533,36.0911330685684,27.34375,0.643900477550328,0.434926842584226,0.370844969119781,0.194228188295992,0.164276936848958,0.165877465247675,0.0229899749807833,0.184326171875,0.822483092275232,4.21288510208974,5.08806793441108,36.0011041990556,27.587890625,0.785013602598046,0.268499492464329,0.573190521915683,0.158309985619988,0.224860975477431,0.226746315582062,0.0291825733416776,0.21484375,0.581395291129398,3.62232284617976,4.93462427762427,41.6710211002713,40.771484375,0.782871928439973,0.234683376559892,0.533158946112019,0.232157677328089
22,2,5,0.15,0.75,0.5,1,-0.167264539930556,1.48045806567772,1.4711422788061,5.6396484375,-0.0121122744541184,1.57717737745745,1.92765867995297,13.0361816533766,12.20703125,0.263522685949339,0.987824107926261,0.00459527606782816,0.00758061600591131,5.82507595486111,5.82609987821507,0.109236270153984,0.6201171875,-0.0848463532037858,2.31863829185906,2.88453869144246,6.89889400836409,2.9296875,0.386968149081158,0.809730934775364,0.189984873713728,0.000284191510907842,1.20015190972222,1.21432683318105,0.185020697845092,1.044921875,0.0418398647481486,2.13496636319724,2.99402065743918,30.3733841903453,13.671875,0.473687802020696,0.705417914712061,0.0711756641697945,0.223406421118146,0.339761555989583,0.340099572155049,0.0151609739298818,0.18310546875,0.656039878330019,5.07541321058282,9.36064260105891,43.0173027425551,27.099609375,0.822032913833582,0.452718846165235,0.238922415829814,0.308358738004951,0.101637912326389,0.123977372900473,0.0710017186108251,0.2264404296875,0.431234017337203,2.51012873056993,3.31887912229679,6.34978267895917,0.244140625,0.393038750606934,0.887706833728966,0.0748147189203703,0.0374784473506642,0.223517252604167,0.224959492937196,0.025435310468471,0.1995849609375,0.454837936438761,3.64777752224628,4.76036434335878,41.6619031347827,33.69140625,0.826293155682587,0.265024841926333,0.474842505141366,0.260132652932301
24,2,7,0.18,0.75,0.5,1,-0.161055772569444,1.57286862769462,1.56477502340041,5.7421875,-0.00553876704022812,1.55822677627378,1.83988616628416,13.0293686404474,12.20703125,0.261867821927086,0.988445821514898,0.0041436033354026,0.00741057514969914,6.24658637152778,6.24732912512175,0.0963429462725654,0.4931640625,-0.0339467844397464,2.26506863922694,2.87513664187348,8.56250775486054,2.685546875,0.383786357931798,0.736621099579258,0.263106072788588,0.000272827632153174,0.872668728298611,0.880866297252717,0.119907962115081,0.64208984375,0.218361702348544,2.39049666972551,3.00510067131483,36.6112975488978,14.16015625,0.540369194022513,0.508949742998164,0.201304223585355,0.289746033416481,0.319870876736111,0.320231535481915,0.015195718030932,0.208740234375,1.25465809413595,8.72033862339814,10.8514134810646,36.3987644279949,18.798828125,0.828314649902504,0.511494623504404,0.236143500643656,0.252361875851939,0.184994710286458,0.186249574417905,0.021586215151987,0.147705078125,0.491713186702361,3.33945901370143,4.06911384607701,40.5230636444352,27.587890625,0.848199923303607,0.297080724895025,0.428655667603598,0.274263607501377,0.207531331380208,0.208766657673229,0.0226799064783521,0.1806640625,0.253599540375621,3.36189811860024,4.87408511747779,36.8460242113473,30.029296875,0.825576797540683,0.379911048414413,0.413673673564784,0.206415278020803
25,2,8,0.22,0.75,0.5,1,-0.162068684895833,1.70701794613082,1.69949576377498,6.0791015625,-0.00793788682992,1.56879197782437,1.80791605614855,13.0740124239716,12.451171875,0.260477538503369,0.98919802015132,0.00339109284028412,0.00741088700839642,6.72440863715278,6.72545596857351,0.118699607529487,0.6787109375,-0.121171179233423,2.44241955472137,2.9588596785264,8.85085235849692,2.685546875,0.409051045563148,0.712108634722391,0.287608055198827,0.000283310078781232,1.02468804253472,1.04348333572842,0.197181458424705,1.0595703125,-0.454564455800869,2.50942981712048,2.78771299408902,26.6467546332999,13.916015625,0.459993408689118,0.6524859913419,0.205090482498754,0.142423526159346,0.314358723958333,0.314814817762583,0.0169418398563502,0.137939453125,0.78919599363296,4.60278247463604,5.49520302305402,29.527257135583,13.671875,0.716062937482843,0.65586299750629,0.158023404836826,0.186113597656883,0.196377495659722,0.197792905041536,0.0236227960092592,0.167236328125,0.486359277989965,3.38338069355438,4.53460692976586,38.426289644172,27.34375,0.835031259068287,0.390861858623575,0.342664987318094,0.266473154058331,0.239183892144097,0.24115277325673,0.0307560725095388,0.2618408203125,0.331674046303759,3.30828897168051,5.79098092672283,35.2908979112173,20.751953125,0.760021915162003,0.497311714366382,0.261493318332849,0.241194967300769
26,2,9,0.26,0.75,0.5,1,-0.154914279513889,1.91350742794687,1.90743827122522,6.9384765625,-0.010231570890489,1.56197547410062,1.82658538370191,13.2440830604853,12.451171875,0.258314910132241,0.990103613782314,0.002370579563374,0.00752580665431314,7.55459418402778,7.55570433772458,0.129531781101288,0.6982421875,-0.319935449415039,2.75442039467135,3.22154582638023,10.5341206942081,2.197265625,0.406939412660134,0.608402131372471,0.391278150215172,0.000319718412356501,0.958336588541667,0.976876316765247,0.189436786426534,0.947265625,-0.276435175124778,2.67282961196841,2.8110577508341,28.1420389176226,26.85546875,0.484687038340377,0.474900122865327,0.408491910612739,0.116607966521934,0.298643120659722,0.299233507766863,0.0187898140017196,0.14892578125,1.5041088953494,7.06552456777037,5.81622953906782,32.4919646922419,17.333984375,0.779402355731465,0.555986502151678,0.244165606346598,0.199847891501724,0.203207058376736,0.204740901586312,0.0250173397840319,0.206298828125,0.471360959915849,3.41753893653826,5.51243773554527,39.5891623249108,27.34375,0.818502625429075,0.366598714818791,0.3599836065711,0.273417678610109,0.304410807291667,0.308043772624075,0.04717542598313,0.33447265625,0.321306188579384,3.10179354375921,4.28230008818386,46.2008822154762,40.771484375,0.75665629720592,0.314841324318961,0.319504933033586,0.365653742647453
27,2,10,0.31,0.75,0.5,1,-0.152796766493056,1.97348218659016,1.96777680790539,7.55615234375,-0.0109828111890977,1.59552278114876,1.98812537871615,13.2434026714724,12.6953125,0.272869881403996,0.989638899642839,0.00323203312602356,0.00712906723113773,7.81466905381944,7.84017549032638,0.631971558926121,2.8955078125,-1.16114195761069,4.45666356895171,3.45263799293895,1.0130698191473,0.244140625,0.221086980852079,0.971887074581053,0.0280737238186216,3.92016003263312e-05,0.9251025390625,0.943886336667484,0.187388665592576,1.31103515625,0.142192483839963,3.61374011065434,4.43244088750458,29.18378624374,26.85546875,0.509298271525059,0.410805130292172,0.475009330066441,0.114185539641387,0.353025987413194,0.353999730111113,0.026241458706556,0.15625,0.102741851839981,2.52236572608565,3.41443604362527,28.2146197023554,13.671875,0.582114017420403,0.614887981178425,0.242388286186667,0.142723732634909,0.223197835286458,0.22519848933336,0.0299547211338001,0.20751953125,0.507926690977974,3.26991247591106,4.318759314912,42.5775724327565,27.587890625,0.802594553009674,0.293097291614305,0.395670786981533,0.311231921404162,0.325795491536458,0.329441687545428,0.0488840896567419,0.3216552734375,0.368414944120009,3.18516404752422,3.9502064606513,46.3367076376734,40.52734375,0.76455649975769,0.280514738791655,0.353564374930489,0.365920886277856
28,2,11,0.38,0.75,0.5,1,-0.155174696180556,2.23483777651991,2.22969179136192,8.1787109375,-0.00751403067103017,1.55618152867367,1.84888368064143,13.5186038788556,12.939453125,0.256824032751194,0.990054679706886,0.00266606577390998,0.00727925451920389,8.86982096354167,8.87092483668021,0.139956727634301,0.703125,-0.0478592466003343,2.6221892678748,2.98467511266699,11.3515973370558,1.46484375,0.418843169672913,0.602316918958203,0.397346693364526,0.000336387677270373,0.613465169270833,0.625982905088109,0.124573400518524,0.78125,0.0206445015705011,2.81732613993275,3.7216601390097,29.7488705625664,27.099609375,0.482616485993114,0.310649337676148,0.582825302041638,0.106525360282214,0.349251302083333,0.350398887859113,0.0283387909020958,0.172119140625,0.197322436360452,2.70524011629774,3.29802732916681,29.0751183168444,13.916015625,0.591886351331882,0.561917762476985,0.298010226876806,0.140072010646209,0.239298366970486,0.241409389148975,0.0318592261736303,0.20751953125,0.489919753052802,3.13381542569377,3.97314611977689,43.1099161848557,29.78515625,0.81058027288961,0.298153445381942,0.380782914082868,0.32106364053519,0.374107937282986,0.378310724081225,0.056240182221497,0.3680419921875,0.588269260298638,3.25262353745768,4.14996778848835,45.3869189021901,40.52734375,0.784029477741996,0.300402127068277,0.33121137553362,0.368386497398103
29,2,12,0.43,0.75,0.5,1,-0.157384440104167,2.26755082957972,2.26233381054972,8.25927734375,-0.00824157265692473,1.5625649571835,1.85688005292749,13.5748211212593,12.939453125,0.261394796611696,0.989819563457355,0.00267748547471227,0.00750295106793315,8.976708984375,8.98050225570436,0.261020525885268,1.1572265625,0.119263482979755,2.79258055225143,3.02898622954975,9.04419898065857,1.220703125,0.437351766673382,0.693719463943313,0.306031286189248,0.00024924986743863,0.871218532986111,0.889891609897212,0.181363322162409,0.95947265625,0.137355233018041,2.64322952595586,2.85536145761776,30.5865607305749,26.85546875,0.488855650098069,0.350007914415258,0.528159641394992,0.12183244418975,0.328521592881944,0.329307290110227,0.0227369569665385,0.137939453125,0.227527107512916,2.65206768443888,3.34925026045425,32.3548014309129,26.611328125,0.611973026820528,0.47033720043798,0.348877644323047,0.180785155238973,0.257587619357639,0.259935672970765,0.0348631974260784,0.2923583984375,0.600384728230607,3.65531719068828,5.87109899827906,40.2605438441713,27.34375,0.836185965530594,0.353213304113205,0.360032513588931,0.286754182297864,0.401196695963542,0.408221792760566,0.0754155628704033,0.4425048828125,0.392803453083229,2.77050989073206,3.78448323724211,52.579467868562,63.232421875,0.726012202043461,0.259226498911491,0.235221337069777,0.505552164018733
30,2,13,0.48,0.75,0.5,1,-0.151603190104167,2.50642136426331,2.5021102618789,9.111328125,-0.00803517328669874,1.55602850570697,1.8462626665896,13.7699273743769,13.18359375,0.258414712520265,0.991008163963234,0.00212584579911404,0.00686599023765163,9.85218424479167,9.8537508835825,0.175724057457754,0.6396484375,-0.172557707837054,2.58633742345345,3.32748393110111,7.71237036249042,0.732421875,0.401367415578824,0.735329139175997,0.263815654667741,0.000855206156261719,0.567127278645833,0.578538066627072,0.114349683413763,0.73486328125,0.0944677259946586,3.02851638746162,3.77852889191985,31.8281002769184,27.099609375,0.514555025699653,0.26884353529192,0.61322714916029,0.117929315547791,0.285182020399306,0.285469158130325,0.0128020273796632,0.142822265625,1.58683029184207,8.60023428412793,8.69033150945489,32.1454161767755,15.625,0.772518649971644,0.538853458199035,0.255205606637068,0.205940935163898,0.281696099175347,0.284046961991573,0.0364730029446499,0.26611328125,0.522682132080314,3.50467136520388,4.92665808323203,44.2594816256526,38.0859375,0.837809301677978,0.370911386280931,0.262779828173519,0.366308785545551,0.458456759982639,0.464917243184171,0.0772448586294029,0.4949951171875,0.555896527100227,3.21982928746026,3.96814302899181,44.3815638528036,40.52734375,0.802330963630426,0.364994285117269,0.246566190300692,0.388439524582039
31,2,14,0.55,0.75,0.5,1,-0.152667100694444,2.48421746266977,2.47979750999445,9.2626953125,-0.00444980339750002,1.57610512610737,1.88599463732453,13.7762310217398,13.18359375,0.274749501395014,0.99064288675312,0.00207234739225812,0.0072847658546226,9.68830946180556,9.70357546427029,0.544152886239365,2.5,-1.5327133180593,6.01776565927771,4.04520654135993,0.922761164619955,0.244140625,0.219543079935637,0.974789259673842,0.0251332617056012,7.74786205566717e-05,0.525586480034722,0.53761558645254,0.113102668030131,0.70068359375,0.367037142498484,3.32253475053182,3.71179289031219,29.1175984900878,26.85546875,0.496932782794855,0.369203746598328,0.52124056938342,0.109555684018252,0.27704833984375,0.277300564145271,0.0118258760007006,0.125732421875,1.39748488732833,7.26843771363642,8.14393973923437,33.3762487691071,18.310546875,0.801319708627383,0.516439274946619,0.26985615041827,0.21370457463511,0.294849310980903,0.298309696059609,0.0453102063863628,0.31005859375,0.648249991246237,3.80318025625875,4.39406784810312,36.5151341708462,26.85546875,0.783260340553827,0.445367813461834,0.291312256354238,0.263319930183928,0.421302490234375,0.428364035566556,0.0774680082982193,0.7574462890625,0.775952515541192,4.4725519516691,7.25193680510863,39.3321268637087,27.099609375,0.799022151943107,0.405833400633944,0.26842706985636,0.325739529509697
32,3,1,0,0.75,0.25,1,-0.182081705729167,0.921962645507701,0.903904274382791,3.681640625,-0.0270158339552004,1.71221844096826,2.1050824256139,12.7992861836438,11.962890625,0.295922087743665,0.970212390409653,0.0217819463270098,0.00800566326333728,3.58649522569444,3.58795342793901,0.102294293539809,0.615234375,-0.0156987125893551,2.54115085458392,2.97047884163857,9.19927762889862,10.25390625,0.518428053262693,0.88562928436145,0.114053182393252,0.000317533245297773,1.22429307725694,1.35096865319201,0.571222612427773,2.177734375,-0.0824359066170097,1.61279381491131,2.00988113073642,16.720575695091,13.671875,0.299353607008894,0.941671636579797,0.0264947308311702,0.0318336325890329,0.28505615234375,0.285317979235181,0.0122218034556449,0.087890625,0.623767435037076,3.48409054833838,4.35062664082026,35.4879478735237,17.333984375,0.805659379978603,0.550485680105677,0.234305794914835,0.215208524979489,0.137913140190972,0.139427612160236,0.0204967840150675,0.1422119140625,0.83208850647846,3.78085693431551,4.83052153451993,25.7934983868313,13.916015625,0.591797637343936,0.694679742179838,0.209149193519981,0.096171064300181,0.183704833984375,0.187745261716038,0.0387446881091587,0.2703857421875,0.661333065633011,3.11524036519522,5.21750554269617,20.4091860461873,13.671875,0.471367389040666,0.834647090380693,0.10546779741473,0.0598851122045764
33,3,2,0.13,0.75,0.25,1,-0.170925021701389,0.940598305330105,0.925040520460542,3.77685546875,-0.0304680025203034,1.72175255724624,2.10136728140724,12.8196099888343,12.20703125,0.295824698965651,0.97077205535882,0.0209834326547514,0.00824451198642804,3.66148003472222,3.6648872016733,0.158011723293386,0.8740234375,-0.163391915480583,2.6926233847624,3.33504355043462,5.67977789775632,1.708984375,0.477292922649328,0.929585992947044,0.0701806980398196,0.000233309013136558,0.992625868055556,1.09116594148861,0.453191613468319,1.7626953125,-0.0203395536512093,1.76779663760133,2.08291801716235,18.2401766538542,13.671875,0.322216275795634,0.910418215281162,0.0307301017482324,0.0588516829706052,0.292518988715278,0.292850634465279,0.013934794526121,0.111083984375,0.791352488109707,4.02977913351708,5.235973222838,29.7064456094919,13.916015625,0.762707849957843,0.648791645946083,0.180041658333029,0.171166695720889,0.142634819878472,0.144459476921573,0.0228902832523304,0.15869140625,0.786771930053165,3.54600449240314,4.67185111909808,24.8729175683401,13.916015625,0.569403768790715,0.727604058548015,0.17846689482444,0.0939290466275448,0.174427354600694,0.176704236570225,0.0282783113310292,0.1763916015625,0.382354390323298,2.59004051336713,3.83156290780298,25.4170059720155,13.916015625,0.53720365461127,0.742988371062232,0.149570541179709,0.107441087758059
34,3,3,0.13,0.75,0.25,1,-0.1754541015625,1.02073907676527,1.00565842375669,4.36279296875,-0.02341920931769,1.72367436839665,2.19167024152647,12.8674448416702,12.20703125,0.293385701380236,0.971929973324863,0.0198014186668541,0.00826860800828337,3.96589518229167,3.97204884407865,0.221039092058216,1.103515625,-0.372082046033785,2.83701127983221,3.39075176421613,4.33191198448975,0.244140625,0.413165028415727,0.942942020258227,0.0569135408316111,0.000144438910162304,0.873056640625,0.933461385695971,0.330373297388397,1.33544921875,-0.340378609636249,1.70393973755736,2.07542729356336,19.0318833092875,13.671875,0.344265430129353,0.881452854780427,0.0569326699581945,0.0616144752613788,0.287591417100694,0.287852609977922,0.0122611291877259,0.10498046875,0.960061200631497,4.64584598030247,5.74192858030894,47.2528859096373,37.109375,0.882644135917663,0.386863158167193,0.28036807044322,0.332768771389587,0.148336452907986,0.149939641961597,0.0218700539316406,0.1507568359375,0.415807550482649,2.94492136465008,4.32028923077162,25.531273363532,13.916015625,0.599741296726419,0.714371648441747,0.180249662379623,0.10537868917863,0.186588134765625,0.189109629150554,0.0307819811650967,0.1666259765625,0.0333465879664065,2.11999960905524,3.02071104639835,22.6457958790457,13.671875,0.491528224341875,0.796403995480178,0.129600013349394,0.0739959911704278
35,3,5,0.17,0.75,0.25,1,-0.158841688368056,1.09066268615319,1.07915393111886,4.41650390625,-0.0161781954833573,1.67277143222087,2.09957869725571,12.826549784084,12.20703125,0.287815261494387,0.97532552576181,0.0169043664190929,0.00777010781909744,4.29019856770833,4.2931107674687,0.158119788007699,0.888671875,-0.452075035468975,2.94905880850289,3.66277445854351,6.03379254324073,2.44140625,0.477637049913123,0.906544023146342,0.0931084304076524,0.000347546446006029,0.884239366319444,0.938398447798291,0.314220194837375,1.34521484375,0.238627621797335,2.12510596020208,2.54361863472759,20.3956640303162,13.671875,0.39280092055299,0.750660344568116,0.209372822834731,0.0399668325971528,0.329637044270833,0.329817403719651,0.010907120494817,0.108642578125,0.34666431691477,3.92826616123684,5.7239174891187,32.9550463940343,16.6015625,0.823372424049532,0.522952048343978,0.285665114471824,0.191382837184198,0.162556287977431,0.164482073427011,0.0250987192060043,0.189208984375,0.87327275988621,4.31351882401441,5.38452044961119,30.0411906957688,26.611328125,0.6709453052758,0.481710349149071,0.395600447985668,0.122689202865261,0.203896213107639,0.20663375762957,0.0335275091696101,0.2020263671875,0.36355523421145,2.67764161299233,3.81716018902655,26.5712160986373,13.916015625,0.576113928380076,0.596924063861138,0.30370501664651,0.0993709194923527
36,3,6,0.19,0.75,0.25,1,-0.160480143229167,1.15947958367984,1.14844770217334,4.501953125,-0.0152631690910506,1.67046544357461,2.01984753562335,12.9303338159547,12.20703125,0.289935086214277,0.973909425511772,0.0180539571743284,0.00803661731389951,4.56006618923611,4.56183477803937,0.127029436742527,0.76171875,-0.425461802513851,2.7188245046559,3.39794847741909,7.81971493856997,3.173828125,0.504811996060513,0.888476136542011,0.111182701926653,0.000341161531335595,1.04552300347222,1.09052742221275,0.310085593277803,1.4208984375,-0.0269386987947945,1.8662961108287,2.56642127729072,27.5931197598189,13.916015625,0.469979140996798,0.571101915986633,0.313642972268125,0.115255111745243,0.326748860677083,0.326978749666559,0.0122604316308571,0.1171875,0.493563632288735,4.07842031162058,5.58657626904039,35.8921412278879,15.13671875,0.835691287948478,0.548883549960841,0.208622933321681,0.242493516717478,0.159769422743056,0.161184854548272,0.0213164224865373,0.16357421875,0.410587449619269,3.34632744222505,4.88529576808576,32.7950119377211,27.34375,0.718209270266675,0.407340997757848,0.457053722123524,0.135605280118628,0.224304741753472,0.227722450250947,0.0393095479749474,0.225830078125,0.159297596413432,2.46475652009926,3.6311452437083,26.6548288410994,13.916015625,0.587090119197817,0.564609399722591,0.344795230623265,0.0905953696541442
37,3,7,0.2,0.75,0.25,1,-0.166364474826389,1.15154887570483,1.13959478297302,4.4775390625,-0.0151217004511786,1.63313916331674,1.97194322073593,12.9377279798185,12.20703125,0.279247102202345,0.979806341674798,0.0123909561335051,0.00780270219169727,4.51600151909722,4.51941850324325,0.175729193242916,1.0009765625,-0.422207679902887,2.84189858897424,3.62254458092196,5.64915503377878,2.9296875,0.476400217400973,0.894514724592204,0.105137386990582,0.000347888417212973,0.795830620659722,0.841199650730694,0.272556386511913,1.279296875,0.734441080485203,2.56781521396652,2.85760000083556,27.4187905929773,27.099609375,0.469024370933946,0.445546470864935,0.486704712773686,0.0677488163613787,0.313661295572917,0.313930252619181,0.0129935633079256,0.133056640625,0.514513139715396,3.82990438235723,5.61468340733587,29.0776087790036,13.916015625,0.740251048651458,0.568974977902179,0.28286580897603,0.148159213121791,0.170738525390625,0.172505291584648,0.0246285680595674,0.1812744140625,0.629389322906475,3.57103180963076,4.91649539962027,31.7558499500245,27.099609375,0.710602445091365,0.425707273551412,0.443400261484909,0.130892464963679,0.217716471354167,0.219630558845797,0.0289362497246862,0.1983642578125,0.390829904890199,2.90173797673514,4.30130445561355,31.8327548916332,26.85546875,0.675562184622299,0.470785113099634,0.39332954756856,0.135885339331807
38,3,8,0.23,0.75,0.25,1,-0.165277777777778,1.317961072243,1.30770205434371,5.21240234375,-0.0131863318025473,1.67310429754569,2.02007188770194,12.9248935690273,12.20703125,0.284487260508935,0.976216031250945,0.0164372717851953,0.00734669696385899,5.18048285590278,5.18313459125742,0.165794086624802,0.9326171875,-0.540167117588986,3.15963576959154,3.71772289528526,7.66294836440171,2.9296875,0.473752993396482,0.873334000169754,0.126466161152876,0.00019983867736992,0.670631510416667,0.68608990373496,0.144835751410398,0.7958984375,-0.123325202093702,2.24097785622683,3.10857468891606,30.1724056960453,27.099609375,0.500500804106678,0.458111509448714,0.402051510799019,0.139836979752267,0.279357367621528,0.279571949646036,0.0109527550354167,0.228271484375,1.77450301056972,26.0496003678036,17.8418189837653,31.5778465156646,14.16015625,0.793310227650632,0.557958410211353,0.252564274948682,0.189477314839964,0.169401448567708,0.17075931638766,0.0214940927262772,0.155029296875,0.281711963198763,3.1175030349652,4.57943403858949,32.0502894340736,14.16015625,0.728660709079247,0.546655077430871,0.272495934028404,0.180848988540724,0.225974527994792,0.228120216300602,0.0312179812283931,0.2044677734375,0.135377382788977,2.6304394747442,3.8929684542536,28.7744404646282,13.916015625,0.610722881441726,0.685515313782898,0.149628871562011,0.164855814655091
39,3,9,0.23,0.75,0.25,1,-0.159598524305556,1.32031956055689,1.31078368352624,5.7177734375,-0.0130457253523193,1.71119538194176,2.25519275655716,12.945297347805,12.20703125,0.275625978562916,0.984181665950617,0.00817785702672879,0.00764047702265482,5.13660915798611,5.18746529635218,0.724678729513595,2.91015625,-0.658984430019453,2.81371920316787,3.04016966445563,0.904338898462462,0.244140625,0.225214836914793,0.982769778476374,0.0171905795013497,3.96420222762346e-05,0.805445421006944,0.825412987083515,0.180475791004399,0.97412109375,-0.348712150272358,2.35481564590404,2.73301213331277,37.0369620124006,27.34375,0.522691481802198,0.207543361036983,0.625523201704667,0.16693343725835,0.275116916232639,0.275972875384632,0.0217213074773752,1.15234375,34.553575182574,1675.55913650591,51.6776723416616,30.9676936495729,13.916015625,0.797332445755139,0.57323995398035,0.23630281348041,0.19045723253924,0.175757242838542,0.176977800497208,0.0207516060581145,0.155029296875,0.45701910148536,3.25456468726114,4.38314900871658,40.297823506516,27.34375,0.817497581512362,0.435563216813186,0.266548037781548,0.297888745405265,0.245686442057292,0.247336113899499,0.0285220302098578,0.2166748046875,0.157370914070827,2.91078336519635,4.18949818074555,34.4585077834193,27.34375,0.773961737725474,0.369221732210388,0.437437411732912,0.1933408560567
40,3,10,0.26,0.75,0.25,1,-0.154717881944444,1.53972435676588,1.53210153118107,6.044921875,-0.0100434993789646,1.64157761410459,1.99331623847953,13.0385799406384,12.451171875,0.276487767306709,0.981155991029776,0.0114504165384925,0.00739359243173136,6.05969075520833,6.06525709200475,0.259820216324635,1.3232421875,-0.653194026300601,3.3825387297648,3.8917958581378,5.67046095870289,0.244140625,0.402510078810491,0.882014464532243,0.117751568473824,0.00023396699393351,0.612878689236111,0.6215508166068,0.103477095781281,0.57373046875,0.0894113002517862,2.22488912590164,3.1453080083996,38.1408583814324,27.34375,0.549926114778359,0.211701949320801,0.587010236945393,0.201287813733807,0.29608154296875,0.29626525982231,0.0104330378764627,0.1025390625,0.643224813488436,5.06053982749461,5.30667221478186,34.3392719091469,18.06640625,0.822935843648851,0.527771867176703,0.247169749383694,0.225058383439603,0.197949083116319,0.199719850749984,0.0265393254637354,0.2154541015625,0.559902709686074,3.55051857639709,5.40206627879707,36.5410255494176,27.099609375,0.749931588709871,0.443249545444163,0.316016699995738,0.240733754560099,0.276122368706597,0.278392900218241,0.0354869587540681,0.2435302734375,0.413369760439888,3.34150091069423,4.43141280494114,28.8416488912917,13.916015625,0.705706087945165,0.627194168888397,0.20372032306796,0.169085508043642
41,3,11,0.28,0.75,0.25,1,-0.156340060763889,1.59662082139751,1.58912460627829,6.29638671875,-0.0118593281611638,1.6422293973327,1.98274983371831,13.0364810902887,12.451171875,0.273072398577667,0.983210185728931,0.00970147121522025,0.00708834305584885,6.26866427951389,6.27777980473391,0.338220117829276,1.6162109375,-0.732090157503077,3.62782285229282,3.72608082573179,3.64618606976088,0.244140625,0.327486504041548,0.917103315093967,0.0828037271722401,9.29577337930966e-05,0.793145073784722,0.800975613460554,0.111738980965848,0.6494140625,-0.0872122278656528,2.53918664396722,3.43994873084656,41.6582314218735,27.587890625,0.564467953159165,0.156622557900575,0.576076925446373,0.267300516653052,0.2668115234375,0.267015588245405,0.0104383686575657,0.087890625,0.963264063278651,4.76369952258196,5.45386123494917,29.334561410707,8.056640625,0.737847210295975,0.629165187810009,0.181382004737369,0.189452807452622,0.199759792751736,0.201249442223157,0.0244437307258501,0.1751708984375,0.432696697369939,3.29109641827105,4.13932661996834,40.2876694462578,27.34375,0.794162243439735,0.408803319279746,0.296119862387034,0.29507681833322,0.310707600911458,0.31360024850694,0.0425006352934813,0.3125,0.66673775982073,3.83672854136442,4.67397182822834,38.8694654545739,27.099609375,0.731241632535289,0.459423919477612,0.222877794791366,0.317698285731022
42,3,12,0.33,0.75,0.25,1,-0.156008572048611,1.71604493982539,1.70912863731223,6.4453125,-0.00606100560209475,1.60105917539534,1.89006499904155,13.0998664922461,12.451171875,0.267247560506715,0.986817676477677,0.00578357863748325,0.00739874488484004,6.75849717881944,6.76906536671282,0.378144944533001,1.8408203125,-0.750886573421435,3.67622764656145,3.9604904346969,4.03179564729052,0.244140625,0.337800434425945,0.884632498802922,0.115260895440185,0.000106605756892839,0.602301974826389,0.606054525552577,0.0673455784416733,0.41015625,-0.107617779523076,2.86567332112558,3.25757146430963,49.2796256615491,27.83203125,0.569559863558897,0.0987614362901652,0.49634660375344,0.404891959956395,0.260599229600694,0.26080902106654,0.0104599863688621,0.089111328125,1.24262347059617,5.97839894169295,6.17354104426439,31.2797049178657,10.986328125,0.735611067025293,0.573636221535799,0.220783749507664,0.205580028956537,0.225226779513889,0.227098996820861,0.0291039581163534,0.238037109375,0.506255093155301,3.59307164946571,5.06454448530978,41.5361041911271,27.34375,0.813409068838056,0.384633523524569,0.275405941317746,0.339960535157685,0.299217529296875,0.301166512138798,0.0342110842247091,0.240478515625,0.612533271667643,3.63006089984361,4.51542829359522,30.3840485046798,13.916015625,0.816692473398553,0.579543562904662,0.191303603675328,0.22915283342001
43,3,14,0.36,0.75,0.25,1,-0.155290256076389,1.70535042593492,1.6984540224232,6.26953125,-0.0097214416487005,1.58726049147954,1.8516539147765,13.0800246107606,12.451171875,0.265643461927368,0.987279842599604,0.00538610343986114,0.00733405396053503,6.71399848090278,6.71911721539498,0.262251475060736,1.4208984375,-0.41717471859058,3.57527511862122,3.85365712912796,4.04108715107913,0.244140625,0.356652858244938,0.883538009179521,0.116347708468796,0.000114282351683175,0.553560655381944,0.556216595155066,0.0542969307137763,0.37109375,0.0999359680964756,2.88583135115767,3.61874720949581,48.3068381437855,40.52734375,0.611179388928279,0.240002938131527,0.334702342971514,0.425294718896959,0.235376247829861,0.235541293681023,0.0088170438401663,0.047607421875,0.0399072485386859,3.14915576274148,4.26447031865247,40.4738763723117,27.34375,0.883920529534298,0.414112412605743,0.298311155258433,0.287576432135824,0.222648383246528,0.224213235900279,0.0264467014773101,0.230712890625,0.499815946726533,3.63233758799248,5.75975333588483,38.3625124525826,27.099609375,0.813615911186627,0.446776631352161,0.258478769281722,0.294744599366117,0.4079248046875,0.413750631015625,0.0691953928164563,0.5523681640625,0.884845909503034,4.21610232580481,5.62529151778363,35.0711458278311,13.916015625,0.748040819373849,0.571785002074267,0.0947925792026889,0.333422418723044
44,3,15,0.44,0.75,0.25,1,-0.155955946180556,1.84744867077731,1.84105881375007,7.09716796875,-0.0111514531481534,1.60453102903143,1.93917778547368,13.1594687310001,12.451171875,0.271324144156809,0.988674697738772,0.00446921285572789,0.00685608940550054,7.27979383680556,7.30093519514433,0.555270145025894,2.48046875,-0.734171563160697,3.08430061131702,3.4697736153109,2.03695811677044,0.244140625,0.282081182094514,0.943166513106974,0.0559475960465185,0.000885890846507641,0.677554796006944,0.6821792558471,0.0793059466112499,0.46630859375,0.13112873575819,2.39775320753229,3.18631944692007,41.5083197919599,27.34375,0.590632851029941,0.350899157440404,0.338835817071751,0.310265025487844,0.261473795572917,0.261748694609405,0.0119943873746542,0.108642578125,1.40696424187778,6.27145388927858,7.02534717004138,28.9551376502704,10.498046875,0.739281813498533,0.617640772685529,0.200492006667398,0.181867220647073,0.252263047960069,0.254670984744253,0.0349419006882642,0.262451171875,0.84650887024895,4.27393785097547,5.23547432798402,34.5931459807856,14.892578125,0.782105099041798,0.525477224391998,0.183346453083033,0.29117632252497,0.333856879340278,0.337300002578433,0.0480769123248659,0.3607177734375,0.712958142187173,4.05125445078687,5.10561980775368,29.8620673193874,9.033203125,0.744956143457321,0.591966539064988,0.125724025203756,0.282309435731255
45,3,16,0.55,0.75,0.25,1,-0.144080946180556,2.05264829484776,2.04781288220718,7.3486328125,-0.0120988456366704,1.56700460645344,1.80110835833342,13.3271744608833,12.6953125,0.264662488452077,0.990476173766855,0.00278742193523512,0.00673640429790982,8.09765733506944,8.10526062022308,0.351031036201804,1.7236328125,-0.496551690038819,3.61348107107294,3.57732496458809,2.78763377266768,0.244140625,0.316838864617864,0.91094454961192,0.0889830947603955,7.23556276840504e-05,0.554447699652778,0.557437456972536,0.0576628621896395,0.3759765625,-0.104739076799262,2.872184891494,3.77579829046873,47.13551821304,30.029296875,0.623217398029661,0.165872962141521,0.483761853916189,0.35036518394229,0.276530219184028,0.276873030601713,0.0137751631720072,0.126953125,1.61950253065131,7.39945855564224,7.03062769318655,29.460385144932,9.27734375,0.735433118157657,0.615180691890534,0.200135939942552,0.184683368166914,0.253912489149306,0.255733882746618,0.0304708543692219,0.2178955078125,0.592598388701751,3.543901663997,4.49377352003875,37.7746389414103,24.4140625,0.828605614036689,0.481601441512132,0.197951775109332,0.320446783378536,0.335709771050347,0.338793990785993,0.0456155698158514,0.35400390625,0.803114667847039,3.99469995193689,5.33887780044125,32.5825199721745,13.671875,0.805157517942143,0.561379957873767,0.141127222864548,0.297492819261685
46,4,1,0.08,1.5,0.25,1,-0.161216905381944,1.34710510630799,1.3375719997007,5.38818359375,-0.00157502649774065,1.7042642375998,2.06030982891285,13.0637633864661,12.20703125,0.298180473892427,0.968676286429673,0.0244649327467485,0.00685878082357846,5.27879340277778,5.28818855321496,0.31511974217844,1.630859375,-0.275591377625348,2.62365618276311,3.08139137912909,4.18784087422004,2.685546875,0.425394781955096,0.95415072567283,0.045762884924065,8.63894031050177e-05,1.54596625434028,1.6336683631178,0.528131275255364,2.32177734375,-0.473260833213449,2.35841868707929,2.33985759823282,25.9488937478378,13.916015625,0.464066579111789,0.566559714153267,0.356649456591177,0.076790829255556,0.300206976996528,0.30051152133894,0.013527234884649,0.111083984375,0.648115546480914,3.69636604968058,5.33333999584642,40.63051648095,27.34375,0.871563894917313,0.384168633810056,0.360321594889175,0.255509771300768,0.184253336588542,0.189496055143634,0.0442707398172567,0.2972412109375,1.13497158487852,3.94313942969198,4.87891496861568,25.8737098346008,13.916015625,0.564213949640282,0.545018869246779,0.389630934616545,0.0653501961366762,0.234662407769097,0.242480838526297,0.061084700369491,0.3924560546875,1.06383658026254,3.66252440924858,4.61396002592538,24.7238220994135,14.16015625,0.498126698499552,0.518628176638477,0.437955301339866,0.043416522021656
47,4,2,0.13,1.5,0.25,1,-0.155739474826389,1.57009466335718,1.56252520623194,6.32568359375,-0.00485525688268246,1.72683004066033,2.05524643763557,13.1630956932163,12.451171875,0.296038846658915,0.969431696546893,0.0233679353090398,0.00720036814406784,6.159443359375,6.1710732949338,0.378728119550451,1.8798828125,-0.52040672531918,2.84957135431516,3.60087413921385,4.03893663783628,0.48828125,0.402959616199642,0.949196962193472,0.0507214230498673,8.16147566606861e-05,1.19601453993056,1.25279003728454,0.37291151857128,1.63330078125,-0.651512370667697,2.38341500838714,2.44489880690511,22.7450396002911,13.671875,0.432617481114294,0.722336240288237,0.209247306431425,0.0684164532803378,0.290301106770833,0.290644618139032,0.0141281922998399,0.128173828125,0.921366680809214,5.32631745043396,6.71246209336997,28.6119439842691,13.671875,0.746065958034681,0.649147617847525,0.194970143145083,0.155882239007392,0.191463216145833,0.193739180450784,0.029612527279778,0.1898193359375,0.160355086119169,2.69083360331515,3.6352064540817,29.5808437423159,13.916015625,0.665235464846241,0.57291993221328,0.295818875242345,0.131261192544375,0.252810194227431,0.257222907696037,0.0474460766496647,0.3094482421875,0.0426833085188219,2.52972302564464,3.76633124867843,26.0030225667264,13.916015625,0.569596073506588,0.599608234843016,0.325269551483623,0.0751222136733613
48,4,3,0.2,1.5,0.25,1,-0.155750325520833,1.59102091155784,1.58355506122193,6.1767578125,-0.006130035596842,1.67907360370984,1.95767684252424,13.201906858034,12.451171875,0.28997284580126,0.973537571900127,0.0192449178385939,0.00721751026127942,6.24789496527778,6.25680843219083,0.333893747235593,1.8115234375,-0.403333611092591,3.03606058914495,3.54901090384903,3.46811141065194,0.48828125,0.398431027629206,0.953020586770909,0.046734793888929,0.000244619340161956,1.61386338975694,1.65234815688632,0.354580498863845,1.8212890625,-0.904795655192872,3.34747384853784,2.93668452435,31.1665373468426,27.099609375,0.507653702020347,0.436992298337325,0.424669131791752,0.138338569870924,0.284167751736111,0.284549496111225,0.0147361075792963,0.12451171875,1.06629395220377,5.56961240696884,6.69628535544021,28.8151370552422,13.671875,0.75710874073628,0.631459268063879,0.195280912219022,0.173259819717099,0.197125515407986,0.199684128695522,0.0318670377740284,0.205078125,0.378256217663694,2.85226331430838,4.08619177376449,31.8562361012664,13.916015625,0.658092936878036,0.54391476236108,0.282623293695123,0.173461943943797,0.292315402560764,0.298506160508287,0.0604850913465362,0.3363037109375,0.295707010878667,2.67024483762721,3.4859740592858,26.9001714309227,14.16015625,0.551460716197336,0.515117482624622,0.407202033816334,0.0776804835590433
49,4,4,0.31,1.5,0.25,1,-0.146821831597222,1.7836913141691,1.77783588440623,6.8505859375,-0.0058522611961918,1.66289530119485,1.96828722998306,13.2410841233961,12.451171875,0.283277207997343,0.976826631405087,0.0161404075019191,0.00703296109299413,7.01062717013889,7.01955582025863,0.353975195649055,1.826171875,-0.646879178032082,3.27938727209997,3.65570902977206,4.24538153335402,0.244140625,0.396479196597035,0.927594201688372,0.072333006770136,7.27915414918383e-05,1.04245551215278,1.0606258855449,0.195505161332238,1.09130859375,-0.307104787448525,2.67404252185321,2.82909547412435,32.202049951887,27.099609375,0.516074428637893,0.40077278185814,0.430859651898405,0.168367566243455,0.290296223958333,0.290667057298477,0.0146795245293949,0.113525390625,0.824860885309518,4.29304477089447,5.22265938645419,27.7691460527051,13.18359375,0.712067352165302,0.660315008118954,0.170901329055284,0.168783662825762,0.225869683159722,0.228341661478877,0.0335119406027704,0.238037109375,0.352634288383218,3.33887352830534,4.43515664467614,31.794140326067,13.916015625,0.67802683280305,0.618853989745711,0.171713898232819,0.20943211202147,0.283163248697917,0.285997338278707,0.0401672830179144,0.23681640625,-0.137905059158436,2.56191706167772,3.39131841665832,29.1465234319609,13.916015625,0.633556429120035,0.605727944695864,0.249935147421792,0.144336907882343
50,4,5,0.35,1.5,0.25,1,-0.1538916015625,1.83523316456528,1.82897280134736,7.4462890625,-0.0072130005886113,1.68618922981885,2.05566998621252,13.285123128003,12.6953125,0.285255732704611,0.974027569045901,0.0191862902223296,0.00678614073176958,7.22395724826389,7.23040503816101,0.305318532918251,1.7236328125,-0.246371580328744,3.03156522738308,3.5099721974222,4.26340771499843,1.708984375,0.420570167711995,0.94023802312419,0.059700997379259,6.09794965515921e-05,0.841745334201389,0.860980212011172,0.180994468429949,1.1962890625,0.0736503173048677,2.55156695472253,4.06902315486722,35.7786559486614,27.099609375,0.524825306379291,0.317476755146727,0.48148580471109,0.201037440142184,0.279900444878472,0.280224349286248,0.0134709767939246,0.135498046875,1.38174852042212,7.39668138044557,7.71442086164001,33.394919198372,22.216796875,0.79008873352958,0.490647521386693,0.307386848506283,0.201965630107024,0.217180582682292,0.219272023006725,0.030216178977716,0.242919921875,0.675526305278672,4.03982603501178,5.71097007602876,39.6050727723198,22.94921875,0.729574943835256,0.488929775334103,0.201168859910169,0.309901364755728,0.346293674045139,0.351267507909795,0.0589094611478011,0.372314453125,0.345384634666295,2.88106751098479,3.75580984363648,30.7428584515067,13.916015625,0.621174951693126,0.598971611046239,0.233964586860645,0.167063802093116
51,4,6,0.4,1.5,0.25,1,-0.150461697048611,2.17540804974215,2.17043965751057,8.4375,-0.0044232583444602,1.65742220165477,1.95799135194588,13.5430537255691,12.939453125,0.286395110070412,0.979875371221371,0.0126681864540201,0.00745644232460887,8.61090603298611,8.63250900448527,0.610402983102881,3.0615234375,-0.28907347773223,2.68195153346735,3.29110668951045,2.07402355437201,0.48828125,0.377800036753913,0.968104311926994,0.031857417576256,3.82704967504011e-05,1.18592013888889,1.21290517440972,0.254453874915955,1.1474609375,-0.157643885044665,1.84778781945573,2.31999113614981,34.0257733775377,27.099609375,0.502991403089329,0.195034376562203,0.687184034978001,0.117781588459796,0.294574924045139,0.294771139937703,0.0107547555646374,0.087890625,0.547175345575621,3.94962861960863,5.2559787767444,37.5512088302379,27.099609375,0.847016257602355,0.389928380657821,0.38275463518769,0.227316984154489,0.294966498480903,0.299035198933555,0.0491665756842598,0.4193115234375,0.55995136026175,3.67007480142615,6.0568050015258,38.7285462667685,26.85546875,0.743830321009455,0.45600021857891,0.228522728082024,0.315477053339066,0.358138427734375,0.363054785903468,0.0595519289647032,0.484619140625,0.292280797630411,3.25197097883656,6.3605926092537,29.7485187071759,26.611328125,0.668351638659352,0.468601004612817,0.39857754110368,0.132821454283503
52,4,7,0.49,1.5,0.25,1,-0.1457177734375,2.28932744280563,2.28493909793259,8.99169921875,-0.0120034644806527,1.64454483465711,2.0114023242371,13.6802145558761,12.939453125,0.281983042528281,0.979785003805207,0.0125562270069016,0.00765876918789167,9.07351779513889,9.08650547889841,0.485704708217943,2.4658203125,-0.166569652026424,2.57006525378651,3.11488891745122,2.25933047693157,0.9765625,0.382840683917881,0.964414036755448,0.0355468485977164,3.91146468361603e-05,0.802092556423611,0.818729356856565,0.164229364997068,0.80810546875,-0.201442318800105,2.02030774132065,2.80631542904603,35.4897603694538,27.099609375,0.510270827138005,0.214874549971687,0.623893738867526,0.161231711160787,0.279556749131944,0.279782286150852,0.0112329737162166,0.09033203125,0.757121708367163,4.2306328571155,5.65265424089558,33.1762964686035,18.5546875,0.801812946006924,0.515448651174381,0.276672220039633,0.207879128785986,0.295364718967014,0.298918001348617,0.0459578467794875,0.3619384765625,0.551940072422464,3.61679350363715,5.31604605236803,44.742149185595,34.1796875,0.779478117726658,0.358012238909854,0.241565261794767,0.40042249929538,0.358162706163194,0.361941395762642,0.0521694804710595,0.3436279296875,0.457268258167098,3.37720028500602,4.2577883918749,36.7929954900337,26.85546875,0.763274337821898,0.445216660001999,0.276545585891285,0.278237754106716
53,9,1,0,1.5,0.5,1,-0.155778537326389,1.68203113573823,1.67498813497012,6.1474609375,-0.0110619173255337,1.5908297109991,1.83273552594534,13.1448981878782,12.451171875,0.264861648557464,0.987241405835743,0.00523906790639932,0.00751952625785712,6.64899739583333,6.65242959688468,0.213689773066228,1.103515625,-0.0341095796365982,2.21852976810299,2.57621478043703,3.82033851333303,2.44140625,0.365723926485956,0.923499900331757,0.0764155175717448,8.45820964985781e-05,2.32414876302083,2.33540553907862,0.229048505344795,1.162109375,-0.272892947076755,2.24548158237302,2.86271462777992,42.3447716351844,27.34375,0.553108943480518,0.216961705745005,0.461285166579914,0.321753127675081,0.32092529296875,0.32119847972217,0.0132460824237738,0.106201171875,0.453693406940518,3.30587949050606,4.44844883840001,34.7716462597558,27.099609375,0.75178236594345,0.393386339788727,0.402451051516712,0.204162608694561,0.194345703125,0.195216683514842,0.0184221772982748,0.1422119140625,0.440975615609946,3.66272192664222,4.77842696630569,38.2525879900285,27.34375,0.873152036893328,0.383147799001219,0.380786679504066,0.236065521494715,0.235576714409722,0.237643423192013,0.0312765982454056,0.25146484375,0.633852296484475,3.84039327200758,5.66246706173341,33.743973372288,27.34375,0.704986824007695,0.261497963770943,0.590183282604936,0.148318753624121
54,9,2,0.1,1.5,0.5,1,-0.15619140625,1.64691952864954,1.63967851515045,6.18896484375,-0.0120132885337025,1.58702892749966,1.9107591336812,13.175869578349,12.451171875,0.265172712276724,0.987092009652567,0.00464976515761894,0.00825822518981372,6.51689887152778,6.52096134746699,0.230168995035131,1.23046875,0.01473973884202,2.33304079588308,2.64417723091274,3.42170772693006,2.44140625,0.385233992440624,0.925804278436968,0.0741168491014653,7.88724615668182e-05,1.73122450086806,1.74060550856088,0.180489620891547,0.99609375,-0.163179061787777,2.25379042078507,2.9523475842667,43.7489347733537,27.34375,0.555627338958281,0.177882837300554,0.487144652508567,0.33497251019088,0.316918674045139,0.317259595117978,0.0147055361027838,0.11474609375,0.75710845923587,3.97120051383322,5.4802988292148,33.9003698286843,24.658203125,0.751127609577517,0.474916209953848,0.309942559141386,0.215141230904766,0.201496988932292,0.202370591471928,0.0187855839870007,0.1397705078125,0.320799081402979,3.32072509956028,4.45084560808293,41.187169631067,27.587890625,0.877593637948832,0.367852679153473,0.34116047701065,0.290986843835877,0.238740776909722,0.240631818881168,0.0301117118554569,0.2581787109375,0.693127327118018,4.06375967519625,5.72332763573949,33.0157862634525,27.34375,0.744595616508269,0.298593828252163,0.548991271372115,0.152414900375722
55,9,3,0.14,1.5,0.5,1,-0.144357638888889,2.11642198224684,2.11172769443515,7.63916015625,-0.0079423350040239,1.57117121801696,1.86802870759554,13.4360678940762,12.6953125,0.25915954952885,0.988538362426731,0.00373089933370294,0.00773073823956586,8.42484375,8.42762333696225,0.216456253416755,0.947265625,-0.0213141826102683,1.84961052183517,2.2253098616766,3.53264294871586,1.46484375,0.312045887039065,0.917122683579347,0.0827865007882908,9.0815632362339e-05,1.81125705295139,1.82273116085216,0.204220569200069,1.30615234375,-0.166334501706011,2.87784740320443,3.24712765384734,48.8957392637682,31.25,0.580309535701274,0.199750898620812,0.365624262488043,0.434624838891145,0.36327880859375,0.363870278103773,0.0207408319516617,0.14892578125,0.551406705478275,3.37994937673056,4.45470501918034,42.6348940274998,27.099609375,0.847764382499101,0.387326582381737,0.319836338506317,0.292837079111946,0.217509901258681,0.218663596126431,0.0224348607067644,0.2056884765625,0.458271239863156,3.68049705076089,6.22316920996111,41.5762828605461,28.564453125,0.890926376603144,0.394565504017721,0.281168215096335,0.324266280885944,0.277601318359375,0.280589434262205,0.040844943385239,0.3082275390625,0.647181869906307,4.19933540662128,5.43998881444664,34.0194629860679,27.099609375,0.755198383862422,0.360634715833666,0.428404697919393,0.210960586246942
56,9,4,0.19,1.5,0.5,1,-0.150120442708333,2.41774546233001,2.41334855571139,8.759765625,-0.00848854026220159,1.56411230868667,1.85400420748646,13.7597040297015,13.18359375,0.256308741976894,0.989131226100349,0.00297420316354026,0.00789457073611097,9.62158854166667,9.6241342835043,0.22137193116936,0.908203125,-0.042512477468824,1.90892508802918,2.3610229506951,3.02107213764269,0.732421875,0.311828274879637,0.914532619273062,0.0853454822867607,0.000121898440177417,1.96146809895833,1.97516120488817,0.23219962003596,1.4453125,-0.0911785709293179,2.76934116260309,3.23880778712557,49.828371073056,73.73046875,0.570980042634399,0.290419337092214,0.200295604223407,0.50928505868438,0.337527940538194,0.337729306382621,0.0116620739508822,0.10986328125,0.379346173096399,3.73297436865227,5.53924033094637,47.2577106636419,34.912109375,0.890213903441734,0.309710833527662,0.342820528258278,0.34746863821406,0.234752739800347,0.236115189104923,0.0253313299495313,0.1727294921875,0.333438479978135,3.2600513277502,4.12889183474275,42.0487132748473,29.541015625,0.892337260807643,0.409436797786068,0.252861493972438,0.337701708241494,0.295947672526042,0.298543979601875,0.0392915506868582,0.28564453125,0.599601080588922,3.94685036128764,4.84684818927732,35.5801802075186,26.85546875,0.798835780735031,0.410062767531373,0.340619955079039,0.249317277389588
57,9,5,0.27,1.5,0.5,1,-0.136131184895833,2.71451384713314,2.71139953439093,9.6044921875,-0.00401921012918002,1.55434708772625,1.78829059548905,13.9490613522692,13.427734375,0.252727553836374,0.991104482046474,0.00232188042547939,0.00657363752804728,9.9951171875,9.9951171875,0,0,0.07255227383315,1.84118652634409,1.04312758084087,62.5,62.5,0.999999999999982,0.159844054580897,0.319688109161793,0.52046783625731,1.25071506076389,1.25787963582713,0.13407837222334,0.927734375,0.264106819258878,2.88614261602485,4.2600541340122,35.0583016434893,26.85546875,0.651185455789282,0.426523877579919,0.280303677364796,0.293172445055285,0.311582845052083,0.311855018785131,0.0130277061115877,0.125732421875,0.664233670170294,3.94796626674427,6.73777077423472,37.5051500889845,26.611328125,0.770871571376807,0.435176980836288,0.302545305873471,0.26227771329024,0.274461127387153,0.275938780072292,0.0285215826110901,0.2386474609375,0.404005031061749,3.27296641003463,5.57005666572608,48.9466815780988,50.048828125,0.85730563339476,0.337651798690143,0.229772148302466,0.432576053007392,0.321458062065972,0.323598647605255,0.0371632342131121,0.2630615234375,0.448019335289889,3.2193000148064,4.02788352634776,33.0309621364207,21.240234375,0.861290990020642,0.484510305971286,0.285505667441618,0.229984026587097
58,9,6,0.38,1.5,0.5,1,-0.138899739583333,2.92166893108285,2.91868964787106,10.439453125,-0.00857066499651584,1.55268680854067,1.82402038172165,14.1218572504127,13.671875,0.251607064897088,0.991714973119234,0.00229590052568779,0.00598912635507825,9.9951171875,9.9951171875,0,0,0.07255227383315,1.84118652634409,1.04312758084087,62.5,62.5,0.999999999999982,0.159844054580897,0.319688109161793,0.52046783625731,1.007861328125,1.01278130609574,0.099718237871501,0.6689453125,-0.0257313085248101,2.89777535733277,3.57569684979819,44.2379620511417,27.099609375,0.677012267312267,0.266484515444519,0.360404336899283,0.373111147656199,0.304652506510417,0.30490405057402,0.0123840386928619,0.09033203125,0.577564268727595,3.46234851186504,4.56723337475747,34.1875446535531,26.3671875,0.751154941543321,0.471957366938181,0.306279402116138,0.221763230945681,0.297907036675347,0.2997952262664,0.0335980065132849,0.269775390625,0.400172203671192,3.19749613758493,5.21546025095504,49.9205281388919,53.466796875,0.832397120502063,0.310354415871969,0.237505843989492,0.452139740138539,0.337401394314236,0.339965886181274,0.0416831979398506,0.301513671875,0.630426081434473,3.65459313675777,4.46345688441851,29.50835667558,16.845703125,0.774380512173728,0.521201330919219,0.276229311220983,0.202569357859798
59,9,7,0.47,1.5,0.5,1,-0.138026258680556,3.21189451453013,3.20928401719582,11.1572265625,-0.00881808039264472,1.54601936347824,1.75428713431987,14.4062063061011,13.916015625,0.251931641957465,0.991764749054763,0.00178884988458147,0.00644640106065543,9.9951171875,9.9951171875,0,0,0.07255227383315,1.84118652634409,1.04312758084087,62.5,62.5,0.999999999999982,0.159844054580897,0.319688109161793,0.52046783625731,0.927292209201389,0.930330532458609,0.0751352972517074,0.50048828125,-0.187097900924203,2.83470450141648,3.28895393026202,54.318594722841,72.265625,0.702727841301353,0.190147614138398,0.287886700905194,0.521965684956408,0.302679307725694,0.302929368201008,0.0123074145904551,0.09521484375,0.849282952586129,4.21036905019943,5.29857255675386,31.5681449261498,14.404296875,0.754960881866829,0.529708324328869,0.268335023450942,0.201956652220189,0.327206353081597,0.329497709355531,0.0387953274923057,0.283203125,0.316084822685142,2.95496096873357,4.32774646775619,52.2388256611559,63.4765625,0.787297211673145,0.286133069377183,0.206942523262599,0.506924407360218,0.364573838975694,0.368018845785752,0.0502428875978388,0.3253173828125,0.498003776122261,3.20947725094725,4.0434729119098,27.4688243200175,10.7421875,0.752347935035793,0.587562862240981,0.199046441764849,0.213390695994169
60,9,8,0.64,1.5,0.5,1,-0.13138671875,3.45636929426292,3.45425502197653,11.8017578125,-0.0102296521382332,1.53731557950094,1.71618190084619,14.517537457219,14.16015625,0.250006283572948,0.993276989173941,0.00184658437361685,0.00487642645244164,9.9951171875,9.9951171875,0,0,0.07255227383315,1.84118652634409,1.04312758084087,62.5,62.5,0.999999999999982,0.159844054580897,0.319688109161793,0.52046783625731,0.877292209201389,0.881545099489891,0.086497426160909,0.5908203125,-0.235090740207472,3.08598408857757,3.65804496032797,49.5761452841063,40.0390625,0.645689879579753,0.186141972662493,0.367031673206687,0.446826354130821,0.303666178385417,0.30412826350086,0.0167605247663303,0.146484375,1.57105526808766,6.80659542789296,6.81125926471779,31.8474981093888,12.20703125,0.711499985977746,0.571961268226864,0.223536315317911,0.204502416455225,0.358712836371528,0.361456745384239,0.0444580592526444,0.3076171875,0.315290129870674,3.04918850274389,4.06485628400064,50.2405722606132,52.978515625,0.802674906428948,0.284680316673487,0.238795940700346,0.476523742626168,0.357116427951389,0.359269828195881,0.0392811561703373,0.27587890625,0.248810005195312,3.019373360976,3.934384107603,47.7856815612934,43.701171875,0.788164186909529,0.316180926094143,0.252273985497223,0.431545088408635
61,9,9,0.81,1.5,0.5,1,-0.138504774305556,3.67221020766957,3.67000508637148,12.34375,-0.00510534715258888,1.53990782837517,1.6972140712133,14.6582681599619,14.16015625,0.250581665656745,0.993237393716015,0.00265535339197927,0.00410725289200544,9.9951171875,9.9951171875,0,0,0.07255227383315,1.84118652634409,1.04312758084087,62.5,62.5,0.999999999999982,0.159844054580897,0.319688109161793,0.52046783625731,0.808517795138889,0.81788554286055,0.123446841335624,0.810546875,0.0689884418832565,2.98664561779381,3.63097114192196,50.7886647231155,69.091796875,0.589436624892683,0.318259503200301,0.168715036221349,0.513025460578351,0.290335557725694,0.290587979924733,0.0121107634074719,0.120849609375,1.11454124710065,6.09098179561326,7.45769402112674,33.9672879087523,17.578125,0.788678072882153,0.518587456597505,0.252954303129869,0.228458240272626,0.38906494140625,0.39292359637261,0.0549371881573452,0.3765869140625,0.211395847072062,2.87003355586363,4.14347709791498,52.5138214399337,69.091796875,0.759329211946289,0.292480702022542,0.184256044014575,0.523263253962883,0.439429660373264,0.44591154691073,0.0757625025887709,0.4437255859375,0.626716774403605,3.32326151946129,3.71260125538207,55.4245996714375,78.369140625,0.693547126557008,0.221572994836486,0.19258971481582,0.585837290347694
62,10,1,0,1.5,0.25,1,-0.166950954861111,1.39423945888844,1.38436155924293,5.76171875,-0.00880885484000784,1.66023946496116,2.09438273532554,13.1654562026718,12.20703125,0.276771583545932,0.982144325616829,0.00958211662496511,0.00827355775820635,5.45125325520833,5.46963025035735,0.448037533659153,2.0849609375,-0.330846982664869,2.69377415156518,3.09036422627854,2.30000737110984,0.48828125,0.35232269632858,0.963980863658844,0.0359668925395183,5.22438016384707e-05,1.31913628472222,1.33995521509319,0.235312017578893,1.58447265625,-0.769307129775961,3.42018069443519,3.5096716944759,35.9117784301459,27.34375,0.518696432085221,0.179434457402208,0.71271462890285,0.107850913694941,0.301657443576389,0.301932490165888,0.012886126385869,0.09033203125,0.470011333777713,3.43338688182284,4.48755156127524,32.4656532078174,25.146484375,0.758702204946421,0.476952994010031,0.344948874042872,0.178098131947096,0.163815511067708,0.164745361662166,0.0174808589487305,0.1251220703125,0.46876989022769,3.42081125527499,4.51553543360699,37.1782688795102,27.34375,0.793124164067806,0.366317165928614,0.434079193987138,0.199603640084248,0.191727973090278,0.192715776574669,0.0194894659804055,0.1483154296875,0.36731027028143,3.2342586320904,4.29168877686312,38.4784958320827,27.587890625,0.779333802020905,0.298576198845988,0.507167083639318,0.194256717514693
63,10,2,0.04,1.5,0.25,1,-0.164574652777778,1.42493643665392,1.41555795431214,5.8544921875,-0.00118779056114897,1.63622811558695,2.16668979911927,13.2069982492481,12.20703125,0.276503319585146,0.981801837778414,0.00991559989575596,0.00828256232582989,5.60598198784722,5.61681863454688,0.348775798256508,1.7578125,-0.262432682077615,2.52554443531953,3.17070410061809,3.01638280187531,2.685546875,0.365453342692485,0.958076856184917,0.0418620107847254,6.11330303581373e-05,1.144970703125,1.17715021241626,0.273388589300079,1.6650390625,-0.602342475179709,3.01213027501307,3.67180061517483,35.2644877709828,27.34375,0.490190920942556,0.128515549274653,0.78736667161293,0.0841177791124175,0.305342610677083,0.307163799751848,0.0334026634365797,0.64453125,8.17654143943618,107.450960633803,17.9780146885336,39.004902572399,27.83203125,0.939403567146409,0.379225998890347,0.379735991086983,0.24103801002267,0.171700168185764,0.172694822800283,0.0185102730138612,0.1300048828125,0.276468716870497,3.08719310502031,3.82713061584968,40.9863883281607,27.34375,0.797738503586281,0.377012015862101,0.346093074804256,0.276894909333642,0.212402072482639,0.214398420004228,0.0291930041305245,0.2008056640625,0.520322273333783,3.16624173363968,4.25050423027393,32.5992175094663,27.34375,0.618065422812418,0.194888452705567,0.722022017608976,0.0830895296854568
64,10,3,0.08,1.5,0.25,1,-0.159216579861111,1.5986143092081,1.59084260249061,6.5771484375,-0.00992098970866303,1.63079893725124,2.07933250891126,13.2210634839561,12.451171875,0.276365649831279,0.981331964888828,0.0109670736197674,0.00770096149140462,6.30217990451389,6.31091788203014,0.332020273602276,1.8505859375,-0.259059358288055,2.74742909596648,3.35843640530616,3.16778181353822,2.44140625,0.374691773114269,0.953877961689228,0.0460642517247198,5.77865860524151e-05,1.07041286892361,1.09266069148972,0.219395472371074,1.25,-0.472604751880269,2.65678735906439,3.19560400301834,37.2691055447653,27.34375,0.55216497119005,0.192268354173646,0.653849448303841,0.153882197522514,0.289594455295139,0.289877197104316,0.0128014561882482,0.093994140625,0.316956865391262,3.09650993987489,4.65339314764052,32.669629814223,21.240234375,0.758691362539636,0.494431240802546,0.327018889156418,0.178549870041036,0.180661214192708,0.181943993081519,0.0215695547658251,0.157470703125,0.498714546669964,3.58959605167748,4.66361873239365,41.2217712308348,27.34375,0.77747809578149,0.391290053485172,0.316860214615123,0.291849731899706,0.223769802517361,0.2257348527355,0.0297236530931921,0.19287109375,0.441064604442967,3.00525942318195,3.98613100847425,30.7538934915754,27.099609375,0.663400225539551,0.343102135092646,0.553889409388002,0.103008455519352
65,10,4,0.16,1.5,0.25,1,-0.158202039930556,1.78291966373185,1.77608435511082,6.7529296875,-0.00830083491165619,1.60172749174386,1.93752025135594,13.2441978378175,12.451171875,0.268555139708663,0.98648793381952,0.00598033082092607,0.00753173535955436,7.02772135416667,7.03724998540453,0.366128002331419,1.865234375,-0.211080822236864,2.48641469820849,3.08048758671916,2.6366383720321,2.197265625,0.35605504619336,0.954359910870557,0.0455907866453489,4.93024840939024e-05,1.06734320746528,1.08724273072052,0.207086365871003,1.3330078125,0.0880266413202941,2.92701038474638,3.79740243711223,32.8333923261776,27.099609375,0.480392011061459,0.235342539512757,0.627595198801254,0.137062261685989,0.302053765190972,0.302462948223656,0.0157293662542751,0.123291015625,0.826465332588368,3.94689676278991,5.32385763298602,28.4197611733725,12.20703125,0.707662426586565,0.586623507817193,0.248297875795617,0.16507861638719,0.211757948133681,0.213050284094759,0.0234332452098883,0.1800537109375,0.197956625009995,3.13300195807016,4.84534069439758,48.7817200998743,41.015625,0.811729770045795,0.248140857480985,0.363355320632023,0.388503821886992,0.232893202039931,0.234276833815711,0.025427052144175,0.1702880859375,0.123139122299157,2.96720913481101,3.7495125947123,43.0989748374262,27.587890625,0.746555459343594,0.163782704821192,0.580956067978813,0.255261227199994
66,10,5,0.25,1.5,0.25,1,-0.152841796875,1.99731593032295,1.99168065209842,7.919921875,-0.00764747395423013,1.60729579055317,2.02742698603032,13.426765156917,12.6953125,0.273624144807751,0.986011633263664,0.00637803180721801,0.00761033492911822,7.85498046875,7.86930952936836,0.474725589723472,2.36328125,-0.3262320243876,2.81167753398314,3.21754750495447,1.98750240059146,1.46484375,0.359640154409119,0.965001886384903,0.0349583220490859,3.97915660102494e-05,0.9346142578125,0.943784887273916,0.131262833330214,0.830078125,-0.335888086065408,3.60272889806187,3.23811628635142,39.2166508882639,27.34375,0.541144066694762,0.103748699839778,0.677547679606654,0.218703620553568,0.290714518229167,0.291066463845844,0.0143108622308867,0.126953125,1.15205097865032,5.27610875496551,6.69661324974751,30.3637408894814,11.962890625,0.726137295337041,0.587484743744864,0.223461750765364,0.189053505489771,0.231414388020833,0.233448247059285,0.0307518328241651,0.2313232421875,0.472601827082202,3.04425663892591,4.92362461373738,52.8419982225084,54.443359375,0.746055948447549,0.240860164777612,0.285827674739646,0.473312160482743,0.247430284288194,0.248739071714579,0.0254857715850152,0.233154296875,0.292464202759377,3.80922886565361,5.67137866627372,40.2776564173616,27.34375,0.797420864880541,0.301706378483189,0.431152356695235,0.267141264821576
67,10,6,0.36,1.5,0.25,1,-0.152291666666667,2.16570480710945,2.16058369896369,8.4375,-0.00547421889210763,1.59653630209124,1.98392113748553,13.5735852165188,12.939453125,0.274177301907406,0.987416641431945,0.00486652538858768,0.00771683317946767,8.54276041666667,8.55847840054644,0.518513974735229,2.5830078125,-0.303346064759668,2.72003616264447,3.19994411960228,1.73516802606567,0.9765625,0.359085332802624,0.96503143827536,0.0349274115384429,4.11501861973283e-05,0.876729600694444,0.890566461435121,0.156394580761071,0.8251953125,0.153943719748008,2.56583404167251,3.12184655160261,35.8319101039638,27.099609375,0.517929178784799,0.343626015471911,0.453636711722676,0.202737272805413,0.285123155381944,0.285597521616942,0.016455722242281,0.205078125,1.66791388656213,9.18237181787683,10.520560687361,31.2085399763975,17.333984375,0.760265591337038,0.519596536527307,0.302446370402159,0.177957093070534,0.259766981336806,0.262167705583848,0.0354019740879346,0.23193359375,0.51332609948004,3.0506470396884,4.12995506642797,53.6456705033459,60.302734375,0.742322775312504,0.253722877350534,0.243526172320649,0.502750950328816,0.301766357421875,0.303921672682496,0.0361350082142167,0.2490234375,0.305566571567936,3.22373724749504,4.33617166233071,50.5992804971952,54.19921875,0.758281038649391,0.269137698268232,0.289874163564443,0.440988138167325
68,10,7,0.43,1.5,0.25,1,-0.151843532986111,2.39011190278372,2.38554880082436,9.0625,-0.0076640399645652,1.5862355743919,1.95029528583645,13.7941249538313,13.18359375,0.27193812022838,0.9879349873756,0.00378571670002291,0.00827929592437683,9.43287217881944,9.44593404332833,0.49663590230309,2.2900390625,-0.468305719244436,2.94455451424521,3.20527982788988,1.51611886397986,0.244140625,0.31023004719252,0.960898018571347,0.0390378861953958,6.40952332568559e-05,0.725629340277778,0.735611915065075,0.120789868692358,0.654296875,0.62134258101185,2.65833275584177,3.31787569891716,34.6511201225229,27.099609375,0.544152318623879,0.291805332965329,0.531716775619532,0.176477891415139,0.280401204427083,0.280893392305218,0.0166229901601163,0.126953125,1.11347585267082,4.52108590087814,5.67623479420262,25.1049933168135,6.591796875,0.65312756256333,0.688503203232245,0.160901733785607,0.150595062982147,0.279444444444444,0.282439217827118,0.0410254586268349,0.26123046875,0.574327293523413,3.03871554346837,4.01421254725294,56.1038995919661,79.345703125,0.717326420852366,0.231092825284292,0.223712342381161,0.545194832334547,0.305020616319444,0.306787486722649,0.0328819996674234,0.240478515625,0.157925428880804,2.879669880024,3.89509918323442,47.1181339954315,45.166015625,0.785846724229938,0.323136102876826,0.280992189445259,0.395871707677914
69,10,8,0.47,1.5,0.25,1,-0.160512152777778,2.59251255815081,2.58782638537579,9.658203125,-0.00488049981870447,1.5903664148098,1.87978881880041,13.9179270281801,13.18359375,0.275334665501521,0.988390417991773,0.00408219957845314,0.00752738242977443,9.82761610243056,9.83563092943826,0.39702966240117,1.845703125,-1.35069619770991,5.49280966407734,4.07157418979598,0.619502596487753,0.244140625,0.214318841668732,0.987962113411973,0.0119835769670484,5.43096209786103e-05,0.824389105902778,0.832482313490753,0.115811851179862,0.7421875,-0.0610435121684583,2.98673747677912,3.63283632488525,43.860722381664,27.099609375,0.540171467946732,0.0905478603124181,0.609311853794514,0.300140285893068,0.280286458333333,0.280652237485757,0.0143256862431613,0.101318359375,0.940441208370656,3.8025743028569,4.70603588016882,27.7798277128738,6.591796875,0.679998294512515,0.638994794742312,0.190416110769891,0.170589094487798,0.294698893229167,0.298707449266755,0.0487773645764172,0.3167724609375,0.745164626968158,3.41318890851765,4.43283085346303,50.778312783616,53.955078125,0.711318436981622,0.241912125353674,0.286233061490029,0.471854813156296,0.354234347873264,0.358752453082496,0.0567632398127897,0.399169921875,0.750988554812626,3.66553515720396,4.72951643008417,45.5651862015474,40.0390625,0.749596272979674,0.283518117627575,0.34262636444201,0.373855517930415
70,10,9,0.53,1.5,0.25,1,-0.0943977864583333,2.7316070643314,2.73027887773501,10.2001953125,0.0549540432173556,1.59055129312831,1.92439489117346,14.0453825590365,13.427734375,0.281916385811038,0.989081379721646,0.00351316947947163,0.00740545079888244,9.86650065104167,9.87194784159761,0.327937476754238,1.6748046875,-1.56509040266341,6.24357443719934,4.59614339464862,0.699850113478167,0.244140625,0.212523656254416,0.984763819448952,0.0152013352545565,3.48452964918946e-05,0.589177517361111,0.595694691193571,0.0878847798987665,0.5078125,0.232370252944608,2.47365574238177,3.53555609187182,36.2016523775706,26.85546875,0.586599331582427,0.331640401590561,0.419098180994725,0.249261417414713,0.277571885850694,0.27809311008862,0.0170202949358586,0.152587890625,1.36889612352779,5.94323034755036,6.96438387479458,24.6712377477885,6.591796875,0.660257149914966,0.697597893779127,0.160349918071069,0.142052188149804,0.329914957682292,0.334301312840027,0.0539827384433793,0.3472900390625,0.629362843408686,3.17569061411678,4.30300540194491,51.7868117223565,54.19921875,0.723758386995942,0.224111445406183,0.290154898814784,0.485733655779033,0.328918863932292,0.333820457586685,0.0570017622316942,0.5419921875,1.70150047808148,10.0965258687276,7.78231825937745,32.1962857221443,13.916015625,0.760058836872055,0.53726633556717,0.19465027907475,0.26808338535808
71,10,10,0.7,1.5,0.25,1,-0.145184461805556,2.63457499295886,2.63086391979049,10.3125,0.00235413125594679,1.75817391113422,1.96309123134764,13.9295567649833,13.427734375,0.339132693659039,0.990828848441584,0.00248330910578432,0.00668784245263202,9.12566080729167,9.25015451199126,1.5126737291366,6.689453125,-0.782804101300545,3.58390086126062,3.9575868988837,0.25524491358224,0.244140625,0.173308414724678,0.998077028285185,0.00190464787072226,1.83238440935821e-05,0.551580946180556,0.559703709959084,0.0950195197437485,0.58837890625,0.0928373251070105,2.54048845812758,3.1345127937112,36.913100072604,26.85546875,0.574996962679933,0.235034954763205,0.514698871675031,0.250266173561764,0.286909450954861,0.287373416902543,0.0163250396257552,0.2734375,1.97466223050254,16.3776574911175,14.3909645637764,30.1942765935881,11.474609375,0.761266688450298,0.62726269221513,0.164908971726416,0.207828336058453,0.347000461154514,0.351527713302602,0.0562415868641528,0.4254150390625,0.547103155665036,3.31675179737704,4.97898132273326,48.3721718634938,52.734375,0.745478429708046,0.28981006494746,0.245830166027812,0.464359769024728,0.527156032986111,0.564002630555949,0.200535335286101,0.9857177734375,0.830092188347697,4.7047172159927,4.25008225043193,23.7797835775629,0.732421875,0.575682454533215,0.666105339344892,0.106400779733653,0.227493880921455
72,11,1,0,0.75,0.25,1,-0.172367621527778,0.929371545211276,0.913348920875367,3.6474609375,-0.0210611893477591,1.62223338697889,2.09044856954435,12.9147688345147,12.20703125,0.274905351244951,0.983008120070936,0.00856610269635902,0.00842577723270453,3.62472113715278,3.63009474297039,0.197466923740651,1.0107421875,-0.317048040174729,2.73519495148277,3.30587253088073,3.23414651805551,1.46484375,0.39345323911865,0.942607101548276,0.0572365059007231,0.000156392551001018,1.05691243489583,1.10631426859807,0.326942073536486,1.51123046875,-0.42715073039659,2.08541721731417,2.44728122043552,33.9248331643031,27.34375,0.47206785682375,0.15857783360609,0.757905647372084,0.0835165190218264,0.309023980034722,0.309388666247136,0.0150192108259873,0.1025390625,0.470285899525812,3.23121788585339,4.21593180133901,37.6479762238495,27.34375,0.78228888339003,0.312056343818344,0.498486079555589,0.189457576626066,0.141865098741319,0.14270654669105,0.0154759636544587,0.1214599609375,0.33385571824801,3.32642513873542,4.97807960638465,41.0268197995038,29.78515625,0.779589404791046,0.303567454202465,0.502564426292545,0.19386811950499,0.177880316840278,0.17914508275573,0.0212521510416825,0.166015625,0.185498648389094,2.8238966887409,5.04404563491116,39.563242686809,27.587890625,0.713626463490952,0.233203398239098,0.59978381142354,0.167012790337362
73,11,2,0.04,0.75,0.25,1,-0.176088324652778,0.927317029094361,0.910545999653156,3.642578125,-0.0178757033164776,1.61892288353647,2.00107620293133,12.9538339398407,12.20703125,0.274987204951311,0.982662413011196,0.00837304282609753,0.00896454416270599,3.61411892361111,3.61816398049745,0.171059926108944,0.9375,-0.295899850438227,2.67274686874398,3.42914019822581,4.00340748227569,2.9296875,0.409758858895531,0.925661655912987,0.0741228528871811,0.000215491199831982,0.927494032118056,0.968142001459241,0.277616430057041,1.26708984375,-0.414425783272923,2.09491205455419,2.50243440903152,32.8457826152894,27.34375,0.47927116952161,0.219849982691778,0.705031536989118,0.0751184803191035,0.304377983940972,0.304675929075321,0.0134723785717377,0.10986328125,0.590727532451291,3.63776442894172,4.64978902320367,34.9146163949561,27.34375,0.78866746256886,0.421598533548705,0.384759205402884,0.193642261048411,0.144361165364583,0.145107815831933,0.0147030673716734,0.10009765625,0.226130589942992,3.03179910302004,3.92098046115563,42.2156224798939,30.2734375,0.786301241786164,0.298642677170313,0.491031784769048,0.210325538060639,0.190210503472222,0.192298994830495,0.0282673901748177,0.21240234375,0.400655447633714,3.09580270033801,4.96283281454835,37.237154186489,27.587890625,0.687406049378005,0.24696105685989,0.616319495687743,0.136719447452367
74,11,3,0.07,0.75,0.25,1,-0.177549913194444,0.987666643678062,0.971684744755599,3.9453125,-0.0155857349763742,1.62519393660689,2.03685080633647,12.945501038112,12.20703125,0.276068089865329,0.982230038909908,0.00919559662735531,0.00857436446273737,3.85653428819444,3.86035436095155,0.171713798106321,0.9423828125,-0.259144866140511,2.75838037415945,3.47022252530034,4.14423552833009,2.9296875,0.423918661107022,0.929212785256213,0.0706116167446118,0.000175597999174752,0.939039171006944,0.978444757896592,0.274911575456108,1.3330078125,-0.441052784758584,2.45704918796254,2.63416660414181,35.3524955346077,27.34375,0.508924476548515,0.253508338972561,0.599881369222836,0.146610291804603,0.292134060329861,0.292401825173356,0.0125121121095933,0.103759765625,0.651993338237002,3.64820820923841,4.35350007368377,30.3799665786216,13.916015625,0.736804692257983,0.556735522538048,0.268128174763852,0.1751363026981,0.135441351996528,0.136315560816999,0.0154150931162449,0.1153564453125,0.36148476322312,3.21278371741623,4.94995576293892,35.9879696399876,23.681640625,0.740311549374054,0.490668732163527,0.329994606527727,0.179336661308746,0.175488552517361,0.177033890572338,0.0233428240073073,0.152587890625,0.14002073670037,2.65821703766139,3.99871197329549,33.0964089827937,27.34375,0.658369042524953,0.39693280272926,0.475955814308284,0.127111382962456
75,11,4,0.07,0.75,0.25,1,-0.174625651041667,1.07364705480559,1.0594684133122,4.296875,-0.0142031005373106,1.63494239213226,2.0477987128859,12.9105094608109,12.20703125,0.276437235595686,0.982474571815228,0.00976045040087076,0.00776497778390053,4.19677191840278,4.20128291848512,0.194658795114689,1.0107421875,-0.178676072858331,2.71685861432336,3.54772625452555,3.13568118229983,0.48828125,0.403293272236638,0.946426560151637,0.0534531859389221,0.000120253909441458,0.9033203125,0.923883030635112,0.193857211805473,1.06689453125,-0.989651017462861,3.64706283001785,3.55398615130541,41.2837467653181,27.587890625,0.507759784802697,0.107707675847767,0.707444527667384,0.184847796484849,0.28908447265625,0.289329887990574,0.0119156747833046,0.09033203125,0.535656372359011,3.40300289081729,4.28253908254002,30.8055674191365,13.671875,0.754382796516084,0.593289530043294,0.216031303241197,0.190679166715508,0.137545301649306,0.1382406439732,0.0138494860693544,0.0885009765625,0.372054143395426,3.17378225636448,3.87515873177511,37.5367984994593,27.099609375,0.785662789502861,0.471213381189694,0.320880840688817,0.207905778121488,0.193821614583333,0.196009996047103,0.0292111261452012,0.203857421875,0.159323036275799,3.0686936022419,4.27266562435817,31.6759337983261,27.34375,0.647675552951517,0.343014396889106,0.559267713031292,0.0977178900796028
76,11,5,0.08,0.75,0.25,1,-0.178869357638889,1.07111160383393,1.05618829625552,4.1845703125,-0.0130917588728444,1.62304977657577,2.00032344934678,12.9685552083784,12.20703125,0.275755207960058,0.982157818924684,0.00952647270671284,0.008315708368603,4.19079427083333,4.19515503316127,0.191251823752953,1.0546875,-0.325609025303481,2.6740049709009,3.66404669538408,4.85753949112315,2.9296875,0.432488351760896,0.912336318947556,0.0872339631148275,0.000429717937616981,1.33286946614583,1.3670038895611,0.30361011929239,1.80419921875,-0.991927309381194,3.65090644164319,3.15512288794092,43.8932519174277,27.587890625,0.526360526687531,0.132897133069419,0.627249893309217,0.239852973621364,0.310357530381944,0.310625586940894,0.0129033172718018,0.142822265625,0.290231618922281,4.21683371274393,5.7714859294943,33.7358225360365,12.6953125,0.767424723577014,0.546314304556804,0.223621484661289,0.230064210781908,0.134460720486111,0.135196737057627,0.0140895873664399,0.1031494140625,0.416519062672895,3.33748570106749,4.37162771440534,41.017231779617,30.76171875,0.795458767035962,0.412000518523427,0.3534195196323,0.234579961844273,0.234962293836806,0.239490249422143,0.0463549085787993,0.350341796875,0.299719251962274,2.88935326205364,4.95211341580999,35.756257565524,27.34375,0.645609490210886,0.30677217214408,0.546616701011764,0.146611126844156
77,11,6,0.09,0.75,0.25,1,-0.166207682291667,1.14011908333078,1.12806441075606,4.47265625,-0.014598634338469,1.63206030443201,2.09991362567603,12.9423910819058,12.20703125,0.275885929706232,0.982754526186183,0.00937358092109308,0.00787189289272466,4.47121636284722,4.47665837222041,0.22069264048759,1.15234375,-0.335458304043365,2.82195229926715,3.50677640008299,3.47037182588196,2.685546875,0.397041323278798,0.940364356612412,0.0595314120719719,0.000104231315616299,1.15171278211806,1.17790275510191,0.247034672353159,1.49658203125,-1.01131428173099,3.75703985272662,3.41919562570056,42.0771966502681,27.587890625,0.519010757675184,0.114719529197448,0.694657319148123,0.19062315165443,0.291043023003472,0.291287709029329,0.0119381683534851,0.09765625,0.361187137980696,3.344149980718,4.39895000873928,31.4859913020864,20.01953125,0.74562148743028,0.499592114174216,0.319923737360982,0.180484148464802,0.138156060112847,0.138863312002031,0.01399878645718,0.1007080078125,0.277344936390882,3.27301635865465,4.15973000716321,39.2262679433297,27.34375,0.811952919382934,0.440147838413372,0.327597122226528,0.2322550393601,0.224011366102431,0.227475722614879,0.0395532538969705,0.2801513671875,0.492747119196383,3.35976366198273,4.73113962787729,32.1730518736102,27.34375,0.654060579881784,0.341051203637614,0.536110336755201,0.122838459607184
79,11,8,0.12,0.75,0.25,1,-0.172298177083333,1.25064254776392,1.23885478507001,4.6142578125,-0.016810271036765,1.60515544675935,1.87566447002657,12.9550826110687,12.20703125,0.267215300457345,0.986880091471756,0.00535637847369392,0.00776353005455045,4.91107421875,4.91771867564199,0.25558072418984,1.328125,-0.373390247937373,3.03600506744241,3.85909175012695,4.665140125302,2.685546875,0.420468938688474,0.888202063432317,0.111557591834666,0.000240344733016345,0.832374131944444,0.842406444128167,0.129636631276253,0.8837890625,0.151652648876312,3.34627369149449,4.07442996999022,36.5087407627381,27.587890625,0.576460535402562,0.236628972235315,0.609759459405262,0.153611568359423,0.294184299045139,0.294491948125977,0.0134590475521579,0.09765625,0.211670329114388,3.05647501865221,4.06136851202511,26.4213411731177,9.033203125,0.760047507455555,0.639356575908325,0.19157743593764,0.169065988154035,0.154311387803819,0.155127388533265,0.0158920858069918,0.1153564453125,0.337499350168757,3.23212018820408,4.52862171260267,40.4280626734387,27.83203125,0.859643855688989,0.393886033729053,0.338249966776591,0.267863999494356,0.21299072265625,0.214548741487548,0.0258120629670174,0.186767578125,0.528228354508597,3.46146974373231,4.74886618233263,35.1788036877697,27.34375,0.726668995032784,0.252410515469237,0.582270771032646,0.165318713498117
80,11,9,0.16,0.75,0.25,1,-0.166357421875,1.20316622884989,1.19174233519547,4.3408203125,-0.0197857919544602,1.59185228510794,1.83751685999477,12.9334626886633,12.20703125,0.267320609700541,0.986937103951073,0.00528148595262292,0.00778141009630449,4.72658203125,4.72896081417601,0.149992277674809,0.908203125,-0.346207772652514,2.94321035999873,3.75132324891859,3.93385475104662,0.732421875,0.389845988839524,0.904174043838116,0.0951642784704276,0.000661677691456753,0.892816297743056,0.906663165418793,0.15786922558781,0.87890625,-0.440695619396283,2.78811544349003,3.13719880928457,36.7207513739572,40.771484375,0.521537525825342,0.404309958836475,0.416680357793192,0.179009683370332,0.311171061197917,0.311414832433788,0.0123208062464887,0.130615234375,0.0511551478118063,4.87720954172586,6.54042229113052,35.3962880818645,18.5546875,0.787237014178051,0.513382162039083,0.244889587308847,0.24172825065207,0.151390516493056,0.152190206048029,0.0155828204719699,0.1214599609375,0.343136092553243,3.23431282148464,4.58544925358945,41.6563980168456,30.76171875,0.850487315010133,0.355778104735046,0.395202595657084,0.249019299607871,0.193311631944444,0.194326292104245,0.0198345199589136,0.13427734375,0.420571761362716,3.32516435512645,4.2228305016998,38.4825955851939,29.296875,0.846600809109404,0.322614257487946,0.474791134634579,0.202594607877474
81,11,10,0.18,0.75,0.25,1,-0.170206163194444,1.25501300141387,1.2435558479998,4.55078125,-0.0116622630541353,1.58942019489933,1.84130291387821,12.9624746729464,12.20703125,0.266301829477018,0.987310246377918,0.00473668072835586,0.00795307289372538,4.92890299479167,4.93154547477224,0.161436765322858,0.9130859375,-0.453819884794737,3.16794773492297,3.57234293757605,4.26581321590227,0.48828125,0.393735302665523,0.885222620103203,0.114586557632307,0.000190822264490087,0.842841254340278,0.853195349153098,0.132532362438366,0.712890625,-1.19240976265436,4.17440843542437,3.20738527066042,37.5110097291632,27.83203125,0.543727198225286,0.335629948579441,0.480425046156647,0.183945005263912,0.278052571614583,0.278263539850164,0.0108347180570308,0.106201171875,0.747511376408029,4.40641894335116,5.90858315064807,30.1624485449503,11.71875,0.728511905983167,0.609058998350942,0.195522944551036,0.195418057098021,0.155167100694444,0.15602165544164,0.0163091059545947,0.1190185546875,0.346645588254418,3.25364160390783,4.19313209026916,42.7944591866308,31.494140625,0.848598193709546,0.356802253473246,0.376874108829587,0.266323637697167,0.189339870876736,0.190165244049724,0.0177003662039167,0.1153564453125,0.35702709177689,3.19972429679081,3.86783339774843,38.1394438863308,27.83203125,0.857254732233972,0.358150138850238,0.435179727791116,0.206670133358646
82,11,11,0.2,0.75,0.25,1,-0.171309678819444,1.26603332337671,1.25452904022067,4.7021484375,-0.014404652477204,1.58133226658868,1.89818121964805,12.9769670665031,12.20703125,0.264247733808469,0.987889994849029,0.00430237004530779,0.00780763510566238,4.97638997395833,4.97828824422907,0.137480434642964,0.7470703125,-0.221529396829729,2.64315814874389,3.22420450557724,4.54715006832156,2.685546875,0.395735594295894,0.886016461022353,0.113805760407652,0.000177778569994655,0.803443467881944,0.825255424923384,0.188502006639129,0.96435546875,0.123701254864835,2.71624638160039,2.71190342152539,33.4832373761064,27.34375,0.517871147743239,0.292040537857374,0.608311805200475,0.0996476569421508,0.288717990451389,0.289026315388933,0.0133481298659908,0.1220703125,0.7760786216652,4.65585844756693,6.07802294259561,31.4056473933195,17.578125,0.755135256029526,0.518683769952895,0.293889436233681,0.187426793813424,0.165735134548611,0.166654879431346,0.0174866224862922,0.1336669921875,0.426879194888772,3.43143100635337,4.86060571497747,46.9203415989839,41.259765625,0.857075960611627,0.289857936213125,0.408117559273061,0.302024504513814,0.218242458767361,0.220498138927353,0.0314623335845989,0.283203125,0.814566886323565,4.64962173214357,6.72909928970555,31.5081908277633,26.85546875,0.82891978011405,0.440532698924508,0.415588368699051,0.14387893237644
83,11,12,0.23,0.75,0.25,1,-0.160155164930556,1.28706672686559,1.27720538025287,4.9267578125,-0.0131465240213563,1.59037902255066,1.99324016211965,12.9006353792058,12.20703125,0.265827259704412,0.986998235322921,0.00525387403440082,0.00774789064267825,5.08608289930556,5.09013720785664,0.20314208470285,1.1376953125,-0.309075965807608,2.84258272491588,3.30368853641509,3.38483259514041,2.685546875,0.376509384789179,0.930893565433812,0.0689849164285508,0.000121518137637404,1.06317545572917,1.09088928010702,0.244357608473295,1.513671875,-0.186654896695562,2.61742821085932,3.55187225447055,37.2818115418586,27.587890625,0.52358245901584,0.131572885669419,0.755683898718427,0.112743215612154,0.301358778211806,0.301934130313696,0.0186328471993019,0.185546875,1.4915909111151,6.12147061661665,7.28959014116072,29.6531680385668,9.521484375,0.710609631358297,0.648154836959695,0.158340059532511,0.193505103507794,0.1685107421875,0.169591206321762,0.0191151308253958,0.13427734375,0.426243119731568,3.24557138259094,4.23940764898887,43.6563820425748,33.69140625,0.83203877926829,0.3085309245256,0.369328080982751,0.322140994491649,0.220660129123264,0.222345452963755,0.0273271626536596,0.2069091796875,0.582126090420898,3.46403044575723,5.0994144849788,35.7650284760491,27.099609375,0.788962092146746,0.408390566222786,0.368585305608264,0.223024128168949
84,11,13,0.26,0.75,0.25,1,-0.166632486979167,1.44649113844576,1.43702091955753,5.42236328125,-0.00483755663349636,1.58765176922513,1.89980613239935,12.9924754471759,12.20703125,0.265313046802648,0.986894111589804,0.00545726377098607,0.00764862463920999,5.73221462673611,5.73574195112135,0.201147194959636,1.064453125,-0.180779887341495,2.43620926391332,3.00436357545721,3.97588473698156,2.685546875,0.364897245790268,0.92030112047869,0.0795864913175071,0.000112388203803167,0.624186197916667,0.636544911291352,0.124837805325567,0.6298828125,-0.702157513529615,3.13742073477291,2.88026800517409,39.4101619276318,27.587890625,0.507892768641543,0.0750805252358735,0.787667244329208,0.137252230434918,0.281038682725694,0.28117213937532,0.008662993126617,0.107421875,0.498212081587469,5.05323064982863,7.14141507323132,37.8888664837132,27.099609375,0.900966359045123,0.441213221995014,0.308799395383659,0.249987382621326,0.167827962239583,0.169192764178879,0.0214492139367674,0.22216796875,-0.615015803504803,7.38635501014528,6.40463965979439,40.2821132132068,30.517578125,0.820376107067883,0.403361666476029,0.322017333193126,0.274621000330844,0.228576931423611,0.230751912507792,0.0316109728310561,0.2783203125,0.941937997416659,5.61068222016345,6.65124645208718,36.3895853382492,27.34375,0.836024463312644,0.354999550771447,0.468868881161272,0.176131568067281
86,11,15,0.31,0.75,0.25,1,-0.164951714409722,1.41696013935729,1.40748257263144,5.4150390625,-0.0143183283122392,1.5998641862019,1.98058825056339,13.0471109438574,12.20703125,0.26764002208479,0.985704929928224,0.00657463252561222,0.00772043754616317,5.59051540798611,5.59631041516645,0.254641209029439,1.3427734375,-0.0949361528705195,2.37885546773041,3.04212094494788,3.19656496789956,2.685546875,0.358000281100222,0.947980682727442,0.0519532715727302,6.60456998284481e-05,0.561171332465278,0.576378383949281,0.131539431845625,0.68115234375,-0.624377747531792,2.75467826627409,2.55820753365486,36.3097217045506,27.34375,0.465533591915678,0.125455612217735,0.777417664377236,0.0971267234050289,0.273394911024306,0.273603294003243,0.0106775676580698,0.09765625,0.737564913098257,4.35523854890888,4.81765577694862,30.3383307048298,11.71875,0.737151198988471,0.589448447829037,0.217110354379184,0.193441197791779,0.19568115234375,0.196905862653097,0.0219297112148701,0.1446533203125,0.376648976600587,3.06375047153929,4.05607382499733,48.7473897109936,52.001953125,0.83587446311417,0.28740989352332,0.346649127459586,0.365940979017095,0.236030951605903,0.23779338007201,0.0289009879588131,0.228271484375,0.548272336379136,3.89486292738888,5.28976682526838,39.2965192953573,30.029296875,0.872049123203023,0.351723926688001,0.429016477951404,0.219259595360595
87,11,16,0.37,0.75,0.25,1,-0.160256618923611,1.3913764042729,1.38227012842976,5.34423828125,-0.0120357804633009,1.58824402179615,2.01307575551611,13.009757099926,12.20703125,0.265723994641909,0.986672274517078,0.00536495769700427,0.00796276778591822,5.49453450520833,5.49818928466565,0.20046174464818,1.1328125,-0.451481444168291,3.1605196535795,3.70887305504485,3.79494570925503,2.44140625,0.391431152949409,0.910717380576528,0.0891696955178456,0.000112923905626919,0.881566840277778,0.927898852664518,0.289576969566848,1.38427734375,0.697896741571086,2.61494402868357,2.85925826661721,24.5860762378484,13.916015625,0.429219616620013,0.555415188889087,0.375569866261842,0.0690149448490708,0.275842556423611,0.27614734953823,0.0129722826926474,0.118408203125,0.697857224726036,3.5271590022074,4.76973270958644,26.6185920461159,13.671875,0.700862771757977,0.598079157367796,0.274389720474786,0.127531122157418,0.190904541015625,0.192140370950776,0.0217596780144008,0.1641845703125,0.438306514810845,3.14938536412547,4.81311628853867,47.30008449466,41.9921875,0.825391979628988,0.338733210393106,0.290249250458138,0.371017539148755,0.239450954861111,0.240911870311489,0.0264938758303978,0.1898193359375,0.554554700191308,3.3141451999655,4.4110572385639,45.7502902804617,32.958984375,0.819974325072223,0.314015352727746,0.356622372265441,0.329362275006812
89,11,18,0.42,0.75,0.25,1,-0.165769314236111,1.60455253633596,1.59614395542408,6.1328125,-0.0135464263278884,1.58981795901309,1.9585066094524,13.1269558258134,12.20703125,0.265042670498049,0.986542679179734,0.00504163146634664,0.00841568935391846,6.31904622395833,6.32412188176113,0.253350860566468,1.3818359375,-0.50327778741601,3.10057135577282,3.48643620214621,3.5343942581339,2.44140625,0.38937930560702,0.918525351559941,0.0813959597396524,7.86887004066887e-05,0.566918402777778,0.575430339067959,0.0986192729236026,0.52734375,-0.821132147346165,3.27823343221607,3.03038264014526,43.3344616513144,27.587890625,0.531383473893382,0.111461609201463,0.69658229054986,0.191956100248678,0.267122124565972,0.267309526459795,0.0100087843818346,0.091552734375,0.745660360063139,4.3920090480444,5.70305775122935,30.4522512438563,11.474609375,0.718123181574551,0.612983798453164,0.1873768435629,0.199639357983936,0.224813774956597,0.226293234108884,0.0258368484156408,0.213623046875,0.5196171005043,3.39009782019258,5.47647285887079,48.5362049215185,53.955078125,0.823596302014901,0.28769548318792,0.324567347781266,0.387737169030813,0.260299479166667,0.263130797322053,0.0385010006481986,0.27587890625,0.855680260124412,4.46013182020801,4.9397903757089,34.4930578565233,21.484375,0.858228013053788,0.495428894649551,0.262600533418518,0.241970571931931
90,11,19,0.47,0.75,0.25,1,-0.153914930555556,1.86490243990654,1.85874663920582,7.18017578125,-0.0070795486829062,1.58866349547002,1.9853984297344,13.2777149055567,12.451171875,0.266759010829671,0.988107797108795,0.00365025055898073,0.00824195233222436,7.37115125868056,7.38262335856256,0.411454003532219,2.1240234375,-0.552595315592547,3.29723076130668,3.54227926947131,2.1477288713167,0.244140625,0.34016039247739,0.947650774028105,0.0522996047440896,4.96212278053328e-05,0.715813802083333,0.722674778422968,0.0993560758645507,0.5859375,-0.723168564044891,3.30330926433315,3.25905571041404,55.526400643149,54.6875,0.544595794420206,0.0941635631879103,0.431740762547506,0.474095674264584,0.268924424913194,0.269092601545034,0.00951325406672693,0.078125,0.704581973972233,3.83796604312441,5.13391112986331,32.4477728067456,12.20703125,0.740605645733241,0.570841312357748,0.205379935073153,0.223778752569099,0.208953450520833,0.210944484469473,0.0289174146406713,0.1947021484375,0.618935229454277,3.35606389399852,4.26730051043263,49.5565115790535,54.19921875,0.769068592333131,0.266235603341216,0.307394498012385,0.426369898646399,0.267786729600694,0.270455552066902,0.0379050442655473,0.3302001953125,0.902061660090377,4.93134091015598,6.1468439282103,50.4515873926729,54.443359375,0.777129474040056,0.274632008247036,0.270660940058198,0.454707051694766
91,11,20,0.57,0.75,0.25,1,-0.165570203993056,1.77894597758173,1.77142107277272,6.60888671875,-0.00407874358898699,1.58123121822891,1.86953023216356,13.1848563710613,12.451171875,0.264460344179757,0.988071529440118,0.00346864602944639,0.0084598245304361,7.02306640625,7.02963725114439,0.303905676528577,1.513671875,-0.478884816607612,3.03885154981482,3.32437696756781,3.55718484949832,0.48828125,0.391031131951557,0.893748659880517,0.106153103170767,9.82369487167175e-05,0.576110026041667,0.582843159041623,0.0883465925041307,0.46142578125,-0.584832887245788,2.73753154594604,2.80026575276355,39.7583951521408,27.34375,0.545624989285693,0.241678249730401,0.548889800292514,0.209431949977085,0.265727267795139,0.265925738932137,0.010273326157594,0.089111328125,0.819363592645014,4.32518454451233,5.44275190304276,31.424429991102,12.939453125,0.753805532219839,0.621874274956427,0.167003205527585,0.211122519515988,0.255600450303819,0.257929415314559,0.0345869762238873,0.2130126953125,0.494207068799656,3.11999564452224,3.87746102645468,41.8211000988454,32.470703125,0.836789310722911,0.390406798852671,0.279181065210838,0.330412135936491,0.296610378689236,0.303544153454442,0.0645155895668384,0.465087890625,0.887285604734998,4.3956128455065,5.45604227619973,26.7991711113424,6.34765625,0.767927464186211,0.648887040972593,0.117153325736759,0.233959633290648
92,11,21,0.65,0.75,0.25,1,-0.154719509548611,1.91588233538573,1.90983704723049,7.32177734375,-0.00749099802849471,1.59109053617629,1.98526351652696,13.3286988840638,12.451171875,0.268373325416315,0.987426897848647,0.00457773588904507,0.00799536626230737,7.55289822048611,7.56457796824146,0.420247016295301,2.1435546875,-0.364487171360723,3.01825311440487,3.39633548801965,2.2188029859524,0.48828125,0.359729116896189,0.953395329963054,0.0465521074318668,5.25626050789296e-05,0.614231228298611,0.621235672512414,0.0930359203196477,0.60546875,-0.454821718244677,3.11970399462617,3.49061368046092,52.9962210017762,54.19921875,0.577407002717559,0.0854035005207859,0.544028764033768,0.370567735445446,0.259527180989583,0.25979596680236,0.0118159942676502,0.108642578125,1.0068782712282,4.73042182548236,6.48112880064652,28.8917662428068,6.591796875,0.691276377038091,0.637058818445737,0.177818886896472,0.185122294657791,0.233542073567708,0.235900330405114,0.0332762952900724,0.26611328125,0.722778897821717,3.69196898317844,5.20177696634225,46.9808706234395,46.38671875,0.779128207950561,0.275208566157089,0.356883941534227,0.367907492308684,0.279503580729167,0.28285631129668,0.043426492835603,0.360107421875,0.908930554586507,4.60111375348867,5.64198690417387,51.5877078741257,54.19921875,0.770661139916557,0.232973481223548,0.33802940605254,0.428997112723911
93,11,22,0.68,0.75,0.25,1,-0.151421440972222,1.991756309104,1.9862128329915,7.5048828125,-0.00969396416475861,1.574751752323,1.90718449213127,13.333356773362,12.6953125,0.26943667084097,0.989501481111272,0.00288505656995839,0.00761346231877027,7.85965169270833,7.87169449845649,0.435306392778612,2.158203125,-0.446661224079022,3.17475367588262,3.60384919310112,2.89018832961209,0.244140625,0.358862256656256,0.91304145062567,0.0868798842622937,7.86651120366332e-05,0.326490342881944,0.328423534805793,0.0355858909053103,0.2294921875,0.396681869992785,3.12930968052048,3.57829321950454,55.5114848261995,54.443359375,0.625978595412612,0.10426349321028,0.510164718167251,0.385571788622469,0.269311252170139,0.269594274821611,0.0123513712825147,0.111083984375,1.19699249927163,5.26550521561888,6.2400768030688,26.374469985139,6.34765625,0.674588569254546,0.673719706711784,0.164877835810969,0.161402457477246,0.262931450737847,0.265648428656616,0.0379006474053936,0.3021240234375,0.730180786439973,3.73836661676981,5.41630327893298,42.3172613482859,28.80859375,0.825818068950384,0.364034379148033,0.302595388332461,0.333370232519506,0.304414876302083,0.311417153941631,0.0656748455706129,0.5419921875,1.07134441791864,5.28310856961603,6.52450904335893,29.8635770836308,11.962890625,0.789973007890715,0.549635613225125,0.208170856343156,0.242193530431719
94,11,23,0.76,0.75,0.25,1,-0.1599609375,1.7766602036655,1.76964117705185,7.0068359375,-0.00850848476872394,1.59884834130803,2.00394599763699,13.1713162907647,12.451171875,0.26847661688702,0.987015162205353,0.00503045080979938,0.00795438698484712,7.02067708333333,7.03466925325459,0.443518327970015,2.001953125,-0.878515307958273,3.42553794417669,3.53051386153027,2.98551519571899,0.244140625,0.333101875843887,0.912762145870817,0.0871516992730472,8.61548561359018e-05,0.319085828993056,0.322024203206975,0.0434078323218393,0.29541015625,0.277811996096988,2.8296864204616,4.54165057171316,41.8759376182587,27.83203125,0.618099226726735,0.178385445134964,0.631904996098168,0.189709558766868,0.27033935546875,0.270579613537562,0.0114012733205266,0.11474609375,0.990449479675218,4.85080518460352,7.01859821407725,29.3649178761188,6.591796875,0.715728262986579,0.631469395134794,0.172063705414035,0.196466899451172,0.257944471571181,0.260499492666278,0.0363995837074187,0.2972412109375,0.609446101434858,3.78523814860797,5.79617566528578,36.336921041654,26.3671875,0.814647056698898,0.469147054918525,0.262998415322261,0.267854529759214,0.421096598307292,0.469266479876326,0.207118847444287,1.0467529296875,2.01199440408092,7.74886626559931,3.72900888515647,9.98811331220895,0.244140625,0.451823399081267,0.829690304912183,0.109066381262115,0.0612433138257029
96,12,2,0.05,0.75,0.5,1,-0.168028971354167,1.01962031157731,1.00579155308955,4.25048828125,-0.0166244735040209,1.6693125949353,2.12117930151586,12.9231541714244,12.20703125,0.286062868183837,0.977118983757371,0.0148007105799274,0.00808030566270114,3.99742730034722,3.99930144872799,0.122435237712474,0.6787109375,0.139849087937033,2.2500822735464,2.84555515984543,5.63354253194458,3.173828125,0.41135191739083,0.928504781745876,0.0713222403203274,0.000172977933796198,1.12707248263889,1.19433493383252,0.395193951536204,1.5380859375,-0.272957623349977,1.6930287707317,1.98034175273191,31.2273476787395,27.34375,0.484525129004955,0.26140003521528,0.674928424492916,0.063671540291803,0.32281982421875,0.323296502484219,0.0175515830411971,0.238037109375,1.26085431535443,8.56425937418836,10.6919475194505,42.0178422870657,27.587890625,0.894473485929938,0.372686284735903,0.366185067678236,0.26112864758586,0.168420138888889,0.170639940251288,0.027437443712177,0.19287109375,0.617256299423566,3.25633178036586,4.65604300227728,33.091586969328,27.34375,0.688883975185101,0.284758812790283,0.609917114850345,0.105324072359372,0.196819118923611,0.199273470508695,0.031182792629431,0.2459716796875,0.840967051477896,4.13675744206028,5.84595664839413,32.977128092584,27.34375,0.689834851906228,0.32249117506084,0.569929503724118,0.107579321215042
97,12,3,0.08,0.75,0.5,1,-0.168338216145833,1.17569026771029,1.16370562699672,5.0439453125,-0.00933371491247857,1.68313687052496,2.18820578294571,13.0074850221131,12.20703125,0.287002335423784,0.976146788592132,0.0164950227283581,0.00735818867951001,4.62606662326389,4.62861751237102,0.153664961091201,0.7421875,0.104259122712837,1.99407238571389,2.48811744682044,4.98362252794488,2.9296875,0.359187918267432,0.94545645589066,0.0544308167149719,0.000112727394368008,1.37440700954861,1.44346515575893,0.441180554183494,1.95556640625,-0.25950066969773,1.79249215886954,2.35399861190012,33.1643265061679,27.34375,0.488364401522024,0.177522684708024,0.742129868772653,0.0803474465193227,0.309709201388889,0.310142069849296,0.0163821153720507,0.32470703125,1.96057152404599,23.9240343653821,16.5072828412781,37.1675512036912,27.099609375,0.860432143416166,0.4441574313864,0.330336525882724,0.225506042730876,0.184945475260417,0.187364177606497,0.0300117708213413,0.2203369140625,0.661584829901054,3.52880169696149,5.16407545051046,31.4112674717454,27.34375,0.70319383471654,0.362828845181361,0.530582147527698,0.106589007290941,0.239714084201389,0.243216235356883,0.0411299271034077,0.26611328125,0.512432727048022,2.98029096107064,4.31153446177021,30.8835977706632,27.34375,0.655720707577991,0.306457952398088,0.605306027124298,0.0882360204776132
99,12,5,0.12,0.75,0.5,1,-0.166302083333333,1.47527178417382,1.4660313997113,6.1083984375,-0.00376892726202831,1.71883596338951,2.0842254817266,13.1689033689914,12.451171875,0.289630721627027,0.972184274434625,0.0207536864258582,0.00706203913951631,5.80657443576389,5.81015022253241,0.203833665648719,1.0693359375,0.0706471926823726,2.10004825428268,2.6528840018057,4.69386673919645,2.685546875,0.371093517396028,0.951812743932927,0.04807111618777,0.000116139879302509,0.987412109375,1.00277191872498,0.174858919789825,1.21337890625,-0.694943009259103,3.34561795751076,3.64242392059914,42.3829761264468,27.587890625,0.589685730217889,0.203742649804129,0.553996081118077,0.242261269077794,0.310084635416667,0.310342809352163,0.0126575589341673,0.13671875,0.173859720584894,4.40339713536244,5.86661192310159,35.1831302047054,24.4140625,0.822889775912096,0.473752817328988,0.302674709321566,0.223572473349446,0.203976915147569,0.206425885983006,0.0317062752157787,0.23193359375,0.58982288787475,3.3211940203279,5.00466485503923,30.1192713974904,25.390625,0.7207773047267,0.47785499955777,0.387211864313254,0.134933136128976,0.259371744791667,0.26304653029606,0.0438201074398201,0.274658203125,0.564397286879375,2.99890053328966,3.85358334598265,29.3762374416249,27.099609375,0.639639036057942,0.388311019404081,0.506795974996789,0.10489300559913
100,12,6,0.17,0.75,0.5,1,-0.165569661458333,1.60109329256221,1.59268644708199,6.64794921875,-0.00729890520581088,1.70300485894591,2.08949284965365,13.159662344071,12.451171875,0.284806394935937,0.975041992334398,0.0182616189511483,0.00669638871445322,6.30360677083333,6.30720990540368,0.213186700355696,1.0986328125,0.0266727088737931,2.09654721795881,2.59923666994684,4.70740096185852,2.44140625,0.367657053347713,0.947779277605362,0.0521622534757995,5.8468918837973e-05,0.54125,0.548966328455921,0.0917296960153601,0.51513671875,-0.441840890381636,3.43657540450014,3.38859895748374,35.3892953938935,40.52734375,0.546551993986517,0.445299686393255,0.371442863762424,0.183257449844321,0.290363498263889,0.290582923167575,0.0112916981205901,0.10009765625,0.575250517847662,3.91702908850029,5.36628653097379,34.4114932901018,14.16015625,0.783240842478057,0.548157498826555,0.214418937597686,0.23742356357576,0.212166205512153,0.214458281032928,0.031274156930361,0.225830078125,0.813849742890564,3.76230353965154,4.89097214390105,30.6772496114755,17.08984375,0.741360742798129,0.514669930992565,0.328777124307933,0.156552944699502,0.250904812282986,0.254246588782705,0.0410910975550769,0.328369140625,1.0796103802962,4.56412858980733,5.79947347087276,29.4776535288178,27.099609375,0.694055986527842,0.415300384095091,0.462268858962372,0.122430756942537
101,12,7,0.2,0.75,0.5,1,-0.161207139756944,1.70290458761719,1.69544539227661,6.7578125,-0.0094046107847296,1.63073840669666,2.04243427387813,13.3165031794233,12.451171875,0.273444446244721,0.9815145419263,0.0114249991658265,0.00706045890787309,6.71150173611111,6.71794718674967,0.294241549939541,1.2109375,-0.0335253947609655,1.69680414178076,2.05030824975996,3.08244451329335,2.44140625,0.289004112172133,0.968224099111789,0.0317405697590955,3.53311291156952e-05,0.659170464409722,0.675816316864679,0.149086995773281,0.7373046875,0.31792216331293,2.17000183750558,2.75522862008691,27.0834775730309,26.85546875,0.490924703964226,0.468297709459625,0.475680322940963,0.0560219675994114,0.275962185329861,0.276121689935242,0.00938506760136047,0.0830078125,0.278008269254642,3.54149555913272,4.91310838169904,38.7795438284391,27.34375,0.859566994759266,0.38124504478076,0.389025148441137,0.229729806778103,0.241439615885417,0.244192027127338,0.0365643965462745,0.2392578125,0.467028844928937,3.01353090540668,4.12598732157895,35.5327083403596,27.34375,0.72777561160507,0.20637435899696,0.647562046060192,0.146063594942848,0.3135546875,0.318598191568802,0.0564710038749029,0.37353515625,0.434254175831733,3.05812509447703,4.06716077731891,31.9142206620866,27.34375,0.621986885975615,0.205197737006804,0.693955133282227,0.100847129710969
102,12,8,0.24,0.75,0.5,1,-0.162311197916667,1.81559018634067,1.80852139412814,6.98974609375,-0.00570367154370075,1.62019158057271,1.95882704362032,13.3842460297246,12.451171875,0.271411630729102,0.9823740133337,0.0102273303151357,0.0073986563511644,7.176162109375,7.18246352313095,0.300831767161122,1.3232421875,0.00595761395481358,1.7644840154143,2.1343549170818,2.93962654534641,2.197265625,0.302070447661956,0.96673536244857,0.0332304920646331,3.41454867971795e-05,0.585700954861111,0.597949308685114,0.120420055115159,0.6005859375,0.0933032072606845,2.02121600431878,2.65711220761303,22.0440008892376,13.671875,0.438052697215946,0.770819368210291,0.164654260469939,0.0645263713197696,0.270643717447917,0.270859147944546,0.0108019517026755,0.11962890625,0.603812484483373,4.18869636401315,7.21564026882548,30.5643163091645,12.20703125,0.724627510820273,0.580317629676772,0.23001411093517,0.189668259388059,0.262617730034722,0.265423188493709,0.0384931959448806,0.267333984375,0.464065244156626,3.05773402650847,4.40824363232771,38.4937001248615,27.34375,0.740690978075216,0.191676656596791,0.596460190344297,0.211863153058912,0.309292941623264,0.312314822512493,0.0433456127366385,0.328369140625,0.535932582664229,3.64632440589595,4.90732061828872,37.1284141738898,27.34375,0.766369602262205,0.227601604974001,0.577241110806579,0.19515728421942
103,12,9,0.32,0.75,0.5,1,-0.1555615234375,2.09544758751185,2.08989755685965,8.0517578125,-0.00883631666774689,1.59602467674924,1.93870635460487,13.3858901946257,12.6953125,0.267555698916768,0.987376433174607,0.00607981774990028,0.00654374907549217,8.26780381944444,8.27374030721684,0.313401501627791,1.5283203125,0.0774509616976457,2.23326149148261,2.54580369434293,3.18352647152368,1.46484375,0.390178607320682,0.934885340764981,0.0650651699320017,4.94893030176247e-05,0.711184895833333,0.727038697090434,0.151017810505015,0.75439453125,0.664146407503701,2.89969197384283,3.15587102867208,24.1789052168745,17.333984375,0.458920407016999,0.501595713364549,0.429161593965703,0.0692426926697473,0.270015733506944,0.270263315330943,0.0115668925886927,0.1123046875,0.747356289585249,4.24406357421387,5.45493795408873,31.4332606727447,13.427734375,0.759951516515704,0.577814505262822,0.221515318326443,0.200670176410735,0.25409912109375,0.25676846054972,0.0369321282840577,0.272216796875,0.569011511919865,3.60342019611525,4.85649000867541,39.0425221428711,27.099609375,0.816869768495535,0.395747622322056,0.317178110341709,0.287074267336235,0.31364013671875,0.317582660583748,0.0498915232286184,0.37353515625,0.817591939996545,3.99643872275695,4.8228351870122,33.7124291680501,27.099609375,0.81312935066173,0.408540872160657,0.408497024887101,0.182962102952242
105,12,11,0.4,0.75,0.5,1,-0.150340169270833,2.17165869162435,2.1666893035427,8.00048828125,-0.00706092367527106,1.58234129999716,1.8681938815125,13.4694537341779,12.939453125,0.263608632250666,0.9873891489193,0.00565735868301129,0.0069534923976893,8.59921657986111,8.60192381881151,0.215819248292742,1.162109375,0.0398242412374195,2.37915828591605,2.85485550872744,4.96645801899347,1.46484375,0.410993444827886,0.877160018603702,0.122741933009625,9.80483866727645e-05,0.850893012152778,0.873870627875396,0.199097375596898,1.220703125,0.38079913644744,2.87504288847787,3.69088392162855,36.5660769398549,27.099609375,0.497795152642633,0.253131671219228,0.512286524348515,0.234581804432257,0.270174696180556,0.270425071869776,0.0116354254179479,0.087890625,0.625532390034097,3.5823646835321,4.53467987910547,30.4135407608378,18.5546875,0.732780554978857,0.504298491013233,0.325240407046267,0.170461101940501,0.242666422526042,0.245463057432505,0.0369516355516446,0.2362060546875,0.509434168342744,2.9816383243316,3.68150322870933,42.4129980033706,27.587890625,0.747999119133251,0.255425208733645,0.477266137400369,0.267308653865985,0.299003092447917,0.30463791658425,0.0583280975557954,0.3680419921875,0.577422139814317,3.05845508851473,4.07466935734041,40.6949684471575,27.34375,0.68244591467037,0.201252562677903,0.548610161553812,0.250137275768285
106,12,12,0.45,0.75,0.5,1,-0.147914496527778,2.07863871089614,2.0735996978092,8.24951171875,-0.00595916481942274,1.76221754872705,2.00864896772981,13.4986730386776,12.939453125,0.338003094821284,0.986225267648254,0.00656424096684722,0.00721049138489872,8.00101453993056,8.22514494762096,1.90724515813128,8.1982421875,-1.9143190755697,6.08321881899937,3.50582882139749,0.701586642198138,0.244140625,0.282743530668935,0.995291406160064,0.00366323840469194,0.00104535543524437,0.638482530381944,0.664747458852676,0.185032025977099,1.3427734375,-0.208729355114616,4.59299073702321,4.04411303305593,21.2138222788937,13.916015625,0.567413492944223,0.518563070527059,0.399443891719612,0.0819930377533296,0.279384494357639,0.293533648071616,0.090045036868686,1.953125,13.7060866637666,216.377577622326,21.2337875803489,35.9594909982984,27.099609375,0.860609308839985,0.400623706728556,0.394583130663127,0.204793162608318,0.23796875,0.242753022845246,0.047962645124598,0.3204345703125,-0.299127891947907,3.90349058183257,3.51447571117797,23.8142218620811,12.451171875,0.656270886735516,0.592859617388592,0.243154392822196,0.163985989789212,0.297884250217014,0.306936195155641,0.0740001233932492,0.5517578125,0.515205419581407,4.31285852580081,4.43703371884881,26.4170986006291,13.671875,0.691491550317263,0.573017371679244,0.26961847326903,0.157364155051726
107,12,13,0.49,0.75,0.5,1,-0.156639539930556,2.26223619420626,2.25705753615452,8.2666015625,-0.00759079233857179,1.58291764351095,1.84703398703635,13.5285360286593,12.939453125,0.262258046513964,0.987442150985868,0.00595881680666329,0.0065990322074688,8.94611870659722,8.94792386588716,0.17974642392135,0.9375,-0.0719055996915754,2.24948585410927,2.54036272513247,5.9343545407193,1.220703125,0.407316475804685,0.851452995555169,0.14842420798128,0.000122796463551249,0.4782568359375,0.488498943713827,0.0995179267115332,0.5419921875,-0.16560800229225,2.1477952089041,3.07325272749109,30.0833896992291,27.099609375,0.439731519152608,0.116606194550485,0.81257181081269,0.0708219946368251,0.269476996527778,0.269664448921521,0.0100541443211669,0.078125,0.439909468179017,3.49358714321078,4.92488691180317,33.8832512704813,26.611328125,0.759912792460774,0.460029056167389,0.331307474695843,0.208663469136769,0.246341417100694,0.249021448198073,0.0364401285479524,0.2252197265625,0.480370984976708,3.02864844568686,3.85060143469535,40.2078268732396,27.34375,0.763863516100242,0.208160686497374,0.560341773331083,0.231497540171543,0.300541585286458,0.304467837034474,0.0487436897479079,0.3375244140625,0.628094230170202,3.44877859370849,4.72965302732701,33.9298635215444,26.85546875,0.793203463067202,0.427158647017818,0.347796248867218,0.225045104114964
108,12,14,0.58,0.75,0.5,1,-0.1526416015625,2.48143701833445,2.47701305662603,8.99169921875,-0.0148667316409541,1.57464094747617,1.83582254649774,13.7488291430923,13.18359375,0.260253367818732,0.988590894751741,0.00476128547080145,0.00664781977745763,9.79898980034722,9.80058964920056,0.177096963096591,0.78125,-0.601017066421391,2.52463926962331,3.29573445400807,4.99674881495594,0.732421875,0.406356066955432,0.870095589116575,0.129516564078634,0.000387846804791543,0.403239474826389,0.407644832891957,0.0597748252348499,0.4345703125,-0.0905187267772408,2.66039598860007,4.77629478045752,33.2575472184232,27.099609375,0.504611735450782,0.156846303934081,0.710604027755246,0.132549668310673,0.265633951822917,0.265807979489791,0.00961801207677511,0.0830078125,0.439639096642735,3.41118362543471,5.40986427977042,32.3328546176448,24.169921875,0.75113475484553,0.479703333156992,0.327590947343606,0.192705719499401,0.245485568576389,0.248258676822492,0.037006899006331,0.2630615234375,0.651561401022963,3.53853639111217,4.84357661106428,40.3226989819109,27.099609375,0.722802764571871,0.225976304766945,0.505615245087788,0.268408450145267,0.293006727430556,0.297166806412103,0.0495551634835061,0.3704833984375,0.826766711367756,4.16913267110148,5.32400098516785,36.2114212500825,26.85546875,0.801948758211608,0.423364400236579,0.311196349758037,0.265439250005384
109,12,15,0.65,0.75,0.5,1,-0.148860134548611,2.63786435028733,2.63395343625297,9.55078125,-0.0124225024877234,1.56289434061503,1.83741456886626,13.9267678886839,13.427734375,0.256763563929701,0.990073106985297,0.00284852522916316,0.00707836778553974,9.99389973958333,9.99390615861198,0.0113283192315124,0.1806640625,-11.0994711545323,141.133238099846,15.8100601035219,16.1766390930639,13.427734375,0.59436885724106,0.595656144555,0.398416078185811,0.00592777725918883,0.364500868055556,0.36792020448256,0.0500494826042045,0.3125,0.0290408562410228,2.50821493024221,3.83185215663055,37.5097089409281,27.099609375,0.537873332128269,0.0953478606139177,0.715331445393603,0.189320693992479,0.261901312934028,0.262091343918498,0.00997982831001793,0.084228515625,0.793079238363054,4.18647188604799,5.70608375217917,30.1905375817649,11.962890625,0.733820414731467,0.575385410673815,0.231382932683671,0.193231656642513,0.282715386284722,0.285868633062772,0.0423471868565779,0.3466796875,0.660124477384491,3.68574334323707,5.2093324151829,38.2812165886052,27.099609375,0.784387708593864,0.332076523916797,0.406418043827472,0.26150543225573,0.339981282552083,0.346353951313076,0.0661419630276314,0.52490234375,0.970659196245178,4.69388779904537,5.87632532896287,41.6364923736601,27.099609375,0.784640547208069,0.407368378470491,0.220019163346785,0.372612458182724
110,5,1,0,1.5,0.5,2,-0.153438042534722,2.16449799239393,2.15929258026066,8.69140625,-0.0117971346105982,1.67633490828878,2.01525672195534,13.5783262972033,12.939453125,0.292494212583072,0.980307354275568,0.012093802143481,0.00759884358095066,8.52469075520833,8.55079909953483,0.667766321549492,3.125,-0.107263268480538,2.206222526491,2.72200711960397,2.92976407730037,1.46484375,0.403605326480018,0.958082300317209,0.0418641760369437,5.3523645846971e-05,1.43873209635417,1.48500088039491,0.367841865559104,2.08251953125,0.536285012174891,2.75342976327811,3.82139491256493,67.177073272804,81.298828125,0.564358747858077,0.155798686766252,0.0778391288777528,0.766362184355995,0.314298773871528,0.314707188613818,0.0160297351382677,0.125732421875,0.206126777537974,3.53670569875891,4.65479890521132,34.1227247773485,14.16015625,0.80569475102462,0.552323925380162,0.193652363692197,0.254023710927641,0.197045355902778,0.200921020148425,0.0392775620784634,0.2337646484375,1.29529846501539,4.90502156628227,4.09464119110866,51.8902845345623,54.19921875,0.619088708861584,0.256218259228567,0.269724136519169,0.474057604252264,0.192998996310764,0.194854741373231,0.0268312810049047,0.1837158203125,0.826309310469,4.23122341811645,4.53011589604455,56.8617265217352,77.1484375,0.723110274620739,0.212119248913203,0.236729492351893,0.551151258734903
111,5,2,0.16,1.5,0.5,2,-0.176793077256944,2.54811010621937,2.54225206334789,9.99755859375,0.00479414104087292,1.636961862402,2.04303352587414,13.9322750297498,13.18359375,0.290989213721407,0.984732919217263,0.00683479859102918,0.00843228219170807,9.66123697916667,9.67018637541445,0.415984400715389,1.5185546875,-0.114309736914739,2.46250779796042,2.86671602146243,2.48741578612653,0.732421875,0.37284869017271,0.948610352252466,0.0512466518772616,0.000142995870273331,0.820680881076389,0.827098929724989,0.102848829007754,0.78857421875,-0.0201156454684868,3.42870147416017,6.54699403768015,48.3788171684471,40.52734375,0.728163896824144,0.239229023484778,0.345664741862039,0.415106234653183,0.282364366319444,0.282557569178051,0.0104483870793229,0.07568359375,0.635274085679587,3.7300251853274,4.31343240584738,35.8303685178839,18.5546875,0.860588329012718,0.516094079434275,0.240262548629314,0.243643371936411,0.181689724392361,0.183054476497061,0.0223135846382757,0.15380859375,0.568954763356076,3.29037823521986,4.09568353037164,57.0452322552831,67.138671875,0.734130027868378,0.193229572547631,0.287304109105613,0.519466318346756,0.173651529947917,0.174256179905677,0.0145054865362787,0.106201171875,0.200730886328201,3.13942941850919,4.17043464066141,50.3335802832197,33.69140625,0.837955725317005,0.243988636304503,0.428661721560272,0.327349642135225
112,5,3,0.29,1.5,0.5,2,-0.196374782986111,2.47978457596233,2.47227157451889,9.9169921875,-0.0102438607897993,1.65778966958367,2.02705673469802,13.8081830218646,13.18359375,0.298483039767295,0.983033780559945,0.00919907530665772,0.00776714413339721,9.48469184027778,9.49980568770736,0.535716879791157,1.8017578125,-0.0367283002943341,2.24543656080456,2.52650599636461,3.87825239170079,0.48828125,0.389173555461534,0.919085983113674,0.0807674690257052,0.000146547860620456,0.844188910590278,0.850649320915113,0.104650772283591,0.86669921875,-0.231332776224075,3.2763053844258,5.6714177388368,52.4705659029492,49.31640625,0.656726503735352,0.206024853347797,0.33855864621776,0.455416500434443,0.285833875868056,0.286071687490402,0.011663448035536,0.205078125,1.2631139299086,13.3246497644755,14.5418574469821,37.3666929207462,18.5546875,0.853765711962904,0.51507400663221,0.226529518197548,0.258396475170243,0.190556640625,0.192357163889891,0.0262602067314502,0.186767578125,0.593929366591885,3.49081230591499,4.41157185046432,58.517102564609,79.58984375,0.713462824010068,0.206763148865556,0.227890144425272,0.565346706709172,0.180294731987847,0.181209885014741,0.0181908102914366,0.137939453125,0.438607018255475,3.24823982418604,4.29701795838657,57.2001045504076,60.791015625,0.785834522378547,0.227978265358987,0.270350411756381,0.501671322884632
113,5,4,0.44,1.5,0.5,2,-0.143715277777778,3.27483625123951,3.27204485974104,11.5869140625,-0.00658333040616232,1.56238467689145,1.80256985565479,14.3362018347062,13.916015625,0.254515956900279,0.990843527167317,0.00452215251167185,0.00463432032101052,9.9951171875,9.9951171875,0,0,0.07255227383315,1.84118652634409,1.04312758084087,62.5,62.5,0.999999999999982,0.159844054580897,0.319688109161793,0.52046783625731,1.09760687934028,1.1050490116788,0.128047257741116,0.70556640625,0.118359789371819,2.6276417221198,3.32751832066756,55.1712339522948,68.359375,0.593446524114983,0.130399352524329,0.338970789936651,0.530629857539019,0.265434027777778,0.265615652580597,0.00982207880126551,0.0927734375,1.04023714024948,5.00404806549917,6.37246781086065,32.2562516547187,12.20703125,0.753888364058822,0.564380669095689,0.227075817922905,0.208543512981407,0.242827962239583,0.24601113212561,0.0394512832718555,0.240478515625,0.704719734430341,3.3784958744889,3.89843872621371,64.2519165009338,79.345703125,0.604094654960772,0.145006909382567,0.184499530944396,0.670493559673038,0.225600043402778,0.227671573093851,0.0306459510718316,0.1947021484375,0.364813328790871,2.78362120596767,3.82906764466816,61.6756218805197,79.345703125,0.672602583637969,0.137033068767847,0.264209942534094,0.598756988698059
114,5,5,0.53,1.5,0.5,2,-0.135388454861111,3.56485693673207,3.56268094904202,12.0068359375,-0.00744895159798014,1.54255173608643,1.68755539991273,14.533631315213,14.16015625,0.249110002184721,0.993727810025403,0.00251170426070465,0.00376048571389328,9.9951171875,9.9951171875,0,0,0.07255227383315,1.84118652634409,1.04312758084087,62.5,62.5,0.999999999999982,0.159844054580897,0.319688109161793,0.52046783625731,1.027626953125,1.03450403167421,0.119099071751568,0.75927734375,0.227903085072976,2.54387288083717,3.79714879204414,45.365543509599,26.611328125,0.576755938089511,0.0885649931117799,0.564025413211842,0.347409593676378,0.26260986328125,0.262849048502893,0.0112120444978717,0.089111328125,0.906389525152662,4.19297454789356,5.58778644989847,30.1529822915068,9.27734375,0.749307876201534,0.604335296967201,0.195037939002524,0.200626764030275,0.248972710503472,0.252590503192006,0.0426022892658312,0.235595703125,0.484429302567421,2.68168402434678,3.35905229441323,65.9630350127273,78.61328125,0.572482568062987,0.121883319704054,0.17209083139447,0.706025848901476,0.232119140625,0.233999821643589,0.0296110778717717,0.1812744140625,0.39963976253911,2.72611257025367,3.43527560279351,62.6831096690339,78.61328125,0.649052725783684,0.139503823727691,0.208504827699019,0.65199134857329
115,5,6,0.74,1.5,0.5,2,-0.137868923611111,4.19008281126205,4.18827939340221,13.7451171875,-0.00164820590933629,1.52209870309526,1.65162676654752,15.0252046725132,14.6484375,0.245515730492021,0.995673224319734,0.0013256432936719,0.00300113238659443,9.9951171875,9.9951171875,0,0,0.07255227383315,1.84118652634409,1.04312758084087,62.5,62.5,0.999999999999982,0.159844054580897,0.319688109161793,0.52046783625731,1.20104383680556,1.20755166607761,0.125212668549931,0.74462890625,-0.150640658432676,2.50333811411502,3.03955850591125,51.0760888101305,65.673828125,0.625530564401333,0.155772824507902,0.32525492544134,0.518972250050757,0.263539225260417,0.263777899755511,0.0112198539669473,0.103759765625,1.22885172346504,5.7666490892298,7.09558480896682,32.9655058991407,11.962890625,0.768948052694542,0.580918478931426,0.192660544042306,0.226420977026268,0.279621446397569,0.285097928085198,0.055618007218376,0.3131103515625,0.847174354975475,3.44953516713018,3.71981823116748,60.4573358202425,73.974609375,0.65886680566961,0.149359052497876,0.235909493899991,0.614731453602134,0.293518744574653,0.300163385953004,0.0628146612522937,0.396728515625,0.943193162713765,3.72937622624865,3.90826933505023,60.3575880157926,73.974609375,0.646440598624643,0.194156914161627,0.168973104752165,0.636869981086208
116,6,1,0,1.5,0.25,2,-0.162361111111111,1.50232872865348,1.49369551260534,6.0302734375,-0.00979319871148858,1.65701813933528,2.07877669500835,13.2778323441829,12.451171875,0.275081695557623,0.981787513377097,0.00990429122049559,0.00830819540240746,5.88484592013889,5.89021117052223,0.251376553858833,1.279296875,-0.153961926167958,2.23969112596094,2.89396993002444,3.36592635827895,2.685546875,0.339989049913663,0.957739855809538,0.0419286104230275,0.000331533767434374,0.847392578125,0.857420271493257,0.130763681177897,1.11572265625,1.23856335702937,6.8306080238236,6.57255315981789,40.7909150548452,27.587890625,0.619938761108007,0.317551142071328,0.473600004932993,0.208848852995679,0.276043836805556,0.276255896348584,0.0108234218976368,0.09765625,1.05593580383751,5.18461916319625,6.63734715193283,30.3871697880964,11.962890625,0.721466985522585,0.6029456970228,0.197602139794342,0.199452163182858,0.0207435438368056,0.0207491086119826,0.000480571123028388,0.00732421875,-0.883266780074121,8.35461244022721,7.62483833975584,44.8306131052623,34.912109375,0.88696224494957,0.375634218153231,0.291573752761698,0.332792029085071,0.142141520182292,0.142679439471379,0.0123792060537525,0.091552734375,0.252168214350941,3.13243878692011,4.33328911582943,50.0523992371207,30.76171875,0.782199420619779,0.190228081405742,0.51060914761439,0.299162770979869
117,7,1,0,0.75,0.25,2,-0.175154622395833,0.936831178511909,0.92041391420234,3.64990234375,-0.0168780840609334,1.62199210897469,1.99631314761823,12.918046813373,12.20703125,0.277373341766941,0.981861155748079,0.0095076080412524,0.00863123621066808,3.65802734375,3.66021605137107,0.126574307528318,0.7275390625,-0.0981066185601083,2.40200822983475,3.18116749616956,4.80001896691242,3.173828125,0.405552360279939,0.924249202003257,0.075530739363657,0.000220058633085697,0.551090494791667,0.571039295861956,0.149633283566581,1.23291015625,1.23781408222283,5.03008186941579,6.05593891754381,33.742663093067,27.34375,0.568957388312306,0.406896471112083,0.436593899509892,0.156509629378025,0.307211371527778,0.307588218657058,0.0152229089777784,0.120849609375,1.07435077330189,4.51740811729309,4.93483993727177,45.6806391628979,29.296875,0.871072580684001,0.361734412962135,0.323052639712996,0.315212947324869,0.118673638237847,0.119236340664489,0.0115716152075851,0.10009765625,0.458929995776143,3.67412428702154,5.91331036606069,48.3157622853227,31.73828125,0.785565911304316,0.22305242418331,0.494910394353107,0.282037181463584,0.127267795138889,0.127822272427927,0.0118942459865624,0.087890625,0.252905349133106,2.87952995309477,4.28347854960824,56.6981713265004,32.470703125,0.740665142070332,0.131000768361314,0.525676223863802,0.343323007774885
118,7,2,0.09,0.75,0.25,2,-0.172013888888889,1.05017966721372,1.03611153696888,4.04296875,-0.0200115185090629,1.62167043234134,1.9883696571093,12.923420114756,12.20703125,0.27636673934652,0.98227942104431,0.00949637953835088,0.00822419941733841,4.11770833333333,4.11927391557284,0.113571737057025,0.654296875,-0.0583990729752853,2.34001846114507,3.06201896030914,5.95027797198901,3.173828125,0.426860992654025,0.891092601832519,0.108519126574179,0.000388271593301347,0.640802951388889,0.661139309661961,0.162734904998165,1.13525390625,0.878698209607731,3.62738708391345,5.3470868892598,31.3273557964497,27.099609375,0.532613535420895,0.471192775777056,0.394789342250633,0.13401788197231,0.335052625868056,0.335305832978974,0.0130298602035305,0.155029296875,0.323308169378638,5.07720717710355,7.52353467538977,51.4046793373447,43.45703125,0.900607270076987,0.291423168032783,0.335095283756777,0.37348154821044,0.123549940321181,0.124298788272144,0.013625060234468,0.145263671875,1.17183985322223,7.6224789502053,8.22646942167474,44.5408897616331,31.25,0.769510563971522,0.304560071864244,0.420990442489058,0.274449485646698,0.134172092013889,0.135107751155137,0.0158748275288358,0.135498046875,0.953424139449769,5.42364681770298,6.09791506425792,46.1554773867347,31.25,0.744190366373713,0.263320786979425,0.459366152614047,0.277313060406528
119,7,3,0.13,0.75,0.25,2,-0.175400933159722,1.14679758651989,1.13343049991545,4.4287109375,-0.0136142429374375,1.62125015696786,1.99843394837347,12.9039047643052,12.20703125,0.276444699725739,0.982116264537125,0.0102796063085692,0.00760412915430568,4.50282552083333,4.50575721645859,0.162530898256143,0.9423828125,-0.397564306762299,3.14335569961461,3.64436900175347,4.83282600681215,2.685546875,0.433779312133675,0.908020118055773,0.0917232270484578,0.000256654895769258,0.7178125,0.742911673268931,0.191497045043478,1.09375,0.761963932401634,3.13406982254369,4.13094802525668,27.6195163859434,13.916015625,0.501342781279253,0.584075557297063,0.302141448796173,0.113782993906765,0.3021435546875,0.303039275825839,0.0232850926935878,0.1416015625,-0.30902308314347,3.08920471856477,4.37288649300813,22.4217714588062,0.48828125,0.63569451429672,0.701705317292715,0.135364648497263,0.162930034210022,0.104239908854167,0.104990069913829,0.0125296077149348,0.101318359375,1.13939471189986,5.89647197590197,5.47807548000806,44.8968035261716,31.25,0.765284167719681,0.336741657622691,0.336673569823296,0.326584772554013,0.144682752821181,0.146455704037781,0.0227219940185481,0.1953125,1.61999568004016,8.9981291674676,6.74778863613726,44.165447182526,30.517578125,0.738924501219875,0.353114209520444,0.325624700242584,0.321261090236972
120,7,4,0.22,0.75,0.25,2,-0.172090386284722,1.35899027060787,1.34820005017997,5.15869140625,-0.00924609247800174,1.59758127542657,1.93108509495676,12.9482053815927,12.20703125,0.26790100372237,0.986348987903857,0.00613081152599277,0.00752020057015031,5.34631618923611,5.34831475060582,0.146214318948814,0.8642578125,-0.417382490673039,2.99559492823215,3.71205672356786,5.62676796566689,2.685546875,0.426589418672803,0.867954783958602,0.131584715790116,0.000460500251281684,0.955132921006944,0.970847810383531,0.173992245619108,1.13037109375,0.483814993562471,2.77346991863492,4.31820401680025,35.9305745308419,27.34375,0.578388356344584,0.415484107347509,0.383595838153629,0.200920054498862,0.327489149305556,0.328222226063751,0.0219270064621852,1.065673828125,25.3056891899741,1061.04083651393,45.9358147753109,43.2016185231977,32.470703125,0.952828021904369,0.349194692263358,0.364173544860849,0.286631762875794,0.0216663953993056,0.0216734074230565,0.000551332272802236,0.00732421875,-2.00085700429931,14.3090373418695,7.65778772067975,51.7857584607792,47.607421875,0.9227248497583,0.304963689683645,0.271249608735245,0.42378670158111,0.165322672526042,0.166963789510066,0.0233547032903257,0.1800537109375,1.15532720113996,5.78727549420137,5.55660621238299,39.6810927765633,31.005859375,0.7336248908833,0.375459590202476,0.35208746662438,0.272452943173145
121,7,5,0.24,0.75,0.25,2,-0.162159830729167,1.41592840564795,1.40676835917567,5.36376953125,-0.0122605238680786,1.59844724778785,1.90761435090272,12.9839989062924,12.20703125,0.263413963666197,0.988112516535495,0.0039352177917522,0.0079522656727531,5.56489800347222,5.5773684204941,0.372799669031144,1.728515625,-0.687688345110958,3.15891896412459,3.5225724210924,1.5561885120516,0.244140625,0.253478885850756,0.954968040525457,0.0449270779911286,0.000104881483414428,1.04194661458333,1.05822453427702,0.184916240428907,1.162109375,0.529613738934833,3.09676255938296,4.23142230596973,35.6419670445846,27.34375,0.548607522989436,0.298669467335732,0.4985651255124,0.202765407151868,0.308475206163194,0.308954772409954,0.0172094274097196,0.125732421875,0.34389542423412,3.59080519290169,5.05540649696321,24.1561905737053,6.34765625,0.712504886889861,0.68755779648854,0.151360609566059,0.161081593945402,0.156509602864583,0.158343814306366,0.0240340613263302,0.1708984375,0.733407430954098,4.08387426982257,5.46241100813265,52.6124568958374,68.359375,0.704170476830279,0.311458495531176,0.178641972980212,0.509899531488612,0.191988525390625,0.196606797786274,0.0423678882106352,0.279541015625,1.039124882566,5.38235627733191,5.3785398208102,49.3716365214758,59.326171875,0.667807626257945,0.361040547278331,0.139756489230044,0.499202963491625
122,7,6,0.34,0.75,0.25,2,-0.158143446180556,1.50186325573819,1.49367991378748,5.595703125,-0.0103772079743191,1.57181545444007,1.87604624027559,12.9788761809448,12.20703125,0.262529191221644,0.988471283178005,0.00383314073365974,0.00769557608833493,5.93297634548611,5.9350606790826,0.15729731916396,0.869140625,-0.682658835518315,3.67415413353486,3.88957511240101,5.65273373261183,0.244140625,0.377528426568499,0.812535272969846,0.187133335654328,0.000331391375825924,1.07854166666667,1.09320904993574,0.178496443502793,1.15478515625,0.253592290572018,2.86385557866076,4.06248765069578,33.9160909286348,27.34375,0.529017212460108,0.291073273990389,0.527948382183635,0.180978343825976,0.322078179253472,0.322245588097147,0.0103869857168818,0.150146484375,-0.0974250256756888,5.22440882292892,8.03207079852032,37.9996815667781,18.798828125,0.824927567217752,0.507016227060465,0.214722421869352,0.278261351070183,0.1525390625,0.15373182476634,0.019115165583604,0.1507568359375,1.02209013961821,5.64218334756005,5.33293193107003,44.4141809771957,31.73828125,0.741845852581076,0.404840986812975,0.210640732376934,0.384518280810091,0.187105305989583,0.190939673241267,0.0380773618413987,0.2960205078125,1.23105604944903,6.16448672586213,6.40377378827022,44.5991699397146,35.400390625,0.650796217735717,0.401294502202641,0.159999163875665,0.438706333921694
123,7,7,0.46,0.75,0.25,2,-0.158528103298611,1.55241201577345,1.54446819069525,5.7275390625,-0.0074247428273522,1.57272390966088,1.89858311454401,12.9680040512456,12.20703125,0.263641538535816,0.988349240347155,0.00444948625801703,0.0072012733948283,6.15501627604167,6.16145712561446,0.281684548623041,1.4013671875,-0.796158160177862,3.71998633760127,3.87531261184031,3.45164239202472,0.244140625,0.315492687819776,0.89398879998161,0.105836053110814,0.000175146907576493,1.30648654513889,1.33234704712551,0.261259888841044,1.4892578125,-0.767832964446884,3.39226081158484,2.89593666877493,30.9218374977966,13.916015625,0.509006730508944,0.551857726909691,0.26790491157455,0.180237361515759,0.309126790364583,0.309306641400099,0.0105475407303833,0.13671875,0.438816530313256,5.81934548708586,6.52754732973562,37.4058172739636,20.01953125,0.815716779226454,0.498605366452667,0.231557455111452,0.26983717843588,0.152812906901042,0.153671483684353,0.0162234050322907,0.111083984375,0.502535605138358,3.35277423226717,4.17797096770802,47.3574419974514,32.71484375,0.74594873221662,0.327106952588925,0.284985779101977,0.387907268309099,0.182248128255208,0.183915269521212,0.0247099533665436,0.1629638671875,0.693810474095845,3.18909428348774,4.15101583674484,53.4357608807312,54.443359375,0.709804477641954,0.163032366694292,0.414946912647068,0.422020720658639
125,8,1,0,0.75,0.5,2,-0.164995659722222,1.44809503440054,1.43882441905315,5.55908203125,-0.0100614708864831,1.60300523450089,1.95644820249008,13.0037454554051,12.20703125,0.270371988817309,0.984861121546343,0.00759816682649234,0.00754071162716491,5.69936197916667,5.70024205376135,0.100173508670108,0.48828125,-0.254211347093996,2.43293200153382,2.67387259672771,8.26361504839558,2.9296875,0.431221131981592,0.809285450620275,0.190315071668646,0.000399477711079079,0.705298936631944,0.711069139116961,0.0904132023347224,0.48828125,-0.292809703634673,2.5369488507657,3.02086487657246,34.0083603904854,26.85546875,0.587830493990401,0.482282254343704,0.350692565212511,0.167025180443785,0.332067599826389,0.332301083294808,0.0124560661132738,0.128173828125,0.617757802151608,4.56658997984023,5.73277918528545,44.1425199024383,30.517578125,0.895372022897633,0.42313019762959,0.256902244601193,0.319967557769217,0.135532633463542,0.136038913448236,0.0117269688757882,0.0799560546875,0.197080600516109,2.95165411617547,3.74717806040394,44.0742143693009,33.447265625,0.750715407180903,0.380164739743149,0.33828113907909,0.28155412117776,0.149435492621528,0.149940356675381,0.0122954341097046,0.08544921875,0.0909011520877062,2.85309275802048,3.76297508198619,53.9728713245061,34.1796875,0.771302600362218,0.172497134230799,0.501719014771039,0.325783850998163
126,8,2,0.18,0.75,0.5,2,-0.158531358506944,1.59478425809708,1.58706155005354,5.9619140625,-0.0168595705080348,1.59096473373319,1.88103650205248,13.0780062243956,12.20703125,0.263520865290669,0.987519982573923,0.00429501527624118,0.00818500214983534,6.30924479166667,6.30974639073267,0.079568090952691,0.400390625,-0.210047591912995,2.50500033267115,2.75568935122495,11.8284262981047,3.173828125,0.419758054313353,0.631657089409903,0.367693827891165,0.000649082698932664,0.806917860243056,0.813405674123596,0.102541182536204,0.59814453125,-0.00676103987801977,2.64918095818474,3.55626834745209,46.2364116673393,40.771484375,0.590215979412352,0.159768091941216,0.508323066355912,0.331908841702872,0.310313042534722,0.310523174455791,0.0114230689372857,0.142822265625,0.784394920525915,6.68880520913205,6.60611101227581,37.2253280245541,20.01953125,0.81207886819235,0.499689050066194,0.241969348936286,0.25834160099752,0.151038682725694,0.151629122175996,0.0133696198093509,0.0927734375,0.139708180620823,2.88608611584274,3.53943910019401,45.114846283575,32.71484375,0.745186474871635,0.396515375235137,0.253092739566606,0.350391885198257,0.159353434244792,0.159854656378569,0.0126502854695735,0.0994873046875,0.0542706302478466,2.89142516939045,4.06683766720782,48.653696814114,33.203125,0.806108011505909,0.242674056548173,0.461187523084933,0.296138420366894
127,8,3,0.3,0.75,0.5,2,-0.1536865234375,1.85239633740902,1.84621507144934,6.80419921875,-0.0114346302419698,1.56753050383904,1.84601760820492,13.2254967197506,12.451171875,0.25951954951489,0.989023519571222,0.00293415621983359,0.00804232420894459,7.32948350694444,7.33005222264368,0.0913179128941608,0.4443359375,-0.0631847114588732,2.32290991943753,2.47252294907004,10.6673936113403,2.44140625,0.386633269588207,0.640618797511709,0.358911774597444,0.000469427890847497,1.00686414930556,1.01678029790714,0.141672930817073,1.162109375,-0.0430152043611449,2.77176137133378,5.71723439939147,51.2301933677211,47.8515625,0.566691867690606,0.0794219120556429,0.515586959816747,0.40499112812761,0.305416124131944,0.305626114130536,0.0113287810039778,0.1123046875,0.891569888259106,5.0385117242908,5.37730159466934,35.9834210063094,18.5546875,0.770301070934661,0.522923111268687,0.221892814758633,0.25518407397268,0.0186329481336806,0.0186437799079585,0.000635502046627237,0.009765625,-1.68912199109456,10.9284044782895,10.1125230350416,48.4458583547483,39.0625,0.908484367841312,0.362519485186825,0.24481942389714,0.392661090916035,0.175223388671875,0.175995082776826,0.0164649162451382,0.126953125,0.330409103727984,3.37505865776269,4.58893200848563,51.6224175299501,41.259765625,0.837368543961544,0.218538459285305,0.411068319524159,0.370393221190536
129,8,5,0.44,0.75,0.5,2,-0.156511501736111,1.92208063185098,1.91591070234055,6.8310546875,-0.007087592384383,1.55564966039292,1.81508654786845,13.2453375622136,12.6953125,0.257074659048606,0.990243755468985,0.00225342302677899,0.00750282150423653,7.60845594618056,7.60888330331856,0.0806516214033275,0.439453125,0.0219076010963133,2.36102924033745,2.78577921350435,14.6249177867481,24.90234375,0.391569745780488,0.455167746529721,0.544334104899604,0.000498148570674872,1.00197808159722,1.01101906506508,0.134920417840631,0.869140625,0.0324363962260831,2.90004214923835,3.75018591290258,40.4761928262268,27.34375,0.557269467570439,0.153087490581437,0.585789309837534,0.26112319958103,0.280552842881944,0.280845632793146,0.0128221817577766,0.12451171875,1.58221569685435,7.36720392011759,7.08318447744129,33.6062017071058,18.310546875,0.77809117444688,0.554549823837434,0.231605401670426,0.213844774492139,0.168768039279514,0.169579396098668,0.0165705014122143,0.1171875,0.25836225223237,2.9818412598807,4.34716640745333,48.7211393965402,40.771484375,0.719576295201698,0.340238692617735,0.240891987735318,0.418869319646947,0.180278455946181,0.181031340074816,0.0164949954304344,0.1287841796875,0.303016277398096,3.29529352544537,4.74028542480351,46.0876443265596,31.494140625,0.837775244128739,0.297416657740341,0.386519240838855,0.316064101420804
130,8,6,0.62,0.75,0.5,2,-0.151387261284722,2.1451740045151,2.14006335324771,7.8564453125,-0.010546657775392,1.56525315661901,1.85056937003449,13.4814706533612,12.6953125,0.256506689878426,0.989808717528145,0.00245622763812003,0.00773505483373562,8.45898111979167,8.45953613492297,0.0969129517317977,0.52734375,0.0627488788149176,2.54253700903562,2.96056289791208,12.5942746157818,1.953125,0.422927210085344,0.551792403607539,0.447817255384412,0.000390341008048423,1.36276258680556,1.37856404372097,0.208150384993275,1.48193359375,0.784889941981203,4.27922637569086,4.85100574994949,53.2067804227239,72.509765625,0.600998264802248,0.23248650829749,0.255294586376043,0.512218905326467,0.273509385850694,0.27369108218762,0.00997228257777225,0.08544921875,0.811532349129335,3.9369302546845,5.72322592560699,29.6519497917324,6.591796875,0.697883083345796,0.643591561488548,0.158694171332787,0.197714267178665,0.1760791015625,0.17695269955361,0.0175634968775902,0.1129150390625,0.130857113918626,2.73784982375443,3.61840013898722,47.7197632758942,34.1796875,0.703814331946395,0.371033928184759,0.207827418904638,0.421138652910604,0.200947672526042,0.202518982496301,0.0251815823867746,0.16357421875,0.599172840339834,3.14732639074034,3.93523222567041,60.3694073937963,81.0546875,0.677400228703317,0.166867162871072,0.238424251112088,0.59470858601684
133,13,3,0.1,0.75,0.25,2,-0.166133355034722,1.09391716603029,1.08134838147,4.44580078125,-0.0171884088498189,1.65972651752651,2.07050429127326,12.9772957795921,12.20703125,0.283957599050162,0.977896485277787,0.013415822341813,0.00868769238039998,4.305556640625,4.30726794321276,0.121418388610315,0.732421875,-0.0256541139212458,2.62606294048325,3.40447480326891,5.77912993340637,3.173828125,0.426104706843655,0.913974067355985,0.0858633194943256,0.000162613149688418,0.621470269097222,0.63001923889979,0.103447204332042,1.1767578125,0.543206848704383,7.07989324984403,8.02887428424993,47.227442736645,40.771484375,0.618410339301504,0.183396459163013,0.498111596751307,0.318491944085681,0.283928493923611,0.285196160436816,0.0268629973441411,1.38427734375,34.7380324871144,1607.18099535358,50.3790113014975,35.6685100176837,25.146484375,0.942637778894794,0.427216929966035,0.369491899485691,0.203291170548274,0.103044026692708,0.104157385015231,0.0151901511471349,0.14892578125,2.28255871101311,13.4179194125455,7.61089718214056,42.7281187112194,27.83203125,0.741352132658658,0.327371434783371,0.405737327691005,0.266891237525624,0.134896240234375,0.136324732233317,0.0196856065530372,0.169677734375,1.80654489257831,9.26798619247306,6.47064887085094,34.215543078024,27.099609375,0.676575588401273,0.454725077960599,0.372462647134757,0.172812274904644
134,13,4,0.13,0.75,0.25,2,-0.176797417534722,1.181332283249,1.16815747193569,4.72412109375,-0.0113192287021007,1.63157615607899,2.02974855020369,12.9969197292103,12.20703125,0.278069841972818,0.981708385655198,0.00992969682243905,0.008361917522363,4.65119357638889,4.65319488680139,0.13647383788221,0.7763671875,-0.0589263225808814,2.40803337783106,3.12597406618437,5.11390911293158,2.9296875,0.388389041444463,0.918412447859928,0.0814527714494716,0.000134780690599908,0.628161349826389,0.636759292154317,0.104298284222911,0.93505859375,0.459046597366292,6.28999505702246,5.51332545737756,45.7831809865449,41.015625,0.605170453423855,0.135846590825992,0.6019114176167,0.262241991557307,0.285348036024306,0.285756937282074,0.0152832407558939,0.1123046875,0.875264611128866,4.161981388913,5.01703928384553,41.2125125571534,18.798828125,0.779601739309481,0.527470754373495,0.177862568019328,0.294666677607177,0.122416856553819,0.123924330915056,0.0192726636836396,0.1849365234375,1.9634986334988,10.9461801252551,7.4384429058147,45.6094423774148,31.005859375,0.738923863371944,0.274232267294443,0.434354282694862,0.291413450010694,0.144821641710069,0.149050833307507,0.0352578962898372,0.2996826171875,3.25491379134647,18.3565840528753,7.21271226522435,35.823718800353,27.34375,0.653550575361667,0.414634818731353,0.394072354949013,0.191292826319634
135,13,5,0.17,0.75,0.25,2,-0.178064236111111,1.30000630646179,1.28789678149932,5.37841796875,-0.0104283538728261,1.63471813050114,2.0909418938519,13.0426553121806,12.20703125,0.275979446592896,0.982055073973804,0.00969784201054066,0.00824708401565473,5.11997395833333,5.12321657820865,0.182269459651918,1.044921875,-0.345038562864468,3.01414107218094,3.58542041215151,4.18325598760037,2.685546875,0.399113013004874,0.929821522824338,0.0700737218920477,0.000104755283614803,0.706826714409722,0.7148409252192,0.106752408059357,0.849609375,-0.56809318307967,3.83410471623248,4.06216469508483,44.5224370028866,41.015625,0.618083632536008,0.198465259210069,0.571209398800886,0.230325341989045,0.285904676649306,0.286252569222245,0.0141100495885852,0.111083984375,1.27824489914076,5.47747813279272,5.52790055414882,35.3975713461017,18.06640625,0.793345623642405,0.58557637732791,0.173009962562736,0.241413660109353,0.126448974609375,0.12722183969662,0.0140034600409183,0.12939453125,0.749153421954866,4.69141824439079,6.19704593042989,46.7218110933735,36.62109375,0.793987553462018,0.332564533662865,0.335193016055804,0.332242450281332,0.142437065972222,0.143333687070292,0.0160089049787906,0.1348876953125,0.752693954472975,4.41631663822238,5.65405254774936,51.1171585528269,41.015625,0.784420933656331,0.238896895028493,0.387121037244059,0.373982067727448
136,13,6,0.32,0.75,0.25,2,-0.167176106770833,1.50175877220192,1.4925905774174,5.869140625,-0.0150702400634992,1.60897734127979,2.02716147896681,13.0917638801257,12.20703125,0.268591203347738,0.985022887929743,0.00686002785947201,0.00811708421078493,5.93699978298611,5.93973359999791,0.180211078081167,1.0205078125,-0.230153405265372,2.76682257321106,3.46276725283185,4.54680218201231,2.685546875,0.393956022134525,0.901917338678296,0.0979704378117904,0.000112223509913964,0.981276041666667,0.999560183921829,0.190331136554348,1.28662109375,0.398962774627028,2.67627024145216,4.59135957806953,29.1199491776194,27.099609375,0.506532824086771,0.354822987887043,0.562201654140689,0.082975357972267,0.282039930555556,0.28234240579159,0.0130671199872649,0.2783203125,2.240978134537,33.899015554525,18.911886135644,30.3604502603871,13.671875,0.759137255837465,0.624995096681055,0.189251811308491,0.185753092010453,0.138615315755208,0.1400556042329,0.0200363601362719,0.1910400390625,1.64195530133025,9.3728324458204,7.20864484545146,46.2156780553643,32.958984375,0.730900378551904,0.297169767488851,0.362408971775847,0.340421260735302,0.161517198350694,0.164251393865467,0.0298481658458088,0.23681640625,1.65283759547622,8.03877310307374,6.23800176641185,43.3609422177326,30.517578125,0.689968524608544,0.314107217195974,0.384689666410218,0.301203116393809
137,13,7,0.38,0.75,0.25,2,-0.170600043402778,1.60071359936922,1.59177344692368,6.162109375,-0.00934344951518471,1.5944132949648,1.98275496815528,13.1058645658617,12.20703125,0.26628272223777,0.986050556991199,0.00559726056754512,0.00835218244125572,6.32032986111111,6.32258954613362,0.169042496747548,1.0205078125,-0.524489018080768,3.39411922596896,3.9841221213063,5.29755208951656,2.44140625,0.406019306525049,0.854631626190436,0.145222892268763,0.000145481540801138,0.931076931423611,0.96672499127207,0.260130724545838,1.75048828125,1.05156973059383,3.78932542453214,5.17939281861479,29.3003645859508,27.099609375,0.474315772406556,0.33015273665853,0.571252374487066,0.0985948888544035,0.281358506944444,0.281533155249304,0.00991614470024062,0.08544921875,0.440616691943361,3.65646399839012,5.2206043637201,36.9456060894851,18.5546875,0.837151135191056,0.516424551437941,0.215327187016401,0.268248261545658,0.140694444444444,0.142026318845815,0.0194070153144732,0.142822265625,0.986043686586629,4.90152864173588,5.07366703302991,46.6125197858331,41.015625,0.734217406555751,0.315854201865779,0.333785716122342,0.350360082011879,0.161388075086806,0.16301183178052,0.0229535095577192,0.1611328125,1.02902472151265,4.9972301870881,5.02864369009994,35.8688353948438,27.34375,0.727351054609938,0.394480059786995,0.399310812862124,0.206209127350881
138,13,8,0.49,0.75,0.25,2,-0.163712565104167,1.65933757826792,1.65142527543104,6.25732421875,-0.00886688305916377,1.60725799739214,1.93777018123766,13.1049195387481,12.451171875,0.270177290548751,0.984443513122179,0.00772364473154236,0.00783284214627839,6.55833224826389,6.56284031424583,0.243237043407091,1.3525390625,-0.525138919791658,3.49351214248832,3.95464363537131,3.69453755990278,0.244140625,0.363211632036766,0.910712895702898,0.0891960503999476,9.10538971533595e-05,0.97953125,1.01458614722351,0.264422234301602,1.5966796875,1.26090265508898,4.06297593983999,4.43356765649908,24.9674239453848,13.916015625,0.454436522059775,0.544407722616163,0.378729866462717,0.07686241092112,0.270658637152778,0.270874434800266,0.0108114540175129,0.281982421875,3.66568272137098,75.4967780826217,23.765083524056,31.3261207207092,13.427734375,0.785521115456105,0.567848913402769,0.228619678611379,0.203531407985852,0.150205078125,0.151820317677433,0.0220896310261741,0.1715087890625,1.11998237490699,6.20045109213132,5.58209322408704,47.1961967946367,41.9921875,0.730822642751798,0.33320492896078,0.267591500545711,0.399203570493509,0.187996826171875,0.193396255666459,0.0453846095077462,0.3387451171875,1.7044909304872,8.54857619478917,6.3308465377798,44.1058959682379,31.25,0.659452921764314,0.364916121706168,0.257081043603011,0.378002834690821
139,13,9,0.56,0.75,0.25,2,-0.164287109375,1.75012123051305,1.74258683260165,6.73583984375,-0.00881398765103056,1.62734409422741,1.95319870575646,13.171680147151,12.451171875,0.273301235003587,0.98272591713958,0.009429111707682,0.0078449711527384,6.91685004340278,6.92403466963234,0.315378639719141,1.513671875,-0.690400319131548,3.25355330595315,3.45931420912646,3.0154595191878,0.244140625,0.294834701511264,0.929083210240893,0.0708454295486874,7.13602104205033e-05,0.991979166666667,1.03124578712707,0.281891583380988,1.50146484375,1.28742307738306,3.55408021034416,4.02351394738406,23.2692205519034,13.916015625,0.443123696031412,0.596729957287195,0.359250164927052,0.0440198777857532,0.272164713541667,0.272332912250584,0.0095710059108466,0.079345703125,0.579531259017614,3.67482112921169,4.9408563744013,37.365482097937,21.97265625,0.85421057915496,0.487185700466138,0.265411599955455,0.247402699578407,0.150684814453125,0.151643141642057,0.0170233222038328,0.125732421875,0.581340940624517,3.65309353011058,4.65961823473389,45.8821982980754,32.470703125,0.748788751207854,0.374672795874509,0.250316061277918,0.375011142847573,0.177443033854167,0.179422916738617,0.0265840146375909,0.18798828125,1.05257561868987,4.20850521027614,4.68540951619403,54.840773417931,59.5703125,0.694930808803645,0.227391979615729,0.274779191243343,0.497828829140928
140,13,10,0.68,0.75,0.25,2,-0.156085611979167,2.02909787764458,2.02331045784903,7.81005859375,-0.0109156183405352,1.5979020603883,1.93172600650192,13.3994983806748,12.6953125,0.269525256737012,0.986481098625006,0.00555341499630065,0.00796548637869295,8.03313910590278,8.03975196306321,0.326054224846689,1.6162109375,-0.728114573814916,3.47931418695528,3.56965592057946,2.93598869232305,0.244140625,0.318746603318164,0.920676034458137,0.079257882637117,6.6082904746086e-05,1.38545681423611,1.39748212121617,0.182956643715631,1.03759765625,0.114417911612483,2.31891912760287,3.27941276118566,39.9899679524282,27.34375,0.577237812660785,0.387647969105834,0.390458123429602,0.221893907464564,0.26523193359375,0.265384414900149,0.00899594674315666,0.078125,0.505773303448089,3.45940539126376,5.10157331951597,33.0377310705745,13.671875,0.792095080841948,0.560468312081285,0.223568020792867,0.215963667125848,0.1684765625,0.169844099736763,0.0215120650128581,0.17333984375,0.463655385335829,3.06143434710851,5.45493096438514,48.8581721018845,41.015625,0.701616733359123,0.285645122083332,0.291902580804631,0.422452297112037,0.199733479817708,0.201467929302204,0.0263821577576316,0.206298828125,0.479008249841518,2.73409952789377,5.2135443862927,66.8667436033574,81.298828125,0.643606261447859,0.0926196435658404,0.214690614831238,0.692689741602921
141,13,11,0.83,0.75,0.25,2,-0.151630316840278,2.17556871083413,2.17051938157028,8.515625,-0.00798469196376198,1.59375367760242,2.07390505238604,13.5074443501773,12.939453125,0.266428945954252,0.986305521567338,0.00610939767322393,0.00758508075943825,8.62347439236111,8.62643936174671,0.226178766400873,1.2939453125,-0.924153947430381,4.19570707901845,3.97191725745268,4.84825422907519,0.244140625,0.340695127142175,0.869129562434733,0.130753689816142,0.000116747749124436,1.21350260416667,1.22386624361805,0.158951648409676,1.142578125,-0.180448963033227,3.72254678852644,4.86301149228633,40.8855425161213,27.34375,0.614655674759278,0.344890871634445,0.334139659397687,0.320969468967868,0.267934027777778,0.268108125801327,0.00966150209475284,0.164794921875,1.66847586803481,15.5397529439764,13.9130320062512,32.8106974229941,13.671875,0.800944963259953,0.549292548751518,0.235544422310366,0.215163028938116,0.171117350260417,0.172721698107367,0.0234895732249596,0.1904296875,0.777739616541146,4.7459581607361,5.57979721600831,43.5599543129863,27.34375,0.702829682630907,0.400526537696604,0.217883304785681,0.381590157517714,0.188546142578125,0.190526770165008,0.0274038163483199,0.2056884765625,0.916618323758795,4.99364803556519,5.79356475719856,33.3761714758154,13.916015625,0.701347761927248,0.521069512925395,0.221100077478972,0.257830409595633
142,13,12,0.92,0.75,0.25,2,-0.151563585069444,2.269995308445,2.26518154080454,8.30078125,-0.00621392189283324,1.59777323606857,1.83815727842485,13.6462343095372,12.939453125,0.269169827602515,0.985392773888806,0.00648764029118869,0.00811958582000586,9.00912217881944,9.01430569579644,0.305688583431927,1.5478515625,-0.834324936329057,3.81162816177026,3.71831202142292,3.51065978061439,0.244140625,0.29516512612283,0.909077894118773,0.0908451996173774,7.69062638494011e-05,1.05092176649306,1.06298031702476,0.159675486311918,1.2060546875,0.540121782364037,3.82973968364881,4.91085444321174,45.4399331050795,40.52734375,0.585370576272106,0.133218898159529,0.613148918509231,0.25363218333124,0.264960394965278,0.265172555592328,0.0106065234097312,0.084228515625,0.736316670238779,3.76820574854599,4.74999443188887,29.2494189874022,11.71875,0.715231534633254,0.633604538039317,0.18011714180466,0.186278320156023,0.176992865668403,0.179105556909874,0.0274316102189178,0.2349853515625,1.04056965052373,5.54408433743556,6.2430993868181,42.6945951309492,27.34375,0.669817122108221,0.426126548858837,0.198229641583011,0.375643809558152,0.201382921006944,0.206813740782508,0.0470885893219411,0.3375244140625,1.66996661453977,8.14926274483414,6.1807550472345,37.0424635724016,13.916015625,0.611858917894607,0.511375499070224,0.115630207910975,0.372994293018801
143,13,13,1.07,0.75,0.25,2,-0.157412651909722,2.35292949829737,2.34791897872353,8.96240234375,-0.0114009140506524,1.58875476534426,1.93621965619514,13.8078945530903,12.939453125,0.269608267106732,0.986735410251213,0.00423392720473795,0.00903066254404932,9.31171657986111,9.31993934187753,0.391455904852835,1.904296875,-0.394718372477533,2.8286298318989,3.09901487423559,1.93113758408899,0.244140625,0.330394841480091,0.950411902202778,0.0495321134391881,5.59843580341049e-05,0.974629448784722,0.99950460574198,0.22162538105958,1.41357421875,0.673336716314737,3.3477230762643,4.35908319572605,37.5931436281164,27.099609375,0.467275231815887,0.176654120950583,0.595665984529187,0.22767989452023,0.263736979166667,0.263950904173604,0.0106259458579798,0.230712890625,2.17868751899434,34.8902872933203,19.4211425189913,33.5311273916847,26.611328125,0.772854094524392,0.463117978627573,0.332450634201615,0.204431387170813,0.184219970703125,0.186609712035494,0.0297722017044546,0.2191162109375,1.02316171688698,5.22397285380612,5.2799893446298,47.4618259466719,52.24609375,0.664710499368354,0.370383832210406,0.1701471744387,0.459468993350895,0.217526177300347,0.222130059441875,0.0449952820014917,0.474853515625,1.75733774867315,11.3216249578473,9.27038868784333,53.9056463681389,80.810546875,0.635424298060755,0.29871212912934,0.115426449005529,0.58586142186513
144,13,14,1.3,0.75,0.25,2,-0.131216905381944,2.649100122421,2.64614239938427,9.73388671875,-0.00688386199506758,1.57539550135484,1.88676819112173,13.9717770615417,13.427734375,0.275315212314937,0.990344752706531,0.00233559268510183,0.00731965460836675,9.85832899305556,9.86452511612801,0.349617496923052,1.806640625,-1.60926205856202,6.4812126253244,4.66747118222281,0.615193593514349,0.244140625,0.217145978326501,0.986473199256959,0.0134990824780154,2.7718265026119e-05,1.09814778645833,1.12250562987866,0.232599120700427,1.279296875,0.020123482401908,2.51506426723016,3.01545122421909,42.6941701751723,27.099609375,0.541803585518448,0.302618581250138,0.353787709790644,0.343593708959217,0.268343641493056,0.26885305025819,0.0165442899094518,0.8056640625,25.5054949238613,1127.89997709816,46.9546612973928,37.59057424811,26.611328125,0.932381494542643,0.424155721766025,0.33625282191298,0.239591456320995,0.192535400390625,0.194333554737301,0.0263781105564399,0.2313232421875,0.788869362985907,4.57805502247796,6.00517053217915,54.1535073359949,65.185546875,0.709618583987976,0.254103025504798,0.234547403182788,0.511349571312414,0.208345269097222,0.209928654596455,0.0257378335043991,0.2337646484375,0.635190277357116,4.55171819198439,6.4085107747595,59.6311852693435,80.56640625,0.682220364473057,0.215606941975525,0.160404566303129,0.623988491721346
145,13,15,1.53,0.75,0.25,2,-0.146883680555556,2.68153315118302,2.67780482868838,9.951171875,-0.00493254694890946,1.5680294262778,1.86674328460262,13.9531684604409,13.427734375,0.263233420670875,0.990177483216934,0.00303124932931164,0.00679126745375475,9.95706705729167,9.95795337133018,0.132871688071975,0.8056640625,-3.046496567391,14.1345012050149,5.65384034424511,2.19590045147002,0.244140625,0.288545104878114,0.934488357399037,0.0653547231722863,0.000156919428676999,0.760800238715278,0.782628980297634,0.183571801079673,1.26220703125,0.563785041520543,3.35744190397138,4.58125367658343,67.3067472733903,80.56640625,0.565601610767372,0.113478041680906,0.170150484656616,0.716371473662478,0.265969780815972,0.266197495818124,0.0110095144292537,0.111083984375,0.883163119298051,4.4695919985208,7.25870215824285,30.4765887498924,11.962890625,0.767889831069192,0.599295795368677,0.192485142423207,0.208219062208116,0.185249972873264,0.187194096739656,0.026911676768376,0.1873779296875,0.914169211769898,4.10596795380895,4.38958417752242,51.2357427952098,53.466796875,0.696664703512959,0.287889831337776,0.252107906828856,0.460002261833368,0.196342637803819,0.20010454451363,0.0386229052575875,0.2886962890625,1.48450513794372,7.74127491069731,6.28198248392901,29.6849618596207,13.427734375,0.621443466053741,0.604177322461462,0.142765540476242,0.253057137062295
147,14,2,0.09,0.75,0.5,2,-0.160549045138889,1.69125504927701,1.68380452836457,7.07275390625,-0.00229915556929852,1.70293504863778,2.13290377976117,13.1947690017884,12.451171875,0.286761320937473,0.971596577868257,0.0204762224873474,0.0079271996443958,6.72600477430556,6.72726982632397,0.130471740422536,0.6591796875,-0.348830732290329,2.63718514251096,2.79710950526007,13.9354350142919,13.427734375,0.460259717031932,0.783514286688907,0.216256643357659,0.00022906995343508,0.747127821180556,0.757697763747736,0.126132689818535,0.73974609375,0.140632998666834,2.35597997272722,3.22874086912433,31.2237065356614,13.916015625,0.527072519099782,0.606476696204604,0.193498956039277,0.200024347756119,0.308674858940972,0.308907627948849,0.0119910806520276,0.09765625,0.761352831567329,4.03591826025344,5.384476535015,42.0911652137564,24.658203125,0.86770089357049,0.453089142448927,0.26280823909562,0.284102618455453,0.147809651692708,0.148808153458371,0.0172116017009177,0.10986328125,0.102240717054018,2.68773502392482,3.18193767202025,44.4965110188341,30.029296875,0.744585017344564,0.371930994898516,0.250850746273203,0.377218258828281,0.151772732204861,0.152524830719636,0.015129858379869,0.1177978515625,0.274518542111771,3.41347257876885,4.74720974252304,45.3426596970009,30.76171875,0.769940495329337,0.328317689956123,0.335676107198107,0.336006202845769
148,14,3,0.17,0.75,0.5,2,-0.154234483506944,1.89045433100802,1.88436152913228,7.97607421875,-0.00409338532163172,1.67066349664313,2.12899952041716,13.3314111998799,12.451171875,0.279760087422553,0.975873037358621,0.01566724238265,0.00845972025872906,7.506787109375,7.50780945247571,0.123909164671758,0.673828125,0.271876158493836,2.54254017938417,2.81149292379624,11.1249545567768,11.962890625,0.490513194441762,0.801761331750734,0.198060061746346,0.000178606502919427,1.27949761284722,1.30641167901027,0.263842383411998,1.46728515625,0.64473575567814,2.68360383384926,3.22788572345783,28.072871663038,13.916015625,0.516126721240422,0.60459840698049,0.26057303791332,0.134828555106191,0.296380479600694,0.296776578438537,0.0153297437617729,0.111083984375,0.928760080406931,4.05867532631773,5.0328952395148,46.6794749099453,30.517578125,0.865855781491424,0.380253472990497,0.286028323786832,0.333718203222671,0.156283908420139,0.157485057560989,0.0194156404576093,0.1251220703125,0.37445849477459,2.83399892032656,3.82106810804217,46.5055541212527,33.447265625,0.707527153774,0.403484468525633,0.181260007132232,0.415255524342135,0.175059543185764,0.176483087629261,0.0223729254142542,0.1568603515625,0.638985006017366,3.35886548634558,4.15755542049032,45.9001886034111,31.005859375,0.729985632876841,0.317077300892367,0.309436683095543,0.373486016012091
149,14,4,0.24,0.75,0.5,2,-0.158219401041667,1.98182439410048,1.97571809380353,7.95654296875,-0.0103900134896347,1.64810018052294,2.06020817081497,13.3626919080895,12.6953125,0.275635676192978,0.979243071230915,0.0126538254313229,0.00810310333776238,7.87325303819444,7.87526596333369,0.178066380727309,0.9228515625,0.0369422448109776,2.75332929480447,3.57980061142369,11.7048168374235,13.18359375,0.489309702855147,0.758967045016059,0.240823811724346,0.000209143259594713,1.19640842013889,1.21846000285998,0.230788879986069,1.19873046875,0.329949861910417,2.08532291256534,2.96042071090217,22.7038854701958,13.671875,0.449421165199892,0.776900318150051,0.125476437165508,0.0976232446844415,0.289632975260417,0.289878142956288,0.0119209473348265,0.103759765625,0.935542686736529,4.78909713253147,5.73591272456052,48.3296211955445,32.958984375,0.873626112181811,0.376993752049772,0.262186408181157,0.360819839769071,0.15805908203125,0.158974095709201,0.0170339124308447,0.113525390625,0.293898046248865,2.93902509064473,3.89333646592953,47.7930963230144,36.376953125,0.743376526251571,0.354187654429456,0.22766580198839,0.418146543582155,0.174778103298611,0.175916941039894,0.0199868337679513,0.1336669921875,0.597991334338222,3.38715484881703,3.95512006682073,43.87322790169,29.78515625,0.748734925403148,0.387956232530629,0.267953988723724,0.344089778745647
151,14,6,0.35,0.75,0.5,2,-0.1557080078125,2.20996547849658,2.20471826008725,8.525390625,-0.00564764520932715,1.60777066310822,1.99439514078437,13.5683682152289,12.939453125,0.266220376987506,0.984079168593123,0.00797225486541251,0.00794857654146406,8.79684787326389,8.79744479809199,0.102492948681052,0.5810546875,-0.099504170155373,2.83906747712347,2.83372100653253,14.8484367014677,13.671875,0.471105450393265,0.621220062267615,0.378474040260589,0.000305897471795937,0.972303059895833,0.991696606913352,0.195185516794729,1.0693359375,0.371346661731475,2.31907169351647,3.13415086146722,25.6902537081444,13.671875,0.490278073791293,0.669597658212173,0.22421069085252,0.106191650935307,0.274017198350694,0.27415164936818,0.00858593274847426,0.062255859375,0.536322519755604,3.61787811036925,4.23317722888505,40.0990319558657,23.92578125,0.881188721702195,0.467115634814481,0.256027292329037,0.276857072856482,0.173951822916667,0.175824949225093,0.0255992519621122,0.152587890625,0.511227629866973,2.75009421816859,3.57815938685158,54.9061499899421,67.87109375,0.649540879171715,0.239842254319079,0.229888465379297,0.530269280301624,0.201579725477431,0.206260012173311,0.0436947499337377,0.260009765625,1.32416980434607,4.54292368345778,4.06079667582176,48.7908661673265,53.7109375,0.609352818838569,0.395597401212344,0.130852073779031,0.473550525008625
152,14,8,0.6,0.75,0.5,2,-0.141539713541667,2.64599362486045,2.6424989131007,10.009765625,-0.00199964857912205,1.57478319920992,1.94266636566776,13.8881972427827,13.427734375,0.257758792053482,0.988871260615262,0.00474788467722063,0.00638085470751714,9.9951171875,9.9951171875,0,0,0.07255227383315,1.84118652634409,1.04312758084087,62.5,62.5,0.999999999999982,0.159844054580897,0.319688109161793,0.52046783625731,1.00456000434028,1.01790396398904,0.164297523350677,0.96923828125,0.404026787441179,2.51701758311265,3.60195914816036,29.7935626708003,13.671875,0.526610520359606,0.669754982437022,0.115118451519867,0.21512656604311,0.274813910590278,0.275008020139555,0.0103319605713259,0.0830078125,0.827271867957748,4.41583530773181,5.28880980105353,33.768322673042,13.18359375,0.770809653483075,0.576685849530358,0.186480346988741,0.2368338034809,0.201577012803819,0.203632610368184,0.0288640443307662,0.166015625,0.186436170688702,2.46052430765932,3.14662447959176,57.9678740692865,80.56640625,0.620673935641597,0.158143564946479,0.277545834352165,0.564310600701356,0.2265625,0.2300815206384,0.0400911076190163,0.25390625,0.492455177213656,2.81152244824682,4.08852374168962,56.0676662011995,80.56640625,0.588808110907848,0.269453537133668,0.142407329765972,0.58813913310036
153,14,9,0.81,0.75,0.5,2,-0.140592447916667,2.86755581972261,2.86442550284707,10.400390625,-0.0113859695320437,1.56253831646685,1.85206012738882,14.1449732413549,13.427734375,0.25591710255009,0.989785627303212,0.00326456727747284,0.00694980541931505,9.9951171875,9.9951171875,0,0,0.07255227383315,1.84118652634409,1.04312758084087,62.5,62.5,0.999999999999982,0.159844054580897,0.319688109161793,0.52046783625731,0.931325954861111,0.940981969904098,0.134473238760076,0.95458984375,0.286983748002508,3.10045257098377,5.36353449944361,35.0900622641641,26.85546875,0.631245313575469,0.336514176276235,0.445223076565965,0.218262747157799,0.269846462673611,0.270031707348111,0.0100015891317886,0.08544921875,0.780406572331586,4.21055817035092,5.82080553368757,33.4205836082356,13.18359375,0.783520215860318,0.553887622866839,0.206635606601601,0.239476770531559,0.203499077690972,0.205921584093003,0.0314967399687199,0.1898193359375,0.37552674813588,2.6288252171059,3.35455542608335,59.6834455838949,80.322265625,0.593567738707367,0.18371146897392,0.196018884040523,0.620269646985557,0.241117078993056,0.245365853254724,0.0454688419355641,0.3277587890625,0.800862461062175,3.7127292037104,4.63801105514819,49.4051092943109,40.283203125,0.592073356666584,0.281953351433657,0.260018337170962,0.458028311395381
154,14,10,1.14,0.75,0.5,2,-0.145989583333333,3.12537206681274,3.12230747980721,11.201171875,-0.0089157486635067,1.55494990886782,1.82961971712567,14.3724609341513,13.671875,0.253834934789031,0.990422930007384,0.00303044541127137,0.00654662458134435,9.9951171875,9.9951171875,0,0,0.07255227383315,1.84118652634409,1.04312758084087,62.5,62.5,0.999999999999982,0.159844054580897,0.319688109161793,0.52046783625731,1.11416883680556,1.1319361112375,0.199789972832557,1.1328125,0.17152283587458,2.76716537749238,3.12464552734665,37.8850159220332,26.85546875,0.533804535941061,0.0820447450016182,0.757733674202,0.160221580796382,0.271994357638889,0.272449328176354,0.0157404223047372,0.523681640625,14.1466019553677,394.143399980242,31.0062339549823,35.6466436404394,24.4140625,0.884548166777753,0.456404740904431,0.313354593745945,0.230240665349624,0.208171657986111,0.210552729232513,0.0315790152819051,0.185546875,0.549112851451248,2.92483617492231,3.57772012810591,62.0858126721043,79.833984375,0.619856140368366,0.143860788786443,0.226810597045517,0.62932861416804,0.249722357855903,0.253121942107904,0.0413502300858136,0.2374267578125,0.576961032171917,2.84438950105015,3.50003486419876,62.5639862125887,79.833984375,0.618212604002798,0.185916909796755,0.145453108637454,0.66862998156579
156,15,2,0.15,1.5,0.25,2,-0.163793402777778,1.92125328918012,1.91447131380238,7.3779296875,-0.00973155085588055,1.59582506215682,1.9956325341416,13.3286506557466,12.6953125,0.268393172737116,0.986345924705635,0.00568693539375817,0.00796713990060653,7.60201388888889,7.60743294855046,0.287122307837798,1.62109375,-0.597471694197715,3.39358302250034,3.91155697699926,3.51419611468963,1.46484375,0.383450323994646,0.912910849268704,0.0870129748967894,7.61758345056292e-05,0.834357638888889,0.859341146399565,0.205727833905482,1.962890625,2.08043686726818,11.2928123746204,8.29474299168628,43.6153221069811,27.587890625,0.609855460188932,0.380263314592362,0.219849193169369,0.399887492238269,0.270306532118056,0.270575959840513,0.0120731573868384,0.272216796875,2.7112039426803,43.2483436081357,20.509550330703,30.8299083200519,6.591796875,0.72948615233982,0.6198539523252,0.17328313871624,0.206862908958559,0.180899522569444,0.188015610330867,0.0512427163301964,0.343017578125,1.30527583729716,5.70908595391702,5.29451865806611,43.5568464216705,31.25,0.618568461900467,0.425787605254083,0.146840772383634,0.427371622362283,0.172511935763889,0.177181389251208,0.0404133598965754,0.2374267578125,0.995830068245946,4.59215154488484,4.62379968545614,31.4299290970301,13.671875,0.617146438058142,0.54038379255424,0.203996490051969,0.255619717393792
157,15,3,0.28,1.5,0.25,2,-0.156348741319444,2.07541204827139,2.06974447846409,7.763671875,-0.0073469093188657,1.61284134211913,1.89080860696299,13.525325211683,12.6953125,0.274322684125002,0.983654273012746,0.00788622246492546,0.008459504522329,8.215068359375,8.22443591763106,0.392469417156349,2.03125,-0.578139503216373,3.24483589856835,3.70692796994136,2.741138525734,0.48828125,0.370464690365398,0.941348514233364,0.0585977552056846,5.37305609515135e-05,0.893914388020833,0.92114760946295,0.222353259907195,1.7822265625,0.950274033356633,5.80631723119544,6.41149964444144,40.0339456995562,27.099609375,0.590470790608922,0.298793703282858,0.41266190466244,0.288544392054703,0.278962944878472,0.279642317998129,0.0194829605677976,0.623779296875,15.6457468270808,406.044406453479,30.1681603299176,34.3786642187174,20.263671875,0.887891429190656,0.494634684189475,0.289560809073786,0.215804506736739,0.188950737847222,0.196851967249741,0.0552176894766065,0.3668212890625,1.28338059425431,5.62243874435629,5.19687897721589,45.6991786248377,53.955078125,0.613365358941612,0.406547207103335,0.12893531716752,0.464517475729144,0.200571424696181,0.211113368803599,0.0658856792667802,0.3851318359375,1.17899183964506,5.11853631845617,4.85290271805723,33.2660091592442,13.671875,0.594427577003938,0.548893448549381,0.156906484172908,0.294200067277711
158,15,4,0.37,1.5,0.25,2,-0.150684678819444,2.23606914680968,2.23123411350181,8.7451171875,-0.00940585991630555,1.60548460703998,1.99616734145583,13.6239291054551,12.939453125,0.27471747094468,0.98597130558678,0.00584450539720313,0.00818418901601687,8.84485243055556,8.85552359681191,0.434655770539488,2.0166015625,-0.772151535360091,3.48609808841414,3.37519235599632,2.32894352886669,0.244140625,0.271929233109196,0.939085215864667,0.0608544607954661,6.03233398663697e-05,0.915321180555556,0.935275889779561,0.192188278788453,1.50390625,0.801179516283829,5.15603976688391,5.80483921179403,45.1584880990652,40.283203125,0.592597315506002,0.235858542288049,0.399860763096099,0.364280694615852,0.269375813802083,0.269760430613087,0.014401630236103,0.611572265625,16.8513476564259,635.7895742347,40.6932504574119,36.4428474217019,24.90234375,0.916626443327125,0.447185220923956,0.322440706038561,0.230374073037483,0.211984727647569,0.221018150765832,0.0625489218705,0.4052734375,1.10601305903268,5.0464556467582,5.24712311548708,48.6638938094507,67.138671875,0.585935501273266,0.362027229887374,0.133140304769862,0.504832465342764,0.216721055772569,0.229249022417088,0.0747552012730416,0.5206298828125,1.53573437021753,7.2305439878093,6.33400963606657,44.1790069058533,40.771484375,0.586620213481728,0.4241368148273,0.114660445859015,0.461202739313686
159,15,5,0.48,1.5,0.25,2,-0.154085286458333,2.41092914462556,2.40626759922305,9.189453125,-0.00693069356751952,1.58335115653198,1.96490032969029,13.8055485072232,13.18359375,0.268187454635154,0.988269611509011,0.00331105067950983,0.00841933781147853,9.53414496527778,9.54328964567605,0.417726967270342,2.0654296875,-0.730152244032201,3.74319836324417,3.62762993479665,1.93518072903601,0.244140625,0.302534583955815,0.945087595178272,0.0548322790680409,8.01257536865228e-05,1.04366102430556,1.05467206778833,0.152019645006271,0.89111328125,0.12056544604655,2.61873868438096,3.48853489112822,38.3832742009534,26.85546875,0.532513969645637,0.42341004094539,0.27218857325966,0.304401385794949,0.264638671875,0.264791491118502,0.00899583794604768,0.12939453125,1.01902602436725,8.1614949526469,11.7931114273747,32.7618230935109,15.13671875,0.78311534668193,0.549983998386086,0.237744333750549,0.212271667863365,0.189126247829861,0.192246735239191,0.0345012189729105,0.235595703125,0.623072756360683,2.99257981447201,4.60265220476285,57.0906340340817,80.078125,0.631250885811074,0.164073289925471,0.302372468739637,0.533554241334891,0.204267849392361,0.206884893831921,0.032806160486026,0.189208984375,0.468463178557106,2.50422783609756,3.46034555527071,56.4103510939099,54.443359375,0.628288244999036,0.085993370582582,0.422586683404069,0.491419946013349
160,15,6,0.56,1.5,0.25,2,-0.157972005208333,2.41789387532405,2.4129959672153,9.3017578125,-0.00707951241486404,1.58875025017632,1.97780275351848,13.9184481079104,13.18359375,0.268882246350949,0.986569423782408,0.00415101297843273,0.00927956323915939,9.55728298611111,9.56611843698171,0.411097834615796,1.9677734375,-0.483163759402667,3.09982006372766,3.39255563174921,1.61150943268433,0.48828125,0.328749016387279,0.960873558509066,0.0390279935086018,9.84479823317937e-05,1.03093207465278,1.065718165278,0.270093458774232,1.81640625,0.80702595893432,4.04165753949813,5.16350860073197,40.1201700599371,27.34375,0.566801739665548,0.338999075914895,0.389667318724329,0.271333605360776,0.261912706163194,0.26257246659627,0.0186040715539259,0.733642578125,20.3464867802988,643.27985213915,37.9720135890248,38.9325004026692,27.83203125,0.926791338841151,0.397997645367129,0.352995922467981,0.24900643216489,0.248184000651042,0.260271713764105,0.0784055667841817,0.509033203125,1.03733457917447,4.41057583933569,4.76330661659478,50.6452406688371,54.19921875,0.60963317338742,0.288108583486183,0.226521979980308,0.485369436533509,0.229211290147569,0.237530382866243,0.0623195820320497,0.4058837890625,0.901580565457377,4.0508481047522,5.15988171079974,35.0094409931794,26.85546875,0.604922438053862,0.461010968260686,0.283131704640027,0.255857327099286
161,15,7,0.7,1.5,0.25,2,-0.119149305555556,2.67353746078796,2.67117794153711,9.169921875,0.0148773136341791,1.54756517665592,1.757305117307,14.0530041466003,13.427734375,0.263915575965805,0.989900878148957,0.00302453526114516,0.00707458658989767,9.96975802951389,9.97041712778447,0.114653635675949,0.8349609375,-4.01785944810824,21.527386867992,6.94324026250587,1.12100211131032,0.48828125,0.298069589041975,0.977551144250907,0.022390338757752,5.85169913412326e-05,0.890989583333333,0.918383317407495,0.222657802655198,1.46728515625,0.852338081482369,4.4531693042463,4.69692700201915,54.159017975053,80.322265625,0.560560121633723,0.278661322958803,0.167595566403301,0.553743110637895,0.2637353515625,0.263976787824261,0.0112888070932899,0.10498046875,1.52145102015416,8.0935272447405,7.07309518923613,33.9157352547705,17.822265625,0.786896018300587,0.520355696490302,0.254373950417898,0.2252703530918,0.268506808810764,0.283560943953736,0.0911742827552531,0.595703125,0.874100987429428,4.22201675534448,5.12576349341412,47.214603816488,53.955078125,0.592929551671339,0.363306169294911,0.151697357183175,0.484996473521914,0.287180718315972,0.306238738272464,0.106357480248508,0.648193359375,1.13687140695542,5.36422002926721,5.29131664966049,37.7656646250558,26.85546875,0.592515768690063,0.458283432062922,0.193615508650767,0.348101059286311
164,16,3,0.24,1.5,0.5,2,-0.139453667534722,2.98922639836042,2.98630355373073,9.99755859375,-0.00788105278135678,1.54514060504756,1.72106438460319,14.1471703498882,13.671875,0.251437055301676,0.991997224709868,0.00200802371003977,0.0059947515800919,9.9951171875,9.9951171875,0,0,0.07255227383315,1.84118652634409,1.04312758084087,62.5,62.5,0.999999999999982,0.159844054580897,0.319688109161793,0.52046783625731,1.24397243923611,1.25561572226584,0.170616181192291,1.083984375,-0.118794962221543,3.00215703850515,3.39002100056458,44.0098420743628,27.099609375,0.596604679178038,0.336759483978561,0.271925148306423,0.391315367715016,0.303187391493056,0.303485153241849,0.0134418759803829,0.111083984375,1.07881154411696,4.77889439919437,5.78047210398588,38.3791937456729,18.310546875,0.806189410535465,0.525632986631156,0.211414541474407,0.262952471894437,0.217033555772569,0.21928855415887,0.0313707562564609,0.2044677734375,0.568640481865011,3.1848269381878,4.26326785510232,63.3287241392171,79.833984375,0.589317919328603,0.181657002056063,0.132851510754319,0.685491487189618,0.222603352864583,0.224324363442255,0.0277369481248986,0.1898193359375,0.221060696472793,2.76702858474753,3.7230725366578,62.4978321124004,79.833984375,0.654828948185314,0.13400437916449,0.220910109477071,0.645085511358439
166,16,5,0.4,1.5,0.5,2,-0.139992404513889,3.24997349508188,3.24731784631749,11.3623046875,-0.00543347840741269,1.54866200600516,1.80020854236469,14.333048065283,13.916015625,0.252134294880003,0.991894910457222,0.00295899028514346,0.00514609925763482,9.9951171875,9.9951171875,0,0,0.07255227383315,1.84118652634409,1.04312758084087,62.5,62.5,0.999999999999982,0.159844054580897,0.319688109161793,0.52046783625731,1.10624837239583,1.11843252869149,0.16465686948944,1.90673828125,0.679251212903438,9.2700822027134,9.29728931502067,50.7016460398883,52.734375,0.641455574825852,0.0752549837706694,0.634666823476071,0.290078192753259,0.280033637152778,0.280239497487909,0.0107407472565469,0.087890625,0.881218881292549,4.53384714569703,5.74067760353922,34.7231782979639,17.822265625,0.801358081713195,0.561911186883462,0.201984962010131,0.236103851106407,0.249913058810764,0.255337461741289,0.05235734504574,0.2667236328125,0.647741566737835,2.57978388978965,3.11075083470248,58.8122513201164,79.1015625,0.574435783668221,0.131160747237402,0.282050127028797,0.586789125733801,0.231007215711806,0.233015477439095,0.0305300859072335,0.21728515625,0.517379187438316,3.07506892083035,4.18966141091191,50.2491440576113,51.7578125,0.684138066325281,0.210150173885652,0.367414830201504,0.422434995912844
167,16,6,0.62,1.5,0.5,2,-0.143602430555556,3.24816659092626,3.24535129941011,11.5283203125,-0.00406881801562209,1.5857437438833,1.80070136193245,14.3999036786064,13.916015625,0.259972957076963,0.98734049829118,0.00695052875421505,0.00570897295460524,9.9951171875,9.9951171875,0,0,0.07255227383315,1.84118652634409,1.04312758084087,62.5,62.5,0.999999999999982,0.159844054580897,0.319688109161793,0.52046783625731,0.999279513888889,1.01421528197396,0.173435220489135,1.81884765625,0.0935442973553863,4.05761127702683,8.02118312464426,33.5445053635024,23.681640625,0.594366217220754,0.494411970414235,0.305196405094724,0.20039162449104,0.274594184027778,0.274742456695332,0.00902605747189848,0.084228515625,0.539595164841639,3.72178387986999,6.40294174198105,36.9956345035032,18.798828125,0.801555967950494,0.507235325002306,0.219458568595169,0.273306106402524,0.217877468532986,0.22441571110274,0.0537816219998193,0.284423828125,0.861532661034902,3.38754568627046,3.39400259504902,56.165378966607,79.345703125,0.565702685229102,0.267812713155528,0.149428673572371,0.582758613272101,0.219428439670139,0.225725940234743,0.0529526492834405,0.3704833984375,1.25926104121901,4.88400964578633,5.17301803181928,53.3722107595928,69.091796875,0.609771893798244,0.302169243887811,0.171160362574326,0.526670393537863
