Repeat,Seed,Dataset,Experiment,RunLevelN,CleanFullMAE,CleanMedianMAE,CleanSingleMaskTrainMAE,CleanMultiMaskTrainMAE,CleanSingleSQTR_MAE,CleanSubsetRoutingMAE,CleanAnyTriggerRate,FullRelativeMAE,MedianRelativeMAE,SingleMaskTrainRelativeMAE,MultiMaskTrainRelativeMAE,SingleSQTR_RelativeMAE,SubsetRoutingRelativeMAE,OraclePairExclusionRelativeMAE,SubsetImprovementPercent,SingleImprovementPercent,SingleMaskImprovementPercent,MultiMaskImprovementPercent
1,2026081501,NUAA,W1,29,0.0189662457220917,0.0188031553844995,0.0177798419110346,0.0201138592636131,0.01855793107983,0.01855793107983,0.0689655172413793,1.61660389635502,1.10310212634197,1.06818150838756,1.13528154864117,1.09931474165952,1.06161427442638,0.897245235256814,34.3305879182884,31.9985097067898,33.9243514879555,29.7736723757188
1,2026081501,NUAA,W2,17,0.0148476120149696,0.0144463930649372,0.0163762517608315,0.0148363214522624,0.0139356538370896,0.0139356538370896,0.117647058823529,1.81989107110282,1.28714704172242,1.41486754156643,1.29824801436067,1.32364830232334,1.28156642699905,1.30145579841828,29.5800475452387,27.2677181980327,22.2553720916357,28.6634219500861
1,2026081501,NUAA,W3,11,0.0295033416448534,0.0295033416448534,0.0270618023104883,0.0266176293360615,0.0295033416448534,0.0295033416448534,0,1.0970827410516,0.966548449516878,0.91356491826356,0.901818741742673,0.99240612477501,0.946656659938697,0.884640170041743,13.7114618145128,9.54136022377404,16.727801461185,17.7984751744208
1,2026081501,NUAA,W4,28,0.0499947737234601,0.0498829239877363,0.0521321782101146,0.0522364016436155,0.0498742564749862,0.0498742564749862,0.0357142857142857,1.10402325914929,1.00428754325545,0.973490485661031,1.01558438619472,1.07339097279727,1.00562793835787,0.940176092670744,8.91243186916563,2.7746051632668,11.8233716913579,8.01059870991477
1,2026081501,NUAA,W5,7,0.0243134056071281,0.0289433481729886,0.0302825821173788,0.0422390021731151,0.0308928557556908,0.0308928557556908,0.142857142857143,1.51840543529559,1.25864893301565,1.27981011280927,1.72921306987863,1.59709701160805,1.48019121343696,1.61660246794397,2.51673373727045,-5.18251413510904,15.7135450743347,-13.8834878802972
1,2026081501,NUAA,W6,14,0.0360025923619169,0.0360025923619169,0.0351111199096593,0.033797960303312,0.0360025923619169,0.0360025923619169,0,1.09229259115188,1.01977316952511,1.00218424470753,0.985811538287137,0.997503669030513,0.992074415579927,0.984256071863097,9.17503024224211,8.67797904052507,8.24946970933154,9.74840017476039
1,2026081501,NUAA,W7,8,0.0769839701819179,0.0769839701819179,0.0746590918411004,0.0758485932239532,0.0769839701819179,0.0769839701819179,0,0.988223273152106,1.00187682501153,0.969635302176488,0.987778149445232,0.991129092458716,0.991814963022764,0.987694639914898,-0.363449229363013,-0.2940448161417,1.88094851443129,0.0450428277664844
1,2026081501,NUAA,W8,31,0.0589604040915583,0.0589604040915583,0.0600727855055994,0.0581625450719606,0.0589604040915583,0.0589604040915583,0,1.25384094830575,1.09526406512482,1.07130850025959,1.05450165860261,1.11756331848968,1.21644971658043,1.48740138951196,2.9821351564447,10.8688131457354,14.5578630441773,15.898291563416
1,2026081501,NUAA,W9,7,0.052176046086479,0.052176046086479,0.0557387638430218,0.0530167926313985,0.052176046086479,0.052176046086479,0,0.916500778819981,1.11671686294291,1.1768100411795,1.18336548369326,1.1441822066138,1.13813698129103,1.20304456592544,-24.1828711543931,-24.8424696471033,-28.4025140376503,-29.1177826621028
1,2026081501,PHM2010,c1,315,0.00801215564201792,0.00798163864359124,0.0103794962693196,0.010633107932084,0.00819049407155347,0.00816423872305722,0.053968253968254,1.08303291393236,0.998487152113231,1.21696694445241,1.29992173025734,1.06782588724855,1.10122996778963,1.26832012139733,-1.68019398332006,1.40411491545513,-12.3665706551562,-20.0260595532111
1,2026081501,PHM2010,c4,315,0.0150087833008585,0.0151961149394473,0.0152299404997609,0.0159954368581373,0.0150591275367102,0.0150591275367102,0.0285714285714286,1.01459452634761,1.10881577779054,1.11020127950054,1.14891173755249,0.99300252303477,1.02449244354854,1.08627253308084,-0.975553971946507,2.12814111964153,-9.42314892010158,-13.2385113182511
1,2026081501,PHM2010,c6,315,0.0145958561471217,0.0146218544703782,0.0113497478958077,0.0122375457113948,0.0145758642916344,0.0145758642916344,0.00634920634920635,1.28443404050568,1.23098050198983,0.907742014043513,0.969442324863205,1.1658011567797,1.16428970862513,0.747324708690607,9.35387323067555,9.23619897828825,29.3274714452336,24.5237751187644
2,2026081502,NUAA,W1,29,0.0189662457220917,0.0188031553844995,0.0177798419110346,0.0201138592636131,0.01855793107983,0.01855793107983,0.0689655172413793,1.66457507666648,1.15109673484897,1.09819959772852,1.17128114962122,1.17302988133812,1.11327563504353,0.897245235256814,33.1195299840119,29.5297702229655,34.0252288333066,29.6348259661043
2,2026081502,NUAA,W2,17,0.0148476120149696,0.0144463930649372,0.0163762517608315,0.0148363214522624,0.0139356538370896,0.0139356538370896,0.117647058823529,2.03646657311258,1.3280835928681,1.47335501984146,1.32051789016977,1.36641161176583,1.34748059683663,1.30145579841828,33.8324225583969,32.9028214945174,27.6514017320915,35.1564171195078
2,2026081502,NUAA,W3,11,0.0295033416448534,0.0295033416448534,0.0270618023104883,0.0266176293360615,0.0295033416448534,0.0295033416448534,0,1.06937084461482,0.987928620631325,0.927877836097381,0.917848788303737,1.01280786991941,0.967576660670399,0.884640170041743,9.51907230845523,5.28936944374819,13.2314256770677,14.1692713125784
2,2026081502,NUAA,W4,28,0.0499947737234601,0.0498829239877363,0.0521321782101146,0.0522364016436155,0.0498742564749862,0.0498742564749862,0.0357142857142857,1.08595515971907,0.976762105245913,0.955567001959892,1.00292164895799,1.06549864498231,0.993897536559706,0.940176092670744,8.47711089500045,1.88373475218351,12.0067717890773,7.64612700791047
2,2026081502,NUAA,W5,7,0.0243134056071281,0.0289433481729886,0.0302825821173788,0.0422390021731151,0.0308928557556908,0.0308928557556908,0.142857142857143,1.53236769472145,1.35451208410451,1.37261136705873,1.82182620903227,1.62095116825493,1.58869154739073,1.61660246794397,-3.67560950699315,-5.7808236129369,10.4254565149759,-18.8896252060071
2,2026081502,NUAA,W6,14,0.0360025923619169,0.0360025923619169,0.0351111199096593,0.033797960303312,0.0360025923619169,0.0360025923619169,0,1.12370296661095,1.04110348705367,1.02784062658761,1.00194439922769,1.01935024106615,1.01766536248054,0.984256071863097,9.43644426339897,9.28650440957049,8.53093236128552,10.8354761890924
2,2026081502,NUAA,W7,8,0.0769839701819179,0.0769839701819179,0.0746590918411004,0.0758485932239532,0.0769839701819179,0.0769839701819179,0,1.00453096656755,1.00377568508393,0.976565943868071,0.991976195292964,0.991079299215002,0.994534814049886,0.987694639914898,0.995106457675142,1.33909932100028,2.78388856393645,1.24981426082672
2,2026081502,NUAA,W8,31,0.0589604040915583,0.0589604040915583,0.0600727855055994,0.0581625450719606,0.0589604040915583,0.0589604040915583,0,1.26362732103263,1.0923538079861,1.06681043285953,1.05155425542884,1.10956920540784,1.21947528305808,1.48740138951196,3.49407117428177,12.1917366822124,15.5755486524509,16.7828806859357
2,2026081502,NUAA,W9,7,0.052176046086479,0.052176046086479,0.0557387638430218,0.0530167926313985,0.052176046086479,0.052176046086479,0,0.922313889865452,1.10344092991118,1.16778903943234,1.16217878556747,1.13167539289578,1.11849167960265,1.20304456592544,-21.2701762266441,-22.6995934172549,-26.6151417932892,-26.0068614750027
2,2026081502,PHM2010,c1,315,0.00801215564201792,0.00798163864359124,0.0103794962693196,0.010633107932084,0.00819049407155347,0.00816423872305722,0.053968253968254,1.09375627701593,0.997297577162189,1.21558486281118,1.30087404917963,1.0611258654471,1.09749928633035,1.26832012139733,-0.342216030488084,2.98333479354794,-11.1385496344421,-18.9363733508139
2,2026081502,PHM2010,c4,315,0.0150087833008585,0.0151961149394473,0.0152299404997609,0.0159954368581373,0.0150591275367102,0.0150591275367102,0.0285714285714286,1.01227142401459,1.11245651960808,1.11376436868837,1.15249244022676,0.992668189057275,1.02486127432731,1.08627253308084,-1.24372278166196,1.93655915718402,-10.0262580041303,-13.8521164270412
2,2026081502,PHM2010,c6,315,0.0145958561471217,0.0146218544703782,0.0113497478958077,0.0122375457113948,0.0145758642916344,0.0145758642916344,0.00634920634920635,1.27324344506492,1.21847485233518,0.898320365676655,0.95223721939822,1.15590328063346,1.1537831022998,0.747324708690607,9.38236463954665,9.21584673270959,29.4462995934878,25.2116927765004
3,2026081503,NUAA,W1,29,0.0189662457220917,0.0188031553844995,0.0177798419110346,0.0201138592636131,0.01855793107983,0.01855793107983,0.0689655172413793,1.64297822311592,1.14833927854798,1.10927524385396,1.18084540223224,1.13105519796022,1.08796040017176,0.897245235256814,33.7812038610938,31.1582355720355,32.4838742080094,28.1277508357505
3,2026081503,NUAA,W2,17,0.0148476120149696,0.0144463930649372,0.0163762517608315,0.0148363214522624,0.0139356538370896,0.0139356538370896,0.117647058823529,1.85592067902894,1.27088404936963,1.38243459416693,1.27477065401113,1.3194343440889,1.30551406047508,1.30145579841828,29.6567964769833,28.9067491408488,25.5121940399815,31.3133008099184
3,2026081503,NUAA,W3,11,0.0295033416448534,0.0295033416448534,0.0270618023104883,0.0266176293360615,0.0295033416448534,0.0295033416448534,0,1.04825837705062,0.999159154359233,0.935879184405455,0.923689110871846,1.00553650849446,0.9715662590274,0.884640170041743,7.31614644845531,4.07550938694758,10.7205623256128,11.883450579166
3,2026081503,NUAA,W4,28,0.0499947737234601,0.0498829239877363,0.0521321782101146,0.0522364016436155,0.0498742564749862,0.0498742564749862,0.0357142857142857,1.10464633410755,0.945342728892628,0.931054590130761,0.977847586824021,1.03976442973383,0.965403874008377,0.940176092670744,12.6051620142898,5.87354543896979,15.7146897261948,11.4786736142086
3,2026081503,NUAA,W5,7,0.0243134056071281,0.0289433481729886,0.0302825821173788,0.0422390021731151,0.0308928557556908,0.0308928557556908,0.142857142857143,1.62590527755732,1.267752829498,1.2846164513179,1.73343600873253,1.61994424812451,1.5184072392239,1.61660246794397,6.61158062632754,0.366628334078838,20.9906955190002,-6.61359137334
3,2026081503,NUAA,W6,14,0.0360025923619169,0.0360025923619169,0.0351111199096593,0.033797960303312,0.0360025923619169,0.0360025923619169,0,1.08003510580439,1.05281942378667,1.03604401003443,1.00751473515103,1.03417257385855,1.02903701246432,0.984256071863097,4.72189219276215,4.24639270514099,4.07311721012966,6.71463087298011
3,2026081503,NUAA,W7,8,0.0769839701819179,0.0769839701819179,0.0746590918411004,0.0758485932239532,0.0769839701819179,0.0769839701819179,0,1.00452978744075,1.00924160863764,0.982462537986872,0.993958005330634,0.988939617318714,0.999343561399705,0.987694639914898,0.516283947563179,1.55198684170015,2.19677402599498,1.05241101282349
3,2026081503,NUAA,W8,31,0.0589604040915583,0.0589604040915583,0.0600727855055994,0.0581625450719606,0.0589604040915583,0.0589604040915583,0,1.25178285999174,1.11231487056626,1.09545419439082,1.07093412331534,1.1248615951527,1.23105232823394,1.48740138951196,1.65608049290097,10.1392397112606,12.4884810774567,14.4472929336638
3,2026081503,NUAA,W9,7,0.052176046086479,0.052176046086479,0.0557387638430218,0.0530167926313985,0.052176046086479,0.052176046086479,0,0.96045114992673,1.14430694790361,1.20729363084042,1.21404659839617,1.167656741257,1.16147370154942,1.20304456592544,-20.9300131129031,-21.5737772135597,-25.7006804492373,-26.4037841475625
3,2026081503,PHM2010,c1,315,0.00801215564201792,0.00798163864359124,0.0103794962693196,0.010633107932084,0.00819049407155347,0.00816423872305722,0.053968253968254,1.08115831668896,0.99180514588879,1.2085779884375,1.29310161609039,1.06004932189248,1.09529194500975,1.26832012139733,-1.30726722466347,1.95244253044521,-11.7854776475995,-19.6033546733945
3,2026081503,PHM2010,c4,315,0.0150087833008585,0.0151961149394473,0.0152299404997609,0.0159954368581373,0.0150591275367102,0.0150591275367102,0.0285714285714286,1.0135413501874,1.1079650778376,1.11049006952933,1.14893389290351,0.991091565565177,1.02349811422507,1.08627253308084,-0.982373736979973,2.21498458035972,-9.56534425793325,-13.3583639869332
3,2026081503,PHM2010,c6,315,0.0145958561471217,0.0146218544703782,0.0113497478958077,0.0122375457113948,0.0145758642916344,0.0145758642916344,0.00634920634920635,1.28175557205692,1.22235050952234,0.910474394461835,0.973493113896761,1.1619724752122,1.16078445564448,0.747324708690607,9.43792397315728,9.3452370682887,28.9666131116765,24.0500189646508
4,2026081504,NUAA,W1,29,0.0189662457220917,0.0188031553844995,0.0177798419110346,0.0201138592636131,0.01855793107983,0.01855793107983,0.0689655172413793,1.6328951385548,1.08879842265981,1.04651868084601,1.12985393139855,1.14524710743363,1.04902858309003,0.897245235256814,35.7565248177244,29.8640138982082,35.9102335394154,30.8067061551464
4,2026081504,NUAA,W2,17,0.0148476120149696,0.0144463930649372,0.0163762517608315,0.0148363214522624,0.0139356538370896,0.0139356538370896,0.117647058823529,1.9016879031719,1.36976375485633,1.48131241538509,1.34288706667798,1.44429319134533,1.39798334201605,1.30145579841828,26.4872359084632,24.0520387737471,22.1053879075346,29.3844660610118
4,2026081504,NUAA,W3,11,0.0295033416448534,0.0295033416448534,0.0270618023104883,0.0266176293360615,0.0295033416448534,0.0295033416448534,0,1.18707785427921,1.0055175096638,0.948650609809231,0.939586422161201,1.03442325111091,0.982864390578222,0.884640170041743,17.2030387867849,12.8596959852304,20.0852238638341,20.8487953191818
4,2026081504,NUAA,W4,28,0.0499947737234601,0.0498829239877363,0.0521321782101146,0.0522364016436155,0.0498742564749862,0.0498742564749862,0.0357142857142857,1.12908097145982,0.985215550599835,0.965875709380648,1.00467160187866,1.06721393515894,0.989838598212308,0.940176092670744,12.3323638221875,5.47941537097115,14.4546995480902,11.0186401795713
4,2026081504,NUAA,W5,7,0.0243134056071281,0.0289433481729886,0.0302825821173788,0.0422390021731151,0.0308928557556908,0.0308928557556908,0.142857142857143,1.49866592060308,1.38312610989341,1.40927469071741,1.83345010116615,1.64836118759643,1.63312506711173,1.61660246794397,-8.97192260530942,-9.98856816154969,5.96472026598809,-22.3388132045032
4,2026081504,NUAA,W6,14,0.0360025923619169,0.0360025923619169,0.0351111199096593,0.033797960303312,0.0360025923619169,0.0360025923619169,0,1.07553398636897,1.05230116520542,1.04256981317668,1.01690946864499,1.01770869466876,1.02553441367146,0.984256071863097,4.64881382933416,5.37642626203095,3.06491227707055,5.45073595692653
4,2026081504,NUAA,W7,8,0.0769839701819179,0.0769839701819179,0.0746590918411004,0.0758485932239532,0.0769839701819179,0.0769839701819179,0,1.00621814416396,0.997205463966875,0.973987569772182,0.982400197721242,0.982640290902668,0.991278799733627,0.987694639914898,1.4847023497817,2.3432148782093,3.20313985378949,2.36707582554143
4,2026081504,NUAA,W8,31,0.0589604040915583,0.0589604040915583,0.0600727855055994,0.0581625450719606,0.0589604040915583,0.0589604040915583,0,1.229743375874,1.08953461404276,1.06793664652639,1.04815349888077,1.10420000214417,1.20281189997981,1.48740138951196,2.19000780346119,10.2089083131354,13.1577638491132,14.7664854762218
4,2026081504,NUAA,W9,7,0.052176046086479,0.052176046086479,0.0557387638430218,0.0530167926313985,0.052176046086479,0.052176046086479,0,0.895070578770956,1.11304212226123,1.17419343883176,1.17075664628745,1.14648075356506,1.13240440621063,1.20304456592544,-26.5156550856095,-28.0883073086056,-31.1844525650785,-30.8004836775045
4,2026081504,PHM2010,c1,315,0.00801215564201792,0.00798163864359124,0.0103794962693196,0.010633107932084,0.00819049407155347,0.00816423872305722,0.053968253968254,1.08792690194961,1.007176755841,1.2222747102495,1.30435984308612,1.07094249658901,1.10424519001499,1.26832012139733,-1.49994342782889,1.56117155758959,-12.34897381976,-19.8940701575306
4,2026081504,PHM2010,c4,315,0.0150087833008585,0.0151961149394473,0.0152299404997609,0.0159954368581373,0.0150591275367102,0.0150591275367102,0.0285714285714286,1.02132803928446,1.11301928638267,1.11402958557519,1.15261655164253,0.994534121497881,1.02651426325418,1.08627253308084,-0.50779218529587,2.62343896926089,-9.07656920451103,-12.8546859880646
4,2026081504,PHM2010,c6,315,0.0145958561471217,0.0146218544703782,0.0113497478958077,0.0122375457113948,0.0145758642916344,0.0145758642916344,0.00634920634920635,1.28129760321465,1.22403036679436,0.908650807262867,0.965003913896404,1.15961085714691,1.15928525139609,0.747324708690607,9.52256146522395,9.49714927761068,29.0835474144999,24.6854195719009
5,2026081505,NUAA,W1,29,0.0189662457220917,0.0188031553844995,0.0177798419110346,0.0201138592636131,0.01855793107983,0.01855793107983,0.0689655172413793,1.74570421752694,1.08299668723009,1.06416069557507,1.14338792843319,1.08695593789424,1.03691481355703,0.897245235256814,40.6019185182485,37.7353891351606,39.0411797777165,34.5027687420628
5,2026081505,NUAA,W2,17,0.0148476120149696,0.0144463930649372,0.0163762517608315,0.0148363214522624,0.0139356538370896,0.0139356538370896,0.117647058823529,1.87727207118467,1.32476624008623,1.4365622646476,1.31568037536755,1.37937273987436,1.35516078123788,1.30145579841828,27.8122333976504,26.5224918088779,23.4760753809626,29.9153066003224
5,2026081505,NUAA,W3,11,0.0295033416448534,0.0295033416448534,0.0270618023104883,0.0266176293360615,0.0295033416448534,0.0295033416448534,0,1.07185001665066,0.972432126924269,0.907731240331312,0.897622509993886,0.98965680714533,0.957136089613838,0.884640170041743,10.7024234039089,7.66834988370572,15.3117296048742,16.2548401315702
5,2026081505,NUAA,W4,28,0.0499947737234601,0.0498829239877363,0.0521321782101146,0.0522364016436155,0.0498742564749862,0.0498742564749862,0.0357142857142857,1.11903915444644,0.976546592067921,0.963876590390768,1.00062892470817,1.06670051827948,0.993567916485834,0.940176092670744,11.2124082041327,4.67710499306513,13.8656957121782,10.5814197177802
5,2026081505,NUAA,W5,7,0.0243134056071281,0.0289433481729886,0.0302825821173788,0.0422390021731151,0.0308928557556908,0.0308928557556908,0.142857142857143,1.53198939768725,1.32475361710846,1.33975692663199,1.82064831081527,1.59969962170414,1.57232256898732,1.61660246794397,-2.63273175133914,-4.41975800348877,12.5478982651881,-18.8420960069164
5,2026081505,NUAA,W6,14,0.0360025923619169,0.0360025923619169,0.0351111199096593,0.033797960303312,0.0360025923619169,0.0360025923619169,0,1.07920380974114,1.01188511270807,0.993515902529233,0.968140699906323,0.995289400288417,0.991659730662772,0.984256071863097,8.11191345769683,7.77558499101775,7.93991889562183,10.2912080954808
5,2026081505,NUAA,W7,8,0.0769839701819179,0.0769839701819179,0.0746590918411004,0.0758485932239532,0.0769839701819179,0.0769839701819179,0,1.00681113618469,1.01017229061735,0.98225668901527,0.998105213843018,0.989222225339358,1.00155292946199,0.987694639914898,0.522263464688036,1.74699208353902,2.4388334899108,0.864702626817108
5,2026081505,NUAA,W8,31,0.0589604040915583,0.0589604040915583,0.0600727855055994,0.0581625450719606,0.0589604040915583,0.0589604040915583,0,1.29041581507079,1.0989401252567,1.07692169050985,1.06101568223043,1.11389745729584,1.23126113809239,1.48740138951196,4.58415622991674,13.6791843151167,16.5445991956648,17.7772257718161
5,2026081505,NUAA,W9,7,0.052176046086479,0.052176046086479,0.0557387638430218,0.0530167926313985,0.052176046086479,0.052176046086479,0,0.898391604098705,1.10523460445934,1.17077498708081,1.1712723759212,1.12573188009979,1.12140603202206,1.20304456592544,-24.8237435552493,-25.3052538518725,-30.3190036215181,-30.3743679902545
5,2026081505,PHM2010,c1,315,0.00801215564201792,0.00798163864359124,0.0103794962693196,0.010633107932084,0.00819049407155347,0.00816423872305722,0.053968253968254,1.07625845122737,0.99440201117515,1.21294783375672,1.29195695995097,1.06279975502607,1.09711942621834,1.26832012139733,-1.93828675325868,1.25050782978326,-12.7004236179023,-20.0415159088989
5,2026081505,PHM2010,c4,315,0.0150087833008585,0.0151961149394473,0.0152299404997609,0.0159954368581373,0.0150591275367102,0.0150591275367102,0.0285714285714286,1.02125388951424,1.11097323622968,1.11266650937282,1.15153069364257,0.994104808063042,1.0260165008979,1.08627253308084,-0.466349399749457,2.65840666360722,-8.95101803745095,-12.7565540230448
5,2026081505,PHM2010,c6,315,0.0145958561471217,0.0146218544703782,0.0113497478958077,0.0122375457113948,0.0145758642916344,0.0145758642916344,0.00634920634920635,1.26524246842016,1.20219945382173,0.892388188982845,0.942930130821421,1.14035061856205,1.13973627401399,0.747324708690607,9.91953696929598,9.8709814897417,29.4689981362131,25.4743533862874
6,2026081506,NUAA,W1,29,0.0189662457220917,0.0188031553844995,0.0177798419110346,0.0201138592636131,0.01855793107983,0.01855793107983,0.0689655172413793,1.67539714757308,1.13617586211043,1.10152261945016,1.16484342411864,1.12873275196007,1.0866128668199,0.897245235256814,35.1429678393611,32.6289439136797,34.2530443575254,30.4735939292967
6,2026081506,NUAA,W2,17,0.0148476120149696,0.0144463930649372,0.0163762517608315,0.0148363214522624,0.0139356538370896,0.0139356538370896,0.117647058823529,1.90086614695709,1.23836802817935,1.35246850968792,1.2577889984765,1.29408945507253,1.2607156430376,1.30145579841828,33.6767796588018,31.9210636086022,28.8498818366063,33.8307433961109
6,2026081506,NUAA,W3,11,0.0295033416448534,0.0295033416448534,0.0270618023104883,0.0266176293360615,0.0295033416448534,0.0295033416448534,0,1.08663330584239,0.982199158950993,0.920597788753724,0.909459714890161,0.999564942401868,0.95510345285889,0.884640170041743,12.1043458061076,8.01267207367859,15.279811155793,16.3048187460884
6,2026081506,NUAA,W4,28,0.0499947737234601,0.0498829239877363,0.0521321782101146,0.0522364016436155,0.0498742564749862,0.0498742564749862,0.0357142857142857,1.06881994850944,0.969133559517412,0.947718592082612,0.989946286727864,1.0623428581973,0.988260253598403,0.940176092670744,7.53725592635003,0.606003875692523,11.3303795083276,7.37950876493039
6,2026081506,NUAA,W5,7,0.0243134056071281,0.0289433481729886,0.0302825821173788,0.0422390021731151,0.0308928557556908,0.0308928557556908,0.142857142857143,1.53727851996119,1.25955418711773,1.2712773107284,1.79557810642759,1.66345154935943,1.49509669027929,1.61660246794397,2.7439289064528,-8.20755821146975,17.3033842455243,-16.8023935228677
6,2026081506,NUAA,W6,14,0.0360025923619169,0.0360025923619169,0.0351111199096593,0.033797960303312,0.0360025923619169,0.0360025923619169,0,1.08650932001727,1.03375349688202,1.01643173018501,0.992619815987315,1.00612463230004,1.01096996593895,0.984256071863097,6.9524810037635,7.39843517549852,6.44979187395699,8.6413896595438
6,2026081506,NUAA,W7,8,0.0769839701819179,0.0769839701819179,0.0746590918411004,0.0758485932239532,0.0769839701819179,0.0769839701819179,0,1.00402600899624,1.00126210398198,0.980227752072643,0.985722227318613,0.988574890568096,0.991661608217372,0.987694639914898,1.23148211979358,1.53891615253968,2.37028291203205,1.82303859796659
6,2026081506,NUAA,W8,31,0.0589604040915583,0.0589604040915583,0.0600727855055994,0.0581625450719606,0.0589604040915583,0.0589604040915583,0,1.25062916040861,1.07838539888224,1.05770037154825,1.04091176439117,1.09764972117433,1.2071150914654,1.48740138951196,3.47937424783818,12.2321983268245,15.4265384950189,16.7689513931468
6,2026081506,NUAA,W9,7,0.052176046086479,0.052176046086479,0.0557387638430218,0.0530167926313985,0.052176046086479,0.052176046086479,0,0.869476720278316,1.08083528331681,1.14188605841454,1.13276922442756,1.12754959881713,1.11118284152679,1.20304456592544,-27.7990330978732,-29.6814017580829,-31.3302624191051,-30.2817197986585
6,2026081506,PHM2010,c1,315,0.00801215564201792,0.00798163864359124,0.0103794962693196,0.010633107932084,0.00819049407155347,0.00816423872305722,0.053968253968254,1.09453994442413,0.992969606459351,1.21137485602419,1.29548922205934,1.05808466811475,1.0921993721453,1.26832012139733,0.213840736535567,3.33064832353487,-10.6743396799033,-18.359245695773
6,2026081506,PHM2010,c4,315,0.0150087833008585,0.0151961149394473,0.0152299404997609,0.0159954368581373,0.0150591275367102,0.0150591275367102,0.0285714285714286,1.01720589705135,1.11184583824943,1.1138659928941,1.15258618417587,0.994870318617235,1.02603828997025,1.08627253308084,-0.868299421434497,2.19577752143035,-9.5025103691343,-13.3090348293257
6,2026081506,PHM2010,c6,315,0.0145958561471217,0.0146218544703782,0.0113497478958077,0.0122375457113948,0.0145758642916344,0.0145758642916344,0.00634920634920635,1.29682109384891,1.23266257910782,0.905472193182575,0.969080732113198,1.17145674928563,1.17007819247496,0.747324708690607,9.77335285299702,9.66705007791077,30.177555140226,25.2725964506788
7,2026081507,NUAA,W1,29,0.0189662457220917,0.0188031553844995,0.0177798419110346,0.0201138592636131,0.01855793107983,0.01855793107983,0.0689655172413793,1.73795509283345,1.17651895520619,1.10922842295615,1.17467630528872,1.18919998321883,1.13393512312408,0.897245235256814,34.7546361928497,31.5747577067694,36.1762321978221,32.4104339558277
7,2026081507,NUAA,W2,17,0.0148476120149696,0.0144463930649372,0.0163762517608315,0.0148363214522624,0.0139356538370896,0.0139356538370896,0.117647058823529,2.02368988527759,1.33003547258037,1.4440388016242,1.30510735006028,1.4009415323082,1.37070683378191,1.30145579841828,32.2669523747761,30.7729142444157,28.6432762188695,35.5085302567859
7,2026081507,NUAA,W3,11,0.0295033416448534,0.0295033416448534,0.0270618023104883,0.0266176293360615,0.0295033416448534,0.0295033416448534,0,1.13018828297401,0.961848218782365,0.902182923051069,0.895412897783859,1.00050820160123,0.937415819568231,0.884640170041743,17.0566680180503,11.4742015402543,20.1741040283094,20.773121499044
7,2026081507,NUAA,W4,28,0.0499947737234601,0.0498829239877363,0.0521321782101146,0.0522364016436155,0.0498742564749862,0.0498742564749862,0.0357142857142857,1.07037312007382,0.928452174792759,0.934449283737166,0.975519894134111,1.00778000798942,0.941649385092865,0.940176092670744,12.0260619934174,5.84778437635668,12.698734094451,8.86169730543737
7,2026081507,NUAA,W5,7,0.0243134056071281,0.0289433481729886,0.0302825821173788,0.0422390021731151,0.0308928557556908,0.0308928557556908,0.142857142857143,1.4606219462969,1.22161881649765,1.23469714164139,1.72139498614381,1.47590964454138,1.44944385957151,1.61660246794397,0.765296369380805,-1.04665675353166,15.4677125883462,-17.8535616631014
7,2026081507,NUAA,W6,14,0.0360025923619169,0.0360025923619169,0.0351111199096593,0.033797960303312,0.0360025923619169,0.0360025923619169,0,1.09902665207825,1.03361203981316,1.01737089569393,0.991770842466919,1.01340379214628,1.01122325448372,0.984256071863097,7.98919638832216,7.79079012961656,7.42982494827656,9.75916365708806
7,2026081507,NUAA,W7,8,0.0769839701819179,0.0769839701819179,0.0746590918411004,0.0758485932239532,0.0769839701819179,0.0769839701819179,0,1.00570975834515,1.01074227667246,0.984624078331021,0.99369424788666,1.00441813062154,1.00140861331102,0.987694639914898,0.427672596237347,0.128429471116013,2.0965969395408,1.1947294295184
7,2026081507,NUAA,W8,31,0.0589604040915583,0.0589604040915583,0.0600727855055994,0.0581625450719606,0.0589604040915583,0.0589604040915583,0,1.28609805614239,1.1013624679956,1.08007162475801,1.05817154729837,1.11816575521787,1.22890400976761,1.48740138951196,4.44709842314287,13.0575036734153,16.0194963673567,17.7223274504961
7,2026081507,NUAA,W9,7,0.052176046086479,0.052176046086479,0.0557387638430218,0.0530167926313985,0.052176046086479,0.052176046086479,0,0.922298971079492,1.13035663349566,1.18931094016205,1.19925108104632,1.14708912394642,1.14546001129354,1.20304456592544,-24.1961714380811,-24.3728075077246,-28.9506957565009,-30.028452665698
7,2026081507,PHM2010,c1,315,0.00801215564201792,0.00798163864359124,0.0103794962693196,0.010633107932084,0.00819049407155347,0.00816423872305722,0.053968253968254,1.09028393277262,0.994042778238466,1.21490650984813,1.29918525817388,1.06395100148594,1.09662234304696,1.26832012139733,-0.581354093535874,2.41523611374473,-11.4302864904733,-19.1602681762001
7,2026081507,PHM2010,c4,315,0.0150087833008585,0.0151961149394473,0.0152299404997609,0.0159954368581373,0.0150591275367102,0.0150591275367102,0.0285714285714286,1.01514355067271,1.11206704813778,1.11256590398735,1.15108706783078,0.993269336433741,1.02560647211151,1.08627253308084,-1.03068392956465,2.1547902485788,-9.59690412750711,-13.3915560088006
7,2026081507,PHM2010,c6,315,0.0145958561471217,0.0146218544703782,0.0113497478958077,0.0122375457113948,0.0145758642916344,0.0145758642916344,0.00634920634920635,1.26085357989865,1.21118377013381,0.894653040305652,0.95662767929748,1.1511993194257,1.15032905023026,0.747324708690607,8.76584969344926,8.6968274684017,29.0438592895485,24.1285669844095
8,2026081508,NUAA,W1,29,0.0189662457220917,0.0188031553844995,0.0177798419110346,0.0201138592636131,0.01855793107983,0.01855793107983,0.0689655172413793,1.68890612057706,1.13694948211368,1.09729417046694,1.16657288129422,1.13735763731515,1.09154679963262,0.897245235256814,35.3695989176909,32.6571427826586,35.0292975377447,30.9273104596464
8,2026081508,NUAA,W2,17,0.0148476120149696,0.0144463930649372,0.0163762517608315,0.0148363214522624,0.0139356538370896,0.0139356538370896,0.117647058823529,1.93773328966751,1.27069533953434,1.38023807190936,1.28748777083432,1.36946950232524,1.33674364388367,1.30145579841828,31.0150859764075,29.3262127648012,28.7704825391019,33.5570185174848
8,2026081508,NUAA,W3,11,0.0295033416448534,0.0295033416448534,0.0270618023104883,0.0266176293360615,0.0295033416448534,0.0295033416448534,0,1.11382948585273,0.948866948242965,0.906905107821265,0.89975025449385,0.981928398943735,0.927032495752173,0.884640170041743,16.7706989690208,11.8421256201535,18.5777428825241,19.2201081115194
8,2026081508,NUAA,W4,28,0.0499947737234601,0.0498829239877363,0.0521321782101146,0.0522364016436155,0.0498742564749862,0.0498742564749862,0.0357142857142857,1.08841071925055,0.974315490649751,0.958485569735974,1.00083367968789,1.04765865024442,0.985764594158532,0.940176092670744,9.43082636697086,3.74418115196335,11.9371435081087,8.04632277261658
8,2026081508,NUAA,W5,7,0.0243134056071281,0.0289433481729886,0.0302825821173788,0.0422390021731151,0.0308928557556908,0.0308928557556908,0.142857142857143,1.50598606220246,1.30441186832103,1.32438838967341,1.74884137192207,1.61037819846889,1.55408309878236,1.61660246794397,-3.19372388543655,-6.93181290892984,12.0583899869208,-16.125999822631
8,2026081508,NUAA,W6,14,0.0360025923619169,0.0360025923619169,0.0351111199096593,0.033797960303312,0.0360025923619169,0.0360025923619169,0,1.10807851654956,1.03921490489554,1.02162261175404,0.9995332696511,1.0063828554717,1.01700073412606,0.984256071863097,8.21943400789905,9.1776584022695,7.80232659547764,9.79580826424249
8,2026081508,NUAA,W7,8,0.0769839701819179,0.0769839701819179,0.0746590918411004,0.0758485932239532,0.0769839701819179,0.0769839701819179,0,1.0094830423532,1.01857172504415,0.989459752340469,1.00656912397405,1.01141618809602,1.01429812503596,0.987694639914898,-0.476984999325709,-0.191498585088913,1.98351920464675,0.288654514923804
8,2026081508,NUAA,W8,31,0.0589604040915583,0.0589604040915583,0.0600727855055994,0.0581625450719606,0.0589604040915583,0.0589604040915583,0,1.28409122670397,1.0898910486364,1.0683140557854,1.04525725828615,1.11312970312828,1.22126327862819,1.48740138951196,4.89279474613746,13.3138144720852,16.8038817204937,18.5994548869295
8,2026081508,NUAA,W9,7,0.052176046086479,0.052176046086479,0.0557387638430218,0.0530167926313985,0.052176046086479,0.052176046086479,0,0.925675622611073,1.1473604810572,1.20407510822807,1.21827558318925,1.17680427017197,1.16412289358144,1.20304456592544,-25.7592687055728,-27.1292277150534,-30.0752746228434,-31.6093406189994
8,2026081508,PHM2010,c1,315,0.00801215564201792,0.00798163864359124,0.0103794962693196,0.010633107932084,0.00819049407155347,0.00816423872305722,0.053968253968254,1.08668947537117,0.993383894707219,1.21495890875446,1.30003744889034,1.06113481892279,1.09746977344127,1.26832012139733,-0.992031147298473,2.35160614209948,-11.8036878326695,-19.6328370113549
8,2026081508,PHM2010,c4,315,0.0150087833008585,0.0151961149394473,0.0152299404997609,0.0159954368581373,0.0150591275367102,0.0150591275367102,0.0285714285714286,1.0169575200962,1.1143699747979,1.11584135987571,1.15399294308257,0.996139529018585,1.02769423219529,1.08627253308084,-1.0557680027843,2.04708561235178,-9.72349757246032,-13.4750390530966
8,2026081508,PHM2010,c6,315,0.0145958561471217,0.0146218544703782,0.0113497478958077,0.0122375457113948,0.0145758642916344,0.0145758642916344,0.00634920634920635,1.28163018150386,1.22376268641295,0.898140458791424,0.951362824070618,1.15970835256089,1.15870943078214,0.747324708690607,9.59096879081692,9.51302729153197,29.9220265133311,25.7693180294576
9,2026081509,NUAA,W1,29,0.0189662457220917,0.0188031553844995,0.0177798419110346,0.0201138592636131,0.01855793107983,0.01855793107983,0.0689655172413793,1.72488519059977,1.12085234149729,1.07751061672542,1.15166815107813,1.14906207426978,1.06404445365197,0.897245235256814,38.3121578496486,33.3832720848958,37.5314587546114,33.2321851126983
9,2026081509,NUAA,W2,17,0.0148476120149696,0.0144463930649372,0.0163762517608315,0.0148363214522624,0.0139356538370896,0.0139356538370896,0.117647058823529,1.92099676509545,1.25680345984502,1.35917314376844,1.28205132361355,1.27446066216573,1.3045237564554,1.30145579841828,32.091309045459,33.6562827526465,29.2464636867358,33.2611409395137
9,2026081509,NUAA,W3,11,0.0295033416448534,0.0295033416448534,0.0270618023104883,0.0266176293360615,0.0295033416448534,0.0295033416448534,0,1.09424070869494,0.99484514208663,0.925946514081457,0.918472113688437,1.01131472434165,0.962624040320958,0.884640170041743,12.0281275708485,7.57840424820198,15.379997588849,16.0630648823272
9,2026081509,NUAA,W4,28,0.0499947737234601,0.0498829239877363,0.0521321782101146,0.0522364016436155,0.0498742564749862,0.0498742564749862,0.0357142857142857,1.0666591353748,0.952010363922497,0.934537930696138,0.975253849265613,1.03740206784893,0.954213074850025,0.940176092670744,10.5418926061384,2.74286944681605,12.3864503942244,8.56930607705991
9,2026081509,NUAA,W5,7,0.0243134056071281,0.0289433481729886,0.0302825821173788,0.0422390021731151,0.0308928557556908,0.0308928557556908,0.142857142857143,1.49204781282657,1.29939112622505,1.31756786715886,1.78503741456224,1.5648761540801,1.57103496685917,1.61660246794397,-5.29387552822202,-4.88109969583099,11.6939915844369,-19.6367434888445
9,2026081509,NUAA,W6,14,0.0360025923619169,0.0360025923619169,0.0351111199096593,0.033797960303312,0.0360025923619169,0.0360025923619169,0,1.09294091553449,1.02996984720093,1.01026358654904,0.986576596947184,1.00756082532805,1.00426511189885,0.984256071863097,8.11350388435876,7.8119584501684,7.56466592203852,9.73193674749484
9,2026081509,NUAA,W7,8,0.0769839701819179,0.0769839701819179,0.0746590918411004,0.0758485932239532,0.0769839701819179,0.0769839701819179,0,1.00960912109009,1.02031976777071,0.992402911689249,1.00828710267981,0.995744682633594,1.01235914296896,0.987694639914898,-0.272384809272123,1.37324813800427,1.70424464690439,0.130943588231757
9,2026081509,NUAA,W8,31,0.0589604040915583,0.0589604040915583,0.0600727855055994,0.0581625450719606,0.0589604040915583,0.0589604040915583,0,1.23868905373098,1.08817205689689,1.06772381870542,1.05301644428809,1.11294508347339,1.22186318339237,1.48740138951196,1.35836110668194,10.1513749458626,13.802110748505,14.9894445973855
9,2026081509,NUAA,W9,7,0.052176046086479,0.052176046086479,0.0557387638430218,0.0530167926313985,0.052176046086479,0.052176046086479,0,0.883693032535174,1.10030857042186,1.16279635646878,1.15867817372003,1.12548034852419,1.12551746474271,1.20304456592544,-27.3652075216418,-27.361007395902,-31.583741600056,-31.1177219985506
9,2026081509,PHM2010,c1,315,0.00801215564201792,0.00798163864359124,0.0103794962693196,0.010633107932084,0.00819049407155347,0.00816423872305722,0.053968253968254,1.10038749347118,0.998034946013536,1.21571545333073,1.30151686125933,1.06444774123778,1.10079414631458,1.26832012139733,-0.0369554221406149,3.26609966458528,-10.4806679959391,-18.2780492309744
9,2026081509,PHM2010,c4,315,0.0150087833008585,0.0151961149394473,0.0152299404997609,0.0159954368581373,0.0150591275367102,0.0150591275367102,0.0285714285714286,1.01671525852716,1.10915331696348,1.11157691973917,1.15020939393484,0.993219858885207,1.02430882619157,1.08627253308084,-0.746872597880518,2.31091246491086,-9.33020926128599,-13.1299431466254
9,2026081509,PHM2010,c6,315,0.0145958561471217,0.0146218544703782,0.0113497478958077,0.0122375457113948,0.0145758642916344,0.0145758642916344,0.00634920634920635,1.2757136028369,1.21557933280431,0.894072212325828,0.955325778863548,1.15020118248575,1.14933267037676,0.747324708690607,9.90668533902085,9.8386048461058,29.9159144860089,25.1144005410681
10,2026081510,NUAA,W1,29,0.0189662457220917,0.0188031553844995,0.0177798419110346,0.0201138592636131,0.01855793107983,0.01855793107983,0.0689655172413793,1.6841618920211,1.08414206164954,1.05077538854284,1.11754180311909,1.09659961492534,1.0475717994971,0.897245235256814,37.7986282399519,34.8875176358875,37.608409647493,33.6440393044419
10,2026081510,NUAA,W2,17,0.0148476120149696,0.0144463930649372,0.0163762517608315,0.0148363214522624,0.0139356538370896,0.0139356538370896,0.117647058823529,1.88222976421898,1.31672978194564,1.46861890569593,1.27681032054213,1.38927073870693,1.36285995433568,1.30145579841828,27.5933267955098,26.1901620558313,21.9745148220346,32.1650127516747
10,2026081510,NUAA,W3,11,0.0295033416448534,0.0295033416448534,0.0270618023104883,0.0266176293360615,0.0295033416448534,0.0295033416448534,0,1.03028316493816,0.960516611599049,0.892649274003859,0.881519378485952,0.987387457328366,0.939249782703465,0.884640170041743,8.83576334474619,4.16348719163735,13.3588411048689,14.4391164987287
10,2026081510,NUAA,W4,28,0.0499947737234601,0.0498829239877363,0.0521321782101146,0.0522364016436155,0.0498742564749862,0.0498742564749862,0.0357142857142857,1.10211009323201,0.99277204523404,0.966420807909983,1.00708538686381,1.07104931114695,1.00605338560867,0.940176092670744,8.71570891267734,2.81830120927069,12.311772313427,8.62207024069005
10,2026081510,NUAA,W5,7,0.0243134056071281,0.0289433481729886,0.0302825821173788,0.0422390021731151,0.0308928557556908,0.0308928557556908,0.142857142857143,1.47968675445622,1.33337650672848,1.34686948569146,1.82856966740913,1.51479591434059,1.58891538949884,1.61660246794397,-7.38187557019552,-2.37274272940795,8.97603958167271,-23.5781601681717
10,2026081510,NUAA,W6,14,0.0360025923619169,0.0360025923619169,0.0351111199096593,0.033797960303312,0.0360025923619169,0.0360025923619169,0,1.11120230529259,1.03163990665528,1.01443699546787,0.990889105522496,1.00237060131814,1.01199415709709,0.984256071863097,8.92800057406084,9.79404951340496,8.70816316379402,10.8272993312784
10,2026081510,NUAA,W7,8,0.0769839701819179,0.0769839701819179,0.0746590918411004,0.0758485932239532,0.0769839701819179,0.0769839701819179,0,0.994682129006113,1.00387891288124,0.975813000034932,0.989258118544204,0.987562715202573,0.991172910569784,0.987694639914898,0.35279797776564,0.715747633935502,1.89700090319662,0.545300885955283
10,2026081510,NUAA,W8,31,0.0589604040915583,0.0589604040915583,0.0600727855055994,0.0581625450719606,0.0589604040915583,0.0589604040915583,0,1.22774469896397,1.08808970316899,1.06846863615828,1.0516794511909,1.11055920653258,1.21458835036259,1.48740138951196,1.07158667534738,9.54477690111616,12.9730605182078,14.3405422903993
10,2026081510,NUAA,W9,7,0.052176046086479,0.052176046086479,0.0557387638430218,0.0530167926313985,0.052176046086479,0.052176046086479,0,0.919581447245218,1.11368924092082,1.17467241803746,1.17838986318528,1.14125382233666,1.13050113784453,1.20304456592544,-22.936488250297,-24.1057902761633,-27.7398996637453,-28.1441537033363
10,2026081510,PHM2010,c1,315,0.00801215564201792,0.00798163864359124,0.0103794962693196,0.010633107932084,0.00819049407155347,0.00816423872305722,0.053968253968254,1.09510456646717,1.00816774856751,1.22621330662592,1.31359736436473,1.07652598019784,1.1132178049868,1.26832012139733,-1.65401908404618,1.69651253754337,-11.9722576430952,-19.9517748887142
10,2026081510,PHM2010,c4,315,0.0150087833008585,0.0151961149394473,0.0152299404997609,0.0159954368581373,0.0150591275367102,0.0150591275367102,0.0285714285714286,1.0167579715468,1.11298479921985,1.11368040581636,1.15260655382455,0.994798977690386,1.02559107974034,1.08627253308084,-0.86875229314346,2.15970707591415,-9.53249809510742,-13.3609557121132
10,2026081510,PHM2010,c6,315,0.0145958561471217,0.0146218544703782,0.0113497478958077,0.0122375457113948,0.0145758642916344,0.0145758642916344,0.00634920634920635,1.2867194301896,1.22630111012593,0.912526672464254,0.965567269541023,1.16519364549411,1.16376664237291,0.747324708690607,9.55552429938648,9.44462186893225,29.0811461260213,24.9589889694333
11,2026081511,NUAA,W1,29,0.0189662457220917,0.0188031553844995,0.0177798419110346,0.0201138592636131,0.01855793107983,0.01855793107983,0.0689655172413793,1.75762332184832,1.12021389695231,1.07151701708156,1.14936936714067,1.13491196145089,1.07495979475242,0.897245235256814,38.8401495707288,35.4291703265856,39.0360264476495,34.6066160562783
11,2026081511,NUAA,W2,17,0.0148476120149696,0.0144463930649372,0.0163762517608315,0.0148363214522624,0.0139356538370896,0.0139356538370896,0.117647058823529,1.88766564580589,1.28441524324523,1.40278065668499,1.29300924892685,1.33639579373317,1.31095310321228,1.30145579841828,30.5516257010331,29.2037868728265,25.6870166704701,31.5022100550632
11,2026081511,NUAA,W3,11,0.0295033416448534,0.0295033416448534,0.0270618023104883,0.0266176293360615,0.0295033416448534,0.0295033416448534,0,1.14468092609211,0.994934953599422,0.933516284541932,0.924337803493331,1.01721693835082,0.969480664946959,0.884640170041743,15.3055980187668,11.1353290542242,18.4474674764686,19.2493049876374
11,2026081511,NUAA,W4,28,0.0499947737234601,0.0498829239877363,0.0521321782101146,0.0522364016436155,0.0498742564749862,0.0498742564749862,0.0357142857142857,1.07404553360334,0.951761979910399,0.949043077232229,0.989366323664265,1.04353491212655,0.965899872492527,0.940176092670744,10.0690015206328,2.84071955258953,11.6384689903913,7.88413594114389
11,2026081511,NUAA,W5,7,0.0243134056071281,0.0289433481729886,0.0302825821173788,0.0422390021731151,0.0308928557556908,0.0308928557556908,0.142857142857143,1.41927720476814,1.35583936865107,1.37457869848688,1.84506216333287,1.59184043211894,1.59027849838389,1.61660246794397,-12.0484774250766,-12.1585287758486,3.14938520333401,-30.000126623205
11,2026081511,NUAA,W6,14,0.0360025923619169,0.0360025923619169,0.0351111199096593,0.033797960303312,0.0360025923619169,0.0360025923619169,0,1.07632209108811,1.03735692980245,1.02202993281785,0.998855046276442,1.02381499470928,1.01761114705022,0.984256071863097,5.45477459990882,4.87838137055687,5.04422967063418,7.19738500706131
11,2026081511,NUAA,W7,8,0.0769839701819179,0.0769839701819179,0.0746590918411004,0.0758485932239532,0.0769839701819179,0.0769839701819179,0,1.00966474687284,0.999765893388991,0.971553740754601,0.987173475174063,0.981544324348777,0.990099014053727,0.987694639914898,1.9378445052887,2.78512472691138,3.77461986627517,2.22759799908206
11,2026081511,NUAA,W8,31,0.0589604040915583,0.0589604040915583,0.0600727855055994,0.0581625450719606,0.0589604040915583,0.0589604040915583,0,1.26589906172792,1.10191835059355,1.08108269966074,1.05995654986921,1.11828957019251,1.21770202373538,1.48740138951196,3.80733657601101,11.6604471871499,14.5996128486671,16.2684781184374
11,2026081511,NUAA,W9,7,0.052176046086479,0.052176046086479,0.0557387638430218,0.0530167926313985,0.052176046086479,0.052176046086479,0,0.904386391902163,1.12194544191387,1.18239150551644,1.17970056674024,1.14210608833726,1.14277602512579,1.20304456592544,-26.3592680471709,-26.2851916574186,-30.7396391745301,-30.4420961331609
11,2026081511,PHM2010,c1,315,0.00801215564201792,0.00798163864359124,0.0103794962693196,0.010633107932084,0.00819049407155347,0.00816423872305722,0.053968253968254,1.08316472372854,0.995691421639328,1.21647384040068,1.30059230336583,1.06223093270048,1.0991289443584,1.26832012139733,-1.47384975527108,1.93265073810732,-12.3073724385386,-20.0733623311556
11,2026081511,PHM2010,c4,315,0.0150087833008585,0.0151961149394473,0.0152299404997609,0.0159954368581373,0.0150591275367102,0.0150591275367102,0.0285714285714286,1.01276356785917,1.11263960528177,1.11356717959949,1.15202062655031,0.993916994942255,1.02531935448867,1.08627253308084,-1.23975496630843,1.86090549808756,-9.95332128241962,-13.75020420467
11,2026081511,PHM2010,c6,315,0.0145958561471217,0.0146218544703782,0.0113497478958077,0.0122375457113948,0.0145758642916344,0.0145758642916344,0.00634920634920635,1.26476765599056,1.21195391981788,0.904398969231187,0.95956231595542,1.14730084363858,1.14640645151725,0.747324708690607,9.3583358107465,9.28761988777917,28.4928765415914,24.131336581034
12,2026081512,NUAA,W1,29,0.0189662457220917,0.0188031553844995,0.0177798419110346,0.0201138592636131,0.01855793107983,0.01855793107983,0.0689655172413793,1.69848009105676,1.10869915337356,1.07997238244038,1.15937550558613,1.09945906788307,1.06249325272041,0.897245235256814,37.4444682445851,35.2680626830894,36.4153640583187,31.7404124021976
12,2026081512,NUAA,W2,17,0.0148476120149696,0.0144463930649372,0.0163762517608315,0.0148363214522624,0.0139356538370896,0.0139356538370896,0.117647058823529,1.84086208936003,1.35266174784032,1.47447702140101,1.30347512403917,1.40926111637149,1.38325398326663,1.30145579841828,24.8583589579209,23.4455897311992,19.9029069084904,29.1921360338121
12,2026081512,NUAA,W3,11,0.0295033416448534,0.0295033416448534,0.0270618023104883,0.0266176293360615,0.0295033416448534,0.0295033416448534,0,1.11052665636601,0.967161765456081,0.919477761499045,0.910976763091032,1.00480804231985,0.94831793165066,0.884640170041743,14.606468362151,9.51968270551069,17.2034497120619,17.9689422249414
12,2026081512,NUAA,W4,28,0.0499947737234601,0.0498829239877363,0.0521321782101146,0.0522364016436155,0.0498742564749862,0.0498742564749862,0.0357142857142857,1.08198112585823,0.947249328479489,0.939128267182554,0.974010919563969,1.01624530451816,0.956523025084227,0.940176092670744,11.5952208200018,6.07550536410026,13.2028974685085,9.97893620451275
12,2026081512,NUAA,W5,7,0.0243134056071281,0.0289433481729886,0.0302825821173788,0.0422390021731151,0.0308928557556908,0.0308928557556908,0.142857142857143,1.4130387238739,1.29850736664142,1.30798251418223,1.82900555000334,1.55312306086021,1.52682757129113,1.61660246794397,-8.0527762965532,-9.91369412738163,7.43477216276486,-29.4377513582255
12,2026081512,NUAA,W6,14,0.0360025923619169,0.0360025923619169,0.0351111199096593,0.033797960303312,0.0360025923619169,0.0360025923619169,0,1.05036771050908,1.04413288084166,1.03297631308662,1.00947802225473,1.01677384976267,1.01783058293983,0.984256071863097,3.09768924194061,3.19829526462998,1.65574372179004,3.89289273130266
12,2026081512,NUAA,W7,8,0.0769839701819179,0.0769839701819179,0.0746590918411004,0.0758485932239532,0.0769839701819179,0.0769839701819179,0,0.994458781370912,1.00335492364645,0.980447928116992,0.986388440706565,0.989537162309138,0.994289983619747,0.987694639914898,0.0169738308240766,0.494904278987778,1.40889230568265,0.811530936779718
12,2026081512,NUAA,W8,31,0.0589604040915583,0.0589604040915583,0.0600727855055994,0.0581625450719606,0.0589604040915583,0.0589604040915583,0,1.27169916816254,1.09399774980158,1.07188616499813,1.05724985773145,1.11359296136958,1.21832793657011,1.48740138951196,4.19684410657772,12.4326736032546,15.7122854340714,16.8632107183766
12,2026081512,NUAA,W9,7,0.052176046086479,0.052176046086479,0.0557387638430218,0.0530167926313985,0.052176046086479,0.052176046086479,0,0.92676445560891,1.0958831125979,1.14874155924215,1.15792194342722,1.12694304490805,1.1178995029457,1.20304456592544,-20.6239078527462,-21.5997266713922,-23.9518361207967,-24.9424205276016
12,2026081512,PHM2010,c1,315,0.00801215564201792,0.00798163864359124,0.0103794962693196,0.010633107932084,0.00819049407155347,0.00816423872305722,0.053968253968254,1.08351975043097,0.996076083863889,1.21421264097417,1.29762838405054,1.06263334813241,1.09784111507695,1.26832012139733,-1.32174467888381,1.92764389299365,-12.0618835504578,-19.7604735432284
12,2026081512,PHM2010,c4,315,0.0150087833008585,0.0151961149394473,0.0152299404997609,0.0159954368581373,0.0150591275367102,0.0150591275367102,0.0285714285714286,1.01740467380044,1.11230258572792,1.11443614506809,1.15257040448875,0.996031677267533,1.02788436567697,1.08627253308084,-1.03004164875532,2.10073701087585,-9.5371560369583,-13.2853459561382
12,2026081512,PHM2010,c6,315,0.0145958561471217,0.0146218544703782,0.0113497478958077,0.0122375457113948,0.0145758642916344,0.0145758642916344,0.00634920634920635,1.26316127066406,1.20566108418056,0.897269675274959,0.958722815687406,1.14608246022914,1.14411687221292,0.747324708690607,9.42432302318458,9.26871438778083,28.9663405525999,24.1013132722638
13,2026081513,NUAA,W1,29,0.0189662457220917,0.0188031553844995,0.0177798419110346,0.0201138592636131,0.01855793107983,0.01855793107983,0.0689655172413793,1.72595909609128,1.12081585568669,1.0753289657559,1.14848014641059,1.1407931026197,1.08858998167378,0.897245235256814,36.9284020612615,33.9038158434224,37.6967294189554,33.4584377456272
13,2026081513,NUAA,W2,17,0.0148476120149696,0.0144463930649372,0.0163762517608315,0.0148363214522624,0.0139356538370896,0.0139356538370896,0.117647058823529,1.84198648741743,1.3315126461296,1.46848838064326,1.29655268469057,1.39214941877083,1.34918291869619,1.30145579841828,26.7539187766885,24.4213012266605,20.2769189310301,29.6111728534769
13,2026081513,NUAA,W3,11,0.0295033416448534,0.0295033416448534,0.0270618023104883,0.0266176293360615,0.0295033416448534,0.0295033416448534,0,1.09857286648166,0.978854979877502,0.919811479548825,0.909243303605659,1.01142216308664,0.953731766228099,0.884640170041743,13.1844782146711,7.93308355358687,16.2721465627806,17.2341379122494
13,2026081513,NUAA,W4,28,0.0499947737234601,0.0498829239877363,0.0521321782101146,0.0522364016436155,0.0498742564749862,0.0498742564749862,0.0357142857142857,1.08642569397471,0.960977354011975,0.944203745372609,0.982621091076207,1.04398766746534,0.974339387965774,0.940176092670744,10.3169785683975,3.90620607969151,13.0908123207006,9.55468960962532
13,2026081513,NUAA,W5,7,0.0243134056071281,0.0289433481729886,0.0302825821173788,0.0422390021731151,0.0308928557556908,0.0308928557556908,0.142857142857143,1.46975367774385,1.33329261171122,1.35223794778909,1.88284559356913,1.65685902327814,1.54272352105893,1.61660246794397,-4.96476684631218,-12.7303879804886,7.9956071370516,-28.1062005205793
13,2026081513,NUAA,W6,14,0.0360025923619169,0.0360025923619169,0.0351111199096593,0.033797960303312,0.0360025923619169,0.0360025923619169,0,1.08667598128385,1.02518369387912,1.00998331381974,0.984619564826853,0.999412518695173,0.99910025747482,0.984256071863097,8.05904660794661,8.03031115913475,7.05754693993482,9.39161426356544
13,2026081513,NUAA,W7,8,0.0769839701819179,0.0769839701819179,0.0746590918411004,0.0758485932239532,0.0769839701819179,0.0769839701819179,0,1.01017816258755,1.00231681768641,0.977384943185025,0.985901319973301,1.00115319119154,0.99874640354577,0.987694639914898,1.13165770803242,0.893403929153627,3.24628076680343,2.4032238582615
13,2026081513,NUAA,W8,31,0.0589604040915583,0.0589604040915583,0.0600727855055994,0.0581625450719606,0.0589604040915583,0.0589604040915583,0,1.25582209628545,1.08637589603265,1.06378094586491,1.05370480908029,1.099757954523,1.21294112876379,1.48740138951196,3.41457342154593,12.4272492277421,15.2920665266661,16.0944203643969
13,2026081513,NUAA,W9,7,0.052176046086479,0.052176046086479,0.0557387638430218,0.0530167926313985,0.052176046086479,0.052176046086479,0,0.904375338990331,1.12777475458422,1.18604693223649,1.19288958007064,1.13993935763945,1.14762403199465,1.20304456592544,-26.8968737334089,-26.0471519393825,-31.1454305643302,-31.9020464890616
13,2026081513,PHM2010,c1,315,0.00801215564201792,0.00798163864359124,0.0103794962693196,0.010633107932084,0.00819049407155347,0.00816423872305722,0.053968253968254,1.07689114154558,0.997544821871055,1.22138822416477,1.30743168838277,1.06053467537811,1.09739765797599,1.26832012139733,-1.90423299433697,1.51885975624195,-13.4179841438567,-21.407971329981
13,2026081513,PHM2010,c4,315,0.0150087833008585,0.0151961149394473,0.0152299404997609,0.0159954368581373,0.0150591275367102,0.0150591275367102,0.0285714285714286,1.01745751272971,1.11543344608669,1.11607153550446,1.15428108523497,0.994518617997005,1.02683753055291,1.08627253308084,-0.921907569195858,2.25453097015908,-9.69220056277236,-13.4475956777976
13,2026081513,PHM2010,c6,315,0.0145958561471217,0.0146218544703782,0.0113497478958077,0.0122375457113948,0.0145758642916344,0.0145758642916344,0.00634920634920635,1.27356954756281,1.22041555534892,0.901386422917746,0.952964166800856,1.15570823219818,1.15437338628794,0.747324708690607,9.35921885875654,9.25440747151807,29.2236199709158,25.1737630956621
14,2026081514,NUAA,W1,29,0.0189662457220917,0.0188031553844995,0.0177798419110346,0.0201138592636131,0.01855793107983,0.01855793107983,0.0689655172413793,1.75020756062815,1.09037621386701,1.0700267630605,1.14834407762932,1.07911357287027,1.03040438344545,0.897245235256814,41.1267322445093,38.3436800785517,38.8628647749375,34.3881203885794
14,2026081514,NUAA,W2,17,0.0148476120149696,0.0144463930649372,0.0163762517608315,0.0148363214522624,0.0139356538370896,0.0139356538370896,0.117647058823529,1.9820762604209,1.25394077630254,1.37216757299296,1.26650939049423,1.34990066950178,1.29384918039469,1.30145579841828,34.7225328191995,31.894614931964,30.7712018758763,36.1018838788125
14,2026081514,NUAA,W3,11,0.0295033416448534,0.0295033416448534,0.0270618023104883,0.0266176293360615,0.0295033416448534,0.0295033416448534,0,1.10727525631126,0.969053392445994,0.906797063205261,0.901410369524478,1.01014876019012,0.939415224862643,0.884640170041743,15.1597383299091,8.77166680710498,18.1055425887385,18.5920244865395
14,2026081514,NUAA,W4,28,0.0499947737234601,0.0498829239877363,0.0521321782101146,0.0522364016436155,0.0498742564749862,0.0498742564749862,0.0357142857142857,1.11478503914481,0.999363903337086,0.970878467269282,1.01916581725044,1.0851667335554,1.02107017700817,0.940176092670744,8.40654106809099,2.6568624936098,12.9089077106671,8.57736859903733
14,2026081514,NUAA,W5,7,0.0243134056071281,0.0289433481729886,0.0302825821173788,0.0422390021731151,0.0308928557556908,0.0308928557556908,0.142857142857143,1.46921582015669,1.20194237935072,1.22082280049946,1.72268072811523,1.50775570169219,1.46067290753492,1.61660246794397,0.581460701999896,-2.62315998825745,16.9065032005126,-17.2517137701051
14,2026081514,NUAA,W6,14,0.0360025923619169,0.0360025923619169,0.0351111199096593,0.033797960303312,0.0360025923619169,0.0360025923619169,0,1.09492528175061,1.02492019478707,1.01553724277113,0.991153940386747,0.996795164672451,1.00478620306027,0.984256071863097,8.23244108001814,8.96226607547747,7.25054396885874,9.47748153170335
14,2026081514,NUAA,W7,8,0.0769839701819179,0.0769839701819179,0.0746590918411004,0.0758485932239532,0.0769839701819179,0.0769839701819179,0,0.989915013990541,1.00033700561638,0.974712082045318,0.984168837980334,0.992591231525918,0.993955515843469,0.987694639914898,-0.408166539129442,-0.270348211467998,1.53578152976354,0.580471649484617
14,2026081514,NUAA,W8,31,0.0589604040915583,0.0589604040915583,0.0600727855055994,0.0581625450719606,0.0589604040915583,0.0589604040915583,0,1.23204143751664,1.10764437441656,1.08778639335903,1.06664110105628,1.12269142842917,1.23350738706124,1.48740138951196,-0.118985409090988,8.87551390380817,11.7086195126985,13.4249004476462
14,2026081514,NUAA,W9,7,0.052176046086479,0.052176046086479,0.0557387638430218,0.0530167926313985,0.052176046086479,0.052176046086479,0,0.866305542353603,1.1220979373691,1.18196142735869,1.19350374346325,1.14238535947161,1.13478929840016,1.20304456592544,-30.9918086541542,-31.8686426001557,-36.4370155300524,-37.7693764050853
14,2026081514,PHM2010,c1,315,0.00801215564201792,0.00798163864359124,0.0103794962693196,0.010633107932084,0.00819049407155347,0.00816423872305722,0.053968253968254,1.07474164803885,0.997328932101058,1.21567898851346,1.30043874601907,1.06374421950934,1.09884157276141,1.26832012139733,-2.24239237090453,1.02326252542463,-13.1136018346161,-21.0001257876309
14,2026081514,PHM2010,c4,315,0.0150087833008585,0.0151961149394473,0.0152299404997609,0.0159954368581373,0.0150591275367102,0.0150591275367102,0.0285714285714286,1.01312212312886,1.11055569425558,1.11245311009351,1.15118435486931,0.991961208216324,1.02315348572786,1.08627253308084,-0.990143475301948,2.08868352881111,-9.80444358059083,-13.6274027176574
14,2026081514,PHM2010,c6,315,0.0145958561471217,0.0146218544703782,0.0113497478958077,0.0122375457113948,0.0145758642916344,0.0145758642916344,0.00634920634920635,1.26621799762088,1.20651201142381,0.893194456168147,0.957999413352641,1.14501846039316,1.1435375315612,0.747324708690607,9.68873182107556,9.5717749594019,29.4596619344861,24.3416682472808
15,2026081515,NUAA,W1,29,0.0189662457220917,0.0188031553844995,0.0177798419110346,0.0201138592636131,0.01855793107983,0.01855793107983,0.0689655172413793,1.71158390796228,1.12111877388291,1.08622232268726,1.15349049774473,1.12524144562176,1.07370738106238,0.897245235256814,37.2682007544298,34.2573016498261,36.5370100972459,32.6068390583305
15,2026081515,NUAA,W2,17,0.0148476120149696,0.0144463930649372,0.0163762517608315,0.0148363214522624,0.0139356538370896,0.0139356538370896,0.117647058823529,1.99672979675304,1.28884431746347,1.39008027630818,1.27491033538576,1.33373432161933,1.31161997891937,1.30145579841828,34.3115938344665,33.2040657785461,30.3821539314613,36.1500821263377
15,2026081515,NUAA,W3,11,0.0295033416448534,0.0295033416448534,0.0270618023104883,0.0266176293360615,0.0295033416448534,0.0295033416448534,0,1.11516443077945,0.989759919693543,0.933622153427376,0.923258654980546,1.01877166064873,0.97415642522593,0.884640170041743,12.6445931794077,8.64381677447781,16.2794178455982,17.2087425407543
15,2026081515,NUAA,W4,28,0.0499947737234601,0.0498829239877363,0.0521321782101146,0.0522364016436155,0.0498742564749862,0.0498742564749862,0.0357142857142857,1.09069669679638,0.992541487412741,0.960300616798508,1.00713275211224,1.06116265827725,0.995897313116869,0.940176092670744,8.69163571852359,2.70781406103833,11.9553016325139,7.66151991929477
15,2026081515,NUAA,W5,7,0.0243134056071281,0.0289433481729886,0.0302825821173788,0.0422390021731151,0.0308928557556908,0.0308928557556908,0.142857142857143,1.42197211969161,1.32789470688913,1.35593872257456,1.82529283496337,1.66897899481705,1.55935874734066,1.61660246794397,-9.66169629815535,-17.3707256074058,4.6437898607586,-28.3634756045162
15,2026081515,NUAA,W6,14,0.0360025923619169,0.0360025923619169,0.0351111199096593,0.033797960303312,0.0360025923619169,0.0360025923619169,0,1.07760674982199,1.04854163567133,1.03535512838007,1.0093932677604,1.0394978516182,1.02553347366584,0.984256071863097,4.83230790497147,3.53643833523557,3.92087572288319,6.33009045951699
15,2026081515,NUAA,W7,8,0.0769839701819179,0.0769839701819179,0.0746590918411004,0.0758485932239532,0.0769839701819179,0.0769839701819179,0,0.984394217021934,1.01445810957721,0.986085886102418,0.997596149999813,1.00806232130948,1.00805013867593,0.987694639914898,-2.40309433405232,-2.40433191076125,-0.171848742224669,-1.34112256549201
15,2026081515,NUAA,W8,31,0.0589604040915583,0.0589604040915583,0.0600727855055994,0.0581625450719606,0.0589604040915583,0.0589604040915583,0,1.26730382069029,1.09308629652311,1.07727751427679,1.05919774943072,1.11699854468248,1.21500473929119,1.48740138951196,4.12679899999175,11.8602401061131,14.9945343264252,16.4211665633753
15,2026081515,NUAA,W9,7,0.052176046086479,0.052176046086479,0.0557387638430218,0.0530167926313985,0.052176046086479,0.052176046086479,0,0.903352524724597,1.12046215445961,1.17494456231689,1.17876115355923,1.14265251099033,1.13669010501474,1.20304456592544,-25.8301796811028,-26.4902106006392,-30.0649004855658,-30.4873923852263
15,2026081515,PHM2010,c1,315,0.00801215564201792,0.00798163864359124,0.0103794962693196,0.010633107932084,0.00819049407155347,0.00816423872305722,0.053968253968254,1.08660657538442,0.992705301251559,1.20908378637335,1.29422242019859,1.05685578920437,1.09196865838419,1.26832012139733,-0.493470509128306,2.73795381456505,-11.2715322880868,-19.1068091724659
15,2026081515,PHM2010,c4,315,0.0150087833008585,0.0151961149394473,0.0152299404997609,0.0159954368581373,0.0150591275367102,0.0150591275367102,0.0285714285714286,1.01964368209228,1.11250467536206,1.11363615642289,1.15203206207221,0.994797826370063,1.02627557242237,1.08627253308084,-0.650412535923957,2.43671943038327,-9.21816865846063,-12.9837885827207
15,2026081515,PHM2010,c6,315,0.0145958561471217,0.0146218544703782,0.0113497478958077,0.0122375457113948,0.0145758642916344,0.0145758642916344,0.00634920634920635,1.29783220473521,1.23256782080614,0.905965279319076,0.95909506887052,1.16905134297026,1.16819321478844,0.747324708690607,9.98888681246891,9.92276669473045,30.1939591255623,26.1002257941195
16,2026081516,NUAA,W1,29,0.0189662457220917,0.0188031553844995,0.0177798419110346,0.0201138592636131,0.01855793107983,0.01855793107983,0.0689655172413793,1.76659711964453,1.0910782408805,1.05812420843722,1.13537640673946,1.08378096019158,1.03559762196801,0.897245235256814,41.3789589911484,38.6514928536925,40.1038189935384,35.7308809057768
16,2026081516,NUAA,W2,17,0.0148476120149696,0.0144463930649372,0.0163762517608315,0.0148363214522624,0.0139356538370896,0.0139356538370896,0.117647058823529,1.99150778469607,1.29252778432134,1.43384916996065,1.29802781982227,1.35269410834103,1.32844241084036,1.30145579841828,33.2946413240808,32.0768857276913,28.001829519362,34.8218555911713
16,2026081516,NUAA,W3,11,0.0295033416448534,0.0295033416448534,0.0270618023104883,0.0266176293360615,0.0295033416448534,0.0295033416448534,0,1.04118451841328,0.991578507986115,0.939361609292174,0.930655257504126,0.999887962066114,0.968895008022103,0.884640170041743,6.94300665374292,3.9663052625963,9.77952584968113,10.6157226653345
16,2026081516,NUAA,W4,28,0.0499947737234601,0.0498829239877363,0.0521321782101146,0.0522364016436155,0.0498742564749862,0.0498742564749862,0.0357142857142857,1.02566535027706,0.93845054692676,0.943507480315423,0.982972849544286,1.02267634609297,0.95036981301666,0.940176092670744,7.34114077657641,0.291420996457069,8.01020234713484,4.16242010332576
16,2026081516,NUAA,W5,7,0.0243134056071281,0.0289433481729886,0.0302825821173788,0.0422390021731151,0.0308928557556908,0.0308928557556908,0.142857142857143,1.5201051770788,1.26637397950349,1.27708061067967,1.79109140025306,1.5536736165729,1.49448382798622,1.61660246794397,1.68549844306252,-2.20829716260865,15.9873520637666,-17.826807464403
16,2026081516,NUAA,W6,14,0.0360025923619169,0.0360025923619169,0.0351111199096593,0.033797960303312,0.0360025923619169,0.0360025923619169,0,1.08083297277619,1.01238060762592,0.990319067418039,0.968118633752974,0.990417275949478,0.985967862377652,0.984256071863097,8.77703704346411,8.36537181082436,8.37445818530709,10.428469695341
16,2026081516,NUAA,W7,8,0.0769839701819179,0.0769839701819179,0.0746590918411004,0.0758485932239532,0.0769839701819179,0.0769839701819179,0,0.996363879633033,1.01245440746735,0.984942240425665,0.998244538605648,0.991387779670678,0.999052000203104,0.987694639914898,-0.26979305703663,0.499425969173754,1.14633212231402,-0.188752223064107
16,2026081516,NUAA,W8,31,0.0589604040915583,0.0589604040915583,0.0600727855055994,0.0581625450719606,0.0589604040915583,0.0589604040915583,0,1.21030293187688,1.10054895242573,1.08211190161163,1.05934513523635,1.11276855028852,1.22199507135839,1.48740138951196,-0.96605066166232,8.05867514813855,10.5916483294353,12.4727283281414
16,2026081516,NUAA,W9,7,0.052176046086479,0.052176046086479,0.0557387638430218,0.0530167926313985,0.052176046086479,0.052176046086479,0,0.954753602700775,1.07840479719872,1.13787856919555,1.12357988359238,1.10724446857218,1.0934120515339,1.20304456592544,-14.5229563356336,-15.9717507679511,-19.1803378355163,-17.682706869504
16,2026081516,PHM2010,c1,315,0.00801215564201792,0.00798163864359124,0.0103794962693196,0.010633107932084,0.00819049407155347,0.00816423872305722,0.053968253968254,1.09622571056338,1.00120436019324,1.21550661902411,1.29434907885387,1.06325273767183,1.10010084425232,1.26832012139733,-0.353497792616186,3.00786348776725,-10.8810537201711,-18.0732276557044
16,2026081516,PHM2010,c4,315,0.0150087833008585,0.0151961149394473,0.0152299404997609,0.0159954368581373,0.0150591275367102,0.0150591275367102,0.0285714285714286,1.0151446761671,1.11120736543257,1.1123593678759,1.15115394629394,0.993771312993837,1.02468494472369,1.08627253308084,-0.939793980166059,2.10544995950335,-9.57643713168612,-13.3980183632917
16,2026081516,PHM2010,c6,315,0.0145958561471217,0.0146218544703782,0.0113497478958077,0.0122375457113948,0.0145758642916344,0.0145758642916344,0.00634920634920635,1.28081066144167,1.2286616316928,0.912957349934026,0.961085689506144,1.165330545714,1.16452495776439,0.747324708690607,9.07907055882843,9.01617383459978,28.7203505234407,24.9627038219411
17,2026081517,NUAA,W1,29,0.0189662457220917,0.0188031553844995,0.0177798419110346,0.0201138592636131,0.01855793107983,0.01855793107983,0.0689655172413793,1.73473692013396,1.08957381979653,1.06378002345746,1.14500576764106,1.10557980167332,1.042774721229,0.897245235256814,39.8885958368561,36.2681575032169,38.6777319885881,33.9954229167706
17,2026081517,NUAA,W2,17,0.0148476120149696,0.0144463930649372,0.0163762517608315,0.0148363214522624,0.0139356538370896,0.0139356538370896,0.117647058823529,2.01425525253364,1.25221842296975,1.360105233497,1.25713804915826,1.35866712637438,1.29378494272265,1.30145579841828,35.7685704880126,32.547420458982,32.4760239901973,37.5879473280775
17,2026081517,NUAA,W3,11,0.0295033416448534,0.0295033416448534,0.0270618023104883,0.0266176293360615,0.0295033416448534,0.0295033416448534,0,1.02112485480867,0.969765801928021,0.923413201730001,0.914795894472554,0.996977923905853,0.945419130976975,0.884640170041743,7.41395368795317,2.36473833626744,9.56902112592063,10.4129245150965
17,2026081517,NUAA,W4,28,0.0499947737234601,0.0498829239877363,0.0521321782101146,0.0522364016436155,0.0498742564749862,0.0498742564749862,0.0357142857142857,1.07904666786071,1.00312447240153,0.976755528630426,1.02250285787004,1.0869034402458,1.01924900574332,0.940176092670744,5.54171231870236,-0.728121648405785,9.47976971497269,5.24016353275731
17,2026081517,NUAA,W5,7,0.0243134056071281,0.0289433481729886,0.0302825821173788,0.0422390021731151,0.0308928557556908,0.0308928557556908,0.142857142857143,1.65638630266015,1.35661241249074,1.36409013531574,1.87403411741535,1.68490104343457,1.61171144666771,1.61660246794397,2.69712783308375,-1.72150305328128,17.6466182360345,-13.1399187741207
17,2026081517,NUAA,W6,14,0.0360025923619169,0.0360025923619169,0.0351111199096593,0.033797960303312,0.0360025923619169,0.0360025923619169,0,1.11183789297175,1.01478142321463,1.001010870514,0.979198682660537,0.997933010592103,0.992043435611828,0.984256071863097,10.7744535527327,10.2447382932057,9.96791197334771,11.9297256506245
17,2026081517,NUAA,W7,8,0.0769839701819179,0.0769839701819179,0.0746590918411004,0.0758485932239532,0.0769839701819179,0.0769839701819179,0,0.981923681834356,0.999093231267172,0.972588758580687,0.981380966709543,0.97666931598246,0.987584257471832,0.987694639914898,-0.576478166500818,0.535109392827766,0.950677066493555,0.0552706014584549
17,2026081517,NUAA,W8,31,0.0589604040915583,0.0589604040915583,0.0600727855055994,0.0581625450719606,0.0589604040915583,0.0589604040915583,0,1.25186789779643,1.08528184176225,1.06391647022332,1.04828384640848,1.09115968790351,1.20904531193335,1.48740138951196,3.42069526173295,12.8374735206323,15.0136789915252,16.2624228759517
17,2026081517,NUAA,W9,7,0.052176046086479,0.052176046086479,0.0557387638430218,0.0530167926313985,0.052176046086479,0.052176046086479,0,0.895402443094268,1.0972325890574,1.15275207210706,1.15146494564389,1.12119247024267,1.11922947058142,1.20304456592544,-24.9973661802471,-25.2165971725663,-28.741224797585,-28.5974764224161
17,2026081517,PHM2010,c1,315,0.00801215564201792,0.00798163864359124,0.0103794962693196,0.010633107932084,0.00819049407155347,0.00816423872305722,0.053968253968254,1.07553431274616,0.990058683384013,1.21033413529964,1.29582587142672,1.05695263545739,1.09499061807084,1.26832012139733,-1.80898973599479,1.72766940752713,-12.5332888924107,-20.4820577149319
17,2026081517,PHM2010,c4,315,0.0150087833008585,0.0151961149394473,0.0152299404997609,0.0159954368581373,0.0150591275367102,0.0150591275367102,0.0285714285714286,1.0128959177504,1.10829839592011,1.10985924702042,1.14851489905754,0.989175996440943,1.02102830458773,1.08627253308084,-0.802884748059375,2.3417925666178,-9.57288183028506,-13.3892316999703
17,2026081517,PHM2010,c6,315,0.0145958561471217,0.0146218544703782,0.0113497478958077,0.0122375457113948,0.0145758642916344,0.0145758642916344,0.00634920634920635,1.28176375501563,1.21921951658981,0.904819610069186,0.965412323267668,1.15682609136956,1.15634461965061,0.747324708690607,9.78488702572857,9.74732380730685,29.4082387235115,24.68094689915
18,2026081518,NUAA,W1,29,0.0189662457220917,0.0188031553844995,0.0177798419110346,0.0201138592636131,0.01855793107983,0.01855793107983,0.0689655172413793,1.70734707704534,1.08984749403972,1.05734009632808,1.13970489367183,1.11068493405129,1.05833734809244,0.897245235256814,38.0127589567812,34.9467399461978,38.0711683907958,33.2470293243388
18,2026081518,NUAA,W2,17,0.0148476120149696,0.0144463930649372,0.0163762517608315,0.0148363214522624,0.0139356538370896,0.0139356538370896,0.117647058823529,1.9771877819697,1.38048108245059,1.47695358098546,1.36212820918233,1.42869045736967,1.41313781680832,1.30145579841828,28.5278904869351,27.7412863665181,25.3002878910113,31.1077975696694
18,2026081518,NUAA,W3,11,0.0295033416448534,0.0295033416448534,0.0270618023104883,0.0266176293360615,0.0295033416448534,0.0295033416448534,0,1.04016249666694,0.989071845315556,0.924948274022797,0.913380546117688,0.993520467742061,0.958379470620654,0.884640170041743,7.86252401027267,4.48410984575405,11.0765599618652,12.1886677279283
18,2026081518,NUAA,W4,28,0.0499947737234601,0.0498829239877363,0.0521321782101146,0.0522364016436155,0.0498742564749862,0.0498742564749862,0.0357142857142857,1.12858404841338,0.997172130541072,0.97478816130265,1.01422480673332,1.08703503166824,1.01313216396781,0.940176092670744,10.2297994205994,3.68151727853619,13.6273312853343,10.1329840556251
18,2026081518,NUAA,W5,7,0.0243134056071281,0.0289433481729886,0.0302825821173788,0.0422390021731151,0.0308928557556908,0.0308928557556908,0.142857142857143,1.4635704628763,1.23180139409892,1.23996662033535,1.76029794348851,1.57881985828135,1.48007839664498,1.61660246794397,-1.12792203637646,-7.87453684864309,15.2779690635123,-20.2742189828749
18,2026081518,NUAA,W6,14,0.0360025923619169,0.0360025923619169,0.0351111199096593,0.033797960303312,0.0360025923619169,0.0360025923619169,0,1.08501481191678,1.03745411733295,1.01720575967136,0.997861273593593,1.02094795233096,1.01519542574114,0.984256071863097,6.43487862182269,5.90469907711562,6.24959691800278,8.03247452163572
18,2026081518,NUAA,W7,8,0.0769839701819179,0.0769839701819179,0.0746590918411004,0.0758485932239532,0.0769839701819179,0.0769839701819179,0,1.02108376002052,1.01074311425753,0.981684321516023,0.997574115319573,0.99781814634978,1.00451149532353,0.987694639914898,1.6230073717617,2.27852156519191,3.85859025940286,2.30242078284293
18,2026081518,NUAA,W8,31,0.0589604040915583,0.0589604040915583,0.0600727855055994,0.0581625450719606,0.0589604040915583,0.0589604040915583,0,1.23896374252659,1.07798034732557,1.05258460289413,1.03901496058274,1.09678232166042,1.21056295379754,1.48740138951196,2.29230184501893,11.4758338751884,15.0431472072282,16.1383884839196
18,2026081518,NUAA,W9,7,0.052176046086479,0.052176046086479,0.0557387638430218,0.0530167926313985,0.052176046086479,0.052176046086479,0,0.944199464294467,1.12123056328159,1.18864031808775,1.17955907776334,1.14224733002307,1.14140543960278,1.20304456592544,-20.886050327901,-20.9752147949577,-25.8886880407138,-24.9268954674466
18,2026081518,PHM2010,c1,315,0.00801215564201792,0.00798163864359124,0.0103794962693196,0.010633107932084,0.00819049407155347,0.00816423872305722,0.053968253968254,1.07672631927857,0.993988643036681,1.21707999702285,1.298268463584,1.056333312346,1.08999357137552,1.26832012139733,-1.23218424769705,1.8939823952876,-13.0352230860599,-20.5755297645062
18,2026081518,PHM2010,c4,315,0.0150087833008585,0.0151961149394473,0.0152299404997609,0.0159954368581373,0.0150591275367102,0.0150591275367102,0.0285714285714286,1.01311051561125,1.10844971886469,1.10992404152556,1.14832436287386,0.99151893723106,1.02232348188866,1.08627253308084,-0.909374262278933,2.13121649094335,-9.5560676177461,-13.3464064560649
18,2026081518,PHM2010,c6,315,0.0145958561471217,0.0146218544703782,0.0113497478958077,0.0122375457113948,0.0145758642916344,0.0145758642916344,0.00634920634920635,1.27164516671012,1.2158988350128,0.906032428327053,0.95691871097327,1.15170443069815,1.1503838802405,0.747324708690607,9.53578007797118,9.43193424957335,28.7511601470518,24.7495499511931
19,2026081519,NUAA,W1,29,0.0189662457220917,0.0188031553844995,0.0177798419110346,0.0201138592636131,0.01855793107983,0.01855793107983,0.0689655172413793,1.54061271325052,1.07436879063133,1.06613080380019,1.13327694196453,1.09203069995293,1.03383731755585,0.897245235256814,32.8944056696396,29.1171174584902,30.7982600279361,26.4398552460703
19,2026081519,NUAA,W2,17,0.0148476120149696,0.0144463930649372,0.0163762517608315,0.0148363214522624,0.0139356538370896,0.0139356538370896,0.117647058823529,2.07978869972404,1.30729524199009,1.44003282748185,1.2959313036156,1.36061262823122,1.33197420909415,1.30145579841828,35.9562724198432,34.5792854624242,30.7606187266558,37.6892804645224
19,2026081519,NUAA,W3,11,0.0295033416448534,0.0295033416448534,0.0270618023104883,0.0266176293360615,0.0295033416448534,0.0295033416448534,0,1.09127829126387,0.983189748434484,0.922287334981963,0.912250757430054,0.998739077437537,0.960472157809471,0.884640170041743,11.9865055963781,8.4798913867481,15.4855968119912,16.405305160655
19,2026081519,NUAA,W4,28,0.0499947737234601,0.0498829239877363,0.0521321782101146,0.0522364016436155,0.0498742564749862,0.0498742564749862,0.0357142857142857,1.07637754857726,0.960034819428793,0.940851318397672,0.986076518090614,1.05416545896967,0.982556071207722,0.940176092670744,8.71640972942497,2.06359651749911,12.5909566172873,8.38934541193285
19,2026081519,NUAA,W5,7,0.0243134056071281,0.0289433481729886,0.0302825821173788,0.0422390021731151,0.0308928557556908,0.0308928557556908,0.142857142857143,1.47275395878038,1.36090992740616,1.38911172651896,1.86510680506362,1.64501819174062,1.59810848228861,1.61660246794397,-8.51157267382543,-11.6967421430598,5.67930792259956,-26.6407599140426
19,2026081519,NUAA,W6,14,0.0360025923619169,0.0360025923619169,0.0351111199096593,0.033797960303312,0.0360025923619169,0.0360025923619169,0,1.08085306390875,1.03145539524389,1.01687274609308,0.989328051559699,1.00658136255449,1.00724027586304,0.984256071863097,6.81061936203413,6.87158170100031,5.9194278993201,8.46784964628435
19,2026081519,NUAA,W7,8,0.0769839701819179,0.0769839701819179,0.0746590918411004,0.0758485932239532,0.0769839701819179,0.0769839701819179,0,1.01148434719497,1.0108232214785,0.981337224108621,0.998091626440016,0.984019325658286,1.00231520371614,0.987694639914898,0.906503744152053,2.71531849334594,2.98048340243258,1.32406604136725
19,2026081519,NUAA,W8,31,0.0589604040915583,0.0589604040915583,0.0600727855055994,0.0581625450719606,0.0589604040915583,0.0589604040915583,0,1.26912602432132,1.08300391295726,1.0613131581815,1.0438603799378,1.10427124383312,1.20980822168384,1.48740138951196,4.67390956459227,12.9896304487464,16.3744862336227,17.7496670989777
19,2026081519,NUAA,W9,7,0.052176046086479,0.052176046086479,0.0557387638430218,0.0530167926313985,0.052176046086479,0.052176046086479,0,0.8505373519832,1.11196488475574,1.17914713329527,1.17831916046187,1.13576440101809,1.12018280721029,1.20304456592544,-31.7029527978236,-33.5349233481434,-38.6355496964188,-38.5382026685102
19,2026081519,PHM2010,c1,315,0.00801215564201792,0.00798163864359124,0.0103794962693196,0.010633107932084,0.00819049407155347,0.00816423872305722,0.053968253968254,1.08533363714307,0.994781033634317,1.21083220147285,1.29667814059243,1.06175270365963,1.0989074653471,1.26832012139733,-1.25065949672045,2.1726898233347,-11.5631322972846,-19.4727682084641
19,2026081519,PHM2010,c4,315,0.0150087833008585,0.0151961149394473,0.0152299404997609,0.0159954368581373,0.0150591275367102,0.0150591275367102,0.0285714285714286,1.01359380215777,1.11469285074541,1.11595326051442,1.15418897694808,0.993696454103118,1.02548222809272,1.08627253308084,-1.17289844409479,1.96304949895047,-10.0986665603861,-13.870958414604
19,2026081519,PHM2010,c6,315,0.0145958561471217,0.0146218544703782,0.0113497478958077,0.0122375457113948,0.0145758642916344,0.0145758642916344,0.00634920634920635,1.26715973153444,1.21768756903149,0.894788971764758,0.94518315050547,1.15409827032694,1.1536522703896,0.747324708690607,8.95762849150722,8.92243167091405,29.3862526170055,25.4093128921543
20,2026081520,NUAA,W1,29,0.0189662457220917,0.0188031553844995,0.0177798419110346,0.0201138592636131,0.01855793107983,0.01855793107983,0.0689655172413793,1.61973640679765,1.08717115942342,1.06373210935699,1.13088587679986,1.09518868887469,1.04390735196741,0.897245235256814,35.5507879191715,32.3847581446928,34.3268383119157,30.1808694270379
20,2026081520,NUAA,W2,17,0.0148476120149696,0.0144463930649372,0.0163762517608315,0.0148363214522624,0.0139356538370896,0.0139356538370896,0.117647058823529,2.01492649809821,1.33869923034102,1.46178476080057,1.31982028273298,1.41446059971884,1.39759353651614,1.30145579841828,30.6379891358188,29.8008835034986,27.4522042277829,34.4978447611516
20,2026081520,NUAA,W3,11,0.0295033416448534,0.0295033416448534,0.0270618023104883,0.0266176293360615,0.0295033416448534,0.0295033416448534,0,1.07565679127421,0.989391886113774,0.92326830971025,0.908525863124951,1.00078772851151,0.956883850439254,0.884640170041743,11.041899404945,6.96031144599689,14.1670171006352,15.5375701157688
20,2026081520,NUAA,W4,28,0.0499947737234601,0.0498829239877363,0.0521321782101146,0.0522364016436155,0.0498742564749862,0.0498742564749862,0.0357142857142857,1.15809664857452,0.976230895124733,0.95634439554023,0.998332931360315,1.04306742905336,0.984389653635449,0.940176092670744,14.9993521829881,9.93260965419006,17.4210203684318,13.7953699642304
20,2026081520,NUAA,W5,7,0.0243134056071281,0.0289433481729886,0.0302825821173788,0.0422390021731151,0.0308928557556908,0.0308928557556908,0.142857142857143,1.65804790319574,1.30675867946305,1.33141170367053,1.75587595732732,1.63523658597404,1.55354718335804,1.61660246794397,6.30263574630618,1.3757936171644,19.7000459935837,-5.90019467730864
20,2026081520,NUAA,W6,14,0.0360025923619169,0.0360025923619169,0.0351111199096593,0.033797960303312,0.0360025923619169,0.0360025923619169,0,1.08918389513725,1.04165004008164,1.0272926693754,1.00347004962076,1.01688331546336,1.01798103750342,0.984256071863097,6.53726684279178,6.63805074576348,5.68234859495878,7.86954764013396
20,2026081520,NUAA,W7,8,0.0769839701819179,0.0769839701819179,0.0746590918411004,0.0758485932239532,0.0769839701819179,0.0769839701819179,0,0.999199010515661,1.01432485854977,0.984063064112957,1.00224094845185,0.995001419774185,1.00429130694044,0.987694639914898,-0.509637857042094,0.420095566278603,1.51480798553761,-0.304437644971015
20,2026081520,NUAA,W8,31,0.0589604040915583,0.0589604040915583,0.0600727855055994,0.0581625450719606,0.0589604040915583,0.0589604040915583,0,1.25498202966864,1.09808209777648,1.07642027626976,1.05630290665042,1.11395334483595,1.21602591683478,1.48740138951196,3.1041171835855,11.2375063147259,14.2282318931705,15.8312325054307
20,2026081520,NUAA,W9,7,0.052176046086479,0.052176046086479,0.0557387638430218,0.0530167926313985,0.052176046086479,0.052176046086479,0,0.897000076490153,1.10135813980746,1.15424692404627,1.15499155473851,1.12308429327454,1.12709885992206,1.20304456592544,-25.6520360992892,-25.2044813272511,-28.6785758773498,-28.7615893253706
20,2026081520,PHM2010,c1,315,0.00801215564201792,0.00798163864359124,0.0103794962693196,0.010633107932084,0.00819049407155347,0.00816423872305722,0.053968253968254,1.09443676263469,1.00006211408777,1.21798571772264,1.30141868046612,1.06744289420914,1.10317394223752,1.26832012139733,-0.798326582322789,2.46646214264329,-11.2888162483248,-18.9121861488961
20,2026081520,PHM2010,c4,315,0.0150087833008585,0.0151961149394473,0.0152299404997609,0.0159954368581373,0.0150591275367102,0.0150591275367102,0.0285714285714286,1.01726082813306,1.11569338704652,1.11626299073605,1.15479738272623,0.995462118852796,1.02779600143122,1.08627253308084,-1.03564130327322,2.14288299297508,-9.73222991242901,-13.5202841581534
20,2026081520,PHM2010,c6,315,0.0145958561471217,0.0146218544703782,0.0113497478958077,0.0122375457113948,0.0145758642916344,0.0145758642916344,0.00634920634920635,1.27360623331605,1.21184734109756,0.899539791635113,0.949708047366095,1.15135189438635,1.14982238182712,0.747324708690607,9.71916187679481,9.59906882768539,29.370650982682,25.43157983034
21,2026081521,NUAA,W1,29,0.0189662457220917,0.0188031553844995,0.0177798419110346,0.0201138592636131,0.01855793107983,0.01855793107983,0.0689655172413793,1.73607008587547,1.05566230234983,1.03325836387204,1.11863086370853,1.05407315543778,0.999060252944825,0.897245235256814,42.4527695584931,39.2839514940304,40.4829118202918,35.5653396248445
21,2026081521,NUAA,W2,17,0.0148476120149696,0.0144463930649372,0.0163762517608315,0.0148363214522624,0.0139356538370896,0.0139356538370896,0.117647058823529,2.05034984299265,1.29264548412748,1.40925944660097,1.3150753332393,1.3612405405402,1.32678638152704,1.30145579841828,35.2897562305522,33.6093523165121,31.2673663269076,35.8609294051088
21,2026081521,NUAA,W3,11,0.0295033416448534,0.0295033416448534,0.0270618023104883,0.0266176293360615,0.0295033416448534,0.0295033416448534,0,1.09574472160939,0.975860393675099,0.912478676818588,0.904510361960165,0.995424756962158,0.956753444433364,0.884640170041743,12.6846403578271,9.15541390880577,16.7252500675181,17.4524554741496
21,2026081521,NUAA,W4,28,0.0499947737234601,0.0498829239877363,0.0521321782101146,0.0522364016436155,0.0498742564749862,0.0498742564749862,0.0357142857142857,1.11720996076973,0.987111710426585,0.953442196540881,0.999474826032445,1.07698941033493,0.986802878819891,0.940176092670744,11.6725670669809,3.60008877893312,14.6586380339838,10.5383176727288
21,2026081521,NUAA,W5,7,0.0243134056071281,0.0289433481729886,0.0302825821173788,0.0422390021731151,0.0308928557556908,0.0308928557556908,0.142857142857143,1.59984926753011,1.35243389470461,1.36548563231687,1.80844010132122,1.67867240652511,1.62184210164833,1.61660246794397,-1.37468163811257,-4.92691034054027,14.6491072609022,-13.0381554077985
21,2026081521,NUAA,W6,14,0.0360025923619169,0.0360025923619169,0.0351111199096593,0.033797960303312,0.0360025923619169,0.0360025923619169,0,1.08942289915072,1.01638021083419,1.00018349682363,0.973515906114878,0.996842458344611,0.999609865850207,0.984256071863097,8.24409266323752,8.49811775374675,8.19143809044749,10.6393020677462
21,2026081521,NUAA,W7,8,0.0769839701819179,0.0769839701819179,0.0746590918411004,0.0758485932239532,0.0769839701819179,0.0769839701819179,0,1.0021968000885,1.00404119358608,0.970716728253575,0.98996994517477,0.991907792332326,0.993414466370761,0.987694639914898,0.87630829762774,1.02664544082177,3.14110679979634,1.22000538343824
21,2026081521,NUAA,W8,31,0.0589604040915583,0.0589604040915583,0.0600727855055994,0.0581625450719606,0.0589604040915583,0.0589604040915583,0,1.22524263582471,1.09407386430755,1.07477105581558,1.05460725882701,1.10986747502771,1.21755524781191,1.48740138951196,0.627417605951819,9.41651534345578,12.2809617956074,13.9266600760132
21,2026081521,NUAA,W9,7,0.052176046086479,0.052176046086479,0.0557387638430218,0.0530167926313985,0.052176046086479,0.052176046086479,0,0.843451635135837,1.04629242103057,1.10583508528345,1.0941953624857,1.0798654534731,1.06681846534555,1.20304456592544,-26.4824704707265,-28.0293271705126,-31.1082982375576,-29.7282875395079
21,2026081521,PHM2010,c1,315,0.00801215564201792,0.00798163864359124,0.0103794962693196,0.010633107932084,0.00819049407155347,0.00816423872305722,0.053968253968254,1.09412314142021,1.00335330360141,1.21641234545425,1.29892233279453,1.06758142536718,1.10263259513337,1.26832012139733,-0.777741863873912,2.42584358636128,-11.1769141337509,-18.7181116659755
21,2026081521,PHM2010,c4,315,0.0150087833008585,0.0151961149394473,0.0152299404997609,0.0159954368581373,0.0150591275367102,0.0150591275367102,0.0285714285714286,1.01676067598134,1.11530956427898,1.11640754306637,1.1541168409803,0.994775170632604,1.02614468962797,1.08627253308084,-0.922932393856694,2.16230877807296,-9.80042496124754,-13.509193288419
21,2026081521,PHM2010,c6,315,0.0145958561471217,0.0146218544703782,0.0113497478958077,0.0122375457113948,0.0145758642916344,0.0145758642916344,0.00634920634920635,1.28591490186233,1.22767825913349,0.915678480371598,0.975260213672681,1.16864716827575,1.16834280733562,0.747324708690607,9.1430696040953,9.11940077969022,28.7916736134356,24.1582617745345
22,2026081522,NUAA,W1,29,0.0189662457220917,0.0188031553844995,0.0177798419110346,0.0201138592636131,0.01855793107983,0.01855793107983,0.0689655172413793,1.68119060743121,1.13746614653786,1.08898324945943,1.17203838815304,1.13607207126601,1.09623368538157,0.897245235256814,34.7942059314396,32.4245527994068,35.2254738608522,30.2852167403036
22,2026081522,NUAA,W2,17,0.0148476120149696,0.0144463930649372,0.0163762517608315,0.0148363214522624,0.0139356538370896,0.0139356538370896,0.117647058823529,1.90012503034189,1.29238463291465,1.43056469752887,1.28205199282185,1.3317230842106,1.31238090954751,1.30145579841828,30.9318656093184,29.9139234026621,24.7120755379201,32.5280193487494
22,2026081522,NUAA,W3,11,0.0295033416448534,0.0295033416448534,0.0270618023104883,0.0266176293360615,0.0295033416448534,0.0295033416448534,0,1.0679827418613,0.96715814538896,0.903476208844203,0.892717597888787,0.982541300338836,0.945463501398682,0.884640170041743,11.4720243745785,8.000264252731,15.4034823381503,16.4108591930109
22,2026081522,NUAA,W4,28,0.0499947737234601,0.0498829239877363,0.0521321782101146,0.0522364016436155,0.0498742564749862,0.0498742564749862,0.0357142857142857,1.09428635071833,0.957988579162166,0.946962353501806,0.987383072268342,1.04474639585927,0.975510203278392,0.940176092670744,10.8542108162062,4.52714728887336,13.4630206362178,9.76922341942879
22,2026081522,NUAA,W5,7,0.0243134056071281,0.0289433481729886,0.0302825821173788,0.0422390021731151,0.0308928557556908,0.0308928557556908,0.142857142857143,1.58261303080551,1.41589521488712,1.43833646323502,1.86940867011114,1.69619112430877,1.66370433264406,1.61660246794397,-5.12388690476509,-7.17661811778795,9.11635155038826,-18.1216528439461
22,2026081522,NUAA,W6,14,0.0360025923619169,0.0360025923619169,0.0351111199096593,0.033797960303312,0.0360025923619169,0.0360025923619169,0,1.08594693687467,1.03306428005925,1.01560870039003,0.995629259084473,1.00077221211104,1.00874793048091,0.984256071863097,7.10891147369794,7.84335973254479,6.47713383556898,8.31695129138893
22,2026081522,NUAA,W7,8,0.0769839701819179,0.0769839701819179,0.0746590918411004,0.0758485932239532,0.0769839701819179,0.0769839701819179,0,1.00677788000491,1.015922661921,0.988062006721775,1.00174397754357,0.999316041865023,1.00673725366348,0.987694639914898,0.00403528347553781,0.74116031828661,1.85898733522429,0.500001297337985
22,2026081522,NUAA,W8,31,0.0589604040915583,0.0589604040915583,0.0600727855055994,0.0581625450719606,0.0589604040915583,0.0589604040915583,0,1.253087288046,1.10353362793532,1.08666380749565,1.06485805621474,1.11889824038153,1.22754776623014,1.48740138951196,2.03812791491019,10.7086752012077,13.2810764372093,15.0212386341234
22,2026081522,NUAA,W9,7,0.052176046086479,0.052176046086479,0.0557387638430218,0.0530167926313985,0.052176046086479,0.052176046086479,0,0.934539439593284,1.1529807604278,1.2122581719198,1.22191347896317,1.17646915385818,1.1783705709083,1.20304456592544,-26.0910477380319,-25.8875874056411,-29.7171762432391,-30.7503383158397
22,2026081522,PHM2010,c1,315,0.00801215564201792,0.00798163864359124,0.0103794962693196,0.010633107932084,0.00819049407155347,0.00816423872305722,0.053968253968254,1.08283115905839,0.998938530185782,1.22493891857851,1.30873016688191,1.0628452875245,1.09641594258633,1.26832012139733,-1.25456156431149,1.84570524838601,-13.1237227827544,-20.8618865400909
22,2026081522,PHM2010,c4,315,0.0150087833008585,0.0151961149394473,0.0152299404997609,0.0159954368581373,0.0150591275367102,0.0150591275367102,0.0285714285714286,1.02055497024722,1.10831765827167,1.11063497985312,1.14876228920622,0.992428795619381,1.02420155619644,1.08627253308084,-0.357314015955679,2.75596861000288,-8.82657105516621,-12.5625098791049
22,2026081522,PHM2010,c6,315,0.0145958561471217,0.0146218544703782,0.0113497478958077,0.0122375457113948,0.0145758642916344,0.0145758642916344,0.00634920634920635,1.28695563129085,1.2289499993606,0.896891443852241,0.956107222388707,1.16835340509575,1.16635076948505,0.747324708690607,9.37133020544254,9.21571989829528,30.3090625624261,25.7078333438966
23,2026081523,NUAA,W1,29,0.0189662457220917,0.0188031553844995,0.0177798419110346,0.0201138592636131,0.01855793107983,0.01855793107983,0.0689655172413793,1.62221905881389,1.07489684818205,1.04691819160374,1.11777050891603,1.11348077193695,1.05410689812241,0.897245235256814,35.0206809373118,31.3606404827289,35.4638212443876,31.0962041258897
23,2026081523,NUAA,W2,17,0.0148476120149696,0.0144463930649372,0.0163762517608315,0.0148363214522624,0.0139356538370896,0.0139356538370896,0.117647058823529,1.84901278158357,1.29529308646256,1.42846046484005,1.30859318611478,1.37651270265596,1.32318906715565,1.30145579841828,28.4380789394859,25.5541813249632,22.7446949492333,29.2274667244835
23,2026081523,NUAA,W3,11,0.0295033416448534,0.0295033416448534,0.0270618023104883,0.0266176293360615,0.0295033416448534,0.0295033416448534,0,1.07112619049687,0.971070626870369,0.926160191880428,0.920089097835074,1.0115049967579,0.951850005268368,0.884640170041743,11.1355866644593,5.56621565861502,13.5339794603653,14.1007748668466
23,2026081523,NUAA,W4,28,0.0499947737234601,0.0498829239877363,0.0521321782101146,0.0522364016436155,0.0498742564749862,0.0498742564749862,0.0357142857142857,1.09478277251126,0.976244589844492,0.958001727409034,1.00149961882491,1.07643516179674,0.994044259326002,0.940176092670744,9.20168966069664,1.67591335698796,12.4938981994091,8.52069981630923
23,2026081523,NUAA,W5,7,0.0243134056071281,0.0289433481729886,0.0302825821173788,0.0422390021731151,0.0308928557556908,0.0308928557556908,0.142857142857143,1.42773243917886,1.33430529767134,1.34649144110571,1.8675900359067,1.60693955359754,1.57935468400118,1.61660246794397,-10.6197940637618,-12.55186962914,5.69021168419155,-30.8081251540947
23,2026081523,NUAA,W6,14,0.0360025923619169,0.0360025923619169,0.0351111199096593,0.033797960303312,0.0360025923619169,0.0360025923619169,0,1.09296615824429,1.01324121318295,0.999966476817276,0.976935303357328,0.986158932690945,0.988890277737474,0.984256071863097,9.5223333057264,9.77223537505642,8.50892598325318,10.6161434196049
23,2026081523,NUAA,W7,8,0.0769839701819179,0.0769839701819179,0.0746590918411004,0.0758485932239532,0.0769839701819179,0.0769839701819179,0,0.990321322902805,1.00576198408929,0.981994494174601,0.990258619138718,0.988001646143282,0.99284048711242,0.987694639914898,-0.254378468013915,0.23423475854517,0.840820906874588,0.0063316584866388
23,2026081523,NUAA,W8,31,0.0589604040915583,0.0589604040915583,0.0600727855055994,0.0581625450719606,0.0589604040915583,0.0589604040915583,0,1.27355330695666,1.09401492691557,1.0741351585273,1.0536918098216,1.11037574936791,1.19823629959098,1.48740138951196,5.91392656705195,12.8127779730463,15.6584060784938,17.2636273593017
23,2026081523,NUAA,W9,7,0.052176046086479,0.052176046086479,0.0557387638430218,0.0530167926313985,0.052176046086479,0.052176046086479,0,0.914760931426896,1.08356795743503,1.14105338023537,1.1411930092816,1.113433802989,1.11418576995692,1.20304456592544,-21.8007603603001,-21.7185567000773,-24.7378786122285,-24.7531426054134
23,2026081523,PHM2010,c1,315,0.00801215564201792,0.00798163864359124,0.0103794962693196,0.010633107932084,0.00819049407155347,0.00816423872305722,0.053968253968254,1.09488156658503,1.00023688223968,1.21923024832138,1.30283340519252,1.06862487995815,1.10257093274314,1.26832012139733,-0.702301179669621,2.39813030269373,-11.3572723782536,-18.993089750894
23,2026081523,PHM2010,c4,315,0.0150087833008585,0.0151961149394473,0.0152299404997609,0.0159954368581373,0.0150591275367102,0.0150591275367102,0.0285714285714286,1.0118878032697,1.11163463238072,1.11278367528567,1.15039420102417,0.992736884404249,1.02377673467929,1.08627253308084,-1.17492585355508,1.89259311196068,-9.97105328179114,-13.6879204697315
23,2026081523,PHM2010,c6,315,0.0145958561471217,0.0146218544703782,0.0113497478958077,0.0122375457113948,0.0145758642916344,0.0145758642916344,0.00634920634920635,1.26484009058994,1.21499668590368,0.896036172533905,0.95699752057201,1.15033688550706,1.1495579990853,0.747324708690607,9.11436096644172,9.05278113294712,29.1581458241112,24.3384576681426
24,2026081524,NUAA,W1,29,0.0189662457220917,0.0188031553844995,0.0177798419110346,0.0201138592636131,0.01855793107983,0.01855793107983,0.0689655172413793,1.85681470748234,1.07261400766009,1.03996733618695,1.11772693213772,1.07267331385811,1.02280445628416,0.897245235256814,44.9161808034698,42.2304600703776,43.9918624084447,39.8040672753371
24,2026081524,NUAA,W2,17,0.0148476120149696,0.0144463930649372,0.0163762517608315,0.0148363214522624,0.0139356538370896,0.0139356538370896,0.117647058823529,1.88802264139801,1.28206185547163,1.40693232943815,1.28592652677048,1.33620022030934,1.32410646200799,1.30145579841828,29.8680835189804,29.2275319685822,25.4811728107048,31.8903016004988
24,2026081524,NUAA,W3,11,0.0295033416448534,0.0295033416448534,0.0270618023104883,0.0266176293360615,0.0295033416448534,0.0295033416448534,0,1.05751496909344,0.976155313325784,0.912428145984318,0.902931072024595,0.980801846266565,0.940025716686128,0.884640170041743,11.1099375272232,7.25409332906568,13.7195999441503,14.6176556915658
24,2026081524,NUAA,W4,28,0.0499947737234601,0.0498829239877363,0.0521321782101146,0.0522364016436155,0.0498742564749862,0.0498742564749862,0.0357142857142857,1.07348104601861,0.99859183226098,0.972452778037053,1.01053622160652,1.08375742409623,1.01862013515412,0.940176092670744,5.11056166925004,-0.957294785570048,9.41127636638337,5.86361768058599
24,2026081524,NUAA,W5,7,0.0243134056071281,0.0289433481729886,0.0302825821173788,0.0422390021731151,0.0308928557556908,0.0308928557556908,0.142857142857143,1.40663517714081,1.30623813855138,1.32667183514277,1.79409144314565,1.55876681376384,1.5436081532409,1.61660246794397,-9.73763334843562,-10.8152873677068,5.68472503016558,-27.5449009310578
24,2026081524,NUAA,W6,14,0.0360025923619169,0.0360025923619169,0.0351111199096593,0.033797960303312,0.0360025923619169,0.0360025923619169,0,1.07326963744904,1.02054301589854,1.00080095995598,0.980969083022667,0.998661529465578,1.00218150323369,0.984256071863097,6.62351116018877,6.95147848967328,6.75214083809421,8.59994089143867
24,2026081524,NUAA,W7,8,0.0769839701819179,0.0769839701819179,0.0746590918411004,0.0758485932239532,0.0769839701819179,0.0769839701819179,0,1.00704873289456,1.0101581347567,0.978785265661205,0.998384258565322,1.00065725873087,1.00288120154633,0.987694639914898,0.413836114589635,0.634673770485587,2.80656400332454,0.860382824208907
24,2026081524,NUAA,W8,31,0.0589604040915583,0.0589604040915583,0.0600727855055994,0.0581625450719606,0.0589604040915583,0.0589604040915583,0,1.23703232950734,1.08336359665054,1.05872198715442,1.04464840512505,1.09601969419193,1.21366908789086,1.48740138951196,1.88865246761907,11.3992683903071,14.4143639660521,15.5520530703436
24,2026081524,NUAA,W9,7,0.052176046086479,0.052176046086479,0.0557387638430218,0.0530167926313985,0.052176046086479,0.052176046086479,0,0.937815281043702,1.10127614240488,1.16509998780812,1.16249893439911,1.14327903056087,1.12202638421664,1.20304456592544,-19.6425785436052,-21.9087653688583,-24.2355516441867,-23.9581992207843
24,2026081524,PHM2010,c1,315,0.00801215564201792,0.00798163864359124,0.0103794962693196,0.010633107932084,0.00819049407155347,0.00816423872305722,0.053968253968254,1.09498249565733,0.993703468459932,1.21631636347276,1.30206148593094,1.06209044588447,1.09702498606682,1.26832012139733,-0.186531786361844,3.00388818116305,-11.0808956578436,-18.9116256282528
24,2026081524,PHM2010,c4,315,0.0150087833008585,0.0151961149394473,0.0152299404997609,0.0159954368581373,0.0150591275367102,0.0150591275367102,0.0285714285714286,1.01558879392993,1.11138138451928,1.11295430959665,1.15159391343694,0.99476931909754,1.02613944785947,1.08627253308084,-1.03887065243362,2.04999060218319,-9.58710023669664,-13.3917507085448
24,2026081524,PHM2010,c6,315,0.0145958561471217,0.0146218544703782,0.0113497478958077,0.0122375457113948,0.0145758642916344,0.0145758642916344,0.00634920634920635,1.27141000425008,1.21003252943486,0.889789097460751,0.951124778969487,1.14624625797805,1.14618574554719,0.747324708690607,9.84924283152525,9.84448335734623,30.0155658295628,25.1913406540724
25,2026081525,NUAA,W1,29,0.0189662457220917,0.0188031553844995,0.0177798419110346,0.0201138592636131,0.01855793107983,0.01855793107983,0.0689655172413793,1.67349478392488,1.11302164960431,1.08064014175251,1.14936601907751,1.09524640470171,1.05867957643016,0.897245235256814,36.7383999878852,34.553342190108,35.4261422184979,31.3194143108184
25,2026081525,NUAA,W2,17,0.0148476120149696,0.0144463930649372,0.0163762517608315,0.0148363214522624,0.0139356538370896,0.0139356538370896,0.117647058823529,1.9629111853049,1.34182521813096,1.48017577737181,1.32079126648548,1.36628428171551,1.34906251979183,1.30145579841828,31.2723606706496,30.3950024869167,24.5928298512451,32.7126323201263
25,2026081525,NUAA,W3,11,0.0295033416448534,0.0295033416448534,0.0270618023104883,0.0266176293360615,0.0295033416448534,0.0295033416448534,0,1.05558141699699,0.967398772228944,0.903677298975318,0.89272109442687,0.98906235806745,0.941641465787999,0.884640170041743,10.7940467096451,6.30165119037208,14.39056387084,15.4284946615901
25,2026081525,NUAA,W4,28,0.0499947737234601,0.0498829239877363,0.0521321782101146,0.0522364016436155,0.0498742564749862,0.0498742564749862,0.0357142857142857,1.13321012227579,1.00223725696467,0.978501107731044,1.01348804717587,1.09088732224057,1.0164465607401,0.940176092670744,10.3037873771539,3.73477073697689,13.6522796173092,10.5648610744388
25,2026081525,NUAA,W5,7,0.0243134056071281,0.0289433481729886,0.0302825821173788,0.0422390021731151,0.0308928557556908,0.0308928557556908,0.142857142857143,1.41117114995536,1.25109291287817,1.26771656042806,1.73224527195701,1.52167414873384,1.5117185450439,1.61660246794397,-7.12510279789427,-7.83058800358721,10.1656407539109,-22.7523161887071
25,2026081525,NUAA,W6,14,0.0360025923619169,0.0360025923619169,0.0351111199096593,0.033797960303312,0.0360025923619169,0.0360025923619169,0,1.05889501325247,1.00949160504131,0.995939066649734,0.980343721988258,0.979266613993619,0.980069124843217,0.984256071863097,7.44416466436436,7.5199522391054,5.94543800988978,7.41823224031819
25,2026081525,NUAA,W7,8,0.0769839701819179,0.0769839701819179,0.0746590918411004,0.0758485932239532,0.0769839701819179,0.0769839701819179,0,1.01738337988787,0.994263352351585,0.969686224315784,0.978788426254486,0.993656000056843,0.986996540501978,0.987694639914898,2.98676388730043,2.33219652493612,4.68821847446913,3.79355063158524
25,2026081525,NUAA,W8,31,0.0589604040915583,0.0589604040915583,0.0600727855055994,0.0581625450719606,0.0589604040915583,0.0589604040915583,0,1.30284126155337,1.11422212195906,1.09403792797283,1.07070680892147,1.13121831198145,1.24899842510107,1.48740138951196,4.13272422674898,13.1729746851355,16.0267670162353,17.8175545618758
25,2026081525,NUAA,W9,7,0.052176046086479,0.052176046086479,0.0557387638430218,0.0530167926313985,0.052176046086479,0.052176046086479,0,0.954231975834429,1.10846967343561,1.1674451266781,1.17217574664734,1.14473695043713,1.1297019836318,1.20304456592544,-18.3886111806232,-19.9642203811195,-22.3439536971319,-22.8397052637367
25,2026081525,PHM2010,c1,315,0.00801215564201792,0.00798163864359124,0.0103794962693196,0.010633107932084,0.00819049407155347,0.00816423872305722,0.053968253968254,1.09155217249609,0.990328968803503,1.20794567048658,1.29414001161408,1.05362403379259,1.09190944451491,1.26832012139733,-0.0327306406256922,3.4746977431929,-10.6631181654225,-18.5596111869512
25,2026081525,PHM2010,c4,315,0.0150087833008585,0.0151961149394473,0.0152299404997609,0.0159954368581373,0.0150591275367102,0.0150591275367102,0.0285714285714286,1.01351523769993,1.10786318191625,1.10980880261318,1.14911039050827,0.990314520496718,1.02194251320274,1.08627253308084,-0.831489768416534,2.28913353644897,-9.50094890845312,-13.3786989839509
25,2026081525,PHM2010,c6,315,0.0145958561471217,0.0146218544703782,0.0113497478958077,0.0122375457113948,0.0145758642916344,0.0145758642916344,0.00634920634920635,1.26471893790312,1.21137788374344,0.897346533707855,0.953433121773733,1.14902259405619,1.14845859476068,0.747324708690607,9.1925834000084,9.14798856722698,29.047750704545,24.6130430090259
26,2026081526,NUAA,W1,29,0.0189662457220917,0.0188031553844995,0.0177798419110346,0.0201138592636131,0.01855793107983,0.01855793107983,0.0689655172413793,1.85588037985313,1.08300356504003,1.05522277615807,1.13744015027993,1.10511490509111,1.04447655347295,0.897245235256814,43.720696397706,40.4533332488505,43.1416600114291,38.711559073115
26,2026081526,NUAA,W2,17,0.0148476120149696,0.0144463930649372,0.0163762517608315,0.0148363214522624,0.0139356538370896,0.0139356538370896,0.117647058823529,2.07342359356134,1.2359437185046,1.35724986746455,1.26316123861276,1.3435644436875,1.28604691556332,1.30145579841828,37.9747139196776,35.2006773792049,34.5406374423802,39.078476654009
26,2026081526,NUAA,W3,11,0.0295033416448534,0.0295033416448534,0.0270618023104883,0.0266176293360615,0.0295033416448534,0.0295033416448534,0,1.13562672417821,1.00384758370478,0.961327566394245,0.953098295205555,1.03605382716305,0.985786494677511,0.884640170041743,13.1944965991467,8.76810089928188,15.3482789787367,16.0729247636134
26,2026081526,NUAA,W4,28,0.0499947737234601,0.0498829239877363,0.0521321782101146,0.0522364016436155,0.0498742564749862,0.0498742564749862,0.0357142857142857,1.10537153276847,0.950690387130058,0.933197114674736,0.972375730221573,1.04312704215831,0.959663773583145,0.940176092670744,13.1817904537841,5.63109224047579,15.5761581504193,12.0317738067487
26,2026081526,NUAA,W5,7,0.0243134056071281,0.0289433481729886,0.0302825821173788,0.0422390021731151,0.0308928557556908,0.0308928557556908,0.142857142857143,1.49201287178578,1.25135015007664,1.24995674044957,1.77437359740544,1.63346067935752,1.50099117086542,1.61660246794397,-0.601757481414549,-9.48033426832561,16.2234613329101,-18.924818341661
26,2026081526,NUAA,W6,14,0.0360025923619169,0.0360025923619169,0.0351111199096593,0.033797960303312,0.0360025923619169,0.0360025923619169,0,1.04412728826523,1.03100063455128,1.01548549917226,0.990880216052489,1.00115411839902,1.0056577256165,0.984256071863097,3.68437479616512,4.11570220883722,2.74313193562378,5.09967250268937
26,2026081526,NUAA,W7,8,0.0769839701819179,0.0769839701819179,0.0746590918411004,0.0758485932239532,0.0769839701819179,0.0769839701819179,0,1.01701392195712,1.01314941181314,0.981810155114701,1.00162702700684,1.00310825993696,1.00065914875773,0.987694639914898,1.60811694375965,1.36730301522303,3.46148327789574,1.51294831054713
26,2026081526,NUAA,W8,31,0.0589604040915583,0.0589604040915583,0.0600727855055994,0.0581625450719606,0.0589604040915583,0.0589604040915583,0,1.2715256209206,1.1005672287188,1.07910124493935,1.05766111434405,1.12084170002675,1.22670175035426,1.48740138951196,3.52520388333918,11.8506397680573,15.1333463372869,16.8195200362311
26,2026081526,NUAA,W9,7,0.052176046086479,0.052176046086479,0.0557387638430218,0.0530167926313985,0.052176046086479,0.052176046086479,0,0.919959095673918,1.13679582151748,1.19916508936036,1.21236072608654,1.1689055364234,1.15544720879734,1.20304456592544,-25.597672138989,-27.0605988809875,-30.3498269650687,-31.7841990788107
26,2026081526,PHM2010,c1,315,0.00801215564201792,0.00798163864359124,0.0103794962693196,0.010633107932084,0.00819049407155347,0.00816423872305722,0.053968253968254,1.08247929871211,1.00224676837458,1.22316963876054,1.30829951682438,1.07550226812659,1.10915691421395,1.26832012139733,-2.46449197999255,0.644541710295903,-12.9970467071121,-20.8613890705295
26,2026081526,PHM2010,c4,315,0.0150087833008585,0.0151961149394473,0.0152299404997609,0.0159954368581373,0.0150591275367102,0.0150591275367102,0.0285714285714286,1.0161861471023,1.10780274040381,1.10960194683041,1.14834232513858,0.991883106872281,1.0225251276484,1.08627253308084,-0.623801117952164,2.39159334136951,-9.19278421522365,-13.0051150975762
26,2026081526,PHM2010,c6,315,0.0145958561471217,0.0146218544703782,0.0113497478958077,0.0122375457113948,0.0145758642916344,0.0145758642916344,0.00634920634920635,1.2613272821766,1.20422201559199,0.888792439056754,0.945204660405898,1.14187660886874,1.13997054740403,0.747324708690607,9.6213517686822,9.47023623414589,29.5351451113452,25.0626959582756
27,2026081527,NUAA,W1,29,0.0189662457220917,0.0188031553844995,0.0177798419110346,0.0201138592636131,0.01855793107983,0.01855793107983,0.0689655172413793,1.71563434654602,1.09324615959867,1.05255567034141,1.12707520070564,1.0810880638314,1.04660260679039,0.897245235256814,38.9961731124435,36.9861027783754,38.6491840490102,34.3056285289044
27,2026081527,NUAA,W2,17,0.0148476120149696,0.0144463930649372,0.0163762517608315,0.0148363214522624,0.0139356538370896,0.0139356538370896,0.117647058823529,2.01557789831978,1.30955496734569,1.41609609813923,1.27404160323076,1.3874693200201,1.37918625050089,1.30145579841828,31.5736567834664,31.1627041963141,29.7424277513804,36.790257310679
27,2026081527,NUAA,W3,11,0.0295033416448534,0.0295033416448534,0.0270618023104883,0.0266176293360615,0.0295033416448534,0.0295033416448534,0,1.0315671860207,0.949158011588638,0.891610641276908,0.882324730036536,0.96535481719341,0.922245592837227,0.884640170041743,10.5976222067691,6.41861913839141,13.5673707578543,14.4675458861649
27,2026081527,NUAA,W4,28,0.0499947737234601,0.0498829239877363,0.0521321782101146,0.0522364016436155,0.0498742564749862,0.0498742564749862,0.0357142857142857,1.04060431280773,0.950579896722762,0.932353808475086,0.976404438426613,1.0276455784649,0.96477628305585,0.940176092670744,7.28692249480315,1.24530853690809,10.402657667309,6.16947994458073
27,2026081527,NUAA,W5,7,0.0243134056071281,0.0289433481729886,0.0302825821173788,0.0422390021731151,0.0308928557556908,0.0308928557556908,0.142857142857143,1.42282237498391,1.23777186435191,1.26601764385477,1.70397204893516,1.49106293108904,1.45346754517603,1.61660246794397,-2.15382965090604,-4.79614021433323,11.0206821235085,-19.7599980780756
27,2026081527,NUAA,W6,14,0.0360025923619169,0.0360025923619169,0.0351111199096593,0.033797960303312,0.0360025923619169,0.0360025923619169,0,1.08397145620675,1.03457064835308,1.01773754604714,0.989337831506383,1.00413684903579,1.00984852595609,0.984256071863097,6.83808875466563,7.36501009448393,6.11030020950756,8.73026906368224
27,2026081527,NUAA,W7,8,0.0769839701819179,0.0769839701819179,0.0746590918411004,0.0758485932239532,0.0769839701819179,0.0769839701819179,0,1.01271422684547,1.00397539865005,0.986747660794301,0.989343870762196,1.00174096269792,0.999161681683193,0.987694639914898,1.33823983143668,1.08354991533269,2.5640566077607,2.30769504997146
27,2026081527,NUAA,W8,31,0.0589604040915583,0.0589604040915583,0.0600727855055994,0.0581625450719606,0.0589604040915583,0.0589604040915583,0,1.21808773241921,1.07836364190482,1.05592369205381,1.04236901285011,1.08911575926769,1.20474446162002,1.48740138951196,1.09542773020855,10.5880692924617,13.3130016869417,14.4257851788809
27,2026081527,NUAA,W9,7,0.052176046086479,0.052176046086479,0.0557387638430218,0.0530167926313985,0.052176046086479,0.052176046086479,0,0.929463287298883,1.10837556214169,1.16597520543535,1.16691051253605,1.12643737285227,1.13098285385414,1.20304456592544,-21.6812830919759,-21.1922394617452,-25.4460742418126,-25.5467029716921
27,2026081527,PHM2010,c1,315,0.00801215564201792,0.00798163864359124,0.0103794962693196,0.010633107932084,0.00819049407155347,0.00816423872305722,0.053968253968254,1.07740124899154,1.00036506059926,1.22109850327099,1.30247476065686,1.0645236113157,1.09925438270308,1.26832012139733,-2.02831895099422,1.19524993013379,-13.3373944399969,-20.8904075316414
27,2026081527,PHM2010,c4,315,0.0150087833008585,0.0151961149394473,0.0152299404997609,0.0159954368581373,0.0150591275367102,0.0150591275367102,0.0285714285714286,1.01621958078826,1.11177723168649,1.11333773327299,1.1519102851069,0.995331882271435,1.02594913135316,1.08627253308084,-0.957426008004695,2.05543161258749,-9.55680783176804,-13.3524985036588
27,2026081527,PHM2010,c6,315,0.0145958561471217,0.0146218544703782,0.0113497478958077,0.0122375457113948,0.0145758642916344,0.0145758642916344,0.00634920634920635,1.26303050744058,1.20733676656235,0.900045568083367,0.957806903791737,1.14359679293435,1.14179488562322,0.747324708690607,9.59878808177269,9.45612269875002,28.739205998497,24.1659723855245
28,2026081528,NUAA,W1,29,0.0189662457220917,0.0188031553844995,0.0177798419110346,0.0201138592636131,0.01855793107983,0.01855793107983,0.0689655172413793,1.70862731753552,1.09760625713495,1.06561297211946,1.13672795072056,1.10559555994518,1.05510520121168,0.897245235256814,38.2483710529962,35.2933463840515,37.633387855669,33.4712760907893
28,2026081528,NUAA,W2,17,0.0148476120149696,0.0144463930649372,0.0163762517608315,0.0148363214522624,0.0139356538370896,0.0139356538370896,0.117647058823529,1.92525439386899,1.22346923602785,1.33061152621699,1.25629900376458,1.26582018077143,1.22386009245608,1.30145579841828,36.4312531188873,34.2517962923517,30.886456851918,34.7463375351699
28,2026081528,NUAA,W3,11,0.0295033416448534,0.0295033416448534,0.0270618023104883,0.0266176293360615,0.0295033416448534,0.0295033416448534,0,1.04492554706206,0.962830589573441,0.9062357447492,0.899706280554471,0.98042875529525,0.933415910794334,0.884640170041743,10.6715389035373,6.1723815584902,13.272697055097,13.897570684906
28,2026081528,NUAA,W4,28,0.0499947737234601,0.0498829239877363,0.0521321782101146,0.0522364016436155,0.0498742564749862,0.0498742564749862,0.0357142857142857,1.12806250653122,0.998639718934616,0.965587062191424,1.01056026074902,1.08245096592554,1.01039502800027,0.940176092670744,10.4309360385332,4.04335223816072,14.4030533236502,10.4162885568742
28,2026081528,NUAA,W5,7,0.0243134056071281,0.0289433481729886,0.0302825821173788,0.0422390021731151,0.0308928557556908,0.0308928557556908,0.142857142857143,1.3699940424172,1.31612813688474,1.32542073332323,1.83012484525432,1.62741062299488,1.54111317108397,1.61660246794397,-12.4905016641424,-18.7896131375506,3.25354035958634,-33.5863360416714
28,2026081528,NUAA,W6,14,0.0360025923619169,0.0360025923619169,0.0351111199096593,0.033797960303312,0.0360025923619169,0.0360025923619169,0,1.08963628219574,1.00940873426054,0.996952147213939,0.974121536277705,0.978938173416565,0.986829997866374,0.984256071863097,9.43491750496782,10.1591797729153,8.50596997330455,10.6012205912656
28,2026081528,NUAA,W7,8,0.0769839701819179,0.0769839701819179,0.0746590918411004,0.0758485932239532,0.0769839701819179,0.0769839701819179,0,1.01238886796298,0.993894419863093,0.96933047028657,0.981483666778164,0.977466233483779,0.983849009936639,0.987694639914898,2.819060830229,3.44952770465274,4.25314807767979,3.05270061364877
28,2026081528,NUAA,W8,31,0.0589604040915583,0.0589604040915583,0.0600727855055994,0.0581625450719606,0.0589604040915583,0.0589604040915583,0,1.25559791911649,1.10201758298716,1.07907808229663,1.05972924469109,1.11455906684569,1.23601694379154,1.48740138951196,1.5594940885796,11.2328039194302,14.058627696999,15.5996335644794
28,2026081528,NUAA,W9,7,0.052176046086479,0.052176046086479,0.0557387638430218,0.0530167926313985,0.052176046086479,0.052176046086479,0,0.941845562371609,1.12242277057114,1.18136902618885,1.17745546543151,1.15833260215616,1.14335330517392,1.20304456592544,-21.3949877615721,-22.9854074206633,-25.431288672647,-25.0157682398192
28,2026081528,PHM2010,c1,315,0.00801215564201792,0.00798163864359124,0.0103794962693196,0.010633107932084,0.00819049407155347,0.00816423872305722,0.053968253968254,1.09122537292898,0.991705205446593,1.20930322212741,1.29244054543371,1.05888512593612,1.09337207322651,1.26832012139733,-0.196723825415801,2.96366340035287,-10.8206656596974,-18.4393781061603
28,2026081528,PHM2010,c4,315,0.0150087833008585,0.0151961149394473,0.0152299404997609,0.0159954368581373,0.0150591275367102,0.0150591275367102,0.0285714285714286,1.01688658246778,1.11150510501413,1.11318440580727,1.15185624124225,0.993640153329072,1.02419526572772,1.08627253308084,-0.71873140878784,2.28603951900803,-9.46986861659592,-13.2728330869441
28,2026081528,PHM2010,c6,315,0.0145958561471217,0.0146218544703782,0.0113497478958077,0.0122375457113948,0.0145758642916344,0.0145758642916344,0.00634920634920635,1.26208299579715,1.20659701756474,0.893717506837738,0.949289852105563,1.14272319591046,1.14192371279941,0.747324708690607,9.52071166459567,9.45736534634964,29.1871049832779,24.7838806745053
29,2026081529,NUAA,W1,29,0.0189662457220917,0.0188031553844995,0.0177798419110346,0.0201138592636131,0.01855793107983,0.01855793107983,0.0689655172413793,1.74817838648322,1.05193872961676,1.03868660104265,1.10849633511274,1.05400088743217,1.00851173685324,0.897245235256814,42.3107078401741,39.708619235793,40.5846331773867,36.5913488186594
29,2026081529,NUAA,W2,17,0.0148476120149696,0.0144463930649372,0.0163762517608315,0.0148363214522624,0.0139356538370896,0.0139356538370896,0.117647058823529,1.88902327749375,1.29314687601711,1.43234351209437,1.25329407570859,1.38383502212897,1.33412445958598,1.30145579841828,29.374906308406,26.7433578709012,24.1754440424511,33.6538574912961
29,2026081529,NUAA,W3,11,0.0295033416448534,0.0295033416448534,0.0270618023104883,0.0266176293360615,0.0295033416448534,0.0295033416448534,0,1.06111853975332,0.970805318370143,0.910406963405979,0.9058325376323,0.995534256693072,0.937258488576343,0.884640170041743,11.6725932623677,6.18067450555505,14.2030857723379,14.6341804712151
29,2026081529,NUAA,W4,28,0.0499947737234601,0.0498829239877363,0.0521321782101146,0.0522364016436155,0.0498742564749862,0.0498742564749862,0.0357142857142857,1.09074441635261,0.963024205483318,0.956482548132523,0.998290791174178,1.04013703896266,0.978423896706778,0.940176092670744,10.2976020745012,4.63970996607806,12.3091960139528,8.47619513722495
29,2026081529,NUAA,W5,7,0.0243134056071281,0.0289433481729886,0.0302825821173788,0.0422390021731151,0.0308928557556908,0.0308928557556908,0.142857142857143,1.35177747121546,1.32979900872563,1.35349842702129,1.82037602114933,1.52519472420079,1.57545380239533,1.61660246794397,-16.5468308166695,-12.8288314221866,-0.127310584950143,-34.6653617116829
29,2026081529,NUAA,W6,14,0.0360025923619169,0.0360025923619169,0.0351111199096593,0.033797960303312,0.0360025923619169,0.0360025923619169,0,1.11689301266668,1.05627008982806,1.045312011258,1.01767062572412,1.02808587482235,1.03131522431858,0.984256071863097,7.66212944100815,7.95126631084338,6.4089398534043,8.88378616548624
29,2026081529,NUAA,W7,8,0.0769839701819179,0.0769839701819179,0.0746590918411004,0.0758485932239532,0.0769839701819179,0.0769839701819179,0,0.994856658685861,1.0011549384468,0.978486038128988,0.984980191961856,0.987977411650934,0.9936536067715,0.987694639914898,0.120927161099751,0.691481227457828,1.64552555525912,0.99275273857554
29,2026081529,NUAA,W8,31,0.0589604040915583,0.0589604040915583,0.0600727855055994,0.0581625450719606,0.0589604040915583,0.0589604040915583,0,1.27000531078339,1.09613391921198,1.07648215635251,1.05606409985681,1.11868314789723,1.22061412024073,1.48740138951196,3.88905385853819,11.9150811103944,15.2379799350214,16.8456941959253
29,2026081529,NUAA,W9,7,0.052176046086479,0.052176046086479,0.0557387638430218,0.0530167926313985,0.052176046086479,0.052176046086479,0,0.937219575216989,1.11525757296904,1.1751292914039,1.16709371545596,1.1375721026621,1.13365327627835,1.20304456592544,-20.9591974234936,-21.3773306430056,-25.3846294377525,-24.5272448759674
29,2026081529,PHM2010,c1,315,0.00801215564201792,0.00798163864359124,0.0103794962693196,0.010633107932084,0.00819049407155347,0.00816423872305722,0.053968253968254,1.09646250388816,0.997856253439006,1.21925588592365,1.30385985265444,1.06600174290125,1.10178461468241,1.26832012139733,-0.485389219911366,2.77809417822294,-11.1990498170298,-18.9151337169152
29,2026081529,PHM2010,c4,315,0.0150087833008585,0.0151961149394473,0.0152299404997609,0.0159954368581373,0.0150591275367102,0.0150591275367102,0.0285714285714286,1.01814732192578,1.11652836172058,1.11655546451902,1.15491461919521,0.997637502650036,1.02952401499613,1.08627253308084,-1.11739164120471,2.01442549953899,-9.66541289988368,-13.4329575223689
29,2026081529,PHM2010,c6,315,0.0145958561471217,0.0146218544703782,0.0113497478958077,0.0122375457113948,0.0145758642916344,0.0145758642916344,0.00634920634920635,1.27425043973386,1.22114157977964,0.90326460385217,0.955575476076395,1.1580582776063,1.15713038971062,0.747324708690607,9.19128974738258,9.11847141695523,29.1140441716601,25.0088172403553
30,2026081530,NUAA,W1,29,0.0189662457220917,0.0188031553844995,0.0177798419110346,0.0201138592636131,0.01855793107983,0.01855793107983,0.0689655172413793,1.72071783877983,1.08411339364529,1.06272330462109,1.12551332446211,1.10466416703662,1.05130211229341,0.897245235256814,38.9032827695391,35.8021319858029,38.2395369728558,34.5904773521606
30,2026081530,NUAA,W2,17,0.0148476120149696,0.0144463930649372,0.0163762517608315,0.0148363214522624,0.0139356538370896,0.0139356538370896,0.117647058823529,1.77438632827454,1.24303426546539,1.35810769537556,1.26585955045057,1.3168027523519,1.2797440629681,1.30145579841828,27.8768077404788,25.7882721835221,23.4604283332019,28.6593043307807
30,2026081530,NUAA,W3,11,0.0295033416448534,0.0295033416448534,0.0270618023104883,0.0266176293360615,0.0295033416448534,0.0295033416448534,0,1.03783770160915,0.978547974715126,0.898127673424356,0.885147062675967,0.984555423979338,0.952490525253676,0.884640170041743,8.22355713452549,5.13397013301786,13.461645107725,14.7123812033846
30,2026081530,NUAA,W4,28,0.0499947737234601,0.0498829239877363,0.0521321782101146,0.0522364016436155,0.0498742564749862,0.0498742564749862,0.0357142857142857,1.08086874341845,0.955090984341196,0.944304369648326,0.982410688763032,1.05118131672748,0.968855864540749,0.940176092670744,10.363226761784,2.74662644023468,12.6346861819884,9.10915920688242
30,2026081530,NUAA,W5,7,0.0243134056071281,0.0289433481729886,0.0302825821173788,0.0422390021731151,0.0308928557556908,0.0308928557556908,0.142857142857143,1.30374112117572,1.32326430988092,1.34502845856136,1.7624975415064,1.59194394204322,1.54500324568331,1.61660246794397,-18.5053704749307,-22.1058319160474,-3.16683555615682,-35.1876927773029
30,2026081530,NUAA,W6,14,0.0360025923619169,0.0360025923619169,0.0351111199096593,0.033797960303312,0.0360025923619169,0.0360025923619169,0,1.11463010766732,1.02559105596382,1.00755192928092,0.989078288637254,1.01019623365228,1.00201691969067,0.984256071863097,10.1031891388911,9.36937494301163,9.60661098689462,11.2639895662626
30,2026081530,NUAA,W7,8,0.0769839701819179,0.0769839701819179,0.0746590918411004,0.0758485932239532,0.0769839701819179,0.0769839701819179,0,0.991098336658021,1.01932639966878,0.990247909243128,1.00480764903114,1.01176446368503,1.00767053574962,0.987694639914898,-1.6721044197778,-2.08517422163074,0.0858065626222901,-1.38324441339915
30,2026081530,NUAA,W8,31,0.0589604040915583,0.0589604040915583,0.0600727855055994,0.0581625450719606,0.0589604040915583,0.0589604040915583,0,1.27200418408711,1.10206803460127,1.08087902516888,1.05943637623334,1.11916053154792,1.22183746827877,1.48740138951196,3.94391122575886,12.0159708946937,15.0255133834639,16.7112506792831
30,2026081530,NUAA,W9,7,0.052176046086479,0.052176046086479,0.0557387638430218,0.0530167926313985,0.052176046086479,0.052176046086479,0,0.932895170333144,1.12259437814322,1.18243416593165,1.17976975395125,1.14695975086004,1.14640520188046,1.20304456592544,-22.8868192629911,-22.9462631316282,-26.7488784950397,-26.4632717017866
30,2026081530,PHM2010,c1,315,0.00801215564201792,0.00798163864359124,0.0103794962693196,0.010633107932084,0.00819049407155347,0.00816423872305722,0.053968253968254,1.08536610796492,0.993068206727112,1.21071859253543,1.29596621237567,1.06226292398623,1.09719695980994,1.26832012139733,-1.09003328537725,2.12860746333875,-11.5493273330179,-19.4036005791287
30,2026081530,PHM2010,c4,315,0.0150087833008585,0.0151961149394473,0.0152299404997609,0.0159954368581373,0.0150591275367102,0.0150591275367102,0.0285714285714286,1.01921854537215,1.11431247328618,1.11502346620037,1.15333726522148,0.995049881957428,1.02702430724969,1.08627253308084,-0.765857520252032,2.37129352919107,-9.39984081561555,-13.1589756150244
30,2026081530,PHM2010,c6,315,0.0145958561471217,0.0146218544703782,0.0113497478958077,0.0122375457113948,0.0145758642916344,0.0145758642916344,0.00634920634920635,1.27051694358007,1.20995614751727,0.903208154212435,0.957396163439211,1.14802426971431,1.1477241414896,0.747324708690607,9.66479059653175,9.64116806821975,28.9101842540273,24.6451479236905
