Repeat,Seed,Dataset,TargetPair,FaultType,RunLevelN,FullMAE,MedianReplacementMAE,SingleMaskTrainMAE,MultiMaskTrainMAE,SingleSQTR_MAE,SubsetRoutingMAE,OraclePairExclusionMAE,ExactSetDetectionRate,BothTargetDetectedRate,ExtraChannelTriggerRate,MeanDurationFraction,MeanSeverity
1,2026081501,NUAA,force_z+vibration_x,SoftClipping,152,0.0485817738952978,0.0414332781267629,0.0400276395635452,0.0428732456930071,0.0425464358074011,0.0424630161371114,0.0586484258120297,0.0131578947368421,0.0131578947368421,0.0197368421052632,0.494848980282816,1.78975733042433
1,2026081501,NUAA,force_z+vibration_x,IntermittentDropout,152,0.0457967768888635,0.0419689655668126,0.0403830969940077,0.0428767067810953,0.0459457492015178,0.0560622976278891,0.0586484258120297,0.828947368421053,0.848684210526316,0.0197368421052632,0.264440622468217,0.264440622468217
1,2026081501,NUAA,force_z+vibration_x,GradualDrift,152,0.0503069126831843,0.0424575721934054,0.0423824883549296,0.0428567151113886,0.0432619910110389,0.0428553361922822,0.0586484258120297,0.00657894736842105,0.00657894736842105,0.0197368421052632,0.6901696686391,1.74792833302218
1,2026081501,NUAA,force_z+vibration_x,HeteroscedasticNoise,152,0.0621241732174138,0.0490202376345401,0.0488622610636509,0.0473150309462799,0.0509878748186563,0.049411625624576,0.0586484258120297,0.00657894736842105,0.00657894736842105,0.0197368421052632,0.696618915420665,1.25691615628585
1,2026081501,NUAA,force_z+vibration_y,SoftClipping,152,0.0476716650578634,0.0415874862221682,0.0418002339815762,0.0428305688187808,0.0435787462577541,0.0434020280139131,0.040833826260722,0.0197368421052632,0.0197368421052632,0.00657894736842105,0.489372736250076,1.77789758583889
1,2026081501,NUAA,force_z+vibration_y,IntermittentDropout,152,0.0486605083914759,0.0410881978527728,0.0395870270380589,0.0414966686738906,0.0452201897741263,0.0411902801702142,0.040833826260722,0.835526315789474,0.835526315789474,0.00657894736842105,0.262804798746112,0.262804798746112
1,2026081501,NUAA,force_z+vibration_y,GradualDrift,152,0.053197637524957,0.0441590059537862,0.0419283877533098,0.0430272398042379,0.0451863631464664,0.0441873734950381,0.040833826260722,0.138157894736842,0.144736842105263,0.00657894736842105,0.694685114535103,1.79778153389693
1,2026081501,NUAA,force_z+vibration_y,HeteroscedasticNoise,152,0.0561143661852183,0.0448745224465335,0.0443907616379522,0.044972390899141,0.0445607333847528,0.0445607333847528,0.040833826260722,0,0,0.00657894736842105,0.693718177678851,1.23860853285598
1,2026081501,NUAA,vibration_x+vibration_y,SoftClipping,152,0.0392480136217412,0.0393432671598104,0.0403879344875814,0.0400618113445403,0.0392880633050331,0.0392880633050331,0.0379406954754658,0,0,0.0131578947368421,0.502204061037795,1.71158266926413
1,2026081501,NUAA,vibration_x+vibration_y,IntermittentDropout,152,0.0421125993842871,0.0381550550447359,0.0374069017775911,0.0377409178067707,0.0393611869173788,0.0378296641271633,0.0379406954754658,0.986842105263158,1,0.0131578947368421,0.253668197714753,0.253668197714753
1,2026081501,NUAA,vibration_x+vibration_y,GradualDrift,152,0.0414312026499086,0.0408926171160009,0.0401994331172716,0.0400176521357964,0.0410524585588355,0.0409440731589728,0.0379406954754658,0.00657894736842105,0.00657894736842105,0.0131578947368421,0.695567192758568,1.76775764032137
1,2026081501,NUAA,vibration_x+vibration_y,HeteroscedasticNoise,152,0.040604963456688,0.0407687061034244,0.0409532470085842,0.0412140828342093,0.040769936503641,0.040769936503641,0.0379406954754658,0,0,0.0131578947368421,0.694129630162707,1.23986974256198
1,2026081501,PHM2010,force_z+vibration_x,SoftClipping,945,0.0163422531567825,0.0164042360042204,0.0136540458494812,0.013791670581399,0.0161599115664906,0.0161602085072053,0.0114861988707107,0.00423280423280423,0.00423280423280423,0.00846560846560847,0.496804316276516,1.7626742472546
1,2026081501,PHM2010,force_z+vibration_x,IntermittentDropout,945,0.0157071836939639,0.0147868100259969,0.012260590404273,0.0130813980137211,0.0110046912901834,0.0121462227263286,0.0114861988707107,0.685714285714286,0.694179894179894,0.00846560846560847,0.264953003175664,0.264953003175664
1,2026081501,PHM2010,force_z+vibration_x,GradualDrift,945,0.0141024684895853,0.0137663394977491,0.012885607512298,0.0140333483929837,0.0136359648508115,0.0136298862800807,0.0114861988707107,0.0148148148148148,0.0158730158730159,0.00846560846560847,0.695007319206464,1.76061527728213
1,2026081501,PHM2010,force_z+vibration_x,HeteroscedasticNoise,945,0.0140110388388549,0.0139386066320051,0.0137601458918277,0.0140279215742464,0.0137651389980166,0.0137592104409702,0.0114861988707107,0.00211640211640212,0.00211640211640212,0.00846560846560847,0.697648467709244,1.24539083298311
1,2026081501,PHM2010,force_z+vibration_y,SoftClipping,945,0.0160292582045395,0.0159603906281491,0.0136511804732876,0.0141389374334861,0.0157174220804943,0.015691640928054,0.0120501203448286,0.00211640211640212,0.00211640211640212,0.0137566137566138,0.504528482496125,1.72772979421508
1,2026081501,PHM2010,force_z+vibration_y,IntermittentDropout,945,0.0144747544663002,0.0138875042599555,0.0123079463280331,0.013083475409225,0.0107397885455612,0.0114170639668652,0.0120501203448286,0.385185185185185,0.391534391534392,0.0137566137566138,0.261278729548337,0.261278729548337
1,2026081501,PHM2010,force_z+vibration_y,GradualDrift,945,0.0130421986460103,0.0127737515474892,0.0126190927342911,0.014295917609478,0.0125753729166204,0.0125715763774056,0.0120501203448286,0.00105820105820106,0.00105820105820106,0.0137566137566138,0.696802458809877,1.74507230594123
1,2026081501,PHM2010,force_z+vibration_y,HeteroscedasticNoise,945,0.0144122826908365,0.0144943985510583,0.013996762623312,0.0139579962594157,0.0143917653139275,0.0143944448609942,0.0120501203448286,0,0,0.0137566137566138,0.699560993750682,1.24603463391957
1,2026081501,PHM2010,vibration_x+vibration_y,SoftClipping,945,0.0121890239981969,0.0122163902398549,0.0124054242970731,0.0129299064016887,0.0122781984598517,0.0122685181204545,0.013837131998922,0,0,0.00952380952380952,0.4994905997634,1.73115800119417
1,2026081501,PHM2010,vibration_x+vibration_y,IntermittentDropout,945,0.0119161412977623,0.0137884374822903,0.013788983927427,0.0142799749890949,0.013143478980615,0.0142652079386878,0.013837131998922,0.376719576719577,0.380952380952381,0.00952380952380952,0.259502835447487,0.259502835447487
1,2026081501,PHM2010,vibration_x+vibration_y,GradualDrift,945,0.0141584158760878,0.014160037636828,0.0140668850630904,0.0158152740753484,0.0142137681610027,0.0142040202556366,0.013837131998922,0,0,0.00952380952380952,0.702822458670334,1.7620850161606
1,2026081501,PHM2010,vibration_x+vibration_y,HeteroscedasticNoise,945,0.0142256692079994,0.0142599955970937,0.013253618296329,0.0137993122304561,0.0142753503290274,0.0142656639126721,0.013837131998922,0,0,0.00952380952380952,0.697320252744796,1.25671060985611
2,2026081502,NUAA,force_z+vibration_x,SoftClipping,152,0.0503627407604112,0.0422239562298642,0.040908590703386,0.0434845789008317,0.0439854420779763,0.0438640121070002,0.0586484258120297,0.0131578947368421,0.0131578947368421,0.0197368421052632,0.496325390821894,1.73230058097859
2,2026081502,NUAA,force_z+vibration_x,IntermittentDropout,152,0.0458884173963875,0.0418036994468276,0.0400760705672053,0.0427144265767174,0.0461696730697035,0.0570073624025077,0.0586484258120297,0.835526315789474,0.855263157894737,0.0197368421052632,0.255568584111916,0.255568584111916
2,2026081502,NUAA,force_z+vibration_x,GradualDrift,152,0.0507993324010867,0.0426974972009202,0.0424426557611563,0.0426065929871607,0.0438219647236936,0.0434684118445944,0.0586484258120297,0.0131578947368421,0.0131578947368421,0.0197368421052632,0.708588904093154,1.75030577942857
2,2026081502,NUAA,force_z+vibration_x,HeteroscedasticNoise,152,0.0636470901930012,0.0458098412278688,0.0461645208550275,0.0450146765723594,0.0467355844648345,0.0467307613330271,0.0586484258120297,0,0,0.0197368421052632,0.695588088739794,1.27597088215769
2,2026081502,NUAA,force_z+vibration_y,SoftClipping,152,0.0460409454833274,0.0422947702732833,0.0419018901116437,0.0425782490109134,0.0444029528130335,0.0445042004271124,0.040833826260722,0.0197368421052632,0.0197368421052632,0.00657894736842105,0.504353260954652,1.7749441991572
2,2026081502,NUAA,force_z+vibration_y,IntermittentDropout,152,0.0487623457104641,0.0405513640536034,0.0389083574590673,0.0408722397176741,0.0454754904712641,0.0406722462933596,0.040833826260722,0.881578947368421,0.881578947368421,0.00657894736842105,0.25912043937432,0.25912043937432
2,2026081502,NUAA,force_z+vibration_y,GradualDrift,152,0.0516213885935367,0.044468173425986,0.0429915098356211,0.0441842358969276,0.0450046134027398,0.0445946063008065,0.040833826260722,0.0855263157894737,0.0855263157894737,0.00657894736842105,0.686976375973769,1.80260147313178
2,2026081502,NUAA,force_z+vibration_y,HeteroscedasticNoise,152,0.0625851880753442,0.0498956036081899,0.0490091700191437,0.0490795482437343,0.0508339953867932,0.0502129609888998,0.040833826260722,0.00657894736842105,0.00657894736842105,0.00657894736842105,0.689553790270387,1.28148235220748
2,2026081502,NUAA,vibration_x+vibration_y,SoftClipping,152,0.0391361401157216,0.0392185765147954,0.0402645348696521,0.0403390694715028,0.0392006779804625,0.0392006779804625,0.0379406954754658,0,0,0.0131578947368421,0.49798104723436,1.77227491336562
2,2026081502,NUAA,vibration_x+vibration_y,IntermittentDropout,152,0.0421389465337356,0.0381550550447359,0.0374069017775911,0.0377409178067707,0.0393517208622599,0.0378296641271633,0.0379406954754658,0.986842105263158,1,0.0131578947368421,0.265453225040778,0.265453225040778
2,2026081502,NUAA,vibration_x+vibration_y,GradualDrift,152,0.0421555818394284,0.0401017118087229,0.0401902050116254,0.0400222768389723,0.0397973500387626,0.0397973500387626,0.0379406954754658,0,0,0.0131578947368421,0.716357184682761,1.74207855238315
2,2026081502,NUAA,vibration_x+vibration_y,HeteroscedasticNoise,152,0.0402145868039876,0.0403607012881344,0.0405955045092433,0.0407187426857099,0.0403570850540233,0.0403570850540233,0.0379406954754658,0,0,0.0131578947368421,0.684389639729289,1.24036437548614
2,2026081502,PHM2010,force_z+vibration_x,SoftClipping,945,0.0158918454144253,0.0157504830134572,0.0132872559021546,0.0134700327513588,0.0154941152234937,0.0154714082588081,0.0114861988707107,0.00317460317460317,0.00317460317460317,0.00846560846560847,0.499773292915537,1.74311275405326
2,2026081502,PHM2010,force_z+vibration_x,IntermittentDropout,945,0.0157385325177204,0.0147973118352114,0.0121502761467333,0.0130248076883235,0.0109926162248991,0.0121320656697914,0.0114861988707107,0.687830687830688,0.696296296296296,0.00846560846560847,0.261570965667607,0.261570965667607
2,2026081502,PHM2010,force_z+vibration_x,GradualDrift,945,0.013826563527847,0.0135568973811925,0.0127603318042296,0.0137901392110026,0.0132652268035999,0.0133014072223308,0.0114861988707107,0.0253968253968254,0.0253968253968254,0.00846560846560847,0.697916755192031,1.76533757416197
2,2026081502,PHM2010,force_z+vibration_x,HeteroscedasticNoise,945,0.0142740385175112,0.0143408502885855,0.014064281701211,0.0142070822942592,0.0141200987397888,0.0141059110678167,0.0114861988707107,0.00105820105820106,0.00105820105820106,0.00846560846560847,0.702941924972495,1.24420206231287
2,2026081502,PHM2010,force_z+vibration_y,SoftClipping,945,0.0162841920316287,0.0162394583774907,0.0139108301020119,0.0143084644188673,0.0159576585149921,0.0159472771880596,0.0120501203448286,0.00211640211640212,0.00211640211640212,0.0137566137566138,0.496521759581244,1.76995304415319
2,2026081502,PHM2010,force_z+vibration_y,IntermittentDropout,945,0.0142645706808331,0.0138442767038274,0.0123243715584506,0.0132052826310227,0.0107281229964964,0.0114026842339081,0.0120501203448286,0.396825396825397,0.404232804232804,0.0137566137566138,0.263478348727631,0.263478348727631
2,2026081502,PHM2010,force_z+vibration_y,GradualDrift,945,0.0135271839462871,0.0129724908887293,0.0129282672673383,0.0145765516362246,0.012996455799037,0.0129772306048798,0.0120501203448286,0.00211640211640212,0.00211640211640212,0.0137566137566138,0.696105181199599,1.758776523812
2,2026081502,PHM2010,force_z+vibration_y,HeteroscedasticNoise,945,0.013928253652873,0.0138536717447762,0.0132214252705833,0.0132385860486691,0.013688443970369,0.013690540958497,0.0120501203448286,0,0,0.0137566137566138,0.693730329329025,1.25171736335963
2,2026081502,PHM2010,vibration_x+vibration_y,SoftClipping,945,0.0121567145230711,0.0121956034546085,0.012509846476723,0.0130438275198545,0.0122288005082651,0.0122191385359854,0.013837131998922,0,0,0.00952380952380952,0.504593880766719,1.75074370898322
2,2026081502,PHM2010,vibration_x+vibration_y,IntermittentDropout,945,0.0118130506550309,0.0137583475858383,0.0137754257747077,0.0142807252907295,0.0130434746305489,0.0142552567494155,0.013837131998922,0.397883597883598,0.403174603174603,0.00952380952380952,0.260606456879858,0.260606456879858
2,2026081502,PHM2010,vibration_x+vibration_y,GradualDrift,945,0.0143442884950011,0.0144257924843825,0.0140699881554546,0.0154819742196878,0.0144183924575183,0.0144147403209299,0.013837131998922,0.00105820105820106,0.00105820105820106,0.00952380952380952,0.701876875008508,1.74525895020456
2,2026081502,PHM2010,vibration_x+vibration_y,HeteroscedasticNoise,945,0.0141123105777923,0.0141520398724024,0.0132675318653288,0.0138486547548081,0.0141547754632378,0.0141451714497791,0.013837131998922,0,0,0.00952380952380952,0.698369457036984,1.23699411906628
3,2026081503,NUAA,force_z+vibration_x,SoftClipping,152,0.0442365792758097,0.0418450702588504,0.040907698476299,0.0429823499885488,0.0430024391990403,0.042820742458466,0.0586484258120297,0.0131578947368421,0.0131578947368421,0.0197368421052632,0.484732973926433,1.73903846539821
3,2026081503,NUAA,force_z+vibration_x,IntermittentDropout,152,0.0473950768308941,0.041802699966899,0.0398463666221136,0.0425990058043413,0.0467172292823217,0.057054232175182,0.0586484258120297,0.868421052631579,0.875,0.0197368421052632,0.255226962236977,0.255226962236977
3,2026081503,NUAA,force_z+vibration_x,GradualDrift,152,0.0491579390663106,0.0430650702238777,0.0431957407496634,0.0435573144988961,0.0439559630682683,0.0437496191077887,0.0586484258120297,0.0131578947368421,0.0131578947368421,0.0197368421052632,0.701827776928071,1.74161718191925
3,2026081503,NUAA,force_z+vibration_x,HeteroscedasticNoise,152,0.0619819490206792,0.0489492389711637,0.0498241224885184,0.0475790481677968,0.0505038689488405,0.0499745820464855,0.0586484258120297,0.00657894736842105,0.00657894736842105,0.0197368421052632,0.713248364061092,1.22501675243377
3,2026081503,NUAA,force_z+vibration_y,SoftClipping,152,0.0454875217287071,0.0416584578361217,0.0415174597195313,0.0429229079596284,0.0439223268333801,0.0437467212222419,0.040833826260722,0.0131578947368421,0.0131578947368421,0.00657894736842105,0.479448002386124,1.78216004110296
3,2026081503,NUAA,force_z+vibration_y,IntermittentDropout,152,0.0474619305490133,0.0403786077876546,0.0388679644472136,0.0405372998422955,0.0438729844209697,0.0404029405035137,0.040833826260722,0.835526315789474,0.835526315789474,0.00657894736842105,0.259411058774903,0.259411058774903
3,2026081503,NUAA,force_z+vibration_y,GradualDrift,152,0.0556552391479902,0.0437447183459641,0.0427876267521124,0.0441439872806066,0.0447927761382603,0.0437173927046416,0.040833826260722,0.105263157894737,0.105263157894737,0.00657894736842105,0.692663741020349,1.8166535119795
3,2026081503,NUAA,force_z+vibration_y,HeteroscedasticNoise,152,0.061739473815771,0.0466062519564206,0.0463295502303981,0.0467264908655942,0.0463691214788716,0.0463326717252815,0.040833826260722,0.0131578947368421,0.0131578947368421,0.00657894736842105,0.699613823992543,1.25646365058567
3,2026081503,NUAA,vibration_x+vibration_y,SoftClipping,152,0.0391686271556974,0.0392202352821741,0.0403953318328197,0.0402567703379526,0.0391591537968407,0.0391591537968407,0.0379406954754658,0,0,0.0131578947368421,0.512189652345665,1.7513727387282
3,2026081503,NUAA,vibration_x+vibration_y,IntermittentDropout,152,0.0421240937930807,0.0381550550447359,0.0374069017775911,0.0377409178067707,0.03952446316243,0.0378296641271633,0.0379406954754658,0.986842105263158,1,0.0131578947368421,0.259516955904022,0.259516955904022
3,2026081503,NUAA,vibration_x+vibration_y,GradualDrift,152,0.0449374380469915,0.0412633977069439,0.0402394801546299,0.0397408335373094,0.0411996742152523,0.0410773165064613,0.0379406954754658,0.00657894736842105,0.00657894736842105,0.0131578947368421,0.699018293190163,1.75726592166898
3,2026081503,NUAA,vibration_x+vibration_y,HeteroscedasticNoise,152,0.0399056394451195,0.0400729396700239,0.0404099630694104,0.0408733186121732,0.0400438645922841,0.0400438645922841,0.0379406954754658,0,0,0.0131578947368421,0.681116188859015,1.25397262514178
3,2026081503,PHM2010,force_z+vibration_x,SoftClipping,945,0.0163167625771093,0.0161204244689885,0.0134901362474226,0.0135742755253668,0.015907996143743,0.0158924160445048,0.0114861988707107,0.00211640211640212,0.00211640211640212,0.00846560846560847,0.496937918517877,1.76660161799867
3,2026081503,PHM2010,force_z+vibration_x,IntermittentDropout,945,0.0155328157902068,0.0147794177154201,0.0121699657663095,0.0130422845398481,0.0109351868872799,0.0121257045172451,0.0114861988707107,0.68042328042328,0.688888888888889,0.00846560846560847,0.263610120589975,0.263610120589975
3,2026081503,PHM2010,force_z+vibration_x,GradualDrift,945,0.014076787115194,0.0134726011928082,0.0127610455242881,0.0139567750497279,0.0134231661674374,0.0134432854702974,0.0114861988707107,0.019047619047619,0.019047619047619,0.00846560846560847,0.697936395172391,1.77099927716246
3,2026081503,PHM2010,force_z+vibration_x,HeteroscedasticNoise,945,0.0142766228435268,0.0143005806121702,0.0138853128120982,0.0141096826531787,0.0141638273081604,0.0141593387295814,0.0114861988707107,0.00211640211640212,0.00211640211640212,0.00846560846560847,0.699608212142483,1.24562482090195
3,2026081503,PHM2010,force_z+vibration_y,SoftClipping,945,0.016122664409675,0.0159881612027922,0.0136536185678919,0.0141173983645214,0.015857270121498,0.0158394925083717,0.0120501203448286,0,0,0.0137566137566138,0.496271206232773,1.74490295432911
3,2026081503,PHM2010,force_z+vibration_y,IntermittentDropout,945,0.0145481149079419,0.0139352582508753,0.0123354021648349,0.0131693052721851,0.0108068387564792,0.0115032872692401,0.0120501203448286,0.393650793650794,0.4,0.0137566137566138,0.26063799056243,0.26063799056243
3,2026081503,PHM2010,force_z+vibration_y,GradualDrift,945,0.0133614139481798,0.0128855876501772,0.0129377989419203,0.0145559198510971,0.0128837340012478,0.0128989232987267,0.0120501203448286,0,0,0.0137566137566138,0.696918396675185,1.79058033559862
3,2026081503,PHM2010,force_z+vibration_y,HeteroscedasticNoise,945,0.0140907876488899,0.0141676339299831,0.0136212380308543,0.0136544481667218,0.0140128872928373,0.0140108030296317,0.0120501203448286,0,0,0.0137566137566138,0.697510737600423,1.25614794220057
3,2026081503,PHM2010,vibration_x+vibration_y,SoftClipping,945,0.0120487357691115,0.0121109283011638,0.0123561359838724,0.0129009018212261,0.0121053927989172,0.0120957464389603,0.013837131998922,0,0,0.00952380952380952,0.499786472314748,1.74899569621387
3,2026081503,PHM2010,vibration_x+vibration_y,IntermittentDropout,945,0.0118950072906697,0.0137103314177787,0.0137342273486057,0.0142637895116238,0.0130353049485666,0.0141828967702846,0.013837131998922,0.385185185185185,0.389417989417989,0.00952380952380952,0.260411048219479,0.260411048219479
3,2026081503,PHM2010,vibration_x+vibration_y,GradualDrift,945,0.0138777681013278,0.0139804280282192,0.0143584054926372,0.0161118905304592,0.0139552143555121,0.013950240972177,0.013837131998922,0.00105820105820106,0.00105820105820106,0.00952380952380952,0.69770540255697,1.77142662938923
3,2026081503,PHM2010,vibration_x+vibration_y,HeteroscedasticNoise,945,0.0141835241738103,0.0142164758374143,0.0132550053088722,0.0137977154552936,0.0142265483751478,0.0142168804490191,0.013837131998922,0,0,0.00952380952380952,0.695859077815039,1.24637620617247
4,2026081504,NUAA,force_z+vibration_x,SoftClipping,152,0.0469885041854261,0.0424296773696522,0.0412776561917759,0.0432362849753893,0.0439615732629185,0.043320740096599,0.0586484258120297,0.00657894736842105,0.00657894736842105,0.0197368421052632,0.496919360821373,1.688768481846
4,2026081504,NUAA,force_z+vibration_x,IntermittentDropout,152,0.0454437736955837,0.0416504417175082,0.0399416937729852,0.0426499564187227,0.045932503210764,0.0559642301435851,0.0586484258120297,0.835526315789474,0.848684210526316,0.0197368421052632,0.256743658562342,0.256743658562342
4,2026081504,NUAA,force_z+vibration_x,GradualDrift,152,0.0487126824163143,0.0428160046941307,0.042795826036306,0.0428846751484711,0.0441775570076742,0.0439188399680175,0.0586484258120297,0.0131578947368421,0.0131578947368421,0.0197368421052632,0.703539999991383,1.75200521228536
4,2026081504,NUAA,force_z+vibration_x,HeteroscedasticNoise,152,0.0638902871714373,0.0481117012207987,0.0486999525229503,0.0475220394006212,0.0495272915873747,0.0490574327198308,0.0586484258120297,0,0,0.0197368421052632,0.693270138562293,1.2814492277783
4,2026081504,NUAA,force_z+vibration_y,SoftClipping,152,0.0495919221672856,0.0434226448053043,0.043107782416868,0.0440167371041127,0.0451393951591704,0.0451070850547161,0.040833826260722,0.0197368421052632,0.0197368421052632,0.00657894736842105,0.479647759401899,1.70457167397607
4,2026081504,NUAA,force_z+vibration_y,IntermittentDropout,152,0.0498825095605155,0.0402990429843752,0.0385826949780212,0.0406534229356665,0.0466193942512855,0.0404905553009249,0.040833826260722,0.888157894736842,0.894736842105263,0.00657894736842105,0.257097622025466,0.257097622025466
4,2026081504,NUAA,force_z+vibration_y,GradualDrift,152,0.0488261682392075,0.0424424237055767,0.0413430870698437,0.0421145067811817,0.0427729158641769,0.0419556098621106,0.040833826260722,0.118421052631579,0.118421052631579,0.00657894736842105,0.695722323127511,1.71729505793303
4,2026081504,NUAA,force_z+vibration_y,HeteroscedasticNoise,152,0.0613501235385034,0.04786248624775,0.0472439087417061,0.0468897233127196,0.0478126024320558,0.047289799570722,0.040833826260722,0.0131578947368421,0.0131578947368421,0.00657894736842105,0.713705397629475,1.27197325528839
4,2026081504,NUAA,vibration_x+vibration_y,SoftClipping,152,0.0391921892445621,0.0391329897295436,0.0399479998227673,0.0399487667563752,0.0390560583997296,0.0390560583997296,0.0379406954754658,0,0,0.0131578947368421,0.490004983143081,1.76637471737896
4,2026081504,NUAA,vibration_x+vibration_y,IntermittentDropout,152,0.0425227373615742,0.0381550550447359,0.0374069017775911,0.0377409178067707,0.0396134301304119,0.0378296641271633,0.0379406954754658,0.986842105263158,1,0.0131578947368421,0.256861510116504,0.256861510116504
4,2026081504,NUAA,vibration_x+vibration_y,GradualDrift,152,0.0427848929420099,0.0410869140726227,0.0410026662713582,0.0405263345528416,0.0411109287878161,0.0411109287878161,0.0379406954754658,0,0,0.0131578947368421,0.686017412413645,1.71306261670402
4,2026081504,NUAA,vibration_x+vibration_y,HeteroscedasticNoise,152,0.0399249206879047,0.0400624852550385,0.0403962150804043,0.0406120937471963,0.0400466152069171,0.0400466152069171,0.0379406954754658,0,0,0.0131578947368421,0.711903629874387,1.24922469603821
4,2026081504,PHM2010,force_z+vibration_x,SoftClipping,945,0.0164201616179099,0.0165410859312079,0.0139388277952008,0.0141129988350608,0.0162638867504416,0.0162518278873641,0.0114861988707107,0.00105820105820106,0.00105820105820106,0.00846560846560847,0.501414015063753,1.75002392233949
4,2026081504,PHM2010,force_z+vibration_x,IntermittentDropout,945,0.0157728782143733,0.0148052358409859,0.0122210955189748,0.0130632928531322,0.0109322493112507,0.012162823156713,0.0114861988707107,0.683597883597884,0.692063492063492,0.00846560846560847,0.263467979246931,0.263467979246931
4,2026081504,PHM2010,force_z+vibration_x,GradualDrift,945,0.0139596916851166,0.0134555755083846,0.0126406647522667,0.0137857096742099,0.0133089459987811,0.0133647262945528,0.0114861988707107,0.0243386243386243,0.0243386243386243,0.00846560846560847,0.69961175541643,1.76798410781241
4,2026081504,PHM2010,force_z+vibration_x,HeteroscedasticNoise,945,0.0142978428192577,0.0143733519980868,0.0140619921433605,0.0142431707113035,0.0141636391054649,0.0141464204082699,0.0114861988707107,0.00105820105820106,0.00105820105820106,0.00846560846560847,0.705441770937866,1.25780317737855
4,2026081504,PHM2010,force_z+vibration_y,SoftClipping,945,0.016344673366279,0.0163004334448614,0.0138777751625468,0.0143377031337513,0.0160657152945066,0.016062145177897,0.0120501203448286,0.00211640211640212,0.00211640211640212,0.0137566137566138,0.501313439586685,1.74121589738082
4,2026081504,PHM2010,force_z+vibration_y,IntermittentDropout,945,0.0145373912825855,0.0139294826484234,0.012371752409415,0.0132054035531403,0.0107978476242029,0.0114670075298439,0.0120501203448286,0.387301587301587,0.393650793650794,0.0137566137566138,0.258870706803316,0.258870706803316
4,2026081504,PHM2010,force_z+vibration_y,GradualDrift,945,0.0134617132574901,0.0130640298740914,0.012890638877529,0.0146479526530593,0.0128242104957463,0.0128248148370478,0.0120501203448286,0.00423280423280423,0.00423280423280423,0.0137566137566138,0.69582467644258,1.74544991069776
4,2026081504,PHM2010,force_z+vibration_y,HeteroscedasticNoise,945,0.0140241092874143,0.0139588736686285,0.0133855633422245,0.0133340330829051,0.013911312513446,0.0139102266581891,0.0120501203448286,0,0,0.0137566137566138,0.697096260191525,1.26202640272999
4,2026081504,PHM2010,vibration_x+vibration_y,SoftClipping,945,0.0121274891479434,0.0121812489616541,0.0124365464782531,0.0129822220809605,0.0121800615328865,0.0121704222992544,0.013837131998922,0,0,0.00952380952380952,0.49864513267691,1.75644613116473
4,2026081504,PHM2010,vibration_x+vibration_y,IntermittentDropout,945,0.0118796156439024,0.0136821183335316,0.0136824849195844,0.0141876789201743,0.0130289814978453,0.0141032790049413,0.013837131998922,0.376719576719577,0.380952380952381,0.00952380952380952,0.261328086003785,0.261328086003785
4,2026081504,PHM2010,vibration_x+vibration_y,GradualDrift,945,0.0139426049635203,0.0140036778400359,0.0143405887665867,0.0157305629764799,0.0139964734514689,0.0139874975699675,0.013837131998922,0.00105820105820106,0.00105820105820106,0.00952380952380952,0.699686392146676,1.77366461204041
4,2026081504,PHM2010,vibration_x+vibration_y,HeteroscedasticNoise,945,0.0142204942519782,0.014266859387123,0.0132553511430152,0.0137099292747468,0.0142579497789615,0.0142483100744769,0.013837131998922,0,0,0.00952380952380952,0.698607512808202,1.25232856201391
5,2026081505,NUAA,force_z+vibration_x,SoftClipping,152,0.0513060546652536,0.0425708082127676,0.0415428722802647,0.0440150563933396,0.044681316228049,0.0441283028554147,0.0586484258120297,0.00657894736842105,0.00657894736842105,0.0197368421052632,0.48758765274333,1.72978488234415
5,2026081505,NUAA,force_z+vibration_x,IntermittentDropout,152,0.0465309916045403,0.042446991498837,0.0408498302034527,0.0432079191535527,0.0468694197114764,0.058530303678861,0.0586484258120297,0.835526315789474,0.855263157894737,0.0197368421052632,0.264736088008427,0.264736088008427
5,2026081505,NUAA,force_z+vibration_x,GradualDrift,152,0.0530334922647976,0.042182287759626,0.0422844692625355,0.0423086329228093,0.0438009085368234,0.0433296958820403,0.0586484258120297,0.0131578947368421,0.0131578947368421,0.0197368421052632,0.67822219324005,1.75493083399562
5,2026081505,NUAA,force_z+vibration_x,HeteroscedasticNoise,152,0.0626474721385085,0.0472278162624419,0.047447570113945,0.0464991071260082,0.0475481455055449,0.047517789583759,0.0586484258120297,0,0,0.0197368421052632,0.700014473931021,1.25200206237157
5,2026081505,NUAA,force_z+vibration_y,SoftClipping,152,0.047813973581674,0.0427550295229911,0.0427575620338898,0.0436555318640622,0.0448281447006802,0.0446931002466038,0.040833826260722,0.0197368421052632,0.0197368421052632,0.00657894736842105,0.507510833531136,1.66128566269625
5,2026081505,NUAA,force_z+vibration_y,IntermittentDropout,152,0.0487023241932454,0.0407520047480271,0.0390785033870991,0.0410136508250801,0.0450388925673063,0.0413343321772032,0.040833826260722,0.868421052631579,0.868421052631579,0.00657894736842105,0.260023601438384,0.260023601438384
5,2026081505,NUAA,force_z+vibration_y,GradualDrift,152,0.0519489649927059,0.0428467291534472,0.0417187177762845,0.0434172068607088,0.0428001985055079,0.0429191222688027,0.040833826260722,0.105263157894737,0.105263157894737,0.00657894736842105,0.710997841161661,1.7466837229673
5,2026081505,NUAA,force_z+vibration_y,HeteroscedasticNoise,152,0.0627974348432511,0.0460813365369419,0.0459362851826608,0.0458011760347459,0.0465723708845264,0.0465315374625896,0.040833826260722,0.00657894736842105,0.00657894736842105,0.00657894736842105,0.687717067094954,1.26518127608923
5,2026081505,NUAA,vibration_x+vibration_y,SoftClipping,152,0.0389147305229326,0.038929142806896,0.0398874580970523,0.0399845683330553,0.0388149051554004,0.0388149051554004,0.0379406954754658,0,0,0.0131578947368421,0.48976441402275,1.85162605380103
5,2026081505,NUAA,vibration_x+vibration_y,IntermittentDropout,152,0.0421129386677549,0.0381550550447359,0.0374069017775911,0.0377409178067707,0.0393474540403453,0.0378296641271633,0.0379406954754658,0.986842105263158,1,0.0131578947368421,0.261932380341362,0.261932380341362
5,2026081505,NUAA,vibration_x+vibration_y,GradualDrift,152,0.0429280990397184,0.0395686433487753,0.0394836765403998,0.0393551662794451,0.039660257737325,0.039660257737325,0.0379406954754658,0,0,0.0131578947368421,0.711743578640936,1.67646211701745
5,2026081505,NUAA,vibration_x+vibration_y,HeteroscedasticNoise,152,0.0401973867609523,0.0403716625622149,0.040671498534088,0.0408419362553228,0.0403548202573654,0.0403548202573654,0.0379406954754658,0,0,0.0131578947368421,0.706051709641614,1.27138943342751
5,2026081505,PHM2010,force_z+vibration_x,SoftClipping,945,0.015859599911916,0.0159499658892626,0.0133318982929168,0.0134436462876514,0.0156700175733611,0.0156671007954524,0.0114861988707107,0.00423280423280423,0.00423280423280423,0.00846560846560847,0.499021487686521,1.74492925460245
5,2026081505,PHM2010,force_z+vibration_x,IntermittentDropout,945,0.0156201332071885,0.0148073760447813,0.0121789848957526,0.013037207411165,0.0109292883280786,0.0121101683923163,0.0114861988707107,0.671957671957672,0.68042328042328,0.00846560846560847,0.260421335662966,0.260421335662966
5,2026081505,PHM2010,force_z+vibration_x,GradualDrift,945,0.0139605900140379,0.0133122011125975,0.0126617801359685,0.0137777838126314,0.0133101144433882,0.0133131206287667,0.0114861988707107,0.0201058201058201,0.0201058201058201,0.00846560846560847,0.69882311087894,1.73272618092682
5,2026081505,PHM2010,force_z+vibration_x,HeteroscedasticNoise,945,0.0139616737255225,0.0139023899155223,0.0135914773427907,0.0137923703553519,0.0137276543685128,0.0137180913487016,0.0114861988707107,0.00105820105820106,0.00105820105820106,0.00846560846560847,0.700569907069194,1.24225356719973
5,2026081505,PHM2010,force_z+vibration_y,SoftClipping,945,0.0160265672090568,0.0158408242064196,0.0135599471215762,0.0140310526179717,0.0155722321973722,0.0155479353003274,0.0120501203448286,0.00211640211640212,0.00211640211640212,0.0137566137566138,0.498846316318531,1.7482428884154
5,2026081505,PHM2010,force_z+vibration_y,IntermittentDropout,945,0.0147244217277662,0.0138679433945814,0.0123284731377817,0.0131082578944507,0.0107295499752218,0.0114618735889142,0.0120501203448286,0.384126984126984,0.389417989417989,0.0137566137566138,0.263370645609202,0.263370645609202
5,2026081505,PHM2010,force_z+vibration_y,GradualDrift,945,0.0130889634025838,0.0126592899015229,0.0129019845996289,0.0143255546918376,0.0127044725722075,0.0126769346985333,0.0120501203448286,0.00105820105820106,0.00105820105820106,0.0137566137566138,0.702405143349831,1.75582180290482
5,2026081505,PHM2010,force_z+vibration_y,HeteroscedasticNoise,945,0.014285417419816,0.0142301881339038,0.0136945268029702,0.0136111093556795,0.014130529121243,0.0141172001141084,0.0120501203448286,0,0,0.0137566137566138,0.696074005075445,1.24774431215412
5,2026081505,PHM2010,vibration_x+vibration_y,SoftClipping,945,0.0120383327643071,0.0120741036445341,0.0122775535388808,0.012769140689196,0.0120994777142291,0.0120898347636078,0.013837131998922,0,0,0.00952380952380952,0.496518214736272,1.76878820736378
5,2026081505,PHM2010,vibration_x+vibration_y,IntermittentDropout,945,0.0118518239327675,0.0137386079620934,0.0138008450832321,0.0142060408395466,0.0130449483020704,0.0142152108838191,0.013837131998922,0.367195767195767,0.372486772486772,0.00952380952380952,0.258644563473239,0.258644563473239
5,2026081505,PHM2010,vibration_x+vibration_y,GradualDrift,945,0.0140749204862257,0.0141649116471709,0.0141313213078528,0.0156822579679661,0.0141763569230535,0.0141666285841181,0.013837131998922,0,0,0.00952380952380952,0.699114069722755,1.73855675784598
5,2026081505,PHM2010,vibration_x+vibration_y,HeteroscedasticNoise,945,0.0141804586205669,0.0142073602597137,0.0133142756958118,0.0138048078259128,0.0142254156090221,0.0142158114092911,0.013837131998922,0,0,0.00952380952380952,0.705319196642913,1.24587076549055
6,2026081506,NUAA,force_z+vibration_x,SoftClipping,152,0.0493410171946335,0.0416454837506669,0.0406365331958672,0.0431569281083159,0.0432449251477353,0.042643456224576,0.0586484258120297,0.0131578947368421,0.0131578947368421,0.0197368421052632,0.511722056045783,1.80267678581738
6,2026081506,NUAA,force_z+vibration_x,IntermittentDropout,152,0.0463052768505746,0.0418567725734472,0.0401701231123012,0.0426359059809094,0.0458184210547865,0.057054713509939,0.0586484258120297,0.822368421052632,0.842105263157895,0.0197368421052632,0.265493640873739,0.265493640873739
6,2026081506,NUAA,force_z+vibration_x,GradualDrift,152,0.0501933480869127,0.0417936028865792,0.0414931875104717,0.0422970606373496,0.0427676476907597,0.0427278379945271,0.0586484258120297,0.0131578947368421,0.0131578947368421,0.0197368421052632,0.704175985834318,1.72032747659923
6,2026081506,NUAA,force_z+vibration_x,HeteroscedasticNoise,152,0.0635673487578472,0.0484578543034654,0.0485205375630578,0.0467920745057838,0.0494884662394293,0.0491043515060772,0.0586484258120297,0.00657894736842105,0.00657894736842105,0.0197368421052632,0.696712529439047,1.25828896801391
6,2026081506,NUAA,force_z+vibration_y,SoftClipping,152,0.04653266534518,0.0409709873740551,0.0405033431272715,0.0415941026357494,0.0438425682625755,0.0433554786048675,0.040833826260722,0.0197368421052632,0.0197368421052632,0.00657894736842105,0.505334965283838,1.7486341146877
6,2026081506,NUAA,force_z+vibration_y,IntermittentDropout,152,0.0487891440484191,0.0404938798550415,0.0390464816748839,0.0403925259461085,0.0448299690280877,0.0408408007746549,0.040833826260722,0.828947368421053,0.828947368421053,0.00657894736842105,0.256550294537779,0.256550294537779
6,2026081506,NUAA,force_z+vibration_y,GradualDrift,152,0.051055200648376,0.0408154099313606,0.0398976800035875,0.0416388262504155,0.0430667839098556,0.0413050362842863,0.040833826260722,0.0986842105263158,0.0986842105263158,0.00657894736842105,0.704795236119544,1.74654163839997
6,2026081506,NUAA,force_z+vibration_y,HeteroscedasticNoise,152,0.0570314256240449,0.046351094027801,0.0459580659085587,0.0458858926375395,0.0467702394372097,0.0462016423258575,0.040833826260722,0.00657894736842105,0.00657894736842105,0.00657894736842105,0.692305297523971,1.21461408326618
6,2026081506,NUAA,vibration_x+vibration_y,SoftClipping,152,0.0390092327030987,0.0390172142158431,0.0398856191132744,0.0400552659491528,0.0391918297986295,0.0391918297986295,0.0379406954754658,0,0,0.0131578947368421,0.496424475033985,1.81750502256184
6,2026081506,NUAA,vibration_x+vibration_y,IntermittentDropout,152,0.0421131451099859,0.0381550550447359,0.0374069017775911,0.0377409178067707,0.0392326466045207,0.0378296641271633,0.0379406954754658,0.986842105263158,1,0.0131578947368421,0.256963397159184,0.256963397159184
6,2026081506,NUAA,vibration_x+vibration_y,GradualDrift,152,0.0410841048744028,0.0402539691141084,0.0401208468007845,0.0398286917820075,0.0409246544211455,0.0405074612536544,0.0379406954754658,0.00657894736842105,0.00657894736842105,0.0131578947368421,0.683427952224266,1.75929300629425
6,2026081506,NUAA,vibration_x+vibration_y,HeteroscedasticNoise,152,0.0398094835151672,0.0399860909069518,0.0402031275194657,0.040747418049206,0.0399897516369945,0.0399897516369945,0.0379406954754658,0,0,0.0131578947368421,0.705317149609012,1.24147291773342
6,2026081506,PHM2010,force_z+vibration_x,SoftClipping,945,0.0164900099568283,0.0162976536406916,0.0136724250317576,0.0138494787710388,0.0160795396783882,0.0160450228857812,0.0114861988707107,0.00423280423280423,0.00423280423280423,0.00846560846560847,0.502796643626032,1.75605512519913
6,2026081506,PHM2010,force_z+vibration_x,IntermittentDropout,945,0.0159046190055546,0.0147850864900904,0.0121601678206135,0.0130426335858689,0.0109545360085284,0.0121159062633479,0.0114861988707107,0.674074074074074,0.682539682539683,0.00846560846560847,0.265221789857108,0.265221789857108
6,2026081506,PHM2010,force_z+vibration_x,GradualDrift,945,0.014116952628846,0.0133384792750582,0.0125964572896761,0.0136814518877622,0.0132444631037114,0.0132743299237363,0.0114861988707107,0.0158730158730159,0.0158730158730159,0.00846560846560847,0.699988591259773,1.74422899282828
6,2026081506,PHM2010,force_z+vibration_x,HeteroscedasticNoise,945,0.0139928014101916,0.0139992863528632,0.0137632650342081,0.0139626515323513,0.0138679845488645,0.0138602903999713,0.0114861988707107,0.00105820105820106,0.00105820105820106,0.00846560846560847,0.693765616493856,1.23180366933383
6,2026081506,PHM2010,force_z+vibration_y,SoftClipping,945,0.0163713697123054,0.0163096971575369,0.0138284256133865,0.0143287056746865,0.0160217325997448,0.0160025251571132,0.0120501203448286,0.00105820105820106,0.00105820105820106,0.0137566137566138,0.507208773224009,1.75291869754951
6,2026081506,PHM2010,force_z+vibration_y,IntermittentDropout,945,0.0145172336532223,0.0139288200467387,0.012319331875631,0.013166308309385,0.0107626647080327,0.0114542817541494,0.0120501203448286,0.384126984126984,0.388359788359788,0.0137566137566138,0.260131061169856,0.260131061169856
6,2026081506,PHM2010,force_z+vibration_y,GradualDrift,945,0.0135421687620219,0.0127787087693178,0.0127034291877257,0.0146137424273062,0.0127837812958154,0.0127803283448652,0.0120501203448286,0.00317460317460317,0.00317460317460317,0.0137566137566138,0.697458964441891,1.78154992026561
6,2026081506,PHM2010,force_z+vibration_y,HeteroscedasticNoise,945,0.014288462230133,0.01438780914454,0.0137478337998078,0.0136927485894788,0.0141905884815476,0.014188607679158,0.0120501203448286,0,0,0.0137566137566138,0.699248626626564,1.24345779356946
6,2026081506,PHM2010,vibration_x+vibration_y,SoftClipping,945,0.0121303415557644,0.0121648242743312,0.0123464314839722,0.0128648596394532,0.0122083024050922,0.0121986610928951,0.013837131998922,0,0,0.00952380952380952,0.502794615413638,1.75858334527137
6,2026081506,PHM2010,vibration_x+vibration_y,IntermittentDropout,945,0.0118824683431971,0.0137783127226272,0.0138366613461471,0.0142883322896296,0.0131931683593452,0.0142835661491865,0.013837131998922,0.372486772486772,0.376719576719577,0.00952380952380952,0.262959727987135,0.262959727987135
6,2026081506,PHM2010,vibration_x+vibration_y,GradualDrift,945,0.0143580812798524,0.014469166271306,0.0142897951618595,0.0160141403946864,0.0144201664593383,0.0144171034371165,0.013837131998922,0.00211640211640212,0.00211640211640212,0.00952380952380952,0.698739008762905,1.74941118695356
6,2026081506,PHM2010,vibration_x+vibration_y,HeteroscedasticNoise,945,0.0142649370888938,0.014302339725261,0.0132943326662058,0.0137875089560605,0.0143040574039842,0.0142943796828315,0.013837131998922,0,0,0.00952380952380952,0.700984416442973,1.23306027861276
7,2026081507,NUAA,force_z+vibration_x,SoftClipping,152,0.0495127999002341,0.0426911233794732,0.0414882365626231,0.0438236918546646,0.0443594834888407,0.0440703829151729,0.0586484258120297,0.0131578947368421,0.0131578947368421,0.0197368421052632,0.514153001810752,1.74101515130318
7,2026081507,NUAA,force_z+vibration_x,IntermittentDropout,152,0.0465138902898496,0.0415377170141882,0.0398438153591055,0.0423269032219564,0.0464597693458646,0.0575256502728798,0.0586484258120297,0.835526315789474,0.848684210526316,0.0197368421052632,0.255469495604235,0.255469495604235
7,2026081507,NUAA,force_z+vibration_x,GradualDrift,152,0.048873184344751,0.0417017372578951,0.0417374008565875,0.0422385323149314,0.0427981639327518,0.0428282203154143,0.0586484258120297,0,0,0.0197368421052632,0.699894373374114,1.66557828948993
7,2026081507,NUAA,force_z+vibration_x,HeteroscedasticNoise,152,0.0627336433932858,0.0459905692902807,0.0461395968687054,0.0450848218307397,0.0468048164908462,0.0466729860358507,0.0586484258120297,0,0,0.0197368421052632,0.713280092912062,1.26366155014025
7,2026081507,NUAA,force_z+vibration_y,SoftClipping,152,0.0522922298681677,0.0423633417663637,0.0422505403750957,0.0424248917372655,0.0441221965027924,0.0440616756567655,0.040833826260722,0.0197368421052632,0.0197368421052632,0.00657894736842105,0.493838359916212,1.75671608568069
7,2026081507,NUAA,force_z+vibration_y,IntermittentDropout,152,0.0499066587143153,0.0408111161329427,0.0392215958099322,0.0410413575261669,0.0459849419532629,0.0407387392852571,0.040833826260722,0.861842105263158,0.868421052631579,0.00657894736842105,0.257574018622805,0.257574018622805
7,2026081507,NUAA,force_z+vibration_y,GradualDrift,152,0.052903651463331,0.0415033703955659,0.0407543866055407,0.0424221299800444,0.0424908999421947,0.0423260649554178,0.040833826260722,0.0526315789473684,0.0526315789473684,0.00657894736842105,0.697665253998936,1.72368824366496
7,2026081507,NUAA,force_z+vibration_y,HeteroscedasticNoise,152,0.0636814510907905,0.0493845945706157,0.049139166495868,0.0484260261645326,0.0493011478227589,0.0490299175714867,0.040833826260722,0.00657894736842105,0.00657894736842105,0.00657894736842105,0.71970753284586,1.22187789450684
7,2026081507,NUAA,vibration_x+vibration_y,SoftClipping,152,0.038837547858824,0.0387159009189935,0.0397778429974125,0.0398289034397395,0.0386388712299177,0.0386388712299177,0.0379406954754658,0,0,0.0131578947368421,0.500012953225059,1.75538502544194
7,2026081507,NUAA,vibration_x+vibration_y,IntermittentDropout,152,0.0420783205884855,0.0381550550447359,0.0374069017775911,0.0377409178067707,0.0393454248444686,0.0378296641271633,0.0379406954754658,0.986842105263158,1,0.0131578947368421,0.256825907201687,0.256825907201687
7,2026081507,NUAA,vibration_x+vibration_y,GradualDrift,152,0.0399575549642941,0.0399045030204423,0.0400104636099961,0.0396698517485485,0.0393993122629268,0.0393993122629268,0.0379406954754658,0,0,0.0131578947368421,0.722091917693551,1.74552202252264
7,2026081507,NUAA,vibration_x+vibration_y,HeteroscedasticNoise,152,0.040183140442851,0.040288587016554,0.0406487675541062,0.0409178148514883,0.0402758626175698,0.0402758626175698,0.0379406954754658,0,0,0.0131578947368421,0.70244623454437,1.24729148477216
7,2026081507,PHM2010,force_z+vibration_x,SoftClipping,945,0.0158688980473394,0.0157855655646139,0.0133029043439381,0.0134652042459567,0.0155669568812514,0.0155539925895647,0.0114861988707107,0.00211640211640212,0.00211640211640212,0.00846560846560847,0.503579179227077,1.74596242892505
7,2026081507,PHM2010,force_z+vibration_x,IntermittentDropout,945,0.0154889277000182,0.0148399928950002,0.0122441272968093,0.0130619255630539,0.0110075433929031,0.0121770661021436,0.0114861988707107,0.679365079365079,0.687830687830688,0.00846560846560847,0.256870548784214,0.256870548784214
7,2026081507,PHM2010,force_z+vibration_x,GradualDrift,945,0.0140021472151262,0.0134501174272767,0.0125830521701136,0.0137711010500263,0.0134023373471671,0.0134223801261515,0.0114861988707107,0.017989417989418,0.017989417989418,0.00846560846560847,0.69827401383571,1.76617309439227
7,2026081507,PHM2010,force_z+vibration_x,HeteroscedasticNoise,945,0.0136436965911507,0.013712989163321,0.0134301232976083,0.0136518865181585,0.0135362435855359,0.0135044801775061,0.0114861988707107,0.00105820105820106,0.00105820105820106,0.00846560846560847,0.696130828527242,1.23793422427414
7,2026081507,PHM2010,force_z+vibration_y,SoftClipping,945,0.0162249056699169,0.0161680522140586,0.0137551633465198,0.0141645255487911,0.0159385654608503,0.0159272438065418,0.0120501203448286,0,0,0.0137566137566138,0.500269067955899,1.74440357844524
7,2026081507,PHM2010,force_z+vibration_y,IntermittentDropout,945,0.0143373225724077,0.0139161062474605,0.0123655960714928,0.0131620804764953,0.0107554362439143,0.0114494822258314,0.0120501203448286,0.37989417989418,0.386243386243386,0.0137566137566138,0.262581180040002,0.262581180040002
7,2026081507,PHM2010,force_z+vibration_y,GradualDrift,945,0.0136019628395877,0.0129487687367038,0.0131578718616482,0.0151595258194267,0.0131336828114087,0.0130928985853243,0.0120501203448286,0.00317460317460317,0.00317460317460317,0.0137566137566138,0.706407461001781,1.77187037173366
7,2026081507,PHM2010,force_z+vibration_y,HeteroscedasticNoise,945,0.014093334365175,0.0141344806553201,0.0135726543950018,0.0135421242802933,0.0139619172074773,0.0139507851787173,0.0120501203448286,0,0,0.0137566137566138,0.705557940035669,1.23871977186501
7,2026081507,PHM2010,vibration_x+vibration_y,SoftClipping,945,0.0119918775552664,0.0120342029695218,0.012322245509193,0.0128372485818637,0.0120596184229883,0.0120499922599116,0.013837131998922,0,0,0.00952380952380952,0.50049875355244,1.74675774782362
7,2026081507,PHM2010,vibration_x+vibration_y,IntermittentDropout,945,0.0118570506783541,0.0137560382524388,0.0138246701954156,0.014262170020333,0.0130733115218702,0.0142587109898388,0.013837131998922,0.376719576719577,0.382010582010582,0.00952380952380952,0.26301020114944,0.26301020114944
7,2026081507,PHM2010,vibration_x+vibration_y,GradualDrift,945,0.0141134449052318,0.014262888887581,0.0141681889313491,0.0158094097746605,0.0141805757522252,0.0141764727987632,0.013837131998922,0.00105820105820106,0.00105820105820106,0.00952380952380952,0.70350751821231,1.73801294882816
7,2026081507,PHM2010,vibration_x+vibration_y,HeteroscedasticNoise,945,0.0142757582982685,0.0143246484754931,0.0132354333255513,0.0137067615256531,0.014323991021647,0.014314301255315,0.013837131998922,0,0,0.00952380952380952,0.695306288984175,1.24992269317829
8,2026081508,NUAA,force_z+vibration_x,SoftClipping,152,0.0461843726355209,0.0408748888156538,0.0398635968268264,0.0424731706131556,0.04265599480025,0.0426477754596343,0.0586484258120297,0.00657894736842105,0.00657894736842105,0.0197368421052632,0.499113833309983,1.70904726861022
8,2026081508,NUAA,force_z+vibration_x,IntermittentDropout,152,0.0453074066737964,0.0420582114452365,0.0403631594932314,0.042783589631907,0.0454665673137594,0.0582345427709813,0.0586484258120297,0.861842105263158,0.881578947368421,0.0197368421052632,0.250125169977385,0.250125169977385
8,2026081508,NUAA,force_z+vibration_x,GradualDrift,152,0.0497890888093499,0.0425363218810428,0.0421510637642442,0.0430099280411861,0.0439436799383049,0.0433788903125361,0.0586484258120297,0.00657894736842105,0.00657894736842105,0.0197368421052632,0.699023819965564,1.79024625359235
8,2026081508,NUAA,force_z+vibration_x,HeteroscedasticNoise,152,0.0666584288001866,0.0477850816238556,0.0480567288317643,0.0475415018162577,0.0485531741661259,0.0485139014200923,0.0586484258120297,0,0,0.0197368421052632,0.708672309436135,1.24798835213639
8,2026081508,NUAA,force_z+vibration_y,SoftClipping,152,0.0491759930262711,0.0417844915491928,0.0415543253301504,0.042577900301223,0.0439991459333981,0.0438975542700764,0.040833826260722,0.0197368421052632,0.0197368421052632,0.00657894736842105,0.49680578656674,1.75494736535548
8,2026081508,NUAA,force_z+vibration_y,IntermittentDropout,152,0.0482381489034309,0.0408220532995405,0.0394139219991422,0.0410831045714419,0.0446681167753618,0.0407332128855643,0.040833826260722,0.848684210526316,0.848684210526316,0.00657894736842105,0.244801491043905,0.244801491043905
8,2026081508,NUAA,force_z+vibration_y,GradualDrift,152,0.0573265694754476,0.0439831189608642,0.0428014193183999,0.0436232779241655,0.0461548597556012,0.0446296420162869,0.040833826260722,0.131578947368421,0.131578947368421,0.00657894736842105,0.718833470287518,1.75351387541634
8,2026081508,NUAA,force_z+vibration_y,HeteroscedasticNoise,152,0.0587901149907107,0.0470998828305322,0.0464888170913268,0.0466178252845155,0.0481537910402509,0.0472970114064353,0.040833826260722,0.00657894736842105,0.00657894736842105,0.00657894736842105,0.70950539306609,1.22068393212952
8,2026081508,NUAA,vibration_x+vibration_y,SoftClipping,152,0.0393004621462545,0.0392986550626543,0.0404522893851419,0.0400666417597984,0.0392596327982741,0.0392596327982741,0.0379406954754658,0,0,0.0131578947368421,0.501469672041685,1.78153703796376
8,2026081508,NUAA,vibration_x+vibration_y,IntermittentDropout,152,0.0423504526777403,0.0381550550447359,0.0374069017775911,0.0377409178067707,0.0391607803741057,0.0378296641271633,0.0379406954754658,0.986842105263158,1,0.0131578947368421,0.259544977035897,0.259544977035897
8,2026081508,NUAA,vibration_x+vibration_y,GradualDrift,152,0.0430930566938821,0.0408886413756754,0.0408763267367251,0.0397710319226212,0.0408737110821193,0.040623569766905,0.0379406954754658,0.00657894736842105,0.00657894736842105,0.0131578947368421,0.693965509331613,1.70520726154196
8,2026081508,NUAA,vibration_x+vibration_y,HeteroscedasticNoise,152,0.0399525306535539,0.040147559022435,0.0403164858203352,0.0408513603654822,0.040142057945124,0.040142057945124,0.0379406954754658,0,0,0.0131578947368421,0.684668962194111,1.26840611530005
8,2026081508,PHM2010,force_z+vibration_x,SoftClipping,945,0.0161157319069938,0.0160473880087064,0.0134594183103984,0.0135469329695154,0.0158144761840412,0.015777810094537,0.0114861988707107,0.00211640211640212,0.00211640211640212,0.00846560846560847,0.503743533479074,1.76398241699328
8,2026081508,PHM2010,force_z+vibration_x,IntermittentDropout,945,0.015747005397877,0.0148645002322036,0.012257165993547,0.0131096999386375,0.0109987489865752,0.012205581605265,0.0114861988707107,0.676190476190476,0.684656084656085,0.00846560846560847,0.266285408100337,0.266285408100337
8,2026081508,PHM2010,force_z+vibration_x,GradualDrift,945,0.0138604577757377,0.0135368525242318,0.0127962027104128,0.0138015812114513,0.0133103267961354,0.0133716491931223,0.0114861988707107,0.0243386243386243,0.0243386243386243,0.00846560846560847,0.698083140550683,1.73697729357408
8,2026081508,PHM2010,force_z+vibration_x,HeteroscedasticNoise,945,0.0138057231945503,0.01381868219803,0.0134485861322986,0.0136814788662799,0.0136661339384267,0.0136514093582225,0.0114861988707107,0.00105820105820106,0.00105820105820106,0.00846560846560847,0.700706746755083,1.24899776461107
8,2026081508,PHM2010,force_z+vibration_y,SoftClipping,945,0.0166674325779999,0.0165702954225974,0.0141271647855041,0.0145310077035091,0.0163038507031751,0.0162895149953509,0.0120501203448286,0,0,0.0137566137566138,0.505031219847447,1.73660378986493
8,2026081508,PHM2010,force_z+vibration_y,IntermittentDropout,945,0.0146238379372232,0.0138962188098327,0.0123380910905908,0.0131492575318599,0.0107347034055156,0.0114558880578987,0.0120501203448286,0.397883597883598,0.402116402116402,0.0137566137566138,0.262726831085631,0.262726831085631
8,2026081508,PHM2010,force_z+vibration_y,GradualDrift,945,0.0134898825348252,0.0128857931553683,0.0128233963730573,0.0145101652446985,0.0129476866189326,0.0129316591549304,0.0120501203448286,0,0,0.0137566137566138,0.696502912068854,1.75034351687574
8,2026081508,PHM2010,force_z+vibration_y,HeteroscedasticNoise,945,0.0142448871684271,0.0142823538008517,0.013775884326075,0.0136492123324798,0.0141299262314089,0.0141149459206793,0.0120501203448286,0,0,0.0137566137566138,0.695493248134906,1.24094447129728
8,2026081508,PHM2010,vibration_x+vibration_y,SoftClipping,945,0.0119983973821746,0.0120455421750376,0.012311399794106,0.0128178768768919,0.0120709787529631,0.0120613189022012,0.013837131998922,0,0,0.00952380952380952,0.501438459593114,1.75055972668615
8,2026081508,PHM2010,vibration_x+vibration_y,IntermittentDropout,945,0.0118685259861704,0.0137695606982196,0.0137937251038964,0.0142874652021639,0.0131266340948646,0.0142607744799828,0.013837131998922,0.391534391534392,0.395767195767196,0.00952380952380952,0.264071550927853,0.264071550927853
8,2026081508,PHM2010,vibration_x+vibration_y,GradualDrift,945,0.0141586039305335,0.0142984514610205,0.0140569899405831,0.0157270379555953,0.0142357929992402,0.0142289175280552,0.013837131998922,0.00211640211640212,0.00211640211640212,0.00952380952380952,0.694315003818732,1.75014207267674
8,2026081508,PHM2010,vibration_x+vibration_y,HeteroscedasticNoise,945,0.0141255542857228,0.014169753411867,0.0131759353616758,0.0136766334399647,0.0141797650544311,0.0141701100529235,0.013837131998922,0,0,0.00952380952380952,0.69095951569182,1.26330115226791
9,2026081509,NUAA,force_z+vibration_x,SoftClipping,152,0.044872989910941,0.0421038886147611,0.0408870959730589,0.0433413325795967,0.0436006104135061,0.0434446898641987,0.0586484258120297,0.00657894736842105,0.00657894736842105,0.0197368421052632,0.493330510611261,1.62467626214499
9,2026081509,NUAA,force_z+vibration_x,IntermittentDropout,152,0.0467790484047112,0.0418212090885843,0.0402368402416157,0.042722047782595,0.0464176030809551,0.057933236246981,0.0586484258120297,0.842105263157895,0.861842105263158,0.0197368421052632,0.257099723420948,0.257099723420948
9,2026081509,NUAA,force_z+vibration_x,GradualDrift,152,0.0471727275904339,0.0419535838006619,0.0419594477960655,0.0424880197345454,0.0423455863600098,0.0423262169736223,0.0586484258120297,0.00657894736842105,0.00657894736842105,0.0197368421052632,0.707751463184543,1.71387223124221
9,2026081509,NUAA,force_z+vibration_x,HeteroscedasticNoise,152,0.0664306239473918,0.0455185467792458,0.0458230311309863,0.0447096335017941,0.0468101849920218,0.0462917148146916,0.0586484258120297,0,0,0.0197368421052632,0.698617047665933,1.29895614851647
9,2026081509,NUAA,force_z+vibration_y,SoftClipping,152,0.0474522085291925,0.0426815796629414,0.042074390689994,0.0428476651764066,0.0446784044050295,0.0444967593789747,0.040833826260722,0.0263157894736842,0.0263157894736842,0.00657894736842105,0.503971299515734,1.74610651059685
9,2026081509,NUAA,force_z+vibration_y,IntermittentDropout,152,0.0490491892630557,0.0408740252051484,0.0392863361308085,0.041105254194677,0.045253783456391,0.0410531387886796,0.040833826260722,0.868421052631579,0.868421052631579,0.00657894736842105,0.259346873625718,0.259346873625718
9,2026081509,NUAA,force_z+vibration_y,GradualDrift,152,0.0525244494140656,0.0456318617608986,0.0425426366210442,0.0444138153095328,0.0467814181824652,0.0452970720537213,0.040833826260722,0.0986842105263158,0.0986842105263158,0.00657894736842105,0.702499179602024,1.81947872177068
9,2026081509,NUAA,force_z+vibration_y,HeteroscedasticNoise,152,0.0605658919728859,0.0445645586331359,0.0438095983199334,0.0442248531969533,0.0455307052455296,0.0448934538422843,0.040833826260722,0.0131578947368421,0.0131578947368421,0.00657894736842105,0.69905149289825,1.22474890866171
9,2026081509,NUAA,vibration_x+vibration_y,SoftClipping,152,0.0393430230494699,0.0393466873394831,0.0402661094547041,0.0403378706983152,0.0395195911242844,0.0395195911242844,0.0379406954754658,0,0,0.0131578947368421,0.488377201611051,1.73127866411108
9,2026081509,NUAA,vibration_x+vibration_y,IntermittentDropout,152,0.0421937931507357,0.0381550550447359,0.0374069017775911,0.0377409178067707,0.0392042660017329,0.0378296641271633,0.0379406954754658,0.986842105263158,1,0.0131578947368421,0.259988951165733,0.259988951165733
9,2026081509,NUAA,vibration_x+vibration_y,GradualDrift,152,0.039497522577277,0.03836979642873,0.0397971073066892,0.0396563189741554,0.038116111587947,0.038116111587947,0.0379406954754658,0,0,0.0131578947368421,0.696255835267138,1.75725941298194
9,2026081509,NUAA,vibration_x+vibration_y,HeteroscedasticNoise,152,0.0400627192817189,0.0401952406952103,0.0405420702135423,0.0409052060872832,0.0401746518827357,0.0401746518827357,0.0379406954754658,0,0,0.0131578947368421,0.697941054768866,1.22574822251723
9,2026081509,PHM2010,force_z+vibration_x,SoftClipping,945,0.0159845553135793,0.0158854914782019,0.0133657504367528,0.0134910672048219,0.0156580674263518,0.0156347628952147,0.0114861988707107,0.00317460317460317,0.00317460317460317,0.00846560846560847,0.495619120453859,1.73798992599726
9,2026081509,PHM2010,force_z+vibration_x,IntermittentDropout,945,0.0157975582749131,0.0148498314351548,0.0121990924421433,0.0130589842817149,0.0109681942756224,0.0121605764061287,0.0114861988707107,0.678306878306878,0.686772486772487,0.00846560846560847,0.2589902234152,0.2589902234152
9,2026081509,PHM2010,force_z+vibration_x,GradualDrift,945,0.0142389841922291,0.0136838919946184,0.0127314201011758,0.0138496450258164,0.0134649454376606,0.0134714966811248,0.0114861988707107,0.0222222222222222,0.0222222222222222,0.00846560846560847,0.705766125545212,1.74527562761231
9,2026081509,PHM2010,force_z+vibration_x,HeteroscedasticNoise,945,0.013779722254767,0.0137916688659203,0.0135520216512713,0.0137477654688114,0.0137204681024728,0.0137271774425364,0.0114861988707107,0.00211640211640212,0.00211640211640212,0.00846560846560847,0.700363940935526,1.24863164058901
9,2026081509,PHM2010,force_z+vibration_y,SoftClipping,945,0.0161114330329858,0.0159943858833677,0.0134322990471103,0.0139060599031024,0.0157428351812974,0.0157284700960887,0.0120501203448286,0.00105820105820106,0.00105820105820106,0.0137566137566138,0.503570969759716,1.77800892193508
9,2026081509,PHM2010,force_z+vibration_y,IntermittentDropout,945,0.0148046463665663,0.0139425544148524,0.0123233118880388,0.0131856958438685,0.0108002815741976,0.0114921836538416,0.0120501203448286,0.392592592592593,0.397883597883598,0.0137566137566138,0.263377744251076,0.263377744251076
9,2026081509,PHM2010,force_z+vibration_y,GradualDrift,945,0.0135546546656248,0.0128998474920964,0.0128943067525098,0.0145537155313194,0.0128703125335095,0.0128939027215979,0.0120501203448286,0.00105820105820106,0.00105820105820106,0.0137566137566138,0.699502950744784,1.7650942389762
9,2026081509,PHM2010,force_z+vibration_y,HeteroscedasticNoise,945,0.0141348593414559,0.0140918273046346,0.0135785011666495,0.0135445448198067,0.0139525590276565,0.0139436267892348,0.0120501203448286,0,0,0.0137566137566138,0.694206144412721,1.26610812440398
9,2026081509,PHM2010,vibration_x+vibration_y,SoftClipping,945,0.0119505720658104,0.0119986357868834,0.0124015005702319,0.0129490943109797,0.0120031196186395,0.0119934533636237,0.013837131998922,0,0,0.00952380952380952,0.50092768823247,1.75718334869026
9,2026081509,PHM2010,vibration_x+vibration_y,IntermittentDropout,945,0.0117861075657712,0.0136082831382592,0.0136756603570903,0.014176390315142,0.0129768140663101,0.0141118765574438,0.013837131998922,0.376719576719577,0.380952380952381,0.00952380952380952,0.257262574601762,0.257262574601762
9,2026081509,PHM2010,vibration_x+vibration_y,GradualDrift,945,0.0144268037587193,0.0145561470154004,0.0143571337278696,0.0161594504442819,0.0144868937504308,0.0144771712729392,0.013837131998922,0,0,0.00952380952380952,0.703772499429937,1.76343929097869
9,2026081509,PHM2010,vibration_x+vibration_y,HeteroscedasticNoise,945,0.014215171527839,0.0142409319201811,0.013383673600516,0.0139175742472533,0.0142503634359318,0.0142407323504941,0.013837131998922,0,0,0.00952380952380952,0.700547275423567,1.25511262998649
10,2026081510,NUAA,force_z+vibration_x,SoftClipping,152,0.0485296508742045,0.0421494645979255,0.0409525353850564,0.0429510323998999,0.043645446840918,0.0433465131741161,0.0586484258120297,0.00657894736842105,0.00657894736842105,0.0197368421052632,0.506552381807665,1.72466121323007
10,2026081510,NUAA,force_z+vibration_x,IntermittentDropout,152,0.04674573591912,0.0415583833603371,0.0399319588757539,0.042461185418328,0.0462978800428034,0.0571478680462012,0.0586484258120297,0.875,0.894736842105263,0.0197368421052632,0.267747513344447,0.267747513344447
10,2026081510,NUAA,force_z+vibration_x,GradualDrift,152,0.0495988525040206,0.0427898961331323,0.0431662790522006,0.0431256824971341,0.0437630658200547,0.0437226597901824,0.0586484258120297,0.00657894736842105,0.00657894736842105,0.0197368421052632,0.707194046988206,1.7722416762648
10,2026081510,NUAA,force_z+vibration_x,HeteroscedasticNoise,152,0.0627330705093237,0.0498386701507896,0.0499495101440091,0.0485218845847781,0.0502475622648948,0.0502475622648948,0.0586484258120297,0,0,0.0197368421052632,0.688354796111462,1.27312320573608
10,2026081510,NUAA,force_z+vibration_y,SoftClipping,152,0.0488891967675114,0.042873809937729,0.0425119326038925,0.0430953211268964,0.0448438424581927,0.0448250406968369,0.040833826260722,0.0197368421052632,0.0197368421052632,0.00657894736842105,0.487693989167484,1.67268247290106
10,2026081510,NUAA,force_z+vibration_y,IntermittentDropout,152,0.0490384337425722,0.04077268331275,0.039225995228608,0.0412004220275025,0.0452698285101689,0.0412549146181007,0.040833826260722,0.875,0.875,0.00657894736842105,0.262524911869314,0.262524911869314
10,2026081510,NUAA,force_z+vibration_y,GradualDrift,152,0.0510806048419669,0.0434669036575283,0.0418270099906765,0.0428507530391571,0.0441431468764311,0.0442229358033219,0.040833826260722,0.0855263157894737,0.0855263157894737,0.00657894736842105,0.705208536925355,1.73850092462018
10,2026081510,NUAA,force_z+vibration_y,HeteroscedasticNoise,152,0.0554621559792102,0.0419763481164077,0.0419243346278909,0.0421846237320265,0.0422829375212907,0.0422790964465588,0.040833826260722,0.0197368421052632,0.0197368421052632,0.00657894736842105,0.689526000992469,1.22613008824801
10,2026081510,NUAA,vibration_x+vibration_y,SoftClipping,152,0.0392437426500351,0.0392602012570753,0.0404164978485509,0.0402393340092319,0.0392441425807104,0.0392441425807104,0.0379406954754658,0,0,0.0131578947368421,0.50040798486254,1.73442783745094
10,2026081510,NUAA,vibration_x+vibration_y,IntermittentDropout,152,0.0422001256205654,0.0381550550447359,0.0374069017775911,0.0377409178067707,0.0389519502673976,0.0378296641271633,0.0379406954754658,0.986842105263158,1,0.0131578947368421,0.258831725333027,0.258831725333027
10,2026081510,NUAA,vibration_x+vibration_y,GradualDrift,152,0.0413037940920275,0.0414193075319572,0.0408424616059536,0.0405561457107566,0.0414149954062381,0.0411683383542981,0.0379406954754658,0,0,0.0131578947368421,0.708176612279237,1.7144620843032
10,2026081510,NUAA,vibration_x+vibration_y,HeteroscedasticNoise,152,0.0401475405614728,0.040278283711672,0.0403696360081577,0.0407571598883627,0.040276642706849,0.040276642706849,0.0379406954754658,0,0,0.0131578947368421,0.702251781393886,1.23568243250313
10,2026081510,PHM2010,force_z+vibration_x,SoftClipping,945,0.0163367828058703,0.0163700877662445,0.0137666733576602,0.013977886400689,0.0160647380270097,0.0160515833635413,0.0114861988707107,0.00211640211640212,0.00211640211640212,0.00846560846560847,0.500653121420205,1.73896723146927
10,2026081510,PHM2010,force_z+vibration_x,IntermittentDropout,945,0.015563673692589,0.0147990060106356,0.0121855251426824,0.0130592543246147,0.0109621599374246,0.0121128424260483,0.0114861988707107,0.677248677248677,0.685714285714286,0.00846560846560847,0.266019859741312,0.266019859741312
10,2026081510,PHM2010,force_z+vibration_x,GradualDrift,945,0.0142031912008717,0.0135883293878816,0.0127482153539502,0.0138667549260607,0.0136475159263618,0.0136166239673309,0.0114861988707107,0.0253968253968254,0.0253968253968254,0.00846560846560847,0.69833978377378,1.70885503742981
10,2026081510,PHM2010,force_z+vibration_x,HeteroscedasticNoise,945,0.0140485575734678,0.0140723733612888,0.0137563892806714,0.0139824182568884,0.0139298884047667,0.0139185978358334,0.0114861988707107,0.00211640211640212,0.00211640211640212,0.00846560846560847,0.709676910957605,1.25606079414296
10,2026081510,PHM2010,force_z+vibration_y,SoftClipping,945,0.0163164634307904,0.0163271785497874,0.0139251580258685,0.014389244534604,0.0160148752133093,0.0160140457190479,0.0120501203448286,0,0,0.0137566137566138,0.499303908301455,1.7269263230097
10,2026081510,PHM2010,force_z+vibration_y,IntermittentDropout,945,0.0146236749201405,0.0140419519996161,0.0123633392447408,0.0131758900577424,0.0108362350115555,0.0115744312822001,0.0120501203448286,0.403174603174603,0.410582010582011,0.0137566137566138,0.262878748523881,0.262878748523881
10,2026081510,PHM2010,force_z+vibration_y,GradualDrift,945,0.0133360152726945,0.0127020136619517,0.0130966842552494,0.0146807520426715,0.0127614709858943,0.0127420159751331,0.0120501203448286,0.00317460317460317,0.00317460317460317,0.0137566137566138,0.702335389318391,1.75667602832414
10,2026081510,PHM2010,force_z+vibration_y,HeteroscedasticNoise,945,0.0143037199529239,0.0142176049827921,0.013693738644823,0.0136042101068919,0.0140953128164191,0.0140883120042941,0.0120501203448286,0,0,0.0137566137566138,0.700722836614031,1.25175273506725
10,2026081510,PHM2010,vibration_x+vibration_y,SoftClipping,945,0.0120924852258204,0.0121369068056896,0.0125014693363903,0.0130277078164896,0.0121761300010222,0.012166504913995,0.013837131998922,0,0,0.00952380952380952,0.506971314732032,1.75255884861632
10,2026081510,PHM2010,vibration_x+vibration_y,IntermittentDropout,945,0.0118596774224357,0.0137048395499593,0.0138072790278168,0.014307539575599,0.0130546851404221,0.0142241529200405,0.013837131998922,0.383068783068783,0.387301587301587,0.00952380952380952,0.263135301613808,0.263135301613808
10,2026081510,PHM2010,vibration_x+vibration_y,GradualDrift,945,0.0144116278982839,0.0145697798015049,0.014353625636279,0.015806333931868,0.014499005178091,0.014483793407484,0.013837131998922,0.00105820105820106,0.00105820105820106,0.00952380952380952,0.695568135498202,1.76341237976457
10,2026081510,PHM2010,vibration_x+vibration_y,HeteroscedasticNoise,945,0.0141650106038709,0.0141941648421675,0.0132367338219082,0.0137910060191872,0.0142100426507797,0.0142003725411703,0.013837131998922,0,0,0.00952380952380952,0.698748782719211,1.22351065232056
11,2026081511,NUAA,force_z+vibration_x,SoftClipping,152,0.0487969345870775,0.0420990621875382,0.0412790531859171,0.0433617235162853,0.0435190729093775,0.0435124826869516,0.0586484258120297,0.00657894736842105,0.00657894736842105,0.0197368421052632,0.514410438971251,1.75094385503342
11,2026081511,NUAA,force_z+vibration_x,IntermittentDropout,152,0.0463861831530116,0.0416569641004309,0.0397980677253382,0.0426672992786057,0.0461331368745872,0.0559434710038457,0.0586484258120297,0.875,0.894736842105263,0.0197368421052632,0.260533307568634,0.260533307568634
11,2026081511,NUAA,force_z+vibration_x,GradualDrift,152,0.0493259280820688,0.043548021479866,0.0436481211850503,0.0437243470408092,0.0436820666745269,0.0436796176627042,0.0586484258120297,0,0,0.0197368421052632,0.707743907430942,1.76948261794986
11,2026081511,NUAA,force_z+vibration_x,HeteroscedasticNoise,152,0.06502957709419,0.0478429467509778,0.0485774145311572,0.0469878977894823,0.0479935447895368,0.0479621064545253,0.0586484258120297,0,0,0.0197368421052632,0.687816604287345,1.26451587939849
11,2026081511,NUAA,force_z+vibration_y,SoftClipping,152,0.0499090802369255,0.0428767708151067,0.0427099976621193,0.0434336264299083,0.0450560662081302,0.044758344097131,0.040833826260722,0.0131578947368421,0.0131578947368421,0.00657894736842105,0.502569171763059,1.72264133478814
11,2026081511,NUAA,force_z+vibration_y,IntermittentDropout,152,0.0496443119817938,0.0398687428642148,0.0383116673014313,0.0402721575447989,0.0458723605771108,0.0401880245479952,0.040833826260722,0.855263157894737,0.861842105263158,0.00657894736842105,0.25843155261731,0.25843155261731
11,2026081511,NUAA,force_z+vibration_y,GradualDrift,152,0.0537448781897447,0.0432011085451678,0.0427106940707399,0.0434304614774643,0.0441359164372794,0.0439166801923401,0.040833826260722,0.144736842105263,0.144736842105263,0.00657894736842105,0.701572525343163,1.77936982665172
11,2026081511,NUAA,force_z+vibration_y,HeteroscedasticNoise,152,0.0594279968165971,0.0469568254356113,0.0456736566446747,0.0460941165019891,0.0472768492196775,0.0473111782597378,0.040833826260722,0.0131578947368421,0.0131578947368421,0.00657894736842105,0.715719494210982,1.2335506492593
11,2026081511,NUAA,vibration_x+vibration_y,SoftClipping,152,0.0387911871364349,0.0389196611245048,0.039802741283941,0.0399532649974198,0.0389002256988519,0.0389002256988519,0.0379406954754658,0,0,0.0131578947368421,0.498335501099626,1.81307206586892
11,2026081511,NUAA,vibration_x+vibration_y,IntermittentDropout,152,0.0418783378956635,0.0381550550447359,0.0374069017775911,0.0377409178067707,0.039682634637571,0.0378296641271633,0.0379406954754658,0.986842105263158,1,0.0131578947368421,0.261216561358359,0.261216561358359
11,2026081511,NUAA,vibration_x+vibration_y,GradualDrift,152,0.0388565947489034,0.0391478113358367,0.0394825705215303,0.0399181004256929,0.0391171893711013,0.0389665076571238,0.0379406954754658,0.00657894736842105,0.00657894736842105,0.0131578947368421,0.684171657034742,1.77053106624816
11,2026081511,NUAA,vibration_x+vibration_y,HeteroscedasticNoise,152,0.0399058669897851,0.0401009024074796,0.0403495490413275,0.0406136169122185,0.040081831844347,0.040081831844347,0.0379406954754658,0,0,0.0131578947368421,0.698002975661077,1.27195104739061
11,2026081511,PHM2010,force_z+vibration_x,SoftClipping,945,0.0165127043339841,0.0165525414236656,0.0140647690759014,0.0141926020730732,0.0161845933898748,0.0161745107700146,0.0114861988707107,0.00317460317460317,0.00317460317460317,0.00846560846560847,0.492770192693118,1.72660885039111
11,2026081511,PHM2010,force_z+vibration_x,IntermittentDropout,945,0.0159265727071293,0.0148326321065957,0.0122175658705492,0.013053899576257,0.0109342451062992,0.0121535740017189,0.0114861988707107,0.673015873015873,0.681481481481481,0.00846560846560847,0.261485401101118,0.261485401101118
11,2026081511,PHM2010,force_z+vibration_x,GradualDrift,945,0.0135079721823608,0.0131317234177423,0.0126799595741002,0.0137849875419877,0.0130274436971643,0.0130806298817464,0.0114861988707107,0.0306878306878307,0.0306878306878307,0.00846560846560847,0.696668844777857,1.75795481769358
11,2026081511,PHM2010,force_z+vibration_x,HeteroscedasticNoise,945,0.013936997043806,0.0139935311425844,0.0136621228453964,0.0138855015967727,0.013828831964523,0.0138076261302741,0.0114861988707107,0.00211640211640212,0.00211640211640212,0.00846560846560847,0.700907491034672,1.2599078799368
11,2026081511,PHM2010,force_z+vibration_y,SoftClipping,945,0.0161275168366903,0.016093324108105,0.0136249844132482,0.0141189491031767,0.015837180518755,0.0158250331136052,0.0120501203448286,0,0,0.0137566137566138,0.497828524978537,1.72797667323675
11,2026081511,PHM2010,force_z+vibration_y,IntermittentDropout,945,0.0142536824681622,0.0139236694930539,0.012376460635154,0.013210776089333,0.0108267620667672,0.011488657833001,0.0120501203448286,0.37989417989418,0.386243386243386,0.0137566137566138,0.259796409761992,0.259796409761992
11,2026081511,PHM2010,force_z+vibration_y,GradualDrift,945,0.0131115889870743,0.012809818767106,0.0128151096903061,0.0142915504524265,0.0127028704208066,0.0126919761125398,0.0120501203448286,0.00211640211640212,0.00211640211640212,0.0137566137566138,0.699018489377182,1.7562331231227
11,2026081511,PHM2010,force_z+vibration_y,HeteroscedasticNoise,945,0.0139455968458918,0.0140776765164063,0.0135403146944629,0.013530583145481,0.0139222036253614,0.0139132880553706,0.0120501203448286,0,0,0.0137566137566138,0.706061075675311,1.24586241335533
11,2026081511,PHM2010,vibration_x+vibration_y,SoftClipping,945,0.0120183696108841,0.0120552995051766,0.0124058053581242,0.0128772507130364,0.0121045681390533,0.012094966853548,0.013837131998922,0,0,0.00952380952380952,0.496248839152028,1.76024758696854
11,2026081511,PHM2010,vibration_x+vibration_y,IntermittentDropout,945,0.0118852896270257,0.0138162013467334,0.0138197175914539,0.0142648695945091,0.0131107899222076,0.0142841501554158,0.013837131998922,0.387301587301587,0.392592592592593,0.00952380952380952,0.263597945739136,0.263597945739136
11,2026081511,PHM2010,vibration_x+vibration_y,GradualDrift,945,0.0139427347084079,0.0139622900498164,0.01415303385615,0.01588226644846,0.0139884954600243,0.0139787927036699,0.013837131998922,0,0,0.00952380952380952,0.699704535034497,1.75060439885038
11,2026081511,PHM2010,vibration_x+vibration_y,HeteroscedasticNoise,945,0.0141877748239016,0.0142173178823156,0.0132815303463299,0.0137732013905859,0.0142283454008071,0.0142186817131797,0.013837131998922,0,0,0.00952380952380952,0.693188088565109,1.25097927875588
12,2026081512,NUAA,force_z+vibration_x,SoftClipping,152,0.0497061207763205,0.0426336803661451,0.0417646611799732,0.0440240192968219,0.0439525538433983,0.0438928977305965,0.0586484258120297,0.00657894736842105,0.00657894736842105,0.0197368421052632,0.487284754185802,1.80031948219283
12,2026081512,NUAA,force_z+vibration_x,IntermittentDropout,152,0.0459891459416676,0.0415759455325901,0.0399828443373133,0.0427393433850921,0.0462873670820453,0.056901511640219,0.0586484258120297,0.848684210526316,0.861842105263158,0.0197368421052632,0.256256516063928,0.256256516063928
12,2026081512,NUAA,force_z+vibration_x,GradualDrift,152,0.0459566710877674,0.0417219761651038,0.0416696253100204,0.0418735548368994,0.0426017166682963,0.0425997430323945,0.0586484258120297,0,0,0.0197368421052632,0.695479033071946,1.721094070319
12,2026081512,NUAA,force_z+vibration_x,HeteroscedasticNoise,152,0.0615859958251415,0.0470357430227646,0.0473989462354139,0.0462837562654444,0.0478953923364622,0.0473237791111791,0.0586484258120297,0.00657894736842105,0.00657894736842105,0.0197368421052632,0.714778940558932,1.2732340842301
12,2026081512,NUAA,force_z+vibration_y,SoftClipping,152,0.0482460716465543,0.0423638892405966,0.0424401695288356,0.042762685013804,0.0447852399106406,0.0442671801015974,0.040833826260722,0.0131578947368421,0.0131578947368421,0.00657894736842105,0.505574499718911,1.75229416611107
12,2026081512,NUAA,force_z+vibration_y,IntermittentDropout,152,0.0490411898726737,0.0405818282850181,0.0390921180435819,0.0407899982604689,0.0448119933716607,0.0411347326113529,0.040833826260722,0.888157894736842,0.894736842105263,0.00657894736842105,0.258679857399281,0.258679857399281
12,2026081512,NUAA,force_z+vibration_y,GradualDrift,152,0.0526619368657796,0.0406697798965157,0.0402534314291307,0.0416086818552034,0.0399072177983525,0.0402211130345409,0.040833826260722,0.0855263157894737,0.0855263157894737,0.00657894736842105,0.702272013930737,1.76173043737317
12,2026081512,NUAA,force_z+vibration_y,HeteroscedasticNoise,152,0.0609863924854141,0.047383010988213,0.0465401842621147,0.046643310316162,0.0472587452468643,0.0472208151723907,0.040833826260722,0.00657894736842105,0.00657894736842105,0.00657894736842105,0.707864424424067,1.27364863461544
12,2026081512,NUAA,vibration_x+vibration_y,SoftClipping,152,0.0392135883750436,0.039056579046925,0.0398903761993484,0.0399230369185202,0.03901721652353,0.03901721652353,0.0379406954754658,0,0,0.0131578947368421,0.48964363592361,1.64975951884423
12,2026081512,NUAA,vibration_x+vibration_y,IntermittentDropout,152,0.0422889357618361,0.0381550550447359,0.0374069017775911,0.0377409178067707,0.0390988720138662,0.0378296641271633,0.0379406954754658,0.986842105263158,1,0.0131578947368421,0.253337220967207,0.253337220967207
12,2026081512,NUAA,vibration_x+vibration_y,GradualDrift,152,0.0419829662658576,0.0403402053078037,0.0406651165079362,0.0406538093963554,0.0406239388949763,0.0404327442694571,0.0379406954754658,0,0,0.0131578947368421,0.696937605177303,1.75727341074407
12,2026081512,NUAA,vibration_x+vibration_y,HeteroscedasticNoise,152,0.040165218026125,0.0402852208603571,0.0406624077299027,0.0409084015465954,0.0402626309099647,0.0402626309099647,0.0379406954754658,0,0,0.0131578947368421,0.704656487590759,1.23844651681684
12,2026081512,PHM2010,force_z+vibration_x,SoftClipping,945,0.0158016266218001,0.0158373683216837,0.013461569417182,0.013606317087304,0.015525808557484,0.0155170468856399,0.0114861988707107,0.00317460317460317,0.00317460317460317,0.00846560846560847,0.503765855341304,1.73448029838811
12,2026081512,PHM2010,force_z+vibration_x,IntermittentDropout,945,0.0155838529142122,0.0147611958616059,0.012215458571029,0.0130524627898745,0.010946796809139,0.0120966295887374,0.0114861988707107,0.68042328042328,0.688888888888889,0.00846560846560847,0.260747885444897,0.260747885444897
12,2026081512,PHM2010,force_z+vibration_x,GradualDrift,945,0.0141981853166878,0.0133748574420829,0.0125489366109938,0.0137536803245309,0.0134192424993032,0.0134440020279624,0.0114861988707107,0.019047619047619,0.0201058201058201,0.00846560846560847,0.695539354081352,1.74872816330047
12,2026081512,PHM2010,force_z+vibration_x,HeteroscedasticNoise,945,0.013838960245417,0.0137329360555146,0.0135220154772573,0.0137544469075485,0.0136988637696953,0.013674207569076,0.0114861988707107,0.00105820105820106,0.00105820105820106,0.00846560846560847,0.696621164989638,1.2497374994386
12,2026081512,PHM2010,force_z+vibration_y,SoftClipping,945,0.0159894236774298,0.0160834183104659,0.0137665804132701,0.0141508534073661,0.0158385161000359,0.0158292680864854,0.0120501203448286,0,0,0.0137566137566138,0.502020416673653,1.76265583016827
12,2026081512,PHM2010,force_z+vibration_y,IntermittentDropout,945,0.0144425727353682,0.0139711191000843,0.0123157436357092,0.013123052187273,0.0108182949929323,0.0115436066331568,0.0120501203448286,0.393650793650794,0.4,0.0137566137566138,0.26326939004883,0.26326939004883
12,2026081512,PHM2010,force_z+vibration_y,GradualDrift,945,0.0134733098901651,0.0129728817418161,0.0130766609359092,0.0147899746111861,0.0128919637855913,0.0128813268679954,0.0120501203448286,0.00105820105820106,0.00105820105820106,0.0137566137566138,0.697131538744657,1.76562657336709
12,2026081512,PHM2010,force_z+vibration_y,HeteroscedasticNoise,945,0.0141323911420024,0.0141246366263881,0.0136119229312756,0.013641498426823,0.0140108789912328,0.0139956219485576,0.0120501203448286,0,0,0.0137566137566138,0.693798402162321,1.23585281486632
12,2026081512,PHM2010,vibration_x+vibration_y,SoftClipping,945,0.011999223875506,0.0120512678253825,0.0123353172752105,0.012932144382332,0.0120873680350092,0.0120784393853169,0.013837131998922,0.00105820105820106,0.00105820105820106,0.00952380952380952,0.502123171532245,1.72972679512227
12,2026081512,PHM2010,vibration_x+vibration_y,IntermittentDropout,945,0.0118179239454477,0.0137123355139672,0.0137840069057075,0.0142457046765345,0.0131006611158449,0.0142250784379896,0.013837131998922,0.383068783068783,0.387301587301587,0.00952380952380952,0.26747757432716,0.26747757432716
12,2026081512,PHM2010,vibration_x+vibration_y,GradualDrift,945,0.0140854040364953,0.0142313526190062,0.0142699836333984,0.0159012690527768,0.0141943469706198,0.0141830533416411,0.013837131998922,0.00105820105820106,0.00105820105820106,0.00952380952380952,0.701765984557826,1.73479356659454
12,2026081512,PHM2010,vibration_x+vibration_y,HeteroscedasticNoise,945,0.0141901470283999,0.014237353927068,0.0132966456788562,0.0138040374312685,0.0142323067842261,0.0142226507046559,0.013837131998922,0,0,0.00952380952380952,0.698703510416427,1.23998032673115
13,2026081513,NUAA,force_z+vibration_x,SoftClipping,152,0.0490897219011494,0.0415139157162175,0.0404326455988387,0.0427979073830189,0.0426267834913659,0.0426523328342942,0.0586484258120297,0.00657894736842105,0.00657894736842105,0.0197368421052632,0.50566933992927,1.72516441378618
13,2026081513,NUAA,force_z+vibration_x,IntermittentDropout,152,0.0455332953717817,0.0416533573836765,0.0397710060226498,0.0425878111497974,0.0456375362750603,0.0570965917488249,0.0586484258120297,0.881578947368421,0.901315789473684,0.0197368421052632,0.256445643624223,0.256445643624223
13,2026081513,NUAA,force_z+vibration_x,GradualDrift,152,0.0506930663486759,0.0432644720312364,0.0435208129767722,0.0436575834081701,0.0441261108261271,0.0438168902078221,0.0586484258120297,0.00657894736842105,0.00657894736842105,0.0197368421052632,0.700590740510767,1.73632422169853
13,2026081513,NUAA,force_z+vibration_x,HeteroscedasticNoise,152,0.0630634697323866,0.047434862266628,0.0470360885446447,0.0458083783872494,0.0486319739037466,0.0477278589563841,0.0586484258120297,0.00657894736842105,0.00657894736842105,0.0197368421052632,0.691580868186928,1.30039515111473
13,2026081513,NUAA,force_z+vibration_y,SoftClipping,152,0.0496723990588625,0.0433538656058361,0.0426676507560972,0.0434719934386429,0.0458037997058988,0.0455847989225929,0.040833826260722,0.0197368421052632,0.0197368421052632,0.00657894736842105,0.497215190612853,1.79013938106329
13,2026081513,NUAA,force_z+vibration_y,IntermittentDropout,152,0.0492049284951014,0.0398734853356979,0.0384563445597039,0.0402072181468523,0.0455280877606439,0.040102490447997,0.040833826260722,0.828947368421053,0.828947368421053,0.00657894736842105,0.2606790770386,0.2606790770386
13,2026081513,NUAA,force_z+vibration_y,GradualDrift,152,0.052589411321836,0.0434864996907625,0.041752579850629,0.0431196555542127,0.0440589688810468,0.0442357586046671,0.040833826260722,0.0855263157894737,0.0855263157894737,0.00657894736842105,0.694232541904815,1.74868458510313
13,2026081513,NUAA,force_z+vibration_y,HeteroscedasticNoise,152,0.0574941781078992,0.0462353151220418,0.0468661934281143,0.0466590864734454,0.046829275540376,0.046042447462064,0.040833826260722,0.0197368421052632,0.0197368421052632,0.00657894736842105,0.69357350629855,1.22489843652825
13,2026081513,NUAA,vibration_x+vibration_y,SoftClipping,152,0.0386968721567594,0.0388415446297421,0.039813834295233,0.0400589949124302,0.0388171524293501,0.0388171524293501,0.0379406954754658,0,0,0.0131578947368421,0.484856691628542,1.79618535975822
13,2026081513,NUAA,vibration_x+vibration_y,IntermittentDropout,152,0.0423921493726325,0.0381550550447359,0.0374069017775911,0.0377409178067707,0.0390019373938435,0.0378296641271633,0.0379406954754658,0.986842105263158,1,0.0131578947368421,0.266045793040959,0.266045793040959
13,2026081513,NUAA,vibration_x+vibration_y,GradualDrift,152,0.0407966247766749,0.0391673226925314,0.0393309720196027,0.0396166081851965,0.0395582402887394,0.0393062710159893,0.0379406954754658,0,0,0.0131578947368421,0.698868544618539,1.81605126079525
13,2026081513,NUAA,vibration_x+vibration_y,HeteroscedasticNoise,152,0.0400331886114055,0.040227295186913,0.0403971147068226,0.0407287194738222,0.040218421181879,0.040218421181879,0.0379406954754658,0,0,0.0131578947368421,0.708260634713042,1.2292130860298
13,2026081513,PHM2010,force_z+vibration_x,SoftClipping,945,0.0161484730019362,0.0160533639190308,0.0135224720062831,0.013657656622125,0.0158174411409515,0.0158047900319811,0.0114861988707107,0.00423280423280423,0.00423280423280423,0.00846560846560847,0.49977556637742,1.74806659145667
13,2026081513,PHM2010,force_z+vibration_x,IntermittentDropout,945,0.0158288257157171,0.0148274575520399,0.0122503436867602,0.0130960651001119,0.0109427391601254,0.0121427431373512,0.0114861988707107,0.675132275132275,0.683597883597884,0.00846560846560847,0.263021010784091,0.263021010784091
13,2026081513,PHM2010,force_z+vibration_x,GradualDrift,945,0.0138286910125624,0.0135801758019322,0.0128303882650091,0.0138604919819832,0.0132831374653302,0.0133293734322114,0.0114861988707107,0.0211640211640212,0.0211640211640212,0.00846560846560847,0.704983706982996,1.74020915966107
13,2026081513,PHM2010,force_z+vibration_x,HeteroscedasticNoise,945,0.0140350960273776,0.0140478999873996,0.01384893456361,0.0139875029366071,0.0138743343367122,0.0138668613257755,0.0114861988707107,0.00105820105820106,0.00105820105820106,0.00846560846560847,0.702971628615934,1.25783898415484
13,2026081513,PHM2010,force_z+vibration_y,SoftClipping,945,0.0161043192460076,0.0161109112314023,0.0137432436428339,0.0142662070975145,0.0158293819267,0.0158232651815622,0.0120501203448286,0.00211640211640212,0.00211640211640212,0.0137566137566138,0.498347571489507,1.76175035001647
13,2026081513,PHM2010,force_z+vibration_y,IntermittentDropout,945,0.0143418251788777,0.0139745423242479,0.0123654259707258,0.0131684847718297,0.0107760477487774,0.0114468237266086,0.0120501203448286,0.384126984126984,0.389417989417989,0.0137566137566138,0.263610436719436,0.263610436719436
13,2026081513,PHM2010,force_z+vibration_y,GradualDrift,945,0.0132581218724812,0.0129989066033387,0.0129449689954173,0.0145461148869055,0.0128360731567815,0.0128613033032827,0.0120501203448286,0.00529100529100529,0.00529100529100529,0.0137566137566138,0.697290451613943,1.75954173687809
13,2026081513,PHM2010,force_z+vibration_y,HeteroscedasticNoise,945,0.0140815096025002,0.0141096541784472,0.013598216948354,0.0134866807310865,0.0140317705832475,0.0139931668377316,0.0120501203448286,0,0,0.0137566137566138,0.693787027910441,1.24527123501277
13,2026081513,PHM2010,vibration_x+vibration_y,SoftClipping,945,0.0120970998692972,0.0121529536211911,0.0124346789407077,0.0129656399312377,0.0121576621863197,0.0121489625153495,0.013837131998922,0.00105820105820106,0.00105820105820106,0.00952380952380952,0.494237895060982,1.75135969875924
13,2026081513,PHM2010,vibration_x+vibration_y,IntermittentDropout,945,0.0118284490084031,0.0137721273379293,0.0137761284939426,0.0142854698885871,0.01308882300666,0.0142832386436514,0.013837131998922,0.392592592592593,0.397883597883598,0.00952380952380952,0.265602477793825,0.265602477793825
13,2026081513,PHM2010,vibration_x+vibration_y,GradualDrift,945,0.0141797827833305,0.0142961424746803,0.0142277697276538,0.0157604231322864,0.0142699553455269,0.014260277789364,0.013837131998922,0,0,0.00952380952380952,0.698464524078714,1.739093863261
13,2026081513,PHM2010,vibration_x+vibration_y,HeteroscedasticNoise,945,0.014219233367693,0.0142630375169504,0.0132307685101224,0.0137553779084756,0.0142615715999948,0.0142518768930162,0.013837131998922,0,0,0.00952380952380952,0.697449378113771,1.24660326719686
14,2026081514,NUAA,force_z+vibration_x,SoftClipping,152,0.0452279925799067,0.0410064611691242,0.0397669921757567,0.0428269965550747,0.0427340245725121,0.0423600027777666,0.0586484258120297,0.0131578947368421,0.0131578947368421,0.0197368421052632,0.500778661196458,1.73690352469626
14,2026081514,NUAA,force_z+vibration_x,IntermittentDropout,152,0.045576420780213,0.0415574629972387,0.0395740659948716,0.0423496386423204,0.045743876535306,0.0577753306963542,0.0586484258120297,0.855263157894737,0.868421052631579,0.0197368421052632,0.264700266865974,0.264700266865974
14,2026081514,NUAA,force_z+vibration_x,GradualDrift,152,0.0495049777637189,0.0423555823995408,0.0421175239553914,0.0432302745286239,0.0436042001656743,0.0435910797936294,0.0586484258120297,0,0,0.0197368421052632,0.692407542942397,1.74699288608612
14,2026081514,NUAA,force_z+vibration_x,HeteroscedasticNoise,152,0.0664394486710621,0.0503375473505311,0.0506664177540495,0.0493050526638929,0.0508731264770785,0.0508422941601951,0.0586484258120297,0,0,0.0197368421052632,0.705483486202998,1.30622852112394
14,2026081514,NUAA,force_z+vibration_y,SoftClipping,152,0.0483736648428043,0.0416950246887485,0.0416077650428282,0.0425795297688454,0.0437555167576522,0.0433843189232067,0.040833826260722,0.0263157894736842,0.0263157894736842,0.00657894736842105,0.505581758902526,1.73413365929591
14,2026081514,NUAA,force_z+vibration_y,IntermittentDropout,152,0.0498963987763709,0.0405734544498476,0.0392747449064063,0.0410208074329371,0.045551319396777,0.0405317714501778,0.040833826260722,0.868421052631579,0.875,0.00657894736842105,0.258567829770023,0.258567829770023
14,2026081514,NUAA,force_z+vibration_y,GradualDrift,152,0.0484965325020833,0.0415691090370518,0.0407174124523635,0.0419325502004444,0.0428616485771164,0.0414661961439812,0.040833826260722,0.0986842105263158,0.0986842105263158,0.00657894736842105,0.686798119330251,1.7266888110729
14,2026081514,NUAA,force_z+vibration_y,HeteroscedasticNoise,152,0.0613568703736678,0.0462717681078289,0.045817225840113,0.0463203722325714,0.0469787699811153,0.0464991568329615,0.040833826260722,0,0,0.00657894736842105,0.699820721135178,1.23294944367828
14,2026081514,NUAA,vibration_x+vibration_y,SoftClipping,152,0.0390045974296491,0.0390309367832175,0.0400510308033533,0.040054747758042,0.0391966377830034,0.0391966377830034,0.0379406954754658,0,0,0.0131578947368421,0.482005770108439,1.82613945707575
14,2026081514,NUAA,vibration_x+vibration_y,IntermittentDropout,152,0.0424538225776978,0.0381550550447359,0.0374069017775911,0.0377409178067707,0.0387820906708323,0.0378296641271633,0.0379406954754658,0.986842105263158,1,0.0131578947368421,0.254850896997664,0.254850896997664
14,2026081514,NUAA,vibration_x+vibration_y,GradualDrift,152,0.0446182000319715,0.0423036295960746,0.0417275996046578,0.0412524779162783,0.0421070021147509,0.0421070021147509,0.0379406954754658,0,0,0.0131578947368421,0.707524435667994,1.746499251711
14,2026081514,NUAA,vibration_x+vibration_y,HeteroscedasticNoise,152,0.0403185847124248,0.0405082527948594,0.0408607786077571,0.0409831054068864,0.0405040848786709,0.0405040848786709,0.0379406954754658,0,0,0.0131578947368421,0.716358133022402,1.27584650277683
14,2026081514,PHM2010,force_z+vibration_x,SoftClipping,945,0.0159756402812067,0.0159941085460539,0.0132910566362765,0.0134547643268614,0.0156666686776448,0.0156403144159768,0.0114861988707107,0.00211640211640212,0.00211640211640212,0.00846560846560847,0.497355035865725,1.74779781415987
14,2026081514,PHM2010,force_z+vibration_x,IntermittentDropout,945,0.0157323206793509,0.0148041192593546,0.0122140326722011,0.013050339125775,0.0109653373698946,0.0121315237799353,0.0114861988707107,0.677248677248677,0.685714285714286,0.00846560846560847,0.262193139032232,0.262193139032232
14,2026081514,PHM2010,force_z+vibration_x,GradualDrift,945,0.0141411647240455,0.0135301659877163,0.0127778444064513,0.0139167219214736,0.0135142968690909,0.0134978294415012,0.0114861988707107,0.0169312169312169,0.0169312169312169,0.00846560846560847,0.701717530598372,1.74749695366611
14,2026081514,PHM2010,force_z+vibration_x,HeteroscedasticNoise,945,0.0141242569632262,0.0141433890870396,0.0137858701436519,0.0140748993261265,0.0140391084631791,0.0140340032592413,0.0114861988707107,0.00211640211640212,0.00211640211640212,0.00846560846560847,0.706179279123454,1.24795005106359
14,2026081514,PHM2010,force_z+vibration_y,SoftClipping,945,0.0154955855829012,0.0155258097034073,0.0134321307083602,0.0137854116706475,0.015259184143372,0.015224720259936,0.0120501203448286,0.00105820105820106,0.00105820105820106,0.0137566137566138,0.484442779525832,1.73509330250187
14,2026081514,PHM2010,force_z+vibration_y,IntermittentDropout,945,0.014436991848564,0.0138568137368291,0.0123642467906363,0.0132258730957095,0.010763683746085,0.0114528309097834,0.0120501203448286,0.385185185185185,0.391534391534392,0.0137566137566138,0.259693727033808,0.259693727033808
14,2026081514,PHM2010,force_z+vibration_y,GradualDrift,945,0.0129912046047921,0.0126811105363061,0.0127455151686287,0.0143546697387129,0.0125797543683806,0.0125621786055531,0.0120501203448286,0.00423280423280423,0.00423280423280423,0.0137566137566138,0.697172763511494,1.74636469646373
14,2026081514,PHM2010,force_z+vibration_y,HeteroscedasticNoise,945,0.0140431146550398,0.0141339496810583,0.0136430711585719,0.0136508867900967,0.0140401344125784,0.0140315327449854,0.0120501203448286,0,0,0.0137566137566138,0.701471948376055,1.2346446813751
14,2026081514,PHM2010,vibration_x+vibration_y,SoftClipping,945,0.0120616785170454,0.0121042802894258,0.0123481689920865,0.0128825025622603,0.0121164879775309,0.0121068315206095,0.013837131998922,0,0,0.00952380952380952,0.501702797757709,1.75278530352439
14,2026081514,PHM2010,vibration_x+vibration_y,IntermittentDropout,945,0.0118757473230751,0.0137979196302381,0.0138082621752428,0.0143090203971227,0.0131063637244339,0.0142928777443692,0.013837131998922,0.383068783068783,0.387301587301587,0.00952380952380952,0.260739696737886,0.260739696737886
14,2026081514,PHM2010,vibration_x+vibration_y,GradualDrift,945,0.0142101782411142,0.0143620585294374,0.0142379377851729,0.0162265947243341,0.0142975745706548,0.0142946082266792,0.013837131998922,0.00105820105820106,0.00105820105820106,0.00952380952380952,0.696277098852856,1.77145916583345
14,2026081514,PHM2010,vibration_x+vibration_y,HeteroscedasticNoise,945,0.0141051706058936,0.0141419556027898,0.0132467222511089,0.0137883794565182,0.0141455648798739,0.0141359009602039,0.013837131998922,0,0,0.00952380952380952,0.699207881978331,1.24225309405748
15,2026081515,NUAA,force_z+vibration_x,SoftClipping,152,0.0488708802788083,0.0406162614437212,0.039474998407552,0.0421128603813004,0.0430224248659502,0.0423517854437762,0.0586484258120297,0.00657894736842105,0.00657894736842105,0.0197368421052632,0.503819271489705,1.70684909300644
15,2026081515,NUAA,force_z+vibration_x,IntermittentDropout,152,0.0472729618299872,0.0420808971211515,0.040433632500626,0.042870668787242,0.0472520402033901,0.0566279404198885,0.0586484258120297,0.802631578947368,0.815789473684211,0.0197368421052632,0.263207689338517,0.263207689338517
15,2026081515,NUAA,force_z+vibration_x,GradualDrift,152,0.0489400316100061,0.0435097301892745,0.0433204674076455,0.0439282484347173,0.0443714691649075,0.043859425555453,0.0586484258120297,0.0131578947368421,0.0131578947368421,0.0197368421052632,0.697085232524121,1.7385157310724
15,2026081515,NUAA,force_z+vibration_x,HeteroscedasticNoise,152,0.0687303802975833,0.0478316871007884,0.0477319087859176,0.0465634002211648,0.0483091391700131,0.04831131969736,0.0586484258120297,0,0,0.0197368421052632,0.703828363974533,1.23825174676195
15,2026081515,NUAA,force_z+vibration_y,SoftClipping,152,0.0480422696623276,0.0424077690483213,0.0423142858119968,0.0433815074629205,0.0440471248902507,0.0440135257837146,0.040833826260722,0.0131578947368421,0.0131578947368421,0.00657894736842105,0.518151638399721,1.68705783755565
15,2026081515,NUAA,force_z+vibration_y,IntermittentDropout,152,0.0488751632992395,0.0407618024758128,0.0393756264826412,0.0411491531634863,0.0455139543461126,0.0407805281183717,0.040833826260722,0.828947368421053,0.828947368421053,0.00657894736842105,0.256038926195939,0.256038926195939
15,2026081515,NUAA,force_z+vibration_y,GradualDrift,152,0.0500503508558069,0.0454100268999352,0.0440949656529066,0.0452131294877725,0.0461463386060968,0.0450353385410882,0.040833826260722,0.0723684210526316,0.0723684210526316,0.00657894736842105,0.691612554896622,1.72551304831451
15,2026081515,NUAA,force_z+vibration_y,HeteroscedasticNoise,152,0.0584582674375937,0.0466248210692116,0.0461865108492337,0.046176706901702,0.0466589855940281,0.0466595824737599,0.040833826260722,0.0131578947368421,0.0131578947368421,0.00657894736842105,0.706333644280112,1.23744688847896
15,2026081515,NUAA,vibration_x+vibration_y,SoftClipping,152,0.0394582974174681,0.0389450722155852,0.0399820670506361,0.0399966829181067,0.0391132641444429,0.0391132641444429,0.0379406954754658,0,0,0.0131578947368421,0.501691355115628,1.76519736528689
15,2026081515,NUAA,vibration_x+vibration_y,IntermittentDropout,152,0.0425542152220785,0.0381550550447359,0.0374069017775911,0.0377409178067707,0.0391305453360904,0.0378296641271633,0.0379406954754658,0.986842105263158,1,0.0131578947368421,0.25454514221821,0.25454514221821
15,2026081515,NUAA,vibration_x+vibration_y,GradualDrift,152,0.0409875348104485,0.0421004515938813,0.0410472980237481,0.0408176733263494,0.042291939917271,0.0421815396322444,0.0379406954754658,0.00657894736842105,0.00657894736842105,0.0131578947368421,0.694164597893361,1.73652461143186
15,2026081515,NUAA,vibration_x+vibration_y,HeteroscedasticNoise,152,0.039746175466054,0.0398987274832094,0.0402366274217675,0.0405245747901598,0.039887999577426,0.039887999577426,0.0379406954754658,0,0,0.0131578947368421,0.694619993577134,1.26573503479079
15,2026081515,PHM2010,force_z+vibration_x,SoftClipping,945,0.0164292943877998,0.0163393737766425,0.0135633817477362,0.0136534621966031,0.0160806992336115,0.0160671996683337,0.0114861988707107,0.00105820105820106,0.00105820105820106,0.00846560846560847,0.500594264241358,1.73993605358082
15,2026081515,PHM2010,force_z+vibration_x,IntermittentDropout,945,0.0156786593794336,0.0147849191490591,0.0121855196530047,0.0130446813879324,0.010956414665022,0.0121316799818277,0.0114861988707107,0.676190476190476,0.684656084656085,0.00846560846560847,0.259398908531059,0.259398908531059
15,2026081515,PHM2010,force_z+vibration_x,GradualDrift,945,0.0141185845593656,0.0134867605702062,0.0126300452719086,0.0137735617309524,0.0134258401414717,0.0134605735588814,0.0114861988707107,0.0232804232804233,0.0232804232804233,0.00846560846560847,0.703017664807161,1.74623309545334
15,2026081515,PHM2010,force_z+vibration_x,HeteroscedasticNoise,945,0.0140300388115245,0.0139897193762323,0.0135902970348108,0.0138077424441831,0.013831119482707,0.0138361367408781,0.0114861988707107,0.00105820105820106,0.00105820105820106,0.00846560846560847,0.703442238533264,1.25325792282999
15,2026081515,PHM2010,force_z+vibration_y,SoftClipping,945,0.0163776506425906,0.0163213470483904,0.0139195544236531,0.0144040910977323,0.0160887920054919,0.0160775164289781,0.0120501203448286,0,0,0.0137566137566138,0.502144889816183,1.73214151271145
15,2026081515,PHM2010,force_z+vibration_y,IntermittentDropout,945,0.0147702971267826,0.0140213349499404,0.0123588998558114,0.0131517921418023,0.0108279622874118,0.0115003113580372,0.0120501203448286,0.393650793650794,0.397883597883598,0.0137566137566138,0.262858509633628,0.262858509633628
15,2026081515,PHM2010,force_z+vibration_y,GradualDrift,945,0.0137596635141259,0.0131072410589652,0.0131896450924396,0.0146324520079658,0.0129915054353728,0.0129811423243584,0.0120501203448286,0.00105820105820106,0.00105820105820106,0.0137566137566138,0.697241574499003,1.77546186719159
15,2026081515,PHM2010,force_z+vibration_y,HeteroscedasticNoise,945,0.0143522985795047,0.0142658030677643,0.0136551497764515,0.0136369848705063,0.0140127000490668,0.0140149231232696,0.0120501203448286,0,0,0.0137566137566138,0.699981375859585,1.24658365242036
15,2026081515,PHM2010,vibration_x+vibration_y,SoftClipping,945,0.0119566233697244,0.0119958681485085,0.0123698859412663,0.0129185776060393,0.012044342705484,0.0120346835689815,0.013837131998922,0,0,0.00952380952380952,0.496968063606605,1.72676671868067
15,2026081515,PHM2010,vibration_x+vibration_y,IntermittentDropout,945,0.0119314837200522,0.0137258245305567,0.0137731129253768,0.014300866611849,0.0130952719119314,0.0142333429870956,0.013837131998922,0.377777777777778,0.383068783068783,0.00952380952380952,0.260686508784673,0.260686508784673
15,2026081515,PHM2010,vibration_x+vibration_y,GradualDrift,945,0.0140931743890651,0.0141882320149906,0.0139660141033613,0.0154857510026891,0.0141481759334147,0.014140005696227,0.013837131998922,0.00211640211640212,0.00211640211640212,0.00952380952380952,0.695201709610047,1.72834825253049
15,2026081515,PHM2010,vibration_x+vibration_y,HeteroscedasticNoise,945,0.014312808462629,0.0143393106209143,0.0132986146527552,0.0138257356935494,0.0143439893850936,0.0143342871060403,0.013837131998922,0,0,0.00952380952380952,0.703695575593282,1.24643274369632
16,2026081516,NUAA,force_z+vibration_x,SoftClipping,152,0.0459949681268708,0.0431781866915202,0.0418073900099172,0.0437266285514552,0.0443339658633561,0.0443216611345915,0.0586484258120297,0,0,0.0197368421052632,0.503599977065784,1.78133182964279
16,2026081516,NUAA,force_z+vibration_x,IntermittentDropout,152,0.0465032332740576,0.041764039660234,0.0401452144282582,0.0426894576798139,0.0465685124562855,0.0578279270645797,0.0586484258120297,0.881578947368421,0.888157894736842,0.0197368421052632,0.261934717757343,0.261934717757343
16,2026081516,NUAA,force_z+vibration_x,GradualDrift,152,0.0460241386383581,0.0426967012152976,0.0426777760022242,0.0430065348124992,0.0426181892146715,0.0425747569278176,0.0586484258120297,0,0,0.0197368421052632,0.704279158336744,1.71854576132243
16,2026081516,NUAA,force_z+vibration_x,HeteroscedasticNoise,152,0.0597955528598583,0.0460419022491993,0.046207407660849,0.0446449446239117,0.0471212838366835,0.0465064491274995,0.0586484258120297,0.00657894736842105,0.00657894736842105,0.0197368421052632,0.67641457087497,1.22732378093892
16,2026081516,NUAA,force_z+vibration_y,SoftClipping,152,0.0495267406521422,0.0415398927234365,0.04123344804844,0.041946727665305,0.0436199047095505,0.0435020853544496,0.040833826260722,0.0263157894736842,0.0263157894736842,0.00657894736842105,0.506077601051155,1.73495355444954
16,2026081516,NUAA,force_z+vibration_y,IntermittentDropout,152,0.0487303451280794,0.0401725835323041,0.0387023468185401,0.0405872378525764,0.0453886341097277,0.0404468130914736,0.040833826260722,0.855263157894737,0.855263157894737,0.00657894736842105,0.258976974276285,0.258976974276285
16,2026081516,NUAA,force_z+vibration_y,GradualDrift,152,0.0540163347275481,0.0417761922805093,0.0422191895032747,0.0435076383698631,0.0409820405848691,0.0410667360299468,0.040833826260722,0.0789473684210526,0.0789473684210526,0.00657894736842105,0.70744076205746,1.74905549333648
16,2026081516,NUAA,force_z+vibration_y,HeteroscedasticNoise,152,0.0612885910076517,0.0446440081496512,0.0448678900438823,0.0449757615139893,0.045440836695778,0.0449984536421027,0.040833826260722,0.00657894736842105,0.00657894736842105,0.00657894736842105,0.698975287726332,1.23255054041344
16,2026081516,NUAA,vibration_x+vibration_y,SoftClipping,152,0.0389733400016752,0.0390517846077586,0.0398794149621377,0.0400009439155704,0.039006305401436,0.039006305401436,0.0379406954754658,0,0,0.0131578947368421,0.508279400917876,1.83141399559828
16,2026081516,NUAA,vibration_x+vibration_y,IntermittentDropout,152,0.042379595122756,0.0381550550447359,0.0374069017775911,0.0377409178067707,0.0393527462348529,0.0378296641271633,0.0379406954754658,0.986842105263158,1,0.0131578947368421,0.25373055262214,0.25373055262214
16,2026081516,NUAA,vibration_x+vibration_y,GradualDrift,152,0.0373759914602417,0.0396438428290607,0.040819425882502,0.0404600073851907,0.0391901362399979,0.038943769269194,0.0379406954754658,0,0,0.0131578947368421,0.705187176985484,1.77139584109251
16,2026081516,NUAA,vibration_x+vibration_y,HeteroscedasticNoise,152,0.0398659868989063,0.0400170074144632,0.0403037010746468,0.0407420409182699,0.0400186305685749,0.0400186305685749,0.0379406954754658,0,0,0.0131578947368421,0.705916868755814,1.22928719559765
16,2026081516,PHM2010,force_z+vibration_x,SoftClipping,945,0.0163057136207515,0.0163170899299668,0.013621083664052,0.0136843315853779,0.0160055177267093,0.0159909496177352,0.0114861988707107,0.00423280423280423,0.00423280423280423,0.00846560846560847,0.500500058620548,1.76294643937864
16,2026081516,PHM2010,force_z+vibration_x,IntermittentDropout,945,0.015761782002967,0.0148261343589513,0.0122235715331393,0.0130800747498562,0.0109459868871656,0.0121544274679057,0.0114861988707107,0.676190476190476,0.684656084656085,0.00846560846560847,0.263446151568985,0.263446151568985
16,2026081516,PHM2010,force_z+vibration_x,GradualDrift,945,0.0142269633324683,0.0135191163290386,0.0129434985199845,0.0139687731809702,0.0134665430965834,0.0134684180778442,0.0114861988707107,0.0158730158730159,0.0169312169312169,0.00846560846560847,0.694507183169121,1.75407678684818
16,2026081516,PHM2010,force_z+vibration_x,HeteroscedasticNoise,945,0.013891752478455,0.0140118399172736,0.0136871150146642,0.0138406936162707,0.0138140380972179,0.0138183628125075,0.0114861988707107,0.00211640211640212,0.00211640211640212,0.00846560846560847,0.699307982259736,1.26119382107542
16,2026081516,PHM2010,force_z+vibration_y,SoftClipping,945,0.0166682052153702,0.0164999877853703,0.0139876322509537,0.0144144702904072,0.0162491491437779,0.0162391626179059,0.0120501203448286,0,0,0.0137566137566138,0.508868582139891,1.72514138636332
16,2026081516,PHM2010,force_z+vibration_y,IntermittentDropout,945,0.0141991416549643,0.0140234248275696,0.0122998417327681,0.0130887172300573,0.0107743821194387,0.0115038221496889,0.0120501203448286,0.395767195767196,0.402116402116402,0.0137566137566138,0.260150225740626,0.260150225740626
16,2026081516,PHM2010,force_z+vibration_y,GradualDrift,945,0.0133189096322071,0.0127239401910679,0.0128376777521716,0.0143041134641376,0.0127241784913273,0.0127272938197997,0.0120501203448286,0.00105820105820106,0.00105820105820106,0.0137566137566138,0.693049226126955,1.74069505279897
16,2026081516,PHM2010,force_z+vibration_y,HeteroscedasticNoise,945,0.0143294393969726,0.0143838098349661,0.0137084318507142,0.0135306513699934,0.0142076553246437,0.0141777302883441,0.0120501203448286,0,0,0.0137566137566138,0.704311978459117,1.25174751748749
16,2026081516,PHM2010,vibration_x+vibration_y,SoftClipping,945,0.0120594370285244,0.0121195782006431,0.0124779800291534,0.012987019875489,0.012149167149943,0.0121403346206985,0.013837131998922,0.00105820105820106,0.00105820105820106,0.00952380952380952,0.502784512731631,1.76107583133012
16,2026081516,PHM2010,vibration_x+vibration_y,IntermittentDropout,945,0.0119306438088389,0.0137893182155978,0.0138526157248665,0.0143060128739303,0.013141580727362,0.0142668399121876,0.013837131998922,0.385185185185185,0.39047619047619,0.00952380952380952,0.263745654376285,0.263745654376285
16,2026081516,PHM2010,vibration_x+vibration_y,GradualDrift,945,0.0140478849633515,0.0141706185862198,0.0141759911022823,0.0157567373308858,0.0141405382813817,0.0141308628714335,0.013837131998922,0,0,0.00952380952380952,0.696952226954741,1.75135009213039
16,2026081516,PHM2010,vibration_x+vibration_y,HeteroscedasticNoise,945,0.0141151094312498,0.0141473183957613,0.0132220931002423,0.0137416639119147,0.0141542298242532,0.0141445646892969,0.013837131998922,0,0,0.00952380952380952,0.691386309318401,1.23857275318767
17,2026081517,NUAA,force_z+vibration_x,SoftClipping,152,0.0477262668514151,0.0422780084505566,0.0413002158424801,0.0438900455712094,0.0439198350733738,0.0435101677691315,0.0586484258120297,0.0131578947368421,0.0131578947368421,0.0197368421052632,0.496632116275149,1.77320472048774
17,2026081517,NUAA,force_z+vibration_x,IntermittentDropout,152,0.0462321812262861,0.0413964153154231,0.0396118557670658,0.042238290415848,0.0462000986741437,0.0572637725591333,0.0586484258120297,0.848684210526316,0.861842105263158,0.0197368421052632,0.25489132965292,0.25489132965292
17,2026081517,NUAA,force_z+vibration_x,GradualDrift,152,0.0480701346541338,0.0419723358880338,0.0418877636488728,0.0426532142633561,0.043330423140425,0.0430437653465143,0.0586484258120297,0.0131578947368421,0.0131578947368421,0.0197368421052632,0.682783239939691,1.75669433203102
17,2026081517,NUAA,force_z+vibration_x,HeteroscedasticNoise,152,0.0646596149222037,0.0473155469795262,0.0481332849071485,0.0468827558294836,0.0489972086422669,0.0478027182012109,0.0586484258120297,0.00657894736842105,0.00657894736842105,0.0197368421052632,0.696923367325257,1.25758315274922
17,2026081517,NUAA,force_z+vibration_y,SoftClipping,152,0.0503888040683591,0.041735159936754,0.0416526497242952,0.0426386542313001,0.0437104728541408,0.0436967192366289,0.040833826260722,0.00657894736842105,0.00657894736842105,0.00657894736842105,0.515404232929229,1.77852909673703
17,2026081517,NUAA,force_z+vibration_y,IntermittentDropout,152,0.0489917594985968,0.0405941569377991,0.0391504166722189,0.0408732463798457,0.0458495691901398,0.0406975659253851,0.040833826260722,0.881578947368421,0.888157894736842,0.00657894736842105,0.263582817049527,0.263582817049527
17,2026081517,NUAA,force_z+vibration_y,GradualDrift,152,0.0532939466713508,0.0430446029177263,0.0413363622100052,0.0428894069673602,0.0421390419769911,0.0431151511431052,0.040833826260722,0.118421052631579,0.118421052631579,0.00657894736842105,0.705704250348832,1.80511222033166
17,2026081517,NUAA,force_z+vibration_y,HeteroscedasticNoise,152,0.0587601117699822,0.0448621908651264,0.044837961959664,0.045293115040455,0.0451506797466435,0.0448045156204191,0.040833826260722,0.0131578947368421,0.0131578947368421,0.00657894736842105,0.698890501280515,1.26253588688939
17,2026081517,NUAA,vibration_x+vibration_y,SoftClipping,152,0.0390418704041674,0.0388919984095339,0.0396453639982587,0.0399794891120087,0.0390383528618909,0.0390383528618909,0.0379406954754658,0,0,0.0131578947368421,0.505023298887184,1.75642828231397
17,2026081517,NUAA,vibration_x+vibration_y,IntermittentDropout,152,0.0427353755283113,0.0381550550447359,0.0374069017775911,0.0377409178067707,0.0389218950905991,0.0378296641271633,0.0379406954754658,0.986842105263158,1,0.0131578947368421,0.265809996124485,0.265809996124485
17,2026081517,NUAA,vibration_x+vibration_y,GradualDrift,152,0.0415578627666462,0.04287598182665,0.0417493909152218,0.0416867985710485,0.0428448425892886,0.0427491076508467,0.0379406954754658,0.00657894736842105,0.00657894736842105,0.0131578947368421,0.708963173329065,1.70118938974039
17,2026081517,NUAA,vibration_x+vibration_y,HeteroscedasticNoise,152,0.0401213635399391,0.0402779659205085,0.0403970125855062,0.0407718778024,0.0402585592739935,0.0402585592739935,0.0379406954754658,0,0,0.0131578947368421,0.700226553040265,1.23427550377406
17,2026081517,PHM2010,force_z+vibration_x,SoftClipping,945,0.0158882007129811,0.0158928954903153,0.0134575058701185,0.0136949852013171,0.0156441312360781,0.0155920411191001,0.0114861988707107,0.00529100529100529,0.00529100529100529,0.00846560846560847,0.504230005736739,1.75108141349882
17,2026081517,PHM2010,force_z+vibration_x,IntermittentDropout,945,0.01583722881887,0.0148630820862332,0.0122155948525439,0.0130709630730445,0.0109543860063445,0.0122034849766477,0.0114861988707107,0.674074074074074,0.682539682539683,0.00846560846560847,0.266474047191257,0.266474047191257
17,2026081517,PHM2010,force_z+vibration_x,GradualDrift,945,0.0141032621895846,0.0133849978675108,0.0129641245434415,0.0140448319425392,0.0132563091868375,0.0133058549743294,0.0114861988707107,0.0222222222222222,0.0232804232804233,0.00846560846560847,0.707303606040174,1.73921200632765
17,2026081517,PHM2010,force_z+vibration_x,HeteroscedasticNoise,945,0.0139706073670091,0.0139447262105604,0.0137136906609561,0.013928515190842,0.0138249429969887,0.0138176959353518,0.0114861988707107,0.00105820105820106,0.00105820105820106,0.00846560846560847,0.710243203498674,1.2458770775598
17,2026081517,PHM2010,force_z+vibration_y,SoftClipping,945,0.0161807851662443,0.0163086399577951,0.0137981227392796,0.0142296959346823,0.0160410980066471,0.0160263947514071,0.0120501203448286,0,0,0.0137566137566138,0.49991509681498,1.76555790414108
17,2026081517,PHM2010,force_z+vibration_y,IntermittentDropout,945,0.0146650393241793,0.0140172694862105,0.0123025156619661,0.0130900812423601,0.0107816722289239,0.0115159872879207,0.0120501203448286,0.389417989417989,0.396825396825397,0.0137566137566138,0.264333026441341,0.264333026441341
17,2026081517,PHM2010,force_z+vibration_y,GradualDrift,945,0.0133945140071091,0.0128740002568412,0.012986630310693,0.0147392607081966,0.0128644576665654,0.0129004004506101,0.0120501203448286,0.00211640211640212,0.00211640211640212,0.0137566137566138,0.705119395776928,1.75335507325346
17,2026081517,PHM2010,force_z+vibration_y,HeteroscedasticNoise,945,0.0140578922483128,0.0140769617973094,0.013439769210411,0.0134036694463835,0.0139616177179159,0.0139527030991613,0.0120501203448286,0,0,0.0137566137566138,0.700670768378364,1.24822387244867
17,2026081517,PHM2010,vibration_x+vibration_y,SoftClipping,945,0.0120925160708914,0.0121404100474246,0.0123507941966772,0.0128997743038982,0.0121731840966722,0.0121635103429631,0.013837131998922,0,0,0.00952380952380952,0.507866779236545,1.74519883150118
17,2026081517,PHM2010,vibration_x+vibration_y,IntermittentDropout,945,0.0117756229372255,0.0136011933029707,0.0137609087152818,0.014254062989809,0.0129866484074458,0.0141372480945245,0.013837131998922,0.376719576719577,0.380952380952381,0.00952380952380952,0.262458287102134,0.262458287102134
17,2026081517,PHM2010,vibration_x+vibration_y,GradualDrift,945,0.0139992514311216,0.0141611693732351,0.0140152468060846,0.0157273049996532,0.0141194266730032,0.0141054466212011,0.013837131998922,0.00105820105820106,0.00105820105820106,0.00952380952380952,0.697848330444228,1.74084833656631
17,2026081517,PHM2010,vibration_x+vibration_y,HeteroscedasticNoise,945,0.0141475718492535,0.0141837237194588,0.0132416535186109,0.0137616117579136,0.0141907834381203,0.0141811025509898,0.013837131998922,0,0,0.00952380952380952,0.707251711027699,1.24615546412115
18,2026081518,NUAA,force_z+vibration_x,SoftClipping,152,0.0496476057740953,0.0428315579821235,0.0416435900883405,0.0441175882721365,0.0449096435435411,0.0444981873853368,0.0586484258120297,0.0131578947368421,0.0131578947368421,0.0197368421052632,0.490372785368302,1.77256199096439
18,2026081518,NUAA,force_z+vibration_x,IntermittentDropout,152,0.0460358884559613,0.0417208598059782,0.0400776736185272,0.0425171629477941,0.0462135832342972,0.0592077649388191,0.0586484258120297,0.881578947368421,0.894736842105263,0.0197368421052632,0.267506819344793,0.267506819344793
18,2026081518,NUAA,force_z+vibration_x,GradualDrift,152,0.0507160636817491,0.0430199893407474,0.042862305705588,0.0435400426677744,0.0438199612928609,0.0435793698796882,0.0586484258120297,0.00657894736842105,0.00657894736842105,0.0197368421052632,0.689703885160032,1.76128606132163
18,2026081518,NUAA,force_z+vibration_x,HeteroscedasticNoise,152,0.0632707670930251,0.0469321829443724,0.0471101702689855,0.0455454085201829,0.047856073738011,0.0472319428036105,0.0586484258120297,0.00657894736842105,0.00657894736842105,0.0197368421052632,0.680804480973682,1.25789886705434
18,2026081518,NUAA,force_z+vibration_y,SoftClipping,152,0.0495514294049779,0.0420433443136877,0.0417038705528606,0.0429445662797573,0.0440009517879871,0.0437371644333299,0.040833826260722,0.0197368421052632,0.0197368421052632,0.00657894736842105,0.485022820103583,1.68783408950874
18,2026081518,NUAA,force_z+vibration_y,IntermittentDropout,152,0.0504730510486757,0.0404587175044643,0.0389441953870539,0.040920749378288,0.0465161161893071,0.0407582350797772,0.040833826260722,0.875,0.881578947368421,0.00657894736842105,0.264556044922347,0.264556044922347
18,2026081518,NUAA,force_z+vibration_y,GradualDrift,152,0.0482583833610285,0.0430685069832626,0.0410459942155407,0.0426968327214427,0.0434941968882502,0.0434499471881586,0.040833826260722,0.105263157894737,0.105263157894737,0.00657894736842105,0.685397238888488,1.69582831974786
18,2026081518,NUAA,force_z+vibration_y,HeteroscedasticNoise,152,0.0626808808326048,0.0478012921828402,0.0472046819994972,0.0473752045460977,0.0489687066577956,0.048203596401037,0.040833826260722,0.0131578947368421,0.0131578947368421,0.00657894736842105,0.711182440580368,1.22814714907447
18,2026081518,NUAA,vibration_x+vibration_y,SoftClipping,152,0.0389681774702417,0.039029777792375,0.04001284905056,0.0398541538021812,0.0389565930986846,0.0389565930986846,0.0379406954754658,0,0,0.0131578947368421,0.499777565611682,1.76625967505367
18,2026081518,NUAA,vibration_x+vibration_y,IntermittentDropout,152,0.0425178662438013,0.0381550550447359,0.0374069017775911,0.0377409178067707,0.0389695355049108,0.0378296641271633,0.0379406954754658,0.986842105263158,1,0.0131578947368421,0.265583097418515,0.265583097418515
18,2026081518,NUAA,vibration_x+vibration_y,GradualDrift,152,0.040967288953804,0.0397257640005662,0.0389815939079537,0.0395989129646478,0.039711436086569,0.0394774547051963,0.0379406954754658,0,0,0.0131578947368421,0.693159340904739,1.64398805882924
18,2026081518,NUAA,vibration_x+vibration_y,HeteroscedasticNoise,152,0.0403171865768856,0.0404469759472204,0.0408046123718459,0.0410714814439732,0.0404243701741979,0.0404243701741979,0.0379406954754658,0,0,0.0131578947368421,0.706593911828,1.25853781232646
18,2026081518,PHM2010,force_z+vibration_x,SoftClipping,945,0.0161350605397971,0.0161325859224797,0.0136550420540602,0.0137980024201557,0.0158759284256359,0.0158322848441826,0.0114861988707107,0.00529100529100529,0.00529100529100529,0.00846560846560847,0.49488013883947,1.7584803553521
18,2026081518,PHM2010,force_z+vibration_x,IntermittentDropout,945,0.0157604797774904,0.014773008597225,0.0122181044004564,0.0130619267979102,0.0109426109433714,0.0121341155962395,0.0114861988707107,0.684656084656085,0.693121693121693,0.00846560846560847,0.26126654826601,0.26126654826601
18,2026081518,PHM2010,force_z+vibration_x,GradualDrift,945,0.0137118953663368,0.0130554317436715,0.0126231054922687,0.0137222704419844,0.0129282057616978,0.0129389599911468,0.0114861988707107,0.017989417989418,0.017989417989418,0.00846560846560847,0.703311126625471,1.75918801045572
18,2026081518,PHM2010,force_z+vibration_x,HeteroscedasticNoise,945,0.0138740425918349,0.0139676276758871,0.013506875619688,0.0137292145708834,0.0138049059157171,0.0137973099819742,0.0114861988707107,0.00105820105820106,0.00105820105820106,0.00846560846560847,0.704205865270172,1.26011122363378
18,2026081518,PHM2010,force_z+vibration_y,SoftClipping,945,0.0156554317776619,0.0156758428136827,0.0136016436941069,0.0140688717254148,0.0154247302974547,0.0154083248325521,0.0120501203448286,0,0,0.0137566137566138,0.497414613027235,1.75399091583532
18,2026081518,PHM2010,force_z+vibration_y,IntermittentDropout,945,0.014373651549415,0.0139812889921208,0.0123802833756431,0.0131854134029417,0.0108113601464458,0.0114556838898877,0.0120501203448286,0.378835978835979,0.383068783068783,0.0137566137566138,0.260483764047395,0.260483764047395
18,2026081518,PHM2010,force_z+vibration_y,GradualDrift,945,0.0134475160899115,0.0130579370251939,0.0128958647239229,0.0141707147181569,0.0129558409475249,0.0129701951472104,0.0120501203448286,0.00105820105820106,0.00105820105820106,0.0137566137566138,0.696892451794851,1.72672490933786
18,2026081518,PHM2010,force_z+vibration_y,HeteroscedasticNoise,945,0.0142400921050008,0.0143663698606934,0.0138492622275104,0.0136854225852186,0.0141651758356771,0.0141513611056468,0.0120501203448286,0,0,0.0137566137566138,0.695895717695468,1.26151274565609
18,2026081518,PHM2010,vibration_x+vibration_y,SoftClipping,945,0.0121834377895845,0.0122394402124234,0.0125710146651906,0.0131316609939077,0.0122317952881439,0.0122221322724635,0.013837131998922,0,0,0.00952380952380952,0.501036047630793,1.74020612848364
18,2026081518,PHM2010,vibration_x+vibration_y,IntermittentDropout,945,0.011926807649644,0.0137081239562877,0.0137913120340862,0.0142455430440767,0.013063334104589,0.0141592113308721,0.013837131998922,0.376719576719577,0.380952380952381,0.00952380952380952,0.261648853726803,0.261648853726803
18,2026081518,PHM2010,vibration_x+vibration_y,GradualDrift,945,0.0141982318940812,0.0143249852134589,0.0143261599266304,0.0159401332697957,0.0143012317176477,0.0142962459540582,0.013837131998922,0.00105820105820106,0.00105820105820106,0.00952380952380952,0.697201558597715,1.75426443314381
18,2026081518,PHM2010,vibration_x+vibration_y,HeteroscedasticNoise,945,0.014066172733365,0.0141075893070578,0.0131187828788079,0.0136765394962889,0.0141153284978382,0.0141056445564208,0.013837131998922,0,0,0.00952380952380952,0.698353482507769,1.24166067939275
19,2026081519,NUAA,force_z+vibration_x,SoftClipping,152,0.0463947437849434,0.0422836378209131,0.0413247067360159,0.0439101152201951,0.043940322760943,0.0438048379913194,0.0586484258120297,0.0131578947368421,0.0131578947368421,0.0197368421052632,0.488647899637116,1.72718856201097
19,2026081519,NUAA,force_z+vibration_x,IntermittentDropout,152,0.0463355207716686,0.0422996694848698,0.0405352534139276,0.0431115252103835,0.0463020218850563,0.0577223272367282,0.0586484258120297,0.848684210526316,0.861842105263158,0.0197368421052632,0.251898948176866,0.251898948176866
19,2026081519,NUAA,force_z+vibration_x,GradualDrift,152,0.0514561230401369,0.0425962344446276,0.0424915262178414,0.0431024505931764,0.0438637577285976,0.0435397455918632,0.0586484258120297,0.00657894736842105,0.00657894736842105,0.0197368421052632,0.705851160807024,1.79943665514405
19,2026081519,NUAA,force_z+vibration_x,HeteroscedasticNoise,152,0.0616132998904009,0.0468119328466026,0.0470256232765404,0.0459250894844777,0.0476124964349676,0.0475825642039249,0.0586484258120297,0,0,0.0197368421052632,0.690871507604477,1.27908445468411
19,2026081519,NUAA,force_z+vibration_y,SoftClipping,152,0.0503015635114503,0.0422942294473024,0.0421587333851897,0.0431499898902297,0.0441016216048396,0.0439953380321032,0.040833826260722,0.0131578947368421,0.0131578947368421,0.00657894736842105,0.502244368345153,1.83337034617533
19,2026081519,NUAA,force_z+vibration_y,IntermittentDropout,152,0.0494021803662663,0.0402295223028642,0.0389137186416092,0.0406436227734861,0.0460185274258827,0.040351006513487,0.040833826260722,0.842105263157895,0.848684210526316,0.00657894736842105,0.263360100576396,0.263360100576396
19,2026081519,NUAA,force_z+vibration_y,GradualDrift,152,0.0510372401832734,0.040928443399565,0.0402863059662182,0.0415087352747258,0.0425678372653406,0.0419650848738803,0.040833826260722,0.0657894736842105,0.0723684210526316,0.00657894736842105,0.694981978481543,1.82978221856611
19,2026081519,NUAA,force_z+vibration_y,HeteroscedasticNoise,152,0.0570657516219612,0.0458155827119078,0.0457003918014509,0.0452357401414636,0.0461774653087425,0.0457602955864819,0.040833826260722,0.0131578947368421,0.0131578947368421,0.00657894736842105,0.692335882291833,1.25402900176306
19,2026081519,NUAA,vibration_x+vibration_y,SoftClipping,152,0.0390118484544148,0.0390718316181643,0.0399303334535037,0.0398000101806697,0.0390096304232584,0.0390096304232584,0.0379406954754658,0,0,0.0131578947368421,0.503065103754644,1.72220049232115
19,2026081519,NUAA,vibration_x+vibration_y,IntermittentDropout,152,0.0421851040071144,0.0381550550447359,0.0374069017775911,0.0377409178067707,0.0388937801328599,0.0378296641271633,0.0379406954754658,0.986842105263158,1,0.0131578947368421,0.265427442289348,0.265427442289348
19,2026081519,NUAA,vibration_x+vibration_y,GradualDrift,152,0.0402386339981026,0.0403020465290941,0.0405491448078387,0.0400247563506697,0.0402303440574547,0.0402303440574547,0.0379406954754658,0,0,0.0131578947368421,0.705267881269006,1.81802188515071
19,2026081519,NUAA,vibration_x+vibration_y,HeteroscedasticNoise,152,0.0398498552526914,0.040018065804307,0.0402627177636885,0.0407893775485701,0.0399984603735614,0.0399984603735614,0.0379406954754658,0,0,0.0131578947368421,0.697325723565282,1.26271742489294
19,2026081519,PHM2010,force_z+vibration_x,SoftClipping,945,0.0160432905389735,0.0161146153887781,0.0133742848482835,0.0134797035523511,0.0157839415114497,0.0157755593810082,0.0114861988707107,0.00423280423280423,0.00423280423280423,0.00846560846560847,0.500979598760937,1.75891551794859
19,2026081519,PHM2010,force_z+vibration_x,IntermittentDropout,945,0.0155502016911732,0.0147659284663436,0.0121828410041434,0.0130504413173188,0.0108939059408335,0.012116664511086,0.0114861988707107,0.673015873015873,0.681481481481481,0.00846560846560847,0.262286009301517,0.262286009301517
19,2026081519,PHM2010,force_z+vibration_x,GradualDrift,945,0.0140978320733223,0.0135663399272151,0.0127550500171829,0.0138097160991501,0.0134600719033514,0.0134914491102736,0.0114861988707107,0.0169312169312169,0.017989417989418,0.00846560846560847,0.700374983134663,1.76826525546424
19,2026081519,PHM2010,force_z+vibration_x,HeteroscedasticNoise,945,0.0140240815298048,0.0141542332101279,0.0136908340516566,0.0139110698745099,0.0139817176699977,0.0139830529122295,0.0114861988707107,0.00211640211640212,0.00211640211640212,0.00846560846560847,0.697499877766506,1.24377408898843
19,2026081519,PHM2010,force_z+vibration_y,SoftClipping,945,0.0163482707929427,0.0162160347852143,0.0137318538257307,0.0141360103191759,0.0159901793073734,0.0159704853560529,0.0120501203448286,0.00105820105820106,0.00105820105820106,0.0137566137566138,0.494607408837539,1.75851885935564
19,2026081519,PHM2010,force_z+vibration_y,IntermittentDropout,945,0.0141609105498834,0.0139272303842359,0.0123827720772461,0.0131991839678322,0.0107888445912566,0.0115172143549356,0.0120501203448286,0.405291005291005,0.410582010582011,0.0137566137566138,0.260357433173667,0.260357433173667
19,2026081519,PHM2010,force_z+vibration_y,GradualDrift,945,0.0129872743086599,0.0126791899606046,0.0128890067779288,0.014408101924201,0.0124815179164772,0.0124781006634459,0.0120501203448286,0.00211640211640212,0.00211640211640212,0.0137566137566138,0.701259124735549,1.75239816794784
19,2026081519,PHM2010,force_z+vibration_y,HeteroscedasticNoise,945,0.014100291440186,0.0141378611177557,0.0135337853747355,0.0136069791952222,0.013976358427964,0.0139729209064916,0.0120501203448286,0,0,0.0137566137566138,0.696349911612369,1.24815252628228
19,2026081519,PHM2010,vibration_x+vibration_y,SoftClipping,945,0.0120130698249751,0.012056983969393,0.0123769121447032,0.0129285569672375,0.0120836941032097,0.0120740296535108,0.013837131998922,0,0,0.00952380952380952,0.499954583671632,1.73210582213776
19,2026081519,PHM2010,vibration_x+vibration_y,IntermittentDropout,945,0.0119298063925036,0.0138043186009774,0.0137794402145748,0.0142943727661681,0.0131472556547847,0.0143003705924673,0.013837131998922,0.377777777777778,0.382010582010582,0.00952380952380952,0.260208193697564,0.260208193697564
19,2026081519,PHM2010,vibration_x+vibration_y,GradualDrift,945,0.0141562283175603,0.0142225661815529,0.0141297099811714,0.0154445239557117,0.0142261065140431,0.0142163697810409,0.013837131998922,0,0,0.00952380952380952,0.700177687905248,1.74082149765176
19,2026081519,PHM2010,vibration_x+vibration_y,HeteroscedasticNoise,945,0.014204554191571,0.014249564026928,0.0132162610003412,0.0137630065440949,0.0142510264386729,0.0142413858625318,0.013837131998922,0,0,0.00952380952380952,0.69868012651541,1.22353184792172
20,2026081520,NUAA,force_z+vibration_x,SoftClipping,152,0.0493289056067248,0.0419622933824347,0.0408394524633077,0.0432317960100951,0.0435858837973324,0.0433039116639919,0.0586484258120297,0.0263157894736842,0.0263157894736842,0.0197368421052632,0.487560314796669,1.85559325347338
20,2026081520,NUAA,force_z+vibration_x,IntermittentDropout,152,0.0463982489546863,0.0417934771159902,0.0399853565707034,0.0426563088080631,0.0461680334978399,0.0568131449497504,0.0586484258120297,0.888157894736842,0.894736842105263,0.0197368421052632,0.265389280997606,0.265389280997606
20,2026081520,NUAA,force_z+vibration_x,GradualDrift,152,0.0501695404109212,0.0429172466961742,0.0431522029252794,0.0433610215425178,0.0437637580848774,0.0432731500625641,0.0586484258120297,0.00657894736842105,0.00657894736842105,0.0197368421052632,0.694561096261369,1.80016328587168
20,2026081520,NUAA,force_z+vibration_x,HeteroscedasticNoise,152,0.0640807741474482,0.0473707405152145,0.0474074488360639,0.0459977056876185,0.0482741520333695,0.0473645292027026,0.0586484258120297,0.00657894736842105,0.00657894736842105,0.0197368421052632,0.706588932432452,1.27018526635668
20,2026081520,NUAA,force_z+vibration_y,SoftClipping,152,0.0459439547558044,0.0421218946592352,0.0418726865520205,0.0425584651825677,0.0438962437794194,0.043792091654451,0.040833826260722,0.0197368421052632,0.0197368421052632,0.00657894736842105,0.489016147745603,1.71181148442786
20,2026081520,NUAA,force_z+vibration_y,IntermittentDropout,152,0.0481985451512157,0.0409020756647331,0.0393676858770104,0.0411424086957257,0.0442717908796961,0.0409797644062109,0.040833826260722,0.861842105263158,0.868421052631579,0.00657894736842105,0.259868839374459,0.259868839374459
20,2026081520,NUAA,force_z+vibration_y,GradualDrift,152,0.0508249047765646,0.043550254310907,0.0420590129913617,0.0429198270738173,0.0440003732272522,0.0442062863124006,0.040833826260722,0.111842105263158,0.111842105263158,0.00657894736842105,0.693002330100592,1.77568682873942
20,2026081520,NUAA,force_z+vibration_y,HeteroscedasticNoise,152,0.0638263683533549,0.0470618389704176,0.0471753733800691,0.0471933989364966,0.0470056918689739,0.0470056918689739,0.040833826260722,0,0,0.00657894736842105,0.697005267932924,1.28356738881205
20,2026081520,NUAA,vibration_x+vibration_y,SoftClipping,152,0.0391294621163884,0.0391370190279513,0.0401560127495656,0.0399089944026772,0.0389780281185786,0.0389780281185786,0.0379406954754658,0,0,0.0131578947368421,0.499787457464245,1.78297353143682
20,2026081520,NUAA,vibration_x+vibration_y,IntermittentDropout,152,0.0425105013858918,0.0381550550447359,0.0374069017775911,0.0377409178067707,0.0394245858623449,0.0378296641271633,0.0379406954754658,0.986842105263158,1,0.0131578947368421,0.260656037130935,0.260656037130935
20,2026081520,NUAA,vibration_x+vibration_y,GradualDrift,152,0.0466110145434804,0.0403641618400944,0.0399364026968174,0.0393511681607321,0.0409324078367362,0.0408245328023485,0.0379406954754658,0.00657894736842105,0.00657894736842105,0.0131578947368421,0.708716291919112,1.73722534441346
20,2026081520,NUAA,vibration_x+vibration_y,HeteroscedasticNoise,152,0.0401664334981063,0.0403189505685025,0.0405273001215848,0.0409312296890103,0.0402954309047905,0.0402954309047905,0.0379406954754658,0,0,0.0131578947368421,0.698016778798341,1.27147361532625
20,2026081520,PHM2010,force_z+vibration_x,SoftClipping,945,0.0163921014758969,0.016365210830478,0.0135859679942375,0.0137208931582663,0.0161292086688207,0.0161002439089436,0.0114861988707107,0.00423280423280423,0.00423280423280423,0.00846560846560847,0.504767459878026,1.7468944564301
20,2026081520,PHM2010,force_z+vibration_x,IntermittentDropout,945,0.0159818897683861,0.0148340778825213,0.012227469680927,0.0130814755194948,0.0110327360961182,0.0121852905850044,0.0114861988707107,0.686772486772487,0.695238095238095,0.00846560846560847,0.26458094455827,0.26458094455827
20,2026081520,PHM2010,force_z+vibration_x,GradualDrift,945,0.0137229675351441,0.0132601549897407,0.0126117088259196,0.0138564262588763,0.0131415648321684,0.013170340074011,0.0114861988707107,0.0169312169312169,0.0169312169312169,0.00846560846560847,0.697734665034242,1.75339981802885
20,2026081520,PHM2010,force_z+vibration_x,HeteroscedasticNoise,945,0.0140020600654629,0.0139126198527666,0.0135512177902222,0.0137545296272654,0.0137825445548497,0.0137682063451815,0.0114861988707107,0.00211640211640212,0.00211640211640212,0.00846560846560847,0.703748413328602,1.25672634045116
20,2026081520,PHM2010,force_z+vibration_y,SoftClipping,945,0.016100343042843,0.0159927180895488,0.0135259978315254,0.0140048735710617,0.0158053768992159,0.0158077179574753,0.0120501203448286,0,0,0.0137566137566138,0.498098088938597,1.75072121262601
20,2026081520,PHM2010,force_z+vibration_y,IntermittentDropout,945,0.0144201062436901,0.0139036064979208,0.0123689189619477,0.0131653920247394,0.01075465326948,0.0114972576632349,0.0120501203448286,0.397883597883598,0.402116402116402,0.0137566137566138,0.264007232047585,0.264007232047585
20,2026081520,PHM2010,force_z+vibration_y,GradualDrift,945,0.0131251841971481,0.0126875839744178,0.0130148549766432,0.0144649212616786,0.012575136303867,0.0125721366842752,0.0120501203448286,0.00529100529100529,0.00529100529100529,0.0137566137566138,0.699950298211661,1.74313233646442
20,2026081520,PHM2010,force_z+vibration_y,HeteroscedasticNoise,945,0.0141123029854972,0.0141341462878272,0.0137225983538926,0.0136809536766934,0.0139367516045561,0.0139229883301013,0.0120501203448286,0,0,0.0137566137566138,0.696207996815956,1.25826312795884
20,2026081520,PHM2010,vibration_x+vibration_y,SoftClipping,945,0.0120731132063422,0.0121029720141455,0.0124719082049572,0.0130001851038737,0.0121169366540147,0.0121072771874007,0.013837131998922,0,0,0.00952380952380952,0.50212081742109,1.73340446132762
20,2026081520,PHM2010,vibration_x+vibration_y,IntermittentDropout,945,0.0119472972284079,0.0138119495764697,0.013871749017355,0.0143507284491828,0.0131489619091947,0.0143087203675712,0.013837131998922,0.380952380952381,0.385185185185185,0.00952380952380952,0.266425441226847,0.266425441226847
20,2026081520,PHM2010,vibration_x+vibration_y,GradualDrift,945,0.014234913882223,0.0143583421947375,0.0142561210612771,0.0155411919319737,0.0143377875734591,0.0143281608181505,0.013837131998922,0,0,0.00952380952380952,0.694606499481258,1.75211134495261
20,2026081520,PHM2010,vibration_x+vibration_y,HeteroscedasticNoise,945,0.0143917938970983,0.0144198300057094,0.0133594627898642,0.0138627283696142,0.0144309834687517,0.0144213035517904,0.013837131998922,0,0,0.00952380952380952,0.70689328114732,1.25117799734073
21,2026081521,NUAA,force_z+vibration_x,SoftClipping,152,0.0486685290161589,0.0425654380414722,0.0416036089667956,0.044009283663209,0.0442639209764246,0.0439605332563968,0.0586484258120297,0.0131578947368421,0.0131578947368421,0.0197368421052632,0.498810443821768,1.7384310171929
21,2026081521,NUAA,force_z+vibration_x,IntermittentDropout,152,0.0463643657381764,0.0415217480685702,0.0398744061352512,0.0424570202711947,0.0462394420804226,0.057125380658553,0.0586484258120297,0.802631578947368,0.822368421052632,0.0197368421052632,0.253754784413135,0.253754784413135
21,2026081521,NUAA,force_z+vibration_x,GradualDrift,152,0.0498433915043152,0.0418869020861727,0.0416606907578211,0.0423854829775377,0.0421499537171085,0.0422057375973798,0.0586484258120297,0.0131578947368421,0.0131578947368421,0.0197368421052632,0.704959320976767,1.71980308410998
21,2026081521,NUAA,force_z+vibration_x,HeteroscedasticNoise,152,0.0613253934941298,0.0467397899468659,0.0472033990909645,0.0456002009051965,0.0472495829764442,0.0472188223088127,0.0586484258120297,0,0,0.0197368421052632,0.708315227892894,1.25401496366638
21,2026081521,NUAA,force_z+vibration_y,SoftClipping,152,0.0472788969064086,0.0431399838343689,0.0427596648942507,0.0435794889998921,0.0447688103249608,0.0445953491625935,0.040833826260722,0.0131578947368421,0.0131578947368421,0.00657894736842105,0.502243715219162,1.73667555232994
21,2026081521,NUAA,force_z+vibration_y,IntermittentDropout,152,0.0484745647938152,0.0401505188069188,0.0387272900256479,0.0406643196313484,0.0454166550494664,0.0400153297161828,0.040833826260722,0.828947368421053,0.835526315789474,0.00657894736842105,0.251721030662304,0.251721030662304
21,2026081521,NUAA,force_z+vibration_y,GradualDrift,152,0.0518971010260245,0.0415250070238915,0.0393657891266531,0.0411657728523864,0.0441944353336854,0.0414093243004481,0.040833826260722,0.118421052631579,0.125,0.00657894736842105,0.70460891912305,1.79321449879889
21,2026081521,NUAA,force_z+vibration_y,HeteroscedasticNoise,152,0.0614949629602513,0.0438941103449216,0.0440375493371932,0.0437007278570695,0.0439969991818965,0.0439635054450217,0.040833826260722,0.00657894736842105,0.00657894736842105,0.00657894736842105,0.692335029388769,1.2409837336456
21,2026081521,NUAA,vibration_x+vibration_y,SoftClipping,152,0.039612967881981,0.0397494413390945,0.0406577612059989,0.0406429928320293,0.039706965686967,0.039706965686967,0.0379406954754658,0,0,0.0131578947368421,0.503844590596481,1.69265481508975
21,2026081521,NUAA,vibration_x+vibration_y,IntermittentDropout,152,0.0424738772660032,0.0381550550447359,0.0374069017775911,0.0377409178067707,0.0393961169071201,0.0378296641271633,0.0379406954754658,0.986842105263158,1,0.0131578947368421,0.262610106436483,0.262610106436483
21,2026081521,NUAA,vibration_x+vibration_y,GradualDrift,152,0.0447849322835758,0.0414121196817727,0.0401573830888008,0.0405976557019818,0.0413616976801103,0.041263533984669,0.0379406954754658,0.00657894736842105,0.00657894736842105,0.0131578947368421,0.70266684939761,1.7653008451213
21,2026081521,NUAA,vibration_x+vibration_y,HeteroscedasticNoise,152,0.0402611125141497,0.0404267781357381,0.0405605656594395,0.0407660007877579,0.0404173757995875,0.0404173757995875,0.0379406954754658,0,0,0.0131578947368421,0.683329916162473,1.23447575411384
21,2026081521,PHM2010,force_z+vibration_x,SoftClipping,945,0.0164786201019056,0.01647077785088,0.0138871511859079,0.0140029390509745,0.0161842148388845,0.0161794289299419,0.0114861988707107,0.00105820105820106,0.00105820105820106,0.00846560846560847,0.493847231129045,1.73617163373022
21,2026081521,PHM2010,force_z+vibration_x,IntermittentDropout,945,0.0156909975364747,0.0148407559968949,0.0122364636632669,0.0130838749035646,0.0109825584372676,0.0121777368012994,0.0114861988707107,0.670899470899471,0.679365079365079,0.00846560846560847,0.259388427574384,0.259388427574384
21,2026081521,PHM2010,force_z+vibration_x,GradualDrift,945,0.0139738520789374,0.0135469771270687,0.012492102378413,0.0137267012328446,0.0133810479531625,0.0133848759483129,0.0114861988707107,0.0264550264550265,0.0275132275132275,0.00846560846560847,0.700740658068317,1.77347173615672
21,2026081521,PHM2010,force_z+vibration_x,HeteroscedasticNoise,945,0.0140501545274748,0.0141354573648106,0.0138450997865445,0.0140982224078334,0.0139949680219038,0.0139897815560341,0.0114861988707107,0.00105820105820106,0.00105820105820106,0.00846560846560847,0.695123571742935,1.26292483587223
21,2026081521,PHM2010,force_z+vibration_y,SoftClipping,945,0.0160944658207146,0.0160242100601682,0.0135623051143844,0.0139893200313729,0.0157567267233589,0.0157014257616666,0.0120501203448286,0,0,0.0137566137566138,0.497792417317047,1.73185599029269
21,2026081521,PHM2010,force_z+vibration_y,IntermittentDropout,945,0.0144682712709698,0.014045869328842,0.0123942214747414,0.013191896740047,0.0107822632769944,0.0114721347585602,0.0120501203448286,0.401058201058201,0.408465608465608,0.0137566137566138,0.261317409238027,0.261317409238027
21,2026081521,PHM2010,force_z+vibration_y,GradualDrift,945,0.0134663576153038,0.0126281642187549,0.0129873829827303,0.0147172059699549,0.012838564864704,0.0128542513231363,0.0120501203448286,0.00317460317460317,0.00317460317460317,0.0137566137566138,0.702265147393625,1.76195437818039
21,2026081521,PHM2010,force_z+vibration_y,HeteroscedasticNoise,945,0.0147206304027564,0.0148092296387197,0.0140863355297704,0.0140478822766205,0.0146477968415929,0.0146570584006048,0.0120501203448286,0,0,0.0137566137566138,0.704973323002029,1.26471321867863
21,2026081521,PHM2010,vibration_x+vibration_y,SoftClipping,945,0.012037799995267,0.0120672857096075,0.012443848767542,0.012991008208383,0.0121026744975651,0.0120915270061346,0.013837131998922,0.00105820105820106,0.00105820105820106,0.00952380952380952,0.502697030734348,1.72154417590959
21,2026081521,PHM2010,vibration_x+vibration_y,IntermittentDropout,945,0.0118353664512172,0.013671755668057,0.0137348289700695,0.014277137201355,0.0130276459717809,0.0142016249601633,0.013837131998922,0.388359788359788,0.393650793650794,0.00952380952380952,0.264588297577193,0.264588297577193
21,2026081521,PHM2010,vibration_x+vibration_y,GradualDrift,945,0.0140838589435825,0.0142334077670915,0.0145272719257356,0.0159057739684477,0.0141422031350244,0.0141293563229293,0.013837131998922,0.00105820105820106,0.00105820105820106,0.00952380952380952,0.702876358377002,1.74614500215691
21,2026081521,PHM2010,vibration_x+vibration_y,HeteroscedasticNoise,945,0.0142822431764099,0.0143160199142517,0.0132714494308836,0.0138232990172624,0.0143249332960105,0.0143152414172915,0.013837131998922,0,0,0.00952380952380952,0.701690676416347,1.25469739082899
22,2026081522,NUAA,force_z+vibration_x,SoftClipping,152,0.0475985986897562,0.0407278203384416,0.0398853409034276,0.04246168869067,0.0420537716738372,0.0420993884427809,0.0586484258120297,0.00657894736842105,0.00657894736842105,0.0197368421052632,0.506842280671894,1.72961153101407
22,2026081522,NUAA,force_z+vibration_x,IntermittentDropout,152,0.0458886804407772,0.0417479731473068,0.039818569220846,0.0426852771920979,0.0458026227963327,0.0574928276078017,0.0586484258120297,0.881578947368421,0.894736842105263,0.0197368421052632,0.263787275876505,0.263787275876505
22,2026081522,NUAA,force_z+vibration_x,GradualDrift,152,0.0497492755247421,0.0418968242614631,0.0423911660676506,0.0424321440248611,0.0420797222225883,0.0420857510907295,0.0586484258120297,0,0,0.0197368421052632,0.68438356573656,1.76010171966809
22,2026081522,NUAA,force_z+vibration_x,HeteroscedasticNoise,152,0.0643667407683084,0.0509447623968726,0.0509584763064697,0.04953071637815,0.0522380750757762,0.0514400556853375,0.0586484258120297,0.00657894736842105,0.00657894736842105,0.0197368421052632,0.69776981021948,1.28250299904398
22,2026081522,NUAA,force_z+vibration_y,SoftClipping,152,0.0482917149228277,0.0421829220274312,0.0417574289372573,0.0430162107664032,0.0444179191941333,0.044401830176807,0.040833826260722,0.0197368421052632,0.0197368421052632,0.00657894736842105,0.510747694955428,1.76949253625837
22,2026081522,NUAA,force_z+vibration_y,IntermittentDropout,152,0.048884326541689,0.0410939698296265,0.0396924805145775,0.0414144338195769,0.0449395232568403,0.0414927727811595,0.040833826260722,0.842105263157895,0.848684210526316,0.00657894736842105,0.256675775272654,0.256675775272654
22,2026081522,NUAA,force_z+vibration_y,GradualDrift,152,0.052988433224392,0.0422450892489796,0.0417409798648875,0.0423432864452089,0.0432985157041755,0.042777616898251,0.040833826260722,0.0921052631578947,0.0921052631578947,0.00657894736842105,0.709715043821484,1.8250661335696
22,2026081522,NUAA,force_z+vibration_y,HeteroscedasticNoise,152,0.0593248546818546,0.0494562909101334,0.0491906818315594,0.0490574205915405,0.0497771295866218,0.0497771295866218,0.040833826260722,0,0,0.00657894736842105,0.700866783294048,1.22312928264451
22,2026081522,NUAA,vibration_x+vibration_y,SoftClipping,152,0.0393845081420374,0.0392438421260509,0.0400448877610347,0.0399092245582609,0.0391654044089503,0.0391654044089503,0.0379406954754658,0,0,0.0131578947368421,0.488357257729973,1.71966739291032
22,2026081522,NUAA,vibration_x+vibration_y,IntermittentDropout,152,0.0426281008245936,0.0381550550447359,0.0374069017775911,0.0377409178067707,0.0395322691485276,0.0378296641271633,0.0379406954754658,0.986842105263158,1,0.0131578947368421,0.259678541894104,0.259678541894104
22,2026081522,NUAA,vibration_x+vibration_y,GradualDrift,152,0.0416658034834763,0.0403787998091895,0.0401737161811665,0.0397012261301144,0.040062163398182,0.040062163398182,0.0379406954754658,0,0,0.0131578947368421,0.685142853297413,1.76821899981825
22,2026081522,NUAA,vibration_x+vibration_y,HeteroscedasticNoise,152,0.0395849977949495,0.0397345617998807,0.0400726070959938,0.0404733130367575,0.0397144041397179,0.0397144041397179,0.0379406954754658,0,0,0.0131578947368421,0.682119241582076,1.27036774597164
22,2026081522,PHM2010,force_z+vibration_x,SoftClipping,945,0.0165301317861787,0.0165098356968368,0.0137957796659393,0.0139400058630321,0.0163197884695641,0.0163050797911173,0.0114861988707107,0.00105820105820106,0.00105820105820106,0.00846560846560847,0.502599261306182,1.71928903375453
22,2026081522,PHM2010,force_z+vibration_x,IntermittentDropout,945,0.0156054616368081,0.0147721568809677,0.01222159777524,0.01306257629091,0.0109595299146243,0.0121065710270524,0.0114861988707107,0.675132275132275,0.683597883597884,0.00846560846560847,0.262582677325591,0.262582677325591
22,2026081522,PHM2010,force_z+vibration_x,GradualDrift,945,0.013884554567226,0.013367536876081,0.0127830662353882,0.0139270956943418,0.0132542349790746,0.0132941167214318,0.0114861988707107,0.0201058201058201,0.0211640211640212,0.00846560846560847,0.701773870661291,1.77067106633561
22,2026081522,PHM2010,force_z+vibration_x,HeteroscedasticNoise,945,0.013808322671135,0.0138286667496378,0.0135629592842052,0.0137823340573657,0.0136372865111867,0.0136296069436731,0.0114861988707107,0.00105820105820106,0.00105820105820106,0.00846560846560847,0.696333013879166,1.24837729790867
22,2026081522,PHM2010,force_z+vibration_y,SoftClipping,945,0.0162889225943201,0.0162127123644051,0.0138682549427853,0.0142998871081571,0.015941781978801,0.0159262947700234,0.0120501203448286,0,0,0.0137566137566138,0.499340846818356,1.78920092632347
22,2026081522,PHM2010,force_z+vibration_y,IntermittentDropout,945,0.0145363484218004,0.0139925374579105,0.0123808946101643,0.0132175481132699,0.0107993756151747,0.0114580884846434,0.0120501203448286,0.398941798941799,0.405291005291005,0.0137566137566138,0.263780009274939,0.263780009274939
22,2026081522,PHM2010,force_z+vibration_y,GradualDrift,945,0.0137135716329599,0.0130863122266397,0.0128676604810554,0.0144286244772769,0.0130712193596753,0.0130490960858821,0.0120501203448286,0.00105820105820106,0.00105820105820106,0.0137566137566138,0.699887295177925,1.7275555315802
22,2026081522,PHM2010,force_z+vibration_y,HeteroscedasticNoise,945,0.0141241692619133,0.0139996707635168,0.0133324850244995,0.0133248259938074,0.0139390654065516,0.0139315121728033,0.0120501203448286,0,0,0.0137566137566138,0.698807401611547,1.24684928125593
22,2026081522,PHM2010,vibration_x+vibration_y,SoftClipping,945,0.0120074833343453,0.0120659755949692,0.0124486815461753,0.0129435634937904,0.012045832272312,0.0120361625357738,0.013837131998922,0,0,0.00952380952380952,0.506406512599014,1.75666102141371
22,2026081522,PHM2010,vibration_x+vibration_y,IntermittentDropout,945,0.0119647575829575,0.0137679731926294,0.0137760655338575,0.0142749456606106,0.0131596796041666,0.0142728562645057,0.013837131998922,0.378835978835979,0.383068783068783,0.00952380952380952,0.261220469175418,0.261220469175418
22,2026081522,PHM2010,vibration_x+vibration_y,GradualDrift,945,0.014478188708319,0.0144920003926721,0.0140674735235866,0.0157630822908873,0.0145159716015261,0.0145103325310621,0.013837131998922,0.00105820105820106,0.00105820105820106,0.00952380952380952,0.700341599068366,1.74228449687689
22,2026081522,PHM2010,vibration_x+vibration_y,HeteroscedasticNoise,945,0.0141673655520634,0.014207533583111,0.0131933993796495,0.0137654210868148,0.0142120296145118,0.0142025324409694,0.013837131998922,0,0,0.00952380952380952,0.698752728923703,1.25199064456834
23,2026081523,NUAA,force_z+vibration_x,SoftClipping,152,0.05011385582732,0.0424458398541378,0.0409577642157378,0.0434432962605286,0.0441385625023612,0.0440402918525287,0.0586484258120297,0.00657894736842105,0.00657894736842105,0.0197368421052632,0.494033924057182,1.80211921516911
23,2026081523,NUAA,force_z+vibration_x,IntermittentDropout,152,0.0473481249566793,0.0415323202720033,0.0400026198790106,0.0427743452386628,0.0466646596518004,0.0548157205796004,0.0586484258120297,0.842105263157895,0.861842105263158,0.0197368421052632,0.267531231411539,0.267531231411539
23,2026081523,NUAA,force_z+vibration_x,GradualDrift,152,0.0477309701967478,0.0408355407350183,0.0408110662498679,0.0415997536217349,0.0425485144808176,0.0418894810595789,0.0586484258120297,0.0131578947368421,0.0131578947368421,0.0197368421052632,0.701926798702465,1.79927255721132
23,2026081523,NUAA,force_z+vibration_x,HeteroscedasticNoise,152,0.0608008177112121,0.0486745447727842,0.0494458561402877,0.0473325434666886,0.048962808627499,0.0489309438192954,0.0586484258120297,0,0,0.0197368421052632,0.697434672631022,1.23013990409304
23,2026081523,NUAA,force_z+vibration_y,SoftClipping,152,0.0511814603136362,0.0412713265082123,0.0413231207496855,0.0418109081663365,0.0430768052310952,0.0430002132593971,0.040833826260722,0.0131578947368421,0.0131578947368421,0.00657894736842105,0.484939025520393,1.69615297891942
23,2026081523,NUAA,force_z+vibration_y,IntermittentDropout,152,0.0495898079450051,0.0401746191012798,0.0386194385691811,0.0403120115835831,0.0464443680012699,0.0403801779348627,0.040833826260722,0.828947368421053,0.835526315789474,0.00657894736842105,0.257847373150149,0.257847373150149
23,2026081523,NUAA,force_z+vibration_y,GradualDrift,152,0.050249224610391,0.0428460643595721,0.0411307297882797,0.0429265839290878,0.0442458343872072,0.0432116495731442,0.040833826260722,0.0855263157894737,0.0855263157894737,0.00657894736842105,0.699156672171052,1.68910162613207
23,2026081523,NUAA,force_z+vibration_y,HeteroscedasticNoise,152,0.0569077989342162,0.0469321920994268,0.0464701754333804,0.0470574572437035,0.0473339688948169,0.0473699713800626,0.040833826260722,0.00657894736842105,0.00657894736842105,0.00657894736842105,0.698685894641643,1.23203683483659
23,2026081523,NUAA,vibration_x+vibration_y,SoftClipping,152,0.0390995319668959,0.0391624040872819,0.0401140769140481,0.0404146072152669,0.0393094552710912,0.0393094552710912,0.0379406954754658,0,0,0.0131578947368421,0.506958761920992,1.76868068097654
23,2026081523,NUAA,vibration_x+vibration_y,IntermittentDropout,152,0.0420641313506179,0.0381550550447359,0.0374069017775911,0.0377409178067707,0.0394358925746965,0.0378296641271633,0.0379406954754658,0.986842105263158,1,0.0131578947368421,0.266320522703257,0.266320522703257
23,2026081523,NUAA,vibration_x+vibration_y,GradualDrift,152,0.0414452146264777,0.0391507121231407,0.0403001270162138,0.0395547758720066,0.0393893029822723,0.0391710816917019,0.0379406954754658,0,0,0.0131578947368421,0.711978892801812,1.77341608128765
23,2026081523,NUAA,vibration_x+vibration_y,HeteroscedasticNoise,152,0.0401623208332832,0.0403320313648136,0.0404715572769881,0.0409669522430392,0.0403088810195292,0.0403088810195292,0.0379406954754658,0,0,0.0131578947368421,0.689725783984337,1.26377349024848
23,2026081523,PHM2010,force_z+vibration_x,SoftClipping,945,0.0159785743292249,0.0157624657951431,0.0131540033973165,0.0132924266574471,0.01557523449398,0.01555941199571,0.0114861988707107,0.00317460317460317,0.00317460317460317,0.00846560846560847,0.500492545794757,1.72976152341643
23,2026081523,PHM2010,force_z+vibration_x,IntermittentDropout,945,0.0158344553247891,0.0148183567331709,0.0122327926630052,0.0130830766109784,0.0109553717896044,0.0121477399300389,0.0114861988707107,0.681481481481481,0.68994708994709,0.00846560846560847,0.265095062847406,0.265095062847406
23,2026081523,PHM2010,force_z+vibration_x,GradualDrift,945,0.0137602101755434,0.0134190073368249,0.0126012949303258,0.013745758739263,0.0132279940581766,0.0132727171216731,0.0114861988707107,0.019047619047619,0.0201058201058201,0.00846560846560847,0.702406538672667,1.76374867780371
23,2026081523,PHM2010,force_z+vibration_x,HeteroscedasticNoise,945,0.0138373308836421,0.0139407740567885,0.0137616645045495,0.0139701071159622,0.0138472624763194,0.0138395432395175,0.0114861988707107,0.00105820105820106,0.00105820105820106,0.00846560846560847,0.695086073209925,1.25249326137537
23,2026081523,PHM2010,force_z+vibration_y,SoftClipping,945,0.0161619648465064,0.0162115079866967,0.0139429976603971,0.014384359360271,0.0158880671440614,0.0158616359032311,0.0120501203448286,0,0,0.0137566137566138,0.506535366727462,1.75663910390191
23,2026081523,PHM2010,force_z+vibration_y,IntermittentDropout,945,0.0143810568059779,0.0139445260095098,0.0123958874568818,0.0132055048691663,0.0108118644341864,0.0114623850046379,0.0120501203448286,0.389417989417989,0.394708994708995,0.0137566137566138,0.26411851610157,0.26411851610157
23,2026081523,PHM2010,force_z+vibration_y,GradualDrift,945,0.013277640067315,0.0128801545401541,0.0128006536295682,0.0145175059892312,0.0128010469075639,0.012772692308435,0.0120501203448286,0.00423280423280423,0.00423280423280423,0.0137566137566138,0.701884222768604,1.76306039998366
23,2026081523,PHM2010,force_z+vibration_y,HeteroscedasticNoise,945,0.0141159300133406,0.0142299087723339,0.0134860848149739,0.0134042171161363,0.0140870176672765,0.0140673927402391,0.0120501203448286,0,0,0.0137566137566138,0.696660080040084,1.25837861313488
23,2026081523,PHM2010,vibration_x+vibration_y,SoftClipping,945,0.012017979255847,0.012065137840508,0.0124702239487721,0.0129580064077853,0.0120846173026719,0.0120749621187607,0.013837131998922,0,0,0.00952380952380952,0.504237839459135,1.7714495052066
23,2026081523,PHM2010,vibration_x+vibration_y,IntermittentDropout,945,0.0119225032037947,0.0138417149324184,0.0138234032599427,0.0143310597142004,0.0131704126442879,0.0143191876128857,0.013837131998922,0.387301587301587,0.391534391534392,0.00952380952380952,0.26344773340387,0.26344773340387
23,2026081523,PHM2010,vibration_x+vibration_y,GradualDrift,945,0.0141761237183924,0.0143584007082897,0.0142855719700093,0.016046790939547,0.0142948810912782,0.0142817247386164,0.013837131998922,0.00105820105820106,0.00105820105820106,0.00952380952380952,0.697998099331876,1.78155593739619
23,2026081523,PHM2010,vibration_x+vibration_y,HeteroscedasticNoise,945,0.0142201925615284,0.0142570602209718,0.0132398482963579,0.0137520642207314,0.0142638833327504,0.0142541923510026,0.013837131998922,0,0,0.00952380952380952,0.700247120226877,1.24994240606809
24,2026081524,NUAA,force_z+vibration_x,SoftClipping,152,0.0462376907455961,0.0419212229270999,0.0407813027493966,0.0429228019087535,0.0436016444666456,0.0436196023894409,0.0586484258120297,0.00657894736842105,0.00657894736842105,0.0197368421052632,0.503636402100877,1.67426582214292
24,2026081524,NUAA,force_z+vibration_x,IntermittentDropout,152,0.0453747707538434,0.0421920156696153,0.0404721142595388,0.0428539121942008,0.0455171062759376,0.0589383904820282,0.0586484258120297,0.828947368421053,0.848684210526316,0.0197368421052632,0.246546073150651,0.246546073150651
24,2026081524,NUAA,force_z+vibration_x,GradualDrift,152,0.0502595324589296,0.0417297633376834,0.0414365019093508,0.0416343880007036,0.042566712797083,0.0422391427079776,0.0586484258120297,0.0131578947368421,0.0131578947368421,0.0197368421052632,0.709087940199393,1.75561336808895
24,2026081524,NUAA,force_z+vibration_x,HeteroscedasticNoise,152,0.0601104492835746,0.0477587360578024,0.0480526817246249,0.0462984217101957,0.048562555664629,0.0481089286373741,0.0586484258120297,0,0,0.0197368421052632,0.690286587499074,1.19282895202223
24,2026081524,NUAA,force_z+vibration_y,SoftClipping,152,0.0494132177190617,0.0424390528599596,0.0421847125883863,0.0433979022530129,0.0446318831556718,0.0445161682977622,0.040833826260722,0.0197368421052632,0.0197368421052632,0.00657894736842105,0.513918678555299,1.70714869056314
24,2026081524,NUAA,force_z+vibration_y,IntermittentDropout,152,0.0490948602421635,0.040859871666643,0.039304939451698,0.041073213428318,0.0456368556693815,0.040893476563121,0.040833826260722,0.855263157894737,0.861842105263158,0.00657894736842105,0.260928693269254,0.260928693269254
24,2026081524,NUAA,force_z+vibration_y,GradualDrift,152,0.0526936081293124,0.0422624109390803,0.0405894448685878,0.0426910073609567,0.042174014678709,0.0413690783760949,0.040833826260722,0.0986842105263158,0.0986842105263158,0.00657894736842105,0.694810873548595,1.78337773008517
24,2026081524,NUAA,force_z+vibration_y,HeteroscedasticNoise,152,0.0637964495117704,0.0446282741563357,0.0443365506750484,0.0452378652993476,0.0454846743318886,0.0454375543622605,0.040833826260722,0.0131578947368421,0.0131578947368421,0.00657894736842105,0.713838713147022,1.25152806498762
24,2026081524,NUAA,vibration_x+vibration_y,SoftClipping,152,0.0391247236216401,0.0392554737352199,0.0402424132397185,0.0403454894030139,0.0394367634798396,0.0394367634798396,0.0379406954754658,0,0,0.0131578947368421,0.507466502181257,1.73512706540164
24,2026081524,NUAA,vibration_x+vibration_y,IntermittentDropout,152,0.0423573022010105,0.0381550550447359,0.0374069017775911,0.0377409178067707,0.039018090903358,0.0378296641271633,0.0379406954754658,0.986842105263158,1,0.0131578947368421,0.260765862310898,0.260765862310898
24,2026081524,NUAA,vibration_x+vibration_y,GradualDrift,152,0.0412962816923904,0.0411522468383507,0.0401672712140965,0.0398621986421199,0.041443444834026,0.041443444834026,0.0379406954754658,0,0,0.0131578947368421,0.721009326346138,1.81111672444717
24,2026081524,NUAA,vibration_x+vibration_y,HeteroscedasticNoise,152,0.0403365375397236,0.0404965360068946,0.040673144571948,0.0408589641172367,0.0404871794496997,0.0404871794496997,0.0379406954754658,0,0,0.0131578947368421,0.717646601801364,1.25229476863899
24,2026081524,PHM2010,force_z+vibration_x,SoftClipping,945,0.0160536202552798,0.0160426410619617,0.0134079551282672,0.0135183987787305,0.0158257693747033,0.0157965150499347,0.0114861988707107,0.00211640211640212,0.00211640211640212,0.00846560846560847,0.497201775482639,1.75446518448054
24,2026081524,PHM2010,force_z+vibration_x,IntermittentDropout,945,0.0159454710084654,0.0148796600612885,0.0122912331309451,0.0131376695052563,0.0109583843425447,0.0122166291623817,0.0114861988707107,0.670899470899471,0.679365079365079,0.00846560846560847,0.264584157915379,0.264584157915379
24,2026081524,PHM2010,force_z+vibration_x,GradualDrift,945,0.0140460857722713,0.0133104087199395,0.0127800505115165,0.0138766433444488,0.0133471508500432,0.0133542306641483,0.0114861988707107,0.0222222222222222,0.0222222222222222,0.00846560846560847,0.698110751718791,1.72783715923651
24,2026081524,PHM2010,force_z+vibration_x,HeteroscedasticNoise,945,0.0140108905478934,0.014040582482552,0.0136458039585405,0.0138870060014733,0.0138736209020171,0.0138569333025235,0.0114861988707107,0.00105820105820106,0.00105820105820106,0.00846560846560847,0.704360712302226,1.24731631420328
24,2026081524,PHM2010,force_z+vibration_y,SoftClipping,945,0.0157425815559396,0.0155029193465833,0.0134563931599751,0.0139335875668521,0.0152849340094466,0.0152420680495555,0.0120501203448286,0,0,0.0137566137566138,0.503209378255244,1.74123757761355
24,2026081524,PHM2010,force_z+vibration_y,IntermittentDropout,945,0.0144416278012556,0.0139736763615781,0.0123398020714279,0.0131916758691788,0.0108086108819876,0.0115316707716306,0.0120501203448286,0.386243386243386,0.393650793650794,0.0137566137566138,0.261729682578608,0.261729682578608
24,2026081524,PHM2010,force_z+vibration_y,GradualDrift,945,0.013539532392268,0.0128464272378634,0.0128133995073232,0.0146197195317584,0.0128690349448193,0.012887639719667,0.0120501203448286,0.00105820105820106,0.00105820105820106,0.0137566137566138,0.699377275512494,1.75606210960339
24,2026081524,PHM2010,force_z+vibration_y,HeteroscedasticNoise,945,0.0139506983821222,0.0140607053876307,0.0134427381608335,0.013478305335043,0.0138497797813739,0.013845273566779,0.0120501203448286,0,0,0.0137566137566138,0.702793226746574,1.24590212272824
24,2026081524,PHM2010,vibration_x+vibration_y,SoftClipping,945,0.0120907632436441,0.0121513976482914,0.0123046497997146,0.0128540307795281,0.0121488125371379,0.0121387514475697,0.013837131998922,0.00105820105820106,0.00105820105820106,0.00952380952380952,0.499226308959074,1.75705993448899
24,2026081524,PHM2010,vibration_x+vibration_y,IntermittentDropout,945,0.0119083056502788,0.0136584256645815,0.0138585638007629,0.0143358727823686,0.0130212731274793,0.014138812083872,0.013837131998922,0.375661375661376,0.37989417989418,0.00952380952380952,0.258281875647333,0.258281875647333
24,2026081524,PHM2010,vibration_x+vibration_y,GradualDrift,945,0.014346878864662,0.0144815425827889,0.0141453459179867,0.0157872814363359,0.0144312489343267,0.0144190694570396,0.013837131998922,0.00105820105820106,0.00105820105820106,0.00952380952380952,0.702910762136973,1.7555289145152
24,2026081524,PHM2010,vibration_x+vibration_y,HeteroscedasticNoise,945,0.0142165038755672,0.0142662132415053,0.0132606238062432,0.0137751019887064,0.0142628066886334,0.0142532139281923,0.013837131998922,0,0,0.00952380952380952,0.702246284604419,1.24720603981454
25,2026081525,NUAA,force_z+vibration_x,SoftClipping,152,0.0493101419362124,0.0423280672491804,0.0411727660766733,0.0436198078571342,0.0437978251442747,0.0435347212388327,0.0586484258120297,0.0131578947368421,0.0131578947368421,0.0197368421052632,0.494319576971398,1.75323463528051
25,2026081525,NUAA,force_z+vibration_x,IntermittentDropout,152,0.0453106506884451,0.0418833931603205,0.0401959646957638,0.0428356388339481,0.0455670089471138,0.0584621053650959,0.0586484258120297,0.828947368421053,0.848684210526316,0.0197368421052632,0.273975055525487,0.273975055525487
25,2026081525,NUAA,force_z+vibration_x,GradualDrift,152,0.049619115162108,0.0420189816598599,0.0424610887995591,0.0422159246567377,0.0419364346845165,0.0419221544045477,0.0586484258120297,0,0,0.0197368421052632,0.709079402750818,1.69760398249498
25,2026081525,NUAA,force_z+vibration_x,HeteroscedasticNoise,152,0.0663489661605897,0.0471531355676505,0.0472287891258759,0.0458314744674059,0.0477940790257638,0.0477636820572539,0.0586484258120297,0,0,0.0197368421052632,0.69107025429231,1.2539962925052
25,2026081525,NUAA,force_z+vibration_y,SoftClipping,152,0.05061343051348,0.0429482105695304,0.0423310091824979,0.0427963506012928,0.0447873349133068,0.0446634252354981,0.040833826260722,0.0263157894736842,0.0263157894736842,0.00657894736842105,0.497738884400023,1.75542074801584
25,2026081525,NUAA,force_z+vibration_y,IntermittentDropout,152,0.0490317965507924,0.0403794365923218,0.0387562399590897,0.0408255828632363,0.0455376613117713,0.0407403198139484,0.040833826260722,0.894736842105263,0.901315789473684,0.00657894736842105,0.259804797455569,0.259804797455569
25,2026081525,NUAA,force_z+vibration_y,GradualDrift,152,0.0541519233248393,0.0434643355647227,0.0429011630164282,0.0438332211347406,0.0451709512588254,0.0438818542716308,0.040833826260722,0.0855263157894737,0.0855263157894737,0.00657894736842105,0.707234718818355,1.8059840400043
25,2026081525,NUAA,force_z+vibration_y,HeteroscedasticNoise,152,0.061178868870897,0.0481622175085872,0.047457904880011,0.0471756882673907,0.0485026642084607,0.0484663143523548,0.040833826260722,0.00657894736842105,0.00657894736842105,0.00657894736842105,0.700596087647388,1.24236449364392
25,2026081525,NUAA,vibration_x+vibration_y,SoftClipping,152,0.0393311161998193,0.0394340053179044,0.0404281735964765,0.0402049101572066,0.0396467294448027,0.0396467294448027,0.0379406954754658,0,0,0.0131578947368421,0.508115180102841,1.7071324749529
25,2026081525,NUAA,vibration_x+vibration_y,IntermittentDropout,152,0.0425773773927155,0.0381550550447359,0.0374069017775911,0.0377409178067707,0.039424265960817,0.0378296641271633,0.0379406954754658,0.986842105263158,1,0.0131578947368421,0.258146799752772,0.258146799752772
25,2026081525,NUAA,vibration_x+vibration_y,GradualDrift,152,0.0423740094425211,0.0423324958121903,0.0419863375112749,0.041146744581484,0.04207800384428,0.0420954579133227,0.0379406954754658,0.00657894736842105,0.00657894736842105,0.0131578947368421,0.699879003362596,1.7288917850891
25,2026081525,NUAA,vibration_x+vibration_y,HeteroscedasticNoise,152,0.0402923706581756,0.0404220597058977,0.0407271270976103,0.0410545990004914,0.0404077944457807,0.0404077944457807,0.0379406954754658,0,0,0.0131578947368421,0.688670012822122,1.27224487394877
25,2026081525,PHM2010,force_z+vibration_x,SoftClipping,945,0.0161415060973749,0.0161000437720887,0.013503702661002,0.0137693219509809,0.0158229412318932,0.0158073703366975,0.0114861988707107,0.00317460317460317,0.00317460317460317,0.00846560846560847,0.499018930374201,1.775592981488
25,2026081525,PHM2010,force_z+vibration_x,IntermittentDropout,945,0.0156932253325555,0.0148743096027671,0.0122551721079082,0.013078929001999,0.0109613249355201,0.012200890828953,0.0114861988707107,0.670899470899471,0.679365079365079,0.00846560846560847,0.257979596408828,0.257979596408828
25,2026081525,PHM2010,force_z+vibration_x,GradualDrift,945,0.0140772693919812,0.0133886540397436,0.0125218124300388,0.0135850598051075,0.0132078040657549,0.0132140121888541,0.0114861988707107,0.0285714285714286,0.0285714285714286,0.00846560846560847,0.703835962505387,1.74933690786052
25,2026081525,PHM2010,force_z+vibration_x,HeteroscedasticNoise,945,0.0137961499910596,0.0138071336602682,0.013433114596232,0.0136523755519289,0.0136316568946319,0.0136241200111504,0.0114861988707107,0.00105820105820106,0.00105820105820106,0.00846560846560847,0.69223752765315,1.23735228106772
25,2026081525,PHM2010,force_z+vibration_y,SoftClipping,945,0.0158485956793034,0.0157616836062829,0.0133841052013447,0.0138236882329516,0.0155276441351102,0.0155124493623683,0.0120501203448286,0,0,0.0137566137566138,0.493189013459926,1.73100437280058
25,2026081525,PHM2010,force_z+vibration_y,IntermittentDropout,945,0.0143926893096933,0.0139304178605964,0.0123005404763051,0.013151981666808,0.0107845928833549,0.0115446566186115,0.0120501203448286,0.408465608465608,0.413756613756614,0.0137566137566138,0.264102540726453,0.264102540726453
25,2026081525,PHM2010,force_z+vibration_y,GradualDrift,945,0.013360230382888,0.0127169580395245,0.0128382075729318,0.0143494830157659,0.0128150272101062,0.0127910544316453,0.0120501203448286,0.00211640211640212,0.00211640211640212,0.0137566137566138,0.703870769123407,1.76738088356791
25,2026081525,PHM2010,force_z+vibration_y,HeteroscedasticNoise,945,0.014352338956951,0.0142947279856748,0.0138086759604972,0.01368889483287,0.0141814841218821,0.0141740677643939,0.0120501203448286,0.00105820105820106,0.00105820105820106,0.0137566137566138,0.704995859719768,1.26024686872619
25,2026081525,PHM2010,vibration_x+vibration_y,SoftClipping,945,0.0120175632965996,0.0120534445056901,0.0124280693406446,0.0129749175232718,0.0120806725287846,0.0120710526036411,0.013837131998922,0,0,0.00952380952380952,0.505302844072885,1.76139310990917
25,2026081525,PHM2010,vibration_x+vibration_y,IntermittentDropout,945,0.0118993386833116,0.0138017576388387,0.0138455903488513,0.0143305413150878,0.0130965680763412,0.0142822777551074,0.013837131998922,0.405291005291005,0.410582010582011,0.00952380952380952,0.263867246401151,0.263867246401151
25,2026081525,PHM2010,vibration_x+vibration_y,GradualDrift,945,0.0139322943516922,0.014042868469626,0.0141171012494864,0.0159637400432797,0.0139937740970821,0.0139840609189362,0.013837131998922,0,0,0.00952380952380952,0.70464463974447,1.74644898230225
25,2026081525,PHM2010,vibration_x+vibration_y,HeteroscedasticNoise,945,0.0141566871519989,0.014201783179528,0.0132945859066174,0.0137581579672651,0.0142012469290691,0.014191581512001,0.013837131998922,0,0,0.00952380952380952,0.695377172398228,1.24688995262139
26,2026081526,NUAA,force_z+vibration_x,SoftClipping,152,0.0488342883252158,0.0423545646005697,0.0411770618511723,0.0434236097750759,0.0438091661451491,0.0433892835175859,0.0586484258120297,0.0197368421052632,0.0197368421052632,0.0197368421052632,0.487549207203504,1.75385510775492
26,2026081526,NUAA,force_z+vibration_x,IntermittentDropout,152,0.0467657169940464,0.0411565492787955,0.0393768744920416,0.0421956792159908,0.0466839267681209,0.0566857201852505,0.0586484258120297,0.855263157894737,0.875,0.0197368421052632,0.271363721920179,0.271363721920179
26,2026081526,NUAA,force_z+vibration_x,GradualDrift,152,0.0510598177730859,0.0418964171936986,0.0423053215432327,0.0424284443280328,0.0431795711077847,0.0431001202737442,0.0586484258120297,0,0,0.0197368421052632,0.711250846847863,1.68140588151417
26,2026081526,NUAA,force_z+vibration_x,HeteroscedasticNoise,152,0.0614149410537101,0.0468245208823622,0.0474201427486087,0.045853099328309,0.0477336633222355,0.0468436959153882,0.0586484258120297,0.00657894736842105,0.00657894736842105,0.0197368421052632,0.70874319493718,1.23426001324917
26,2026081526,NUAA,force_z+vibration_y,SoftClipping,152,0.0504588502036919,0.0428377884751429,0.0425075684767238,0.0438760969485227,0.0451410812745985,0.0451120048074682,0.040833826260722,0.0131578947368421,0.0131578947368421,0.00657894736842105,0.525348592072433,1.72630693557763
26,2026081526,NUAA,force_z+vibration_y,IntermittentDropout,152,0.0501065917816848,0.0408601908542968,0.0395285025601879,0.0413387703372368,0.0463137007066068,0.0411861386380884,0.040833826260722,0.888157894736842,0.894736842105263,0.00657894736842105,0.259836357543426,0.259836357543426
26,2026081526,NUAA,force_z+vibration_y,GradualDrift,152,0.0555425060617835,0.0414401731676602,0.0409147716013763,0.0424320194805447,0.0436997927682714,0.0412173617660797,0.040833826260722,0.144736842105263,0.144736842105263,0.00657894736842105,0.705920725700776,1.79796680361585
26,2026081526,NUAA,force_z+vibration_y,HeteroscedasticNoise,152,0.0641492795443989,0.0443575487487012,0.0440818718469153,0.0451561948148298,0.0450139079930871,0.0444578927478265,0.040833826260722,0.0131578947368421,0.0131578947368421,0.00657894736842105,0.721112065039832,1.2911206533
26,2026081526,NUAA,vibration_x+vibration_y,SoftClipping,152,0.0392348678157077,0.0389668199415357,0.039947276172253,0.0398105006081819,0.0391397997552012,0.0391397997552012,0.0379406954754658,0,0,0.0131578947368421,0.490895369775182,1.77271277657537
26,2026081526,NUAA,vibration_x+vibration_y,IntermittentDropout,152,0.0422014723471355,0.0381550550447359,0.0374069017775911,0.0377409178067707,0.0393706093651278,0.0378296641271633,0.0379406954754658,0.986842105263158,1,0.0131578947368421,0.264585634337759,0.264585634337759
26,2026081526,NUAA,vibration_x+vibration_y,GradualDrift,152,0.0441929441164639,0.041879994506555,0.0405802909248085,0.040815936355535,0.0421089565563799,0.0421089565563799,0.0379406954754658,0,0,0.0131578947368421,0.697222771681501,1.72105866378313
26,2026081526,NUAA,vibration_x+vibration_y,HeteroscedasticNoise,152,0.0402482528810563,0.0403995810148568,0.040611895615303,0.0409187688642276,0.0403902213822909,0.0403902213822909,0.0379406954754658,0,0,0.0131578947368421,0.688098017029184,1.23086103451871
26,2026081526,PHM2010,force_z+vibration_x,SoftClipping,945,0.016136096491021,0.0161119727282702,0.0135144216436231,0.0136777710105937,0.0158776383854239,0.0158118013230643,0.0114861988707107,0.00423280423280423,0.00423280423280423,0.00846560846560847,0.497989597417547,1.74375620895317
26,2026081526,PHM2010,force_z+vibration_x,IntermittentDropout,945,0.015953730619403,0.0148060072121507,0.0122395608345589,0.0130868658252088,0.0110184929993153,0.0121437946407225,0.0114861988707107,0.679365079365079,0.687830687830688,0.00846560846560847,0.265875102473526,0.265875102473526
26,2026081526,PHM2010,force_z+vibration_x,GradualDrift,945,0.0137752506082693,0.0131162668227763,0.012616222083302,0.013851823868867,0.0131986907511607,0.0132256607053217,0.0114861988707107,0.0211640211640212,0.0222222222222222,0.00846560846560847,0.696591153058392,1.77296996130303
26,2026081526,PHM2010,force_z+vibration_x,HeteroscedasticNoise,945,0.0135693818832616,0.0136201381359923,0.0132785031670658,0.0135460057870658,0.0135058389269869,0.0134959529198188,0.0114861988707107,0.00211640211640212,0.00211640211640212,0.00846560846560847,0.700713116331972,1.23447445024896
26,2026081526,PHM2010,force_z+vibration_y,SoftClipping,945,0.0157481022514174,0.0157012378423437,0.0135742015353719,0.0140483639625392,0.0154649326669897,0.015445028715646,0.0120501203448286,0,0,0.0137566137566138,0.494592950611262,1.74830241085079
26,2026081526,PHM2010,force_z+vibration_y,IntermittentDropout,945,0.014217561392659,0.0139242823751293,0.0123534622002819,0.0131736501345704,0.010787131617024,0.0114916883801675,0.0120501203448286,0.389417989417989,0.394708994708995,0.0137566137566138,0.261459117503357,0.261459117503357
26,2026081526,PHM2010,force_z+vibration_y,GradualDrift,945,0.013265721397505,0.012782423586606,0.0129930062101469,0.0145052291661125,0.0127430412934299,0.0127242637838373,0.0120501203448286,0.00211640211640212,0.00211640211640212,0.0137566137566138,0.701782864290942,1.74321761923482
26,2026081526,PHM2010,force_z+vibration_y,HeteroscedasticNoise,945,0.0140997785203953,0.014244000743878,0.0136002959842777,0.0135051554528326,0.0140935235040405,0.0140850383586058,0.0120501203448286,0,0,0.0137566137566138,0.700874445769582,1.23370319736559
26,2026081526,PHM2010,vibration_x+vibration_y,SoftClipping,945,0.0121341677831167,0.0121788737704038,0.0124346899385791,0.012955637370794,0.0121890696020353,0.012179440809814,0.013837131998922,0,0,0.00952380952380952,0.500254717110158,1.75896872634804
26,2026081526,PHM2010,vibration_x+vibration_y,IntermittentDropout,945,0.0118627481669403,0.0137356535353419,0.0137601717708016,0.0142620428702492,0.0130963872281971,0.0141991418737452,0.013837131998922,0.372486772486772,0.378835978835979,0.00952380952380952,0.260784263710305,0.260784263710305
26,2026081526,PHM2010,vibration_x+vibration_y,GradualDrift,945,0.0144487475255022,0.0145468151963992,0.0141957040638191,0.0158197688441579,0.0145367412291298,0.0145261678620882,0.013837131998922,0.00105820105820106,0.00105820105820106,0.00952380952380952,0.694777043511339,1.79591882004185
26,2026081526,PHM2010,vibration_x+vibration_y,HeteroscedasticNoise,945,0.0141281608038141,0.014166646768798,0.0131465096787738,0.0136220525920338,0.01417137938512,0.0141617886692679,0.013837131998922,0,0,0.00952380952380952,0.694507387377845,1.24546492629947
27,2026081527,NUAA,force_z+vibration_x,SoftClipping,152,0.0450584451751807,0.041266885495006,0.0400772420949956,0.0424804704310322,0.0427855355295803,0.0426692978707014,0.0586484258120297,0.0131578947368421,0.0131578947368421,0.0197368421052632,0.49311978827375,1.72080697338626
27,2026081527,NUAA,force_z+vibration_x,IntermittentDropout,152,0.0454849701705787,0.0420003245274342,0.0403176836810291,0.0425126061734546,0.0452115039394311,0.0579744215718277,0.0586484258120297,0.842105263157895,0.861842105263158,0.0197368421052632,0.253967360873185,0.253967360873185
27,2026081527,NUAA,force_z+vibration_x,GradualDrift,152,0.0523304112875421,0.0421873134806998,0.0420878397827316,0.0428089245754444,0.0434395840516439,0.0434482966341516,0.0586484258120297,0,0,0.0197368421052632,0.697474706500514,1.82814692303615
27,2026081527,NUAA,force_z+vibration_x,HeteroscedasticNoise,152,0.0615782455563048,0.0466345036749658,0.0474540795420458,0.045819717124533,0.0474280581673741,0.0473974176853518,0.0586484258120297,0,0,0.0197368421052632,0.686444914184876,1.21013894608827
27,2026081527,NUAA,force_z+vibration_y,SoftClipping,152,0.0496025813932935,0.040840815258029,0.0406747889921908,0.0415848981303092,0.0430255829644667,0.0429075644435061,0.040833826260722,0.0197368421052632,0.0197368421052632,0.00657894736842105,0.513285497468247,1.76219313050844
27,2026081527,NUAA,force_z+vibration_y,IntermittentDropout,152,0.048570695390647,0.0404717296755861,0.0389266484041534,0.04060051626196,0.0447326075790738,0.0408214826923082,0.040833826260722,0.861842105263158,0.868421052631579,0.00657894736842105,0.262625124966919,0.262625124966919
27,2026081527,NUAA,force_z+vibration_y,GradualDrift,152,0.0470840498816416,0.0418192898643871,0.0392367725616604,0.0410217895467301,0.0415306486162036,0.0417511797703142,0.040833826260722,0.118421052631579,0.125,0.00657894736842105,0.683369674142729,1.74667924393821
27,2026081527,NUAA,force_z+vibration_y,HeteroscedasticNoise,152,0.0570422882443707,0.0439611679442022,0.0442174589975115,0.0439340745740829,0.0443641460097066,0.0437646310917813,0.040833826260722,0.00657894736842105,0.00657894736842105,0.00657894736842105,0.708997171620797,1.19268046185195
27,2026081527,NUAA,vibration_x+vibration_y,SoftClipping,152,0.0388248249360708,0.0388911127184326,0.0398204972700219,0.0399263520632609,0.0388310637039976,0.0388310637039976,0.0379406954754658,0,0,0.0131578947368421,0.481668645184567,1.76805385911154
27,2026081527,NUAA,vibration_x+vibration_y,IntermittentDropout,152,0.0424449877042556,0.0381550550447359,0.0374069017775911,0.0377409178067707,0.0394641756190457,0.0378296641271633,0.0379406954754658,0.986842105263158,1,0.0131578947368421,0.256945022045685,0.256945022045685
27,2026081527,NUAA,vibration_x+vibration_y,GradualDrift,152,0.0420970564927062,0.040765180240666,0.0406244793824842,0.03994186874642,0.0403110454080327,0.0404266853469626,0.0379406954754658,0,0,0.0131578947368421,0.702678737824905,1.74876860455265
27,2026081527,NUAA,vibration_x+vibration_y,HeteroscedasticNoise,152,0.0400343775969182,0.0401241724954773,0.040435479627119,0.0408948863973624,0.0401060833367091,0.0401060833367091,0.0379406954754658,0,0,0.0131578947368421,0.689395673925572,1.27196486908383
27,2026081527,PHM2010,force_z+vibration_x,SoftClipping,945,0.0159127360063212,0.0159074639323747,0.0134518031536412,0.0135335122607965,0.0156480676895222,0.0156304468020317,0.0114861988707107,0.00211640211640212,0.00211640211640212,0.00846560846560847,0.494778458506904,1.74093971414684
27,2026081527,PHM2010,force_z+vibration_x,IntermittentDropout,945,0.0159592035117603,0.0148364630996959,0.0122368822005904,0.0130859472987125,0.0110169045546459,0.0121379765177544,0.0114861988707107,0.68042328042328,0.688888888888889,0.00846560846560847,0.264604138392433,0.264604138392433
27,2026081527,PHM2010,force_z+vibration_x,GradualDrift,945,0.0137857092817084,0.0133360329009648,0.0127265458386552,0.0138400391970311,0.0131373285995022,0.0131233024093214,0.0114861988707107,0.0148148148148148,0.0148148148148148,0.00846560846560847,0.703017475586793,1.74542969673741
27,2026081527,PHM2010,force_z+vibration_x,HeteroscedasticNoise,945,0.0141680645125938,0.0142390831387792,0.0139262367600252,0.014162554378696,0.0140342644143364,0.0140191865575255,0.0114861988707107,0.00105820105820106,0.00105820105820106,0.00846560846560847,0.695503801914173,1.24920883067911
27,2026081527,PHM2010,force_z+vibration_y,SoftClipping,945,0.0157732226111147,0.0157004260917398,0.013395197373497,0.0138610232664221,0.0154586896879288,0.0154337082650697,0.0120501203448286,0,0,0.0137566137566138,0.494928070607297,1.74794868860618
27,2026081527,PHM2010,force_z+vibration_y,IntermittentDropout,945,0.0140313638839366,0.0139097618904969,0.0123248660156672,0.0131232266885993,0.0107362148721689,0.0114239313994201,0.0120501203448286,0.383068783068783,0.388359788359788,0.0137566137566138,0.260363845967555,0.260363845967555
27,2026081527,PHM2010,force_z+vibration_y,GradualDrift,945,0.013166680078462,0.012907381852862,0.013070899918978,0.0146901614244505,0.0128284974894544,0.0128467608460262,0.0120501203448286,0.00317460317460317,0.00317460317460317,0.0137566137566138,0.698056729199074,1.75199256668601
27,2026081527,PHM2010,force_z+vibration_y,HeteroscedasticNoise,945,0.0144064817689449,0.0143559770665825,0.0137645035434427,0.0137240055668378,0.0142719757317707,0.0142581720233854,0.0120501203448286,0,0,0.0137566137566138,0.701872983689154,1.25594973149817
27,2026081527,PHM2010,vibration_x+vibration_y,SoftClipping,945,0.0119696011233475,0.0120236092030783,0.0124037466167488,0.0129773135339925,0.0120380177504242,0.0120283856856109,0.013837131998922,0,0,0.00952380952380952,0.502523527404006,1.73702463342518
27,2026081527,PHM2010,vibration_x+vibration_y,IntermittentDropout,945,0.0119382282940287,0.0137578893589572,0.0138153601322664,0.0142897514264577,0.0131745790154598,0.014308024152789,0.013837131998922,0.388359788359788,0.392592592592593,0.00952380952380952,0.263706277660929,0.263706277660929
27,2026081527,PHM2010,vibration_x+vibration_y,GradualDrift,945,0.0139572077304815,0.0140822315084641,0.0141460024780167,0.0158062798071035,0.0140574633074922,0.0140477783063513,0.013837131998922,0,0,0.00952380952380952,0.706290454414047,1.7436584865431
27,2026081527,PHM2010,vibration_x+vibration_y,HeteroscedasticNoise,945,0.0142096514612755,0.0142381514737808,0.013259602686091,0.0137238417022874,0.0142364915748601,0.0142268042133018,0.013837131998922,0,0,0.00952380952380952,0.703912326103223,1.24250242420839
28,2026081528,NUAA,force_z+vibration_x,SoftClipping,152,0.0494933555737843,0.0427381648936494,0.0414842605849734,0.0439484336082455,0.0441488323720726,0.0440309532845883,0.0586484258120297,0.0131578947368421,0.0131578947368421,0.0197368421052632,0.492640359874281,1.75136676247497
28,2026081528,NUAA,force_z+vibration_x,IntermittentDropout,152,0.0463503240711334,0.0416284844560724,0.0398659973694942,0.0424240710690015,0.0460465229338722,0.0577415501544305,0.0586484258120297,0.855263157894737,0.875,0.0197368421052632,0.266031806388409,0.266031806388409
28,2026081528,NUAA,force_z+vibration_x,GradualDrift,152,0.0509775969397435,0.0427773560975633,0.042237348468351,0.04300497598562,0.044182217195579,0.0436687605110583,0.0586484258120297,0.00657894736842105,0.00657894736842105,0.0197368421052632,0.701244739189729,1.71872211592042
28,2026081528,NUAA,force_z+vibration_x,HeteroscedasticNoise,152,0.060975912517433,0.0475073980971409,0.0477690432393913,0.0464627662693856,0.0477185720952867,0.0471348920239143,0.0586484258120297,0.00657894736842105,0.00657894736842105,0.0197368421052632,0.68816424049446,1.25063070787542
28,2026081528,NUAA,force_z+vibration_y,SoftClipping,152,0.0469347583168964,0.040979554041845,0.0404221827705703,0.0416471619889921,0.0434196946932842,0.0431396443425834,0.040833826260722,0.0131578947368421,0.0131578947368421,0.00657894736842105,0.492984113044779,1.81698962947807
28,2026081528,NUAA,force_z+vibration_y,IntermittentDropout,152,0.0484088227278506,0.041031346820924,0.0394808354223557,0.0414329677982005,0.0449132694200575,0.0411206751602374,0.040833826260722,0.881578947368421,0.888157894736842,0.00657894736842105,0.255110931075146,0.255110931075146
28,2026081528,NUAA,force_z+vibration_y,GradualDrift,152,0.0524891130261648,0.0407211391480061,0.0404065308933369,0.0418315462660298,0.0414347418796829,0.0409638954954703,0.040833826260722,0.0986842105263158,0.0986842105263158,0.00657894736842105,0.688992990851457,1.8206093139722
28,2026081528,NUAA,force_z+vibration_y,HeteroscedasticNoise,152,0.0628866242561271,0.0476242484510375,0.0472011605706714,0.0471107258895253,0.0476054160893686,0.0476513262297094,0.040833826260722,0.00657894736842105,0.00657894736842105,0.00657894736842105,0.694273550686627,1.22457957014654
28,2026081528,NUAA,vibration_x+vibration_y,SoftClipping,152,0.0389758779828915,0.0391158166224947,0.0399681584437034,0.0399665813243445,0.0390313868634659,0.0390313868634659,0.0379406954754658,0,0,0.0131578947368421,0.502307546637986,1.69542468865072
28,2026081528,NUAA,vibration_x+vibration_y,IntermittentDropout,152,0.0427437520072536,0.0381550550447359,0.0374069017775911,0.0377409178067707,0.0394493967118874,0.0378296641271633,0.0379406954754658,0.986842105263158,1,0.0131578947368421,0.261282224349562,0.261282224349562
28,2026081528,NUAA,vibration_x+vibration_y,GradualDrift,152,0.0431895680517014,0.0422590816276233,0.0403519755262365,0.0405435432997047,0.0425159124881712,0.0425159124881712,0.0379406954754658,0,0,0.0131578947368421,0.68362947743911,1.75126045810423
28,2026081528,NUAA,vibration_x+vibration_y,HeteroscedasticNoise,152,0.0399002105017316,0.0400950973526851,0.0405056922230572,0.040955447976027,0.0400872780061494,0.0400872780061494,0.0379406954754658,0,0,0.0131578947368421,0.707074141381838,1.26815851597107
28,2026081528,PHM2010,force_z+vibration_x,SoftClipping,945,0.0162404856899273,0.0161933250520487,0.0134660630222853,0.0135842393640528,0.0159210230398048,0.0159019869090841,0.0114861988707107,0.00317460317460317,0.00317460317460317,0.00846560846560847,0.506210440180688,1.7459299394093
28,2026081528,PHM2010,force_z+vibration_x,IntermittentDropout,945,0.0156949074862573,0.014794643423014,0.0121753684640249,0.0130248408158508,0.0109662057305326,0.0121345221788769,0.0114861988707107,0.679365079365079,0.687830687830688,0.00846560846560847,0.260429833105435,0.260429833105435
28,2026081528,PHM2010,force_z+vibration_x,GradualDrift,945,0.0138976633590652,0.0133194781637254,0.0127203619981072,0.01378582598932,0.0131841777672572,0.0132001401844297,0.0114861988707107,0.019047619047619,0.0201058201058201,0.00846560846560847,0.706161590830484,1.75193883886042
28,2026081528,PHM2010,force_z+vibration_x,HeteroscedasticNoise,945,0.0139664908637987,0.0139616098517606,0.0136220487905798,0.0138438726948677,0.0137958554556782,0.0137887973529045,0.0114861988707107,0.00105820105820106,0.00105820105820106,0.00846560846560847,0.705362701776961,1.26205199117528
28,2026081528,PHM2010,force_z+vibration_y,SoftClipping,945,0.0159684235074036,0.0159110728108067,0.0136606291435392,0.0141364698257884,0.0156413402607597,0.0156258336068856,0.0120501203448286,0,0,0.0137566137566138,0.501741890271533,1.75949312494826
28,2026081528,PHM2010,force_z+vibration_y,IntermittentDropout,945,0.0144849192616682,0.0138669595799454,0.0123131439138363,0.0131967381702865,0.0107890938127192,0.0114553246303984,0.0120501203448286,0.388359788359788,0.394708994708995,0.0137566137566138,0.258590791902986,0.258590791902986
28,2026081528,PHM2010,force_z+vibration_y,GradualDrift,945,0.0133860842720108,0.0128546731860069,0.0128464315788297,0.0145062291826358,0.0126923549053612,0.0126575126961292,0.0120501203448286,0.00529100529100529,0.00634920634920635,0.0137566137566138,0.698011513834705,1.761367004068
28,2026081528,PHM2010,force_z+vibration_y,HeteroscedasticNoise,945,0.0141545066876075,0.014043983629945,0.0134528602845906,0.0132883805415706,0.0139381662006588,0.013933645160456,0.0120501203448286,0,0,0.0137566137566138,0.696931663520803,1.24980763386434
28,2026081528,PHM2010,vibration_x+vibration_y,SoftClipping,945,0.0120385291753431,0.0120817896888266,0.0125255040588961,0.0130358398253262,0.0121226063858699,0.012112933334947,0.013837131998922,0,0,0.00952380952380952,0.501277493749555,1.7451572097031
28,2026081528,PHM2010,vibration_x+vibration_y,IntermittentDropout,945,0.01188609413454,0.0137340953969316,0.013757499783765,0.0142731939887079,0.0131259968991202,0.0142731662311188,0.013837131998922,0.388359788359788,0.392592592592593,0.00952380952380952,0.263038633399418,0.263038633399418
28,2026081528,PHM2010,vibration_x+vibration_y,GradualDrift,945,0.013933756254123,0.0140952207170424,0.0140190856202441,0.0156273251870861,0.0140290069805409,0.0140246154580927,0.013837131998922,0.00317460317460317,0.00317460317460317,0.00952380952380952,0.700370353929233,1.76335417408453
28,2026081528,PHM2010,vibration_x+vibration_y,HeteroscedasticNoise,945,0.0140540582627315,0.0141005573476016,0.0132059686241124,0.0136926190139914,0.0140993948011133,0.0140897073343032,0.013837131998922,0,0,0.00952380952380952,0.694118519388519,1.25524703688938
29,2026081529,NUAA,force_z+vibration_x,SoftClipping,152,0.0480784501477144,0.0424746589337264,0.0415357500219727,0.0436299887687957,0.0439205880690038,0.0439091260759034,0.0586484258120297,0.00657894736842105,0.00657894736842105,0.0197368421052632,0.511039076293907,1.72776348722893
29,2026081529,NUAA,force_z+vibration_x,IntermittentDropout,152,0.0468638596875747,0.0419682082359108,0.0402110795103912,0.0426836290593447,0.046347071899278,0.0576684774591627,0.0586484258120297,0.828947368421053,0.848684210526316,0.0197368421052632,0.26422268776502,0.26422268776502
29,2026081529,NUAA,force_z+vibration_x,GradualDrift,152,0.0510268960729518,0.0422317701456151,0.0428178287612637,0.0423411802802641,0.0425732664926982,0.0425425758359302,0.0586484258120297,0,0,0.0197368421052632,0.70055048493175,1.69687638533478
29,2026081529,NUAA,force_z+vibration_x,HeteroscedasticNoise,152,0.063353028908253,0.044903691334604,0.0454757032329546,0.045208608836002,0.0453968322708303,0.045386893943543,0.0586484258120297,0,0,0.0197368421052632,0.713163861521722,1.255597950264
29,2026081529,NUAA,force_z+vibration_y,SoftClipping,152,0.0497215354704456,0.0428048782577847,0.0430888333542158,0.0437989347493305,0.0447231677410352,0.0446945202260462,0.040833826260722,0.00657894736842105,0.00657894736842105,0.00657894736842105,0.501602047138362,1.76945443215798
29,2026081529,NUAA,force_z+vibration_y,IntermittentDropout,152,0.0483418274710193,0.0404946295170293,0.0391660970642243,0.0407501904082509,0.0449039847824981,0.0411298387572935,0.040833826260722,0.855263157894737,0.855263157894737,0.00657894736842105,0.260840392795332,0.260840392795332
29,2026081529,NUAA,force_z+vibration_y,GradualDrift,152,0.0520010707109217,0.0428736520308769,0.0423698531221812,0.0425038500418379,0.0439414618935464,0.0423126430585213,0.040833826260722,0.0855263157894737,0.0855263157894737,0.00657894736842105,0.699236070004729,1.76582690345586
29,2026081529,NUAA,force_z+vibration_y,HeteroscedasticNoise,152,0.058929956894395,0.0455061746028551,0.0456773073346028,0.0455286081334415,0.0463231352963249,0.046290948777383,0.040833826260722,0.00657894736842105,0.00657894736842105,0.00657894736842105,0.715691139431103,1.25844443600491
29,2026081529,NUAA,vibration_x+vibration_y,SoftClipping,152,0.0389884292999718,0.0390568481958764,0.040066910454818,0.0399763156211011,0.0389921607828599,0.0389921607828599,0.0379406954754658,0,0,0.0131578947368421,0.515509839006969,1.74525632064157
29,2026081529,NUAA,vibration_x+vibration_y,IntermittentDropout,152,0.0425801710370832,0.0381550550447359,0.0374069017775911,0.0377409178067707,0.0392391339638678,0.0378296641271633,0.0379406954754658,0.986842105263158,1,0.0131578947368421,0.259863036957473,0.259863036957473
29,2026081529,NUAA,vibration_x+vibration_y,GradualDrift,152,0.0426115473815188,0.04093264654208,0.0409243005547102,0.0405414733832134,0.0408439147234055,0.0408439147234055,0.0379406954754658,0,0,0.0131578947368421,0.702418099634996,1.77087188257685
29,2026081529,NUAA,vibration_x+vibration_y,HeteroscedasticNoise,152,0.0400482365966892,0.0402500994466885,0.0405104811478823,0.0408249676502104,0.0402603863124875,0.0402603863124875,0.0379406954754658,0,0,0.0131578947368421,0.693045214831468,1.27650978748731
29,2026081529,PHM2010,force_z+vibration_x,SoftClipping,945,0.0167485396764602,0.0166564523779135,0.0138001390558703,0.0139885995149604,0.0164302902100625,0.0164170923230298,0.0114861988707107,0.00105820105820106,0.00105820105820106,0.00846560846560847,0.497776424797724,1.72255111980037
29,2026081529,PHM2010,force_z+vibration_x,IntermittentDropout,945,0.0156912315190385,0.0147715447851529,0.0122177539675367,0.0130611666678719,0.0109307573839284,0.0121228377961572,0.0114861988707107,0.684656084656085,0.693121693121693,0.00846560846560847,0.262800551364234,0.262800551364234
29,2026081529,PHM2010,force_z+vibration_x,GradualDrift,945,0.0139646223575933,0.0134980692960463,0.0125496917184411,0.013644227798266,0.0132667280371536,0.0133040292271634,0.0114861988707107,0.0243386243386243,0.0253968253968254,0.00846560846560847,0.703194112668412,1.76413044665967
29,2026081529,PHM2010,force_z+vibration_x,HeteroscedasticNoise,945,0.0139093404430216,0.0140284381499635,0.0137746480991701,0.0139695324996582,0.0138874297949354,0.0138747884951594,0.0114861988707107,0.00105820105820106,0.00105820105820106,0.00846560846560847,0.70561415740287,1.25714996206977
29,2026081529,PHM2010,force_z+vibration_y,SoftClipping,945,0.0163700859403926,0.0162110635175226,0.0137528858999879,0.0142020196137385,0.0159931532886437,0.0159791226865358,0.0120501203448286,0,0,0.0137566137566138,0.500627878986565,1.71855885593767
29,2026081529,PHM2010,force_z+vibration_y,IntermittentDropout,945,0.0143348982350201,0.0138784830218126,0.012359513918367,0.0131850658908882,0.0107516237115692,0.0114476356268067,0.0120501203448286,0.384126984126984,0.39047619047619,0.0137566137566138,0.265696261225399,0.265696261225399
29,2026081529,PHM2010,force_z+vibration_y,GradualDrift,945,0.0132607475064938,0.0126593373237615,0.0128334968308982,0.0142757421612229,0.0125861903188099,0.0125926118568665,0.0120501203448286,0.00211640211640212,0.00211640211640212,0.0137566137566138,0.700978593024904,1.70941922933021
29,2026081529,PHM2010,force_z+vibration_y,HeteroscedasticNoise,945,0.0141470222768772,0.0142474915910253,0.0137020659426219,0.0136677870701173,0.0141479838557466,0.0141374687565633,0.0120501203448286,0,0,0.0137566137566138,0.700415166801363,1.23372885925276
29,2026081529,PHM2010,vibration_x+vibration_y,SoftClipping,945,0.0121536489275544,0.0122147108991667,0.0125454703465346,0.0130902407167986,0.0122321443173557,0.0122247889346424,0.013837131998922,0.00105820105820106,0.00105820105820106,0.00952380952380952,0.500379929745755,1.73553298353611
29,2026081529,PHM2010,vibration_x+vibration_y,IntermittentDropout,945,0.0119992848673046,0.0138445939840081,0.0137875674451585,0.0142790256366947,0.013197338777958,0.0143508581291197,0.013837131998922,0.388359788359788,0.392592592592593,0.00952380952380952,0.263254802371394,0.263254802371394
29,2026081529,PHM2010,vibration_x+vibration_y,GradualDrift,945,0.0138199835012604,0.0139877243059482,0.0142388503207007,0.015731107380036,0.0139471127982672,0.0139361484869393,0.013837131998922,0.00105820105820106,0.00105820105820106,0.00952380952380952,0.694781527782059,1.77071688253298
29,2026081529,PHM2010,vibration_x+vibration_y,HeteroscedasticNoise,945,0.0142604222437199,0.0143073654475734,0.013281625080454,0.0138176190972224,0.0142978435007552,0.0142881431714246,0.013837131998922,0,0,0.00952380952380952,0.703825888944697,1.25818758982039
30,2026081530,NUAA,force_z+vibration_x,SoftClipping,152,0.0480885572913535,0.0423604915466933,0.0412116350198158,0.0435281151044678,0.0441302341218987,0.0438402802593308,0.0586484258120297,0.0263157894736842,0.0263157894736842,0.0197368421052632,0.490751171494892,1.80072858462557
30,2026081530,NUAA,force_z+vibration_x,IntermittentDropout,152,0.0466935522199703,0.0413634995993652,0.0398466125156586,0.0425188962812547,0.0463065006128421,0.0566901411751675,0.0586484258120297,0.848684210526316,0.861842105263158,0.0197368421052632,0.260858586896298,0.260858586896298
30,2026081530,NUAA,force_z+vibration_x,GradualDrift,152,0.0502314773568962,0.0418074418438321,0.0417301733292329,0.042133714183786,0.0426161075422841,0.0425637506846298,0.0586484258120297,0.00657894736842105,0.00657894736842105,0.0197368421052632,0.706508903458197,1.75662240323738
30,2026081530,NUAA,force_z+vibration_x,HeteroscedasticNoise,152,0.0592381481055382,0.0484205821826372,0.0485120529964326,0.0467610185881175,0.0492637464873423,0.048883275721159,0.0586484258120297,0.00657894736842105,0.00657894736842105,0.0197368421052632,0.694236370358411,1.21202680340717
30,2026081530,NUAA,force_z+vibration_y,SoftClipping,152,0.0463655890538089,0.0424426349911483,0.0421824791502322,0.0430872690719379,0.0445034460151016,0.0443468859030547,0.040833826260722,0.00657894736842105,0.00657894736842105,0.00657894736842105,0.489850488611793,1.73439028420421
30,2026081530,NUAA,force_z+vibration_y,IntermittentDropout,152,0.0490909523155541,0.0404098558617528,0.0387925246383404,0.0405996860987239,0.0452486705184617,0.0400730964826094,0.040833826260722,0.848684210526316,0.855263157894737,0.00657894736842105,0.269657799895338,0.269657799895338
30,2026081530,NUAA,force_z+vibration_y,GradualDrift,152,0.0506395685610043,0.0416574281694526,0.0404739255640503,0.0412815589211001,0.0436919710181753,0.0423283840098963,0.040833826260722,0.0657894736842105,0.0657894736842105,0.00657894736842105,0.691016708519129,1.68579640065992
30,2026081530,NUAA,force_z+vibration_y,HeteroscedasticNoise,152,0.0622386192252204,0.0456728382622073,0.0452281214478705,0.0459115347877274,0.0459648855981774,0.0456367990922171,0.040833826260722,0.0131578947368421,0.0131578947368421,0.00657894736842105,0.704494328682034,1.26913470844339
30,2026081530,NUAA,vibration_x+vibration_y,SoftClipping,152,0.0394370746393605,0.0395090434822857,0.0406197701376364,0.0400853207327801,0.0394753104308155,0.0394753104308155,0.0379406954754658,0,0,0.0131578947368421,0.503642480451277,1.75145023186381
30,2026081530,NUAA,vibration_x+vibration_y,IntermittentDropout,152,0.0423456987707959,0.0381550550447359,0.0374069017775911,0.0377409178067707,0.0397972040782146,0.0378296641271633,0.0379406954754658,0.986842105263158,1,0.0131578947368421,0.257229942014211,0.257229942014211
30,2026081530,NUAA,vibration_x+vibration_y,GradualDrift,152,0.0422760087667479,0.0401004606065514,0.0405966241277684,0.0397095789171473,0.0398632670489288,0.0398632670489288,0.0379406954754658,0,0,0.0131578947368421,0.710356937282777,1.74719356289497
30,2026081530,NUAA,vibration_x+vibration_y,HeteroscedasticNoise,152,0.039980608767467,0.0401158944851088,0.0403547832236063,0.040776118891163,0.0400883325091024,0.0400883325091024,0.0379406954754658,0,0,0.0131578947368421,0.678397143159665,1.26872004368839
30,2026081530,PHM2010,force_z+vibration_x,SoftClipping,945,0.0156241652766002,0.0156428904474919,0.0132603674065247,0.0135154290943555,0.0153989711757586,0.0153667222180116,0.0114861988707107,0.00211640211640212,0.00211640211640212,0.00846560846560847,0.497303500673464,1.74009869136066
30,2026081530,PHM2010,force_z+vibration_x,IntermittentDropout,945,0.0158916822045244,0.0148202902599978,0.0122160779112571,0.0130476716691594,0.0109275934873618,0.0121462018028501,0.0114861988707107,0.677248677248677,0.685714285714286,0.00846560846560847,0.266472143569915,0.266472143569915
30,2026081530,PHM2010,force_z+vibration_x,GradualDrift,945,0.0136860717893795,0.0132117977167654,0.0126719094369129,0.0136814914425072,0.0130048705815367,0.0130273513892948,0.0114861988707107,0.0243386243386243,0.0253968253968254,0.00846560846560847,0.69953227409267,1.77726670200604
30,2026081530,PHM2010,force_z+vibration_x,HeteroscedasticNoise,945,0.0143121734586843,0.0142303183501352,0.0139283172438778,0.0141980792633772,0.0141117463802228,0.0140842484719101,0.0114861988707107,0.00105820105820106,0.00105820105820106,0.00846560846560847,0.700519759575945,1.25066591843642
30,2026081530,PHM2010,force_z+vibration_y,SoftClipping,945,0.0160311932106764,0.0159781704948425,0.0137278834515476,0.0141652015869973,0.0157100727101129,0.0156757241773158,0.0120501203448286,0.00105820105820106,0.00105820105820106,0.0137566137566138,0.501893945733727,1.77375753442103
30,2026081530,PHM2010,force_z+vibration_y,IntermittentDropout,945,0.0142407175675811,0.0139117606866762,0.012351015636937,0.0131789328372134,0.0107521910389688,0.0115205900001227,0.0120501203448286,0.398941798941799,0.405291005291005,0.0137566137566138,0.262898265046079,0.262898265046079
30,2026081530,PHM2010,force_z+vibration_y,GradualDrift,945,0.0137093660071175,0.0129261514361199,0.0131566751432423,0.014608658783426,0.0129812601276737,0.0129611081864219,0.0120501203448286,0.00317460317460317,0.00317460317460317,0.0137566137566138,0.698303713670943,1.77202060936588
30,2026081530,PHM2010,force_z+vibration_y,HeteroscedasticNoise,945,0.0142647512769356,0.0143002113157752,0.0137397623021476,0.0135724012688706,0.0141929992355205,0.0141807169277882,0.0120501203448286,0,0,0.0137566137566138,0.711223558722019,1.25697109639011
30,2026081530,PHM2010,vibration_x+vibration_y,SoftClipping,945,0.0120008038260861,0.0120444484925487,0.0122699350073645,0.0127372922581362,0.0120577057987694,0.0120470184933759,0.013837131998922,0.00105820105820106,0.00105820105820106,0.00952380952380952,0.498006319344093,1.76501663041602
30,2026081530,PHM2010,vibration_x+vibration_y,IntermittentDropout,945,0.0118233978609066,0.013663570199396,0.0137613463443653,0.0142582940209758,0.0129822917692046,0.0141510766330677,0.013837131998922,0.371428571428571,0.378835978835979,0.00952380952380952,0.263475657815791,0.263475657815791
30,2026081530,PHM2010,vibration_x+vibration_y,GradualDrift,945,0.0142828628550422,0.01431692571104,0.0141587190649926,0.0159347135320647,0.0143640751151475,0.0143543717713873,0.013837131998922,0,0,0.00952380952380952,0.700490831124189,1.77762839146292
30,2026081530,PHM2010,vibration_x+vibration_y,HeteroscedasticNoise,945,0.0142833547075401,0.0143192142888942,0.0132328217366074,0.0137725892998337,0.0143238266826071,0.014314128128182,0.013837131998922,0,0,0.00952380952380952,0.698274358353163,1.24349285704008
