ConditionOverlapPercent,OverlappingConditionN,Repeat,Seed,TrainCaseN,TestCaseN,TrainRecordN,TestRecordN,FixedPooledMAE,ReducedPooledMAE,SQTRPooledMAE,FixedCaseMacroMAE,ReducedCaseMacroMAE,SQTRCaseMacroMAE,FixedMinusSQTRPooled,FixedMinusSQTRCaseMacro,LambdaAll,LambdaReduced,Gate,TestCases
0,0,1,2026082401,8,8,66,80,0.137506097460705,0.13596326496025,0.136649010888188,0.139191335523297,0.137822190560906,0.13781948694437,0.000857086572516458,0.0013718485789268,316.227766016838,316.227766016838,0.01,3|4|5|7|10|11|13|16
0,0,2,2026082402,8,8,83,63,0.114980172660453,0.176535155488566,0.126820381593713,0.126004142486526,0.18849079829899,0.146710321061528,-0.0118402089332599,-0.0207061785750013,1000,1,0.5,2|4|5|8|10|12|14|16
0,0,3,2026082403,8,8,91,55,0.195890534802463,0.380641554075703,0.322188021045756,0.211246366493957,0.370215033016856,0.333449477868504,-0.126297486243293,-0.122203111374547,1000,31.6227766016838,0.5,1|4|5|6|9|10|15|16
0,0,4,2026082404,8,8,88,58,0.282745953456312,0.168237870268418,0.16938265732829,0.269234785505564,0.183774841052856,0.191265791560696,0.113363296128021,0.0779689939448683,3.16227766016838,1,0.5,2|4|5|6|10|12|15|16
0,0,5,2026082405,8,8,61,85,0.100938137290084,0.105417748632107,0.101803606310951,0.108405752790762,0.109944689593907,0.108181997019505,-0.000865469020866871,0.000223755771256542,316.227766016838,316.227766016838,0.1,1|3|4|8|9|10|11|14
0,0,6,2026082406,8,8,58,88,0.112831350932845,0.114704351499897,0.113571624915993,0.122001698986786,0.123810615664765,0.121865001357098,-0.000740273983147938,0.000136697629688265,316.227766016838,316.227766016838,0.5,2|3|5|7|11|12|13|16
0,0,7,2026082407,8,8,74,72,0.141948878766446,0.171576990780912,0.172439201300184,0.178991894147218,0.221860638194669,0.222450988262759,-0.0304903225337376,-0.0434590941155414,1000,316.227766016838,0.5,1|3|5|6|9|11|15|16
0,0,8,2026082408,8,8,90,56,0.176075157254555,0.177766527658603,0.176785430657758,0.142305824573555,0.14375290959146,0.142864143984422,-0.00071027340320301,-0.000558319410866788,100,100,0.01,4|6|7|8|10|13|14|15
0,0,9,2026082409,8,8,93,53,0.163682001193863,0.121557295197362,0.118645359941014,0.170546473358813,0.1514299217076,0.148233944510081,0.0450366412528485,0.0223125288487323,316.227766016838,316.227766016838,0.5,2|5|6|8|12|14|15|16
0,0,10,2026082410,8,8,78,68,4.08153482622173,0.151343617747151,0.289802496882693,4.68803737783312,0.17562551173186,0.263620471037355,3.79173232933903,4.42441690679577,316.227766016838,316.227766016838,0.5,1|2|5|8|9|12|14|16
0,0,11,2026082411,8,8,55,91,0.138310633380956,0.133023840530517,0.137749607084923,0.150762303630616,0.146683341699048,0.15032612880491,0.00056102629603319,0.000436174825705691,100,100,0.01,2|3|7|8|11|12|13|14
0,0,12,2026082412,8,8,84,62,0.124417894509288,0.111434992823597,0.121559190578354,0.154636564113194,0.144097035697052,0.154667986082389,0.00285870393093457,-3.14219691951254e-05,1000,316.227766016838,0.1,3|5|6|8|11|14|15|16
0,0,13,2026082413,8,8,78,68,4.08153482622173,0.151343617747151,0.289802496882693,4.68803737783312,0.17562551173186,0.263620471037355,3.79173232933903,4.42441690679577,316.227766016838,316.227766016838,0.5,1|2|5|8|9|12|14|16
0,0,14,2026082414,8,8,93,53,0.163682001193863,0.121557295197362,0.118645359941014,0.170546473358813,0.1514299217076,0.148233944510081,0.0450366412528485,0.0223125288487323,316.227766016838,316.227766016838,0.5,2|5|6|8|12|14|15|16
0,0,15,2026082415,8,8,74,72,0.103723414158798,0.119046223425223,0.10429392760278,0.120969053732814,0.121826716147729,0.11696489239849,-0.000570513443981652,0.00400416133432425,316.227766016838,0.316227766016838,0.01,3|4|5|8|10|11|14|16
0,0,16,2026082416,8,8,80,66,0.143167568978189,0.134812307051533,0.134005762660296,0.132699196395195,0.129091508386636,0.125902610296366,0.00916180631789268,0.00679658609882827,316.227766016838,316.227766016838,0.5,1|4|6|7|9|10|13|15
0,0,17,2026082417,8,8,58,88,0.112831350932845,0.114704351499897,0.113571624915993,0.122001698986786,0.123810615664765,0.121865001357098,-0.000740273983147938,0.000136697629688265,316.227766016838,316.227766016838,0.5,2|3|5|7|11|12|13|16
0,0,18,2026082418,8,8,76,70,0.158993828349943,0.171370157173953,0.160975207080281,0.175216952022597,0.201368401534869,0.186083654066526,-0.00198137873033732,-0.0108667020439292,316.227766016838,100,0.1,3|5|6|7|11|13|15|16
0,0,19,2026082419,8,8,75,71,0.145153284820022,0.139052947124549,0.139131688580996,0.144420153194082,0.140987476685012,0.140561760304688,0.00602159623902573,0.0038583928893937,10,10,0.5,2|4|5|7|10|12|13|16
0,0,20,2026082420,8,8,58,88,0.36770439698413,0.403729554181744,0.361030586604199,0.302220785194451,0.324292922693478,0.296832599469423,0.00667381037993164,0.00538818572502885,1,0.316227766016838,0.01,2|3|4|8|10|11|12|14
0,0,21,2026082421,8,8,66,80,0.181367126786345,0.184260238954658,0.17910564939861,0.237046197255561,0.252583756523331,0.237637271291426,0.00226147738773422,-0.000591074035864997,0.316227766016838,0.316227766016838,0.5,1|3|4|6|9|10|11|15
0,0,22,2026082422,8,8,66,80,0.137506097460705,0.13596326496025,0.136649010888188,0.139191335523297,0.137822190560906,0.13781948694437,0.000857086572516458,0.0013718485789268,316.227766016838,316.227766016838,0.01,3|4|5|7|10|11|13|16
0,0,23,2026082423,8,8,71,75,0.254610982359046,0.249162356572736,0.195031165695512,0.241847298736933,0.212168802402501,0.190141422959538,0.0595798166635342,0.0517058757773953,3.16227766016838,1,0.5,2|3|5|6|11|12|15|16
0,0,24,2026082424,8,8,88,58,0.12080678865536,0.224435546649594,0.141622007485847,0.137629699823992,0.251229751137805,0.146761226837696,-0.0208152188304872,-0.00913152701370379,1000,1,0.1,1|4|6|8|9|10|14|15
0,0,25,2026082425,8,8,88,58,0.177401382838323,0.165584487887646,0.177749281860099,0.154208639132197,0.144444020156335,0.153855837585669,-0.000347899021776149,0.000352801546527808,10,31.6227766016838,0.5,4|5|7|8|10|13|14|16
0,0,26,2026082426,8,8,55,91,0.138310633380956,0.133023840530517,0.137749607084923,0.150762303630616,0.146683341699048,0.15032612880491,0.00056102629603319,0.000436174825705691,100,100,0.01,2|3|7|8|11|12|13|14
0,0,27,2026082427,8,8,88,58,0.12080678865536,0.224435546649594,0.141622007485847,0.137629699823992,0.251229751137805,0.146761226837696,-0.0208152188304872,-0.00913152701370379,1000,1,0.1,1|4|6|8|9|10|14|15
0,0,28,2026082428,8,8,53,93,0.123640438695303,0.118097983832016,0.117325390203653,0.118830210794047,0.113984860622074,0.112639965486811,0.00631504849164964,0.00619024530723645,316.227766016838,316.227766016838,0.01,1|3|4|7|9|10|11|13
0,0,29,2026082429,8,8,74,72,0.103723414158798,0.119046223425223,0.10429392760278,0.120969053732814,0.121826716147729,0.11696489239849,-0.000570513443981652,0.00400416133432425,316.227766016838,0.316227766016838,0.01,3|4|5|8|10|11|14|16
0,0,30,2026082430,8,8,72,74,0.17038045831543,0.160226401286184,0.168032210504127,0.163082093298924,0.154562359394311,0.160781411043556,0.00234824781130311,0.00230068225536853,10,10,0.5,2|4|7|8|10|12|13|14
0,0,31,2026082431,8,8,71,75,0.120011293197652,0.123886837048421,0.120393398423535,0.145398628145032,0.148361796939062,0.146123220084889,-0.000382105225883458,-0.000724591939856939,1000,1000,0.01,1|3|6|8|9|11|14|15
0,0,32,2026082432,8,8,67,79,0.156339119230024,0.158598548444318,0.155496745125324,0.153712356813654,0.156037859347003,0.153141859970691,0.000842374104699645,0.000570496842962594,100,100,0.01,1|2|7|8|9|12|13|14
0,0,33,2026082433,8,8,76,70,0.120090212579195,0.160068606673848,0.119374746848105,0.140427410549682,0.16398995504286,0.13651841891163,0.000715465731089687,0.00390899163805248,1000,0.316227766016838,0.01,3|4|6|8|10|11|14|15
0,0,34,2026082434,8,8,80,66,0.157627492795726,0.154889410638844,0.155019967845515,0.149666209343939,0.147622956222627,0.147413761563885,0.00260752495021149,0.00225244778005399,31.6227766016838,31.6227766016838,0.01,2|5|7|8|12|13|14|16
0,0,35,2026082435,8,8,80,66,0.157627492795726,0.154889410638844,0.155019967845515,0.149666209343939,0.147622956222627,0.147413761563885,0.00260752495021149,0.00225244778005399,31.6227766016838,31.6227766016838,0.01,2|5|7|8|12|13|14|16
0,0,36,2026082436,8,8,75,71,0.189191777885413,0.179018591335358,0.191151355531268,0.181629655310628,0.170622498459429,0.182548247050919,-0.0019595776458555,-0.000918591740290471,1,3.16227766016838,0.01,1|4|7|8|9|10|13|14
0,0,37,2026082437,8,8,74,72,0.141948878766446,0.171576990780912,0.172439201300184,0.178991894147218,0.221860638194669,0.222450988262759,-0.0304903225337376,-0.0434590941155414,1000,316.227766016838,0.5,1|3|5|6|9|11|15|16
0,0,38,2026082438,8,8,75,71,0.189191777885413,0.179018591335358,0.191151355531268,0.181629655310628,0.170622498459429,0.182548247050919,-0.0019595776458555,-0.000918591740290471,1,3.16227766016838,0.01,1|4|7|8|9|10|13|14
0,0,39,2026082439,8,8,80,66,0.255163423769277,0.188666806376534,0.172486668207771,0.22450678027484,0.169016728260816,0.15784850715509,0.0826767555615056,0.06665827311975,100,100,0.01,1|2|6|8|9|12|14|15
0,0,40,2026082440,8,8,93,53,0.163682001193863,0.121557295197362,0.118645359941014,0.170546473358813,0.1514299217076,0.148233944510081,0.0450366412528485,0.0223125288487323,316.227766016838,316.227766016838,0.5,2|5|6|8|12|14|15|16
0,0,41,2026082441,8,8,80,66,0.157627492795726,0.154889410638844,0.155019967845515,0.149666209343939,0.147622956222627,0.147413761563885,0.00260752495021149,0.00225244778005399,31.6227766016838,31.6227766016838,0.01,2|5|7|8|12|13|14|16
0,0,42,2026082442,8,8,61,85,0.260535700872404,0.236860129080316,0.244990496748763,0.23514120806195,0.221123914810791,0.228226696666341,0.0155452041236409,0.00691451139560966,1,1,0.01,2|3|4|5|10|11|12|16
0,0,43,2026082443,8,8,60,86,0.121103078496884,0.147589398747967,0.128379406551495,0.134413081675222,0.159460990502593,0.141142000987649,-0.00727632805461081,-0.00672891931242715,316.227766016838,1000,0.1,2|3|6|7|11|12|13|15
0,0,44,2026082444,8,8,75,71,0.145153284820022,0.139052947124549,0.139131688580996,0.144420153194082,0.140987476685012,0.140561760304688,0.00602159623902573,0.0038583928893937,10,10,0.5,2|4|5|7|10|12|13|16
0,0,45,2026082445,8,8,88,58,0.282745953456312,0.168237870268418,0.16938265732829,0.269234785505564,0.183774841052856,0.191265791560696,0.113363296128021,0.0779689939448683,3.16227766016838,1,0.5,2|4|5|6|10|12|15|16
0,0,46,2026082446,8,8,58,88,0.112831350932845,0.114704351499897,0.113571624915993,0.122001698986786,0.123810615664765,0.121865001357098,-0.000740273983147938,0.000136697629688265,316.227766016838,316.227766016838,0.5,2|3|5|7|11|12|13|16
0,0,47,2026082447,8,8,73,73,0.157951313761502,0.187528745785212,0.161582008197084,0.163811176407728,0.197749079140537,0.176348365510345,-0.00363069443558195,-0.0125371891026174,10,1,0.01,1|2|4|5|9|10|12|16
0,0,48,2026082448,8,8,73,73,0.157951313761502,0.187528745785212,0.161582008197084,0.163811176407728,0.197749079140537,0.176348365510345,-0.00363069443558195,-0.0125371891026174,10,1,0.01,1|2|4|5|9|10|12|16
0,0,49,2026082449,8,8,73,73,0.157951313761502,0.187528745785212,0.161582008197084,0.163811176407728,0.197749079140537,0.176348365510345,-0.00363069443558195,-0.0125371891026174,10,1,0.01,1|2|4|5|9|10|12|16
0,0,50,2026082450,8,8,88,58,0.282745953456312,0.168237870268418,0.16938265732829,0.269234785505564,0.183774841052856,0.191265791560696,0.113363296128021,0.0779689939448683,3.16227766016838,1,0.5,2|4|5|6|10|12|15|16
0,0,51,2026082451,8,8,80,66,0.143167568978189,0.134812307051533,0.134005762660296,0.132699196395195,0.129091508386636,0.125902610296366,0.00916180631789268,0.00679658609882827,316.227766016838,316.227766016838,0.5,1|4|6|7|9|10|13|15
0,0,52,2026082452,8,8,68,78,0.122242259941447,0.123230459231123,0.115790059454349,0.144279186290698,0.147361377329062,0.140999940294696,0.00645220048709838,0.00327924599600119,1000,1000,0.01,2|3|6|8|11|12|14|15
0,0,53,2026082453,8,8,88,58,0.282745953456312,0.168237870268418,0.16938265732829,0.269234785505564,0.183774841052856,0.191265791560696,0.113363296128021,0.0779689939448683,3.16227766016838,1,0.5,2|4|5|6|10|12|15|16
0,0,54,2026082454,8,8,77,69,0.26015966242149,0.186896093200732,0.170804414782036,0.231714646229678,0.185996483677539,0.158932054300368,0.0893552476394546,0.0727825919293095,3.16227766016838,1,0.5,2|4|6|7|10|12|13|15
0,0,55,2026082455,8,8,68,78,0.122242259941447,0.123230459231123,0.115790059454349,0.144279186290698,0.147361377329062,0.140999940294696,0.00645220048709838,0.00327924599600119,1000,1000,0.01,2|3|6|8|11|12|14|15
0,0,56,2026082456,8,8,86,60,0.136643324408668,0.181536485472584,0.184961817204372,0.142320932024998,0.188364172881148,0.191595972712825,-0.0483184927957043,-0.0492750406878275,1000,316.227766016838,0.5,1|4|5|8|9|10|14|16
0,0,57,2026082457,8,8,79,67,0.117492894881372,0.130899656420911,0.117133743536818,0.158535241561668,0.141991163011538,0.151240366874147,0.000359151344553749,0.00729487468752096,316.227766016838,1,0.01,3|4|5|6|10|11|15|16
0,0,58,2026082458,8,8,76,70,0.120090212579195,0.160068606673848,0.119374746848105,0.140427410549682,0.16398995504286,0.13651841891163,0.000715465731089687,0.00390899163805248,1000,0.316227766016838,0.01,3|4|6|8|10|11|14|15
0,0,59,2026082459,8,8,93,53,0.20645725622163,0.211419977959927,0.209187864932984,0.215961926834506,0.222129062876482,0.219409616949222,-0.00273060871135378,-0.0034476901147152,31.6227766016838,31.6227766016838,0.1,4|5|6|7|10|13|15|16
0,0,60,2026082460,8,8,101,45,0.15633942455572,0.171361092128164,0.144029768760703,0.166932664881665,0.174342384079811,0.146382810506463,0.0123096557950172,0.0205498543752024,316.227766016838,0.316227766016838,0.01,4|5|6|8|10|14|15|16
0,0,61,2026082461,8,8,72,74,0.17038045831543,0.160226401286184,0.168032210504127,0.163082093298924,0.154562359394311,0.160781411043556,0.00234824781130311,0.00230068225536853,10,10,0.5,2|4|7|8|10|12|13|14
0,0,62,2026082462,8,8,82,64,0.191928373801958,0.169817135511444,0.171415993916139,0.164942953411238,0.148231152824916,0.149940657054058,0.0205123798858188,0.0150022963571799,31.6227766016838,31.6227766016838,0.01,2|6|7|8|12|13|14|15
0,0,63,2026082463,8,8,79,67,0.117492894881372,0.130899656420911,0.117133743536818,0.158535241561668,0.141991163011538,0.151240366874147,0.000359151344553749,0.00729487468752096,316.227766016838,1,0.01,3|4|5|6|10|11|15|16
0,0,64,2026082464,8,8,75,71,0.145153284820022,0.139052947124549,0.139131688580996,0.144420153194082,0.140987476685012,0.140561760304688,0.00602159623902573,0.0038583928893937,10,10,0.5,2|4|5|7|10|12|13|16
0,0,65,2026082465,8,8,63,83,0.320356275883893,0.349681666327708,0.257350094262185,0.261071150583045,0.295814049325604,0.204763932925064,0.0630061816217077,0.0563072176579809,3.16227766016838,1,0.5,2|3|4|6|10|11|12|15
0,0,66,2026082466,8,8,83,63,0.349151726540333,0.24094731782025,0.267674596402766,0.321422465484875,0.249211455498695,0.298236447621139,0.0814771301375671,0.023186017863736,0.01,1,0.01,1|2|5|6|9|12|15|16
0,0,67,2026082467,8,8,75,71,0.189191777885413,0.179018591335358,0.191151355531268,0.181629655310628,0.170622498459429,0.182548247050919,-0.0019595776458555,-0.000918591740290471,1,3.16227766016838,0.01,1|4|7|8|9|10|13|14
0,0,68,2026082468,8,8,69,77,4.03130679845735,0.229129249325383,0.359378745476692,5.26504583784169,0.226594054218039,0.340452853679313,3.67192805298066,4.92459298416237,0.316227766016838,0.316227766016838,0.1,1|3|5|8|9|11|14|16
0,0,69,2026082469,8,8,58,88,0.14298956036315,0.139871801970523,0.140641823193365,0.149535594404724,0.147743455017148,0.147761687560316,0.00234773716978537,0.00177390684440853,316.227766016838,316.227766016838,0.01,1|3|7|8|9|11|13|14
0,0,70,2026082470,8,8,75,71,0.145153284820022,0.139052947124549,0.139131688580996,0.144420153194082,0.140987476685012,0.140561760304688,0.00602159623902573,0.0038583928893937,10,10,0.5,2|4|5|7|10|12|13|16
0,0,71,2026082471,8,8,79,67,0.117492894881372,0.130899656420911,0.117133743536818,0.158535241561668,0.141991163011538,0.151240366874147,0.000359151344553749,0.00729487468752096,316.227766016838,1,0.01,3|4|5|6|10|11|15|16
0,0,72,2026082472,8,8,70,76,0.207767321531323,0.298040761017593,0.222451928774223,0.202270420669646,0.270380862507712,0.211377681717582,-0.0146846072429,-0.00910726104793588,1,3.16227766016838,0.01,1|2|4|8|9|10|12|14
0,0,73,2026082473,8,8,58,88,0.353530578722019,0.399347851073673,0.318192140544913,0.292401675103853,0.308150445681906,0.256892693761637,0.0353384381771063,0.0355089813422167,10,10,0.1,1|2|3|6|9|11|12|15
0,0,74,2026082474,8,8,45,101,0.111408925700589,0.119700737537741,0.113976709175682,0.111909039373734,0.119234233379958,0.113962491832902,-0.00256778347509252,-0.00205345245916796,316.227766016838,316.227766016838,0.5,1|2|3|7|9|11|12|13
0,0,75,2026082475,8,8,58,88,0.36770439698413,0.403729554181744,0.361030586604199,0.302220785194451,0.324292922693478,0.296832599469423,0.00667381037993164,0.00538818572502885,1,0.316227766016838,0.01,2|3|4|8|10|11|12|14
0,0,76,2026082476,8,8,79,67,0.117492894881372,0.130899656420911,0.117133743536818,0.158535241561668,0.141991163011538,0.151240366874147,0.000359151344553749,0.00729487468752096,316.227766016838,1,0.01,3|4|5|6|10|11|15|16
0,0,77,2026082477,8,8,66,80,0.116267098064482,0.121181107795582,0.114139483649745,0.130654761696329,0.13410448919815,0.128983450663254,0.00212761441473705,0.00167131103307515,1000,1000,0.1,2|3|5|8|11|12|14|16
0,0,78,2026082478,8,8,70,76,0.207767321531323,0.298040761017593,0.222451928774223,0.202270420669646,0.270380862507712,0.211377681717582,-0.0146846072429,-0.00910726104793588,1,3.16227766016838,0.01,1|2|4|8|9|10|12|14
0,0,79,2026082479,8,8,53,93,0.123640438695303,0.118097983832016,0.117325390203653,0.118830210794047,0.113984860622074,0.112639965486811,0.00631504849164964,0.00619024530723645,316.227766016838,316.227766016838,0.01,1|3|4|7|9|10|11|13
0,0,80,2026082480,8,8,77,69,0.26015966242149,0.186896093200732,0.170804414782036,0.231714646229678,0.185996483677539,0.158932054300368,0.0893552476394546,0.0727825919293095,3.16227766016838,1,0.5,2|4|6|7|10|12|13|15
0,0,81,2026082481,8,8,74,72,0.103723414158798,0.119046223425223,0.10429392760278,0.120969053732814,0.121826716147729,0.11696489239849,-0.000570513443981652,0.00400416133432425,316.227766016838,0.316227766016838,0.01,3|4|5|8|10|11|14|16
0,0,82,2026082482,8,8,79,67,0.117492894881372,0.130899656420911,0.117133743536818,0.158535241561668,0.141991163011538,0.151240366874147,0.000359151344553749,0.00729487468752096,316.227766016838,1,0.01,3|4|5|6|10|11|15|16
0,0,83,2026082483,8,8,83,63,0.349151726540333,0.24094731782025,0.267674596402766,0.321422465484875,0.249211455498695,0.298236447621139,0.0814771301375671,0.023186017863736,0.01,1,0.01,1|2|5|6|9|12|15|16
0,0,84,2026082484,8,8,85,61,0.180154817043225,0.17448858418488,0.175538452624026,0.161547492598771,0.150953472944988,0.157526456655058,0.00461636441919944,0.0040210359437122,316.227766016838,100,0.1,1|6|7|8|9|13|14|15
0,0,85,2026082485,8,8,78,68,0.212710132430751,0.160414357083884,0.159602952457118,0.208699042265805,0.152131568409323,0.150264878078303,0.0531071799736331,0.0584341641875014,100,316.227766016838,0.01,1|4|5|7|9|10|13|16
0,0,86,2026082486,8,8,60,86,0.121103078496884,0.147589398747967,0.128379406551495,0.134413081675222,0.159460990502593,0.141142000987649,-0.00727632805461081,-0.00672891931242715,316.227766016838,1000,0.1,2|3|6|7|11|12|13|15
0,0,87,2026082487,8,8,96,50,0.164735463449521,0.232413685193089,0.218872232129104,0.177751483835033,0.23680187005903,0.230776404519036,-0.054136768679583,-0.0530249206840033,1000,316.227766016838,0.5,1|5|6|8|9|14|15|16
0,0,88,2026082488,8,8,98,48,0.203560867421938,0.206502016569517,0.203918670092744,0.158060101264269,0.16056194446953,0.158081594169832,-0.000357802670806262,-2.14929055629056e-05,100,100,0.01,5|6|7|8|13|14|15|16
0,0,89,2026082489,8,8,58,88,0.36770439698413,0.403729554181744,0.361030586604199,0.302220785194451,0.324292922693478,0.296832599469423,0.00667381037993164,0.00538818572502885,1,0.316227766016838,0.01,2|3|4|8|10|11|12|14
0,0,90,2026082490,8,8,83,63,0.349151726540333,0.24094731782025,0.267674596402766,0.321422465484875,0.249211455498695,0.298236447621139,0.0814771301375671,0.023186017863736,0.01,1,0.01,1|2|5|6|9|12|15|16
0,0,91,2026082491,8,8,63,83,0.320356275883893,0.349681666327708,0.257350094262185,0.261071150583045,0.295814049325604,0.204763932925064,0.0630061816217077,0.0563072176579809,3.16227766016838,1,0.5,2|3|4|6|10|11|12|15
0,0,92,2026082492,8,8,78,68,0.212710132430751,0.160414357083884,0.159602952457118,0.208699042265805,0.152131568409323,0.150264878078303,0.0531071799736331,0.0584341641875014,100,316.227766016838,0.01,1|4|5|7|9|10|13|16
0,0,93,2026082493,8,8,61,85,0.260535700872404,0.236860129080316,0.244990496748763,0.23514120806195,0.221123914810791,0.228226696666341,0.0155452041236409,0.00691451139560966,1,1,0.01,2|3|4|5|10|11|12|16
0,0,94,2026082494,8,8,69,77,4.03130679845735,0.229129249325383,0.359378745476692,5.26504583784169,0.226594054218039,0.340452853679313,3.67192805298066,4.92459298416237,0.316227766016838,0.316227766016838,0.1,1|3|5|8|9|11|14|16
0,0,95,2026082495,8,8,64,82,0.141873474406355,0.189433093703639,0.197675935075737,0.157557824590285,0.21523225996348,0.22432930975698,-0.0558024606693818,-0.0667714851666951,1000,0.1,0.5,1|3|4|5|9|10|11|16
0,0,96,2026082496,8,8,91,55,0.195890534802463,0.380641554075703,0.322188021045756,0.211246366493957,0.370215033016856,0.333449477868504,-0.126297486243293,-0.122203111374547,1000,31.6227766016838,0.5,1|4|5|6|9|10|15|16
0,0,97,2026082497,8,8,90,56,0.176075157254555,0.177766527658603,0.176785430657758,0.142305824573555,0.14375290959146,0.142864143984422,-0.00071027340320301,-0.000558319410866788,100,100,0.01,4|6|7|8|10|13|14|15
0,0,98,2026082498,8,8,76,70,0.158993828349943,0.171370157173953,0.160975207080281,0.175216952022597,0.201368401534869,0.186083654066526,-0.00198137873033732,-0.0108667020439292,316.227766016838,100,0.1,3|5|6|7|11|13|15|16
0,0,99,2026082499,8,8,53,93,0.123640438695303,0.118097983832016,0.117325390203653,0.118830210794047,0.113984860622074,0.112639965486811,0.00631504849164964,0.00619024530723645,316.227766016838,316.227766016838,0.01,1|3|4|7|9|10|11|13
0,0,100,2026082500,8,8,88,58,0.12080678865536,0.224435546649594,0.141622007485847,0.137629699823992,0.251229751137805,0.146761226837696,-0.0208152188304872,-0.00913152701370379,1000,1,0.1,1|4|6|8|9|10|14|15
25,2,1,2026083401,8,8,67,79,0.154977326149714,0.154534620629435,0.155452698452613,0.15856846790539,0.159837296570443,0.159237564657672,-0.000475372302898985,-0.000669096752282487,100,100,0.01,3|4|7|8|11|13|14|15
25,2,2,2026083402,8,8,74,72,0.168186879917661,0.129618801497123,0.122984288148853,0.162277759300816,0.126303576791949,0.122599543064182,0.0452025917688075,0.0396782162366342,316.227766016838,316.227766016838,0.01,1|2|7|8|9|12|14|15
25,2,3,2026083403,8,8,86,60,0.133042756292763,0.0943798486618797,0.0927803071946451,0.135852827589514,0.106373000962175,0.105331591104659,0.040262449098118,0.0305212364848546,316.227766016838,316.227766016838,0.01,1|4|6|8|9|12|14|15
25,2,4,2026083404,8,8,86,60,0.146234446440727,0.125088573484796,0.109554921144451,0.15508561819558,0.148257165925569,0.130297656531959,0.036679525296276,0.0247879616636211,316.227766016838,1000,0.01,1|6|7|8|9|12|14|15
25,2,5,2026083405,8,8,74,72,0.108944448816571,0.0869784843253226,0.0784364848784124,0.123194532930449,0.103874699603485,0.0977033849167611,0.0305079639381587,0.0254911480136878,316.227766016838,316.227766016838,0.01,3|4|6|8|11|12|14|15
25,2,6,2026083406,8,8,73,73,0.163144263800308,0.163540549388771,0.162960415280215,0.157049560793108,0.159015238494024,0.156877784504935,0.000183848520092678,0.000171776288173258,100,100,0.01,3|4|6|7|8|11|13|15
25,2,7,2026083407,8,8,76,70,0.173990152563943,0.156314910377934,0.157674289370705,0.1635122839143,0.149634706216783,0.150513456738435,0.0163158631932377,0.0129988271758651,31.6227766016838,31.6227766016838,0.1,2|4|7|8|12|13|14|15
25,2,8,2026083408,8,8,54,92,0.117604842163959,0.122521434764736,0.11896867437234,0.124531118443169,0.12952400530028,0.125852664161974,-0.00136383220838117,-0.00132154571880514,316.227766016838,316.227766016838,0.5,2|3|5|7|11|12|13|14
25,2,9,2026083409,8,8,89,57,0.193473344767578,0.190806096860439,0.189725073976267,0.166936301691008,0.164866484323029,0.164371201255461,0.00374827079131115,0.00256510043554649,100,100,0.01,5|6|7|8|12|13|14|15
25,2,10,2026083410,8,8,69,77,0.153047060499627,0.152990698578907,0.151854619194708,0.161994165084575,0.163848329559494,0.160747419760131,0.00119244130491969,0.00124674532444382,100,100,0.01,3|4|6|7|9|11|13|15
25,2,11,2026083411,8,8,77,69,0.156113215361418,0.155727939372571,0.1555204458212,0.149737434565292,0.150660362821702,0.148792958681109,0.000592769540217697,0.000944475884183421,316.227766016838,316.227766016838,0.5,3|6|7|8|11|13|15|16
25,2,12,2026083412,8,8,94,52,0.111530807886408,0.0930298730300148,0.106555144973357,0.1340943007347,0.111022181857338,0.129203821097835,0.00497566291305095,0.00489047963686542,1000,316.227766016838,0.5,2|4|6|8|10|14|15|16
25,2,13,2026083413,8,8,47,99,0.136601123999284,0.137891806380041,0.13546881099524,0.134317450772404,0.135269068649471,0.133049982272431,0.00113231300404396,0.00126746849997281,1000,1000,0.01,1|2|3|4|9|10|11|13
25,2,14,2026083414,8,8,61,85,0.290503775480479,0.334237834707031,0.227762401371602,0.261166691095989,0.27602030983178,0.200031872769133,0.0627413741088777,0.0611348183268556,3.16227766016838,1,0.1,2|3|4|10|11|12|15|16
25,2,15,2026083415,8,8,71,75,0.132376860856581,0.123561007905647,0.121323981777335,0.126006560547787,0.116882516220941,0.11571241385258,0.0110528790792465,0.0102941466952074,316.227766016838,100,0.01,1|2|4|7|9|10|13|16
25,2,16,2026083416,8,8,82,64,0.124164026775304,0.120100932459379,0.131100942691704,0.154839886887357,0.157809719525234,0.16952161230564,-0.00693691591639992,-0.0146817254182836,1000,316.227766016838,0.5,3|5|6|8|9|11|15|16
25,2,17,2026083417,8,8,78,68,0.187557464595366,0.174722815384838,0.184524406273939,0.172533887682716,0.158850674031133,0.169840972422388,0.00303305832142692,0.00269291526032857,10,10,0.5,2|6|7|8|10|12|13|14
25,2,18,2026083418,8,8,63,83,0.133697695656884,0.141760103753457,0.134795799307711,0.143171265637256,0.15102276833832,0.143527051657273,-0.00109810365082688,-0.000355786020017086,1000,1000,0.01,2|3|6|7|11|12|13|16
25,2,19,2026083419,8,8,79,67,0.168246507752069,0.148726393575916,0.147427080821021,0.180176551417397,0.169786784638705,0.167058637469754,0.020819426931048,0.0131179139476424,10,10,0.5,2|4|5|7|12|13|15|16
25,2,20,2026083420,8,8,73,73,0.119055954780308,0.122889115515172,0.11804225746139,0.129324919876072,0.132278945179283,0.128779062903337,0.00101369731891869,0.000545856972735096,1000,1000,0.1,2|4|5|8|11|12|14|16
25,2,21,2026083421,8,8,66,80,0.273200799652588,0.308681442050657,0.209384312759077,0.2338194836525,0.231249508247775,0.180707014866419,0.0638164868935118,0.0531124687860812,1,1,0.01,2|3|6|8|9|11|12|15
25,2,22,2026083422,8,8,64,82,0.307373751210055,0.314231634906555,0.297007781448824,0.255347071070286,0.257517860111771,0.249700185043289,0.0103659697612309,0.00564688602699709,3.16227766016838,3.16227766016838,0.01,1|2|3|5|6|11|12|16
25,2,23,2026083423,8,8,91,55,0.183206987939823,0.200160115006291,0.193551646031874,0.180127699799578,0.209040122312246,0.200665067842937,-0.0103446580920514,-0.0205373680433587,316.227766016838,100,0.1,5|6|7|9|10|13|15|16
25,2,24,2026083424,8,8,71,75,0.153511405683439,0.144986540119986,0.143709576150697,0.15388950098326,0.150515620747347,0.145819940793163,0.00980182953274156,0.00806956019009653,316.227766016838,316.227766016838,0.1,1|5|6|7|9|11|13|15
25,2,25,2026083425,8,8,84,62,0.286091228429446,0.178148365053539,0.175408202685659,0.272866345695706,0.190090435005921,0.192300481682672,0.110683025743787,0.0805658640130339,3.16227766016838,0.316227766016838,0.5,2|5|8|10|12|14|15|16
25,2,26,2026083426,8,8,63,83,0.101394755817063,0.10665915646455,0.103769687831505,0.112668886223947,0.116042172748606,0.114616050798398,-0.00237493201444247,-0.00194716457445167,316.227766016838,316.227766016838,0.1,1|3|4|9|10|11|14|16
25,2,27,2026083427,8,8,77,69,0.107599096349856,0.111503599345971,0.107952688406974,0.136266191450531,0.139369930884871,0.137062192517029,-0.000353592057117491,-0.000796001066497576,1000,1000,0.01,1|3|6|8|11|14|15|16
25,2,28,2026083428,8,8,71,75,0.142241658830695,0.13429344428532,0.129898150875853,0.138673904427815,0.131192026307088,0.127046105506819,0.0123435079548417,0.0116277989209959,316.227766016838,316.227766016838,0.5,1|2|7|8|9|12|13|16
25,2,29,2026083429,8,8,80,66,0.157654530737713,0.156877707849982,0.155899561251511,0.15906723433665,0.158688595624868,0.157013769908064,0.00175496948620191,0.0020534644285867,316.227766016838,316.227766016838,0.1,4|5|6|10|11|13|15|16
25,2,30,2026083430,8,8,56,90,0.111527362738195,0.115413759917596,0.111998635452108,0.117020118026987,0.12115220067744,0.117271149036626,-0.000471272713912979,-0.000251031009638644,316.227766016838,316.227766016838,0.5,2|3|5|7|8|11|12|13
25,2,31,2026083431,8,8,73,73,0.150850236775509,0.132256501769555,0.143633138518955,0.148800064567136,0.133858403880468,0.141387072851424,0.00721709825655409,0.00741299171571164,316.227766016838,100,0.1,4|6|7|9|10|11|13|15
25,2,32,2026083432,8,8,67,79,0.115845169064222,0.208399332977345,0.141491680933732,0.156402034095257,0.20933879855809,0.189315366016271,-0.0256465118695104,-0.0329133319210141,1000,1,0.5,1|2|3|5|6|9|11|16
25,2,33,2026083433,8,8,77,69,0.21817823650801,0.18668619971168,0.178054261603332,0.219995414407176,0.199573353871617,0.19481765669118,0.0401239749046784,0.0251777577159962,3.16227766016838,1,0.01,1|2|4|5|9|12|15|16
25,2,34,2026083434,8,8,53,93,0.12266208602833,0.125931878290276,0.122213331831074,0.128497223273806,0.130639315463682,0.127915056666026,0.000448754197255694,0.000582166607780269,1000,1000,0.1,1|2|3|4|9|10|11|14
25,2,35,2026083435,8,8,72,74,0.116023154852489,0.150222271854897,0.119727968711174,0.135159296443907,0.134613152069876,0.139686186681839,-0.00370481385868461,-0.00452689023793179,316.227766016838,3.16227766016838,0.1,3|4|6|7|9|10|11|15
25,2,36,2026083436,8,8,61,85,0.141628107793032,0.135837535048046,0.135071950760154,0.134112465349837,0.129604044073915,0.128303800145533,0.00655615703287823,0.00580866520430379,316.227766016838,316.227766016838,0.01,1|4|5|7|9|10|11|13
25,2,37,2026083437,8,8,42,104,0.201362681537344,0.20101450783419,0.195441299121457,0.191446726917636,0.190503476427606,0.184769426844254,0.00592138241588755,0.00667730007338196,100,100,0.01,1|2|3|9|10|11|12|13
25,2,38,2026083438,8,8,59,87,0.397835098319162,0.398304899705879,0.381209082251696,0.330107789889846,0.324097615949984,0.315797237801721,0.0166260160674658,0.0143105520881256,3.16227766016838,10,0.01,1|2|3|8|11|12|14|16
25,2,39,2026083439,8,8,99,47,0.17298972482333,0.148443142882173,0.136226650310451,0.165256363657621,0.161584493366943,0.161491782740585,0.0367630745128793,0.003764580917036,316.227766016838,100,0.1,4|5|6|8|12|14|15|16
25,2,40,2026083440,8,8,90,56,0.135588409710186,0.201040415391191,0.190678982863082,0.140490078605795,0.208308254195456,0.197882026918317,-0.0550905731528963,-0.0573919483125221,1000,316.227766016838,0.5,1|4|5|8|9|14|15|16
25,2,41,2026083441,8,8,73,73,4.09686581212947,0.169372054073356,0.315175995731736,5.04103314689729,0.201054524608736,0.30220330547855,3.78168981639773,4.73882984141875,316.227766016838,316.227766016838,0.01,1|2|5|9|10|12|14|16
25,2,42,2026083442,8,8,49,97,0.108939697808453,0.112308602895546,0.109635375325711,0.113949643059816,0.117346233851525,0.11456262478196,-0.000695677517257395,-0.000612981722143711,316.227766016838,316.227766016838,0.5,1|2|3|7|8|11|12|13
25,2,43,2026083443,8,8,72,74,0.132716253327248,0.138372187552431,0.133146469761148,0.11965599171503,0.124886993133612,0.119019900460855,-0.000430216433900454,0.000636091254175662,100,100,0.5,1|2|4|6|9|12|13|15
25,2,44,2026083444,8,8,67,79,0.773705643794463,0.135434392727074,0.214810238502684,0.961443201910828,0.163599884985017,0.223955777414556,0.558895405291779,0.737487424496272,0.1,316.227766016838,0.01,1|3|4|5|9|11|14|16
25,2,45,2026083445,8,8,83,63,0.173783036098724,0.194488594296161,0.150406900760089,0.177078685651278,0.179908199316389,0.159978852383181,0.0233761353386357,0.0170998332680969,316.227766016838,100,0.01,1|2|5|6|8|12|14|15
25,2,46,2026083446,8,8,47,99,0.136601123999284,0.137891806380041,0.13546881099524,0.134317450772404,0.135269068649471,0.133049982272431,0.00113231300404396,0.00126746849997281,1000,1000,0.01,1|2|3|4|9|10|11|13
25,2,47,2026083447,8,8,95,51,0.200137120422887,0.203899164433917,0.201422401204474,0.192255875377564,0.196315153351579,0.193681011262005,-0.00128528078158668,-0.00142513588444097,100,100,0.5,5|6|7|8|10|13|15|16
25,2,48,2026083448,8,8,77,69,0.107336508784158,0.0987768265503314,0.0951126458551359,0.129932671398259,0.123085992066008,0.120832486574978,0.012223862929022,0.00910018482328087,1000,1000,0.5,2|3|4|5|6|10|12|15
25,2,49,2026083449,8,8,72,74,0.111465866859269,0.100481620877874,0.120794682195262,0.140879479371799,0.134518282597703,0.157271605535499,-0.00932881533599296,-0.0163921261636997,1000,316.227766016838,0.5,1|3|4|5|6|10|11|16
25,2,50,2026083450,8,8,92,54,0.127209765912731,0.136864060350265,0.142521565419177,0.146000232349481,0.140401963162135,0.154728739365297,-0.0153117995064458,-0.00872850701581587,1000,316.227766016838,0.01,1|4|5|6|8|9|14|15
25,2,51,2026083451,8,8,62,84,0.122345779961417,0.120570233607052,0.119774200431818,0.124622102015981,0.123780006119964,0.12161814221244,0.00257157952959912,0.00300395980354165,316.227766016838,316.227766016838,0.1,2|3|4|6|10|11|13|15
25,2,52,2026083452,8,8,69,77,0.121422842198827,0.12461180151597,0.120682303381373,0.126782395374739,0.129269134879024,0.126297718420713,0.00074053881745359,0.000484676954026441,1000,1000,0.1,2|4|8|10|11|12|14|16
25,2,53,2026083453,8,8,82,64,0.186836249102317,0.165041010348711,0.166086635320094,0.178928894076277,0.186327461488867,0.1734152809128,0.020749613782223,0.00551361316347725,3.16227766016838,100,0.1,1|2|5|6|7|9|12|16
25,2,54,2026083454,8,8,95,51,0.126126995224061,0.13906031996958,0.147546855618689,0.14894541447282,0.162400794904799,0.175963317831036,-0.021419860394628,-0.0270179033582166,1000,316.227766016838,0.5,1|4|5|6|8|10|15|16
25,2,55,2026083455,8,8,68,78,0.115562846847094,0.114456254906687,0.108886462802639,0.138709695360548,0.139832630373253,0.134907728918895,0.006676384044455,0.00380196644165245,1000,1000,0.01,1|3|6|8|11|12|14|15
25,2,56,2026083456,8,8,65,81,0.182493799253548,0.182595866796419,0.174404394140718,0.168099265362334,0.166382503435083,0.159810147539793,0.00808940511283038,0.00828911782254103,3.16227766016838,3.16227766016838,0.01,1|2|4|7|9|12|13|14
25,2,57,2026083457,8,8,59,87,0.164445921774464,0.167669479131464,0.164152879959464,0.158343758287776,0.160472034660613,0.156748942277485,0.000293041814999867,0.00159481601029039,100,100,0.5,1|2|3|5|7|9|12|13
25,2,58,2026083458,8,8,87,59,0.140403885155379,0.111029262467114,0.118752016207761,0.159319912910004,0.13095311643192,0.143462901915205,0.0216518689476182,0.015857010994799,1000,316.227766016838,0.5,2|5|6|8|9|12|14|15
25,2,59,2026083459,8,8,72,74,0.328775017099191,0.370651094874507,0.253306908571579,0.260704315279442,0.250788434453007,0.197250267846719,0.0754681085276119,0.0634540474327225,3.16227766016838,1,0.5,2|3|6|8|11|12|15|16
25,2,60,2026083460,8,8,61,85,0.359203012550202,0.402230509987567,0.350475114643592,0.275835564055784,0.302568941664323,0.265868579095794,0.0087278979066101,0.00996698495998991,10,10,0.1,1|2|3|6|9|11|12|16
25,2,61,2026083461,8,8,76,70,0.185093382349116,0.148888748782478,0.151202280573513,0.181020385533881,0.143731299502438,0.144769634045754,0.0338911017756026,0.0362507514881266,316.227766016838,316.227766016838,0.01,1|4|5|7|9|12|13|16
25,2,62,2026083462,8,8,80,66,0.167759611952277,0.194981083260866,0.167669836343572,0.163384788658501,0.200253844934084,0.170662941491716,8.97756087053225e-05,-0.00727815283321512,316.227766016838,100,0.5,3|4|5|7|10|13|15|16
25,2,63,2026083463,8,8,72,74,0.0960568958656678,0.10047014310153,0.0948058402354387,0.127188600910283,0.128794663744672,0.125968094227796,0.00125105563022911,0.00122050668248695,316.227766016838,316.227766016838,0.01,2|3|4|5|6|10|11|16
25,2,64,2026083464,8,8,90,56,0.192131013566404,0.187945270257245,0.189083951325752,0.203235365531651,0.203534554732958,0.203029385595071,0.00304706224065246,0.000205979936579642,31.6227766016838,31.6227766016838,0.1,1|4|5|6|7|13|15|16
25,2,65,2026083465,8,8,74,72,0.152092497309377,0.153400937510352,0.151539932569018,0.151435308671588,0.154962152814601,0.150768636798555,0.000552564740359807,0.000666671873033108,316.227766016838,316.227766016838,0.5,3|5|6|7|8|11|13|15
25,2,66,2026083466,8,8,67,79,0.261530346461252,0.142850810172315,0.178751548628217,0.245095409386758,0.139522580461983,0.168280554497195,0.0827787978330353,0.0768148548895635,100,316.227766016838,0.01,1|2|3|8|9|12|14|15
25,2,67,2026083467,8,8,73,73,0.18927833579651,0.186134148450285,0.183631027186138,0.184840173712676,0.181903810084924,0.179852638134064,0.00564730861037188,0.00498753557861235,1,1,0.01,1|4|7|8|9|12|13|14
25,2,68,2026083468,8,8,65,81,0.128811196972205,0.129818366228299,0.128185503381813,0.135657453197929,0.13889947415827,0.134976997353699,0.000625693590391274,0.00068045584423036,316.227766016838,316.227766016838,0.01,2|3|4|6|7|11|13|15
25,2,69,2026083469,8,8,64,82,0.143666946789561,0.141110743767121,0.144166889169104,0.148673006469544,0.146813450746758,0.149018358234102,-0.000499942379542873,-0.00034535176455865,31.6227766016838,31.6227766016838,0.5,2|4|7|8|10|11|13|14
25,2,70,2026083470,8,8,72,74,0.107608131532481,0.149919483156539,0.110816375593593,0.124677945502927,0.206961612075413,0.128144421950185,-0.00320824406111234,-0.00346647644725761,316.227766016838,0.316227766016838,0.1,3|4|6|9|10|11|14|15
25,2,71,2026083471,8,8,76,70,0.131422131220166,0.129825759974361,0.124250669201262,0.154843868553002,0.155275288094511,0.150764003393896,0.00717146201890385,0.00407986515910575,1000,1000,0.01,2|5|6|8|11|12|14|15
25,2,72,2026083472,8,8,87,59,0.543543687343942,0.175568931246579,0.190470405379252,0.522087523653469,0.162113382401417,0.169705820174433,0.35307328196469,0.352381703479037,316.227766016838,316.227766016838,0.1,1|5|6|7|9|13|14|16
25,2,73,2026083473,8,8,71,75,0.125703370506613,0.101924005935971,0.0901631706144789,0.142067790737576,0.118860539686685,0.110835397092927,0.0355401998921338,0.0312323936446494,316.227766016838,316.227766016838,0.01,3|6|8|10|11|12|14|15
25,2,74,2026083474,8,8,76,70,0.169210698620777,0.15146889123945,0.155343331627374,0.187955243734912,0.171506745192525,0.174796469385881,0.013867366993403,0.0131587743490312,3.16227766016838,3.16227766016838,0.5,2|4|5|10|12|13|15|16
25,2,75,2026083475,8,8,56,90,0.118185032642833,0.116079455588635,0.116696989622321,0.115434455666755,0.114222673538398,0.114162730841114,0.00148804302051195,0.00127172482564171,316.227766016838,316.227766016838,0.01,1|3|4|5|7|10|11|13
25,2,76,2026083476,8,8,42,104,0.201362681537344,0.20101450783419,0.195441299121457,0.191446726917636,0.190503476427606,0.184769426844254,0.00592138241588755,0.00667730007338196,100,100,0.01,1|2|3|9|10|11|12|13
25,2,77,2026083477,8,8,85,61,0.166903887626208,0.16769008275632,0.166221465866061,0.165134857790554,0.166840597819889,0.164176071539822,0.000682421760146462,0.000958786250732587,316.227766016838,316.227766016838,0.1,5|6|7|8|11|13|15|16
25,2,78,2026083478,8,8,65,81,0.109954599332663,0.114779034023698,0.1077485444083,0.118057005826638,0.121531130297069,0.116202947831829,0.00220605492436256,0.00185405799480886,1000,1000,0.1,2|3|4|8|11|12|14|16
25,2,79,2026083479,8,8,60,86,0.144284527579972,0.14566360334655,0.141612316830453,0.144306133371169,0.146112658911163,0.142046781962867,0.00267221074951854,0.0022593514083019,100,100,0.01,1|2|3|8|9|12|13|14
25,2,80,2026083480,8,8,64,82,0.143165379205538,0.136825169284996,0.137913090692543,0.152408711909215,0.148188528766923,0.147168882044379,0.00525228851299564,0.0052398298648363,316.227766016838,316.227766016838,0.1,1|3|5|7|11|13|15|16
25,2,81,2026083481,8,8,73,73,0.162731427577937,0.160119081222654,0.160554041197229,0.161840536270517,0.158982853450746,0.1590163915299,0.00217738638070847,0.0028241447406179,100,100,0.5,5|7|8|11|12|13|14|16
25,2,82,2026083482,8,8,73,73,0.133111707670697,0.162735920378082,0.127704090349815,0.165324750711308,0.17699101039111,0.160196985169882,0.00540761732088202,0.00512776554142547,1,0.316227766016838,0.1,3|4|6|8|9|10|11|14
25,2,83,2026083483,8,8,62,84,0.333142386826633,0.346882705125878,0.319867720086477,0.268276107608586,0.293580537688944,0.257167077224425,0.013274666740156,0.0111090303841612,1,0.316227766016838,0.5,2|3|4|6|10|11|12|14
25,2,84,2026083484,8,8,54,92,0.129624146025848,0.133855411649933,0.128915288819529,0.134652572139326,0.137804753528315,0.133593879230196,0.000708857206318581,0.00105869290912997,1000,1000,0.1,1|3|4|9|10|11|12|14
25,2,85,2026083485,8,8,67,79,0.111819979770623,0.111411510783601,0.126036011635989,0.124862659462155,0.146663197883919,0.151887210372709,-0.0142160318653654,-0.0270245509105533,1000,316.227766016838,0.5,1|3|4|5|10|11|15|16
25,2,86,2026083486,8,8,68,78,0.243672487097526,0.15384372750851,0.210198272304998,0.222997608677264,0.154124880708141,0.195637452843206,0.0334742147925282,0.0273601558340572,0.1,3.16227766016838,0.1,1|2|5|8|9|12|13|14
25,2,87,2026083487,8,8,86,60,0.154179027476993,0.168989435992745,0.163918741951233,0.134048164736049,0.147859750467565,0.140708864324512,-0.00973971447424002,-0.00666069958846307,31.6227766016838,100,0.01,1|5|6|8|9|13|14|15
25,2,88,2026083488,8,8,80,66,0.123576085609858,0.17503751788436,0.169987259751016,0.139656668377633,0.197007666034049,0.19411241059215,-0.0464111741411587,-0.0544557422145178,1000,316.227766016838,0.5,1|2|5|8|9|10|14|16
25,2,89,2026083489,8,8,87,59,0.146017824438476,0.152861803309194,0.154147393365434,0.156375293340666,0.169066322625022,0.170636035788411,-0.00812956892695826,-0.0142607424477451,1,3.16227766016838,0.1,4|5|6|8|10|11|14|16
25,2,90,2026083490,8,8,87,59,0.144741107250436,0.187814388823313,0.177415439033301,0.171933083511723,0.210812419760624,0.210279384964614,-0.0326743317828651,-0.0383463014528909,1000,316.227766016838,0.5,1|3|4|5|6|9|15|16
25,2,91,2026083491,8,8,69,77,0.126014810394076,0.136497621147386,0.129144302141795,0.117859531748643,0.132772470349297,0.12064451075565,-0.00312949174771868,-0.00278497900700751,100,316.227766016838,0.5,2|6|7|8|11|12|13|15
25,2,92,2026083492,8,8,77,69,0.115524611665578,0.0878573806751236,0.111407332646659,0.136059962592861,0.105815333456734,0.130018900429741,0.00411727901891827,0.00604106216312,1000,316.227766016838,0.01,1|4|6|8|10|11|14|15
25,2,93,2026083493,8,8,60,86,0.126080681621929,0.109137954904624,0.125764813495295,0.131570437484366,0.115806456875707,0.129064176472842,0.000315868126634838,0.00250626101152358,1000,316.227766016838,0.5,1|3|4|9|10|11|14|15
25,2,94,2026083494,8,8,67,79,1.54575616594601,0.141476028840963,0.229763249103469,2.05749032040028,0.173262323512603,0.238205807322463,1.31599291684255,1.81928451307782,0.316227766016838,316.227766016838,0.5,1|3|5|7|9|11|14|16
25,2,95,2026083495,8,8,86,60,0.14641026878904,0.153975759426347,0.150161743116527,0.147778124370956,0.160482454104334,0.153850570281958,-0.00375147432748671,-0.00607244591100232,31.6227766016838,10,0.1,2|4|6|7|10|13|15|16
25,2,96,2026083496,8,8,94,52,0.109949508756275,0.0954496911675816,0.109497987681987,0.132105262910347,0.111846083497221,0.130409824203352,0.000451521074288211,0.00169543870699534,1000,316.227766016838,0.5,1|4|6|8|10|14|15|16
25,2,97,2026083497,8,8,66,80,0.252683464343489,0.116740556231067,0.179114413831107,0.253287384463614,0.137483267574154,0.19453309868347,0.0735690505123827,0.0587542857801442,0.316227766016838,1000,0.01,1|3|6|8|9|11|12|15
25,2,98,2026083498,8,8,73,73,0.123736158606325,0.130329986380996,0.121700109293523,0.116482175877406,0.119740884179098,0.116378588096237,0.00203604931280181,0.000103587781168925,31.6227766016838,10,0.1,2|4|5|7|8|10|12|13
25,2,99,2026083499,8,8,67,79,0.315726929761247,0.297677443151203,0.293467902591264,0.250358045129092,0.238038748405093,0.233993181119325,0.0222590271699832,0.0163648640097668,1,1,0.5,2|3|5|6|10|11|12|16
25,2,100,2026083500,8,8,65,81,0.167293103348118,0.153105562418674,0.151893376151826,0.162563408391504,0.146336129100684,0.145486244365954,0.0153997271962927,0.0170771640255501,0.1,0.316227766016838,0.5,1|3|4|8|9|10|11|16
50,4,1,2026084401,8,8,60,86,0.102938457174814,0.101933565372214,0.105235065591623,0.105021533452158,0.0995477636053369,0.106138696154075,-0.00229660841680909,-0.00111716270191733,1000,316.227766016838,0.01,1|2|4|7|8|9|11|12
50,4,2,2026084402,8,8,82,64,0.150089665926559,0.117937937730217,0.132713723966449,0.1549783113486,0.129155883846282,0.138135869993449,0.0173759419601101,0.0168424413551505,10000,1000,0.1,1|4|5|10|12|14|15|16
50,4,3,2026084403,8,8,76,70,0.126382361316429,0.136226213447413,0.140834072135853,0.151125612157445,0.14312340918946,0.167939630289092,-0.014451710819425,-0.0168140181316463,1000,1,0.5,2|4|5|6|7|10|11|15
50,4,4,2026084404,8,8,62,84,0.144253687382793,0.144131655807032,0.142940324372907,0.136757761740945,0.136231177837328,0.134934467905318,0.00131336300988624,0.00182329383562699,316.227766016838,316.227766016838,0.1,4|7|9|10|11|12|13|15
50,4,5,2026084405,8,8,62,84,0.111984196177733,0.109477419191226,0.104905109350975,0.118086055858841,0.116677350009285,0.112166416841159,0.00707908682675783,0.00591963901768195,316.227766016838,316.227766016838,0.01,2|4|5|7|9|10|11|12
50,4,6,2026084406,8,8,65,81,0.131789612335801,0.161371193166384,0.136955273049298,0.12440854981134,0.148658185840274,0.127637873969623,-0.00516566071349642,-0.00322932415828343,316.227766016838,100,0.5,1|2|3|4|7|8|9|13
50,4,7,2026084407,8,8,94,52,0.109024677640028,0.101189168580161,0.110978893714529,0.134933914981259,0.124186913337924,0.138229366007286,-0.0019542160745014,-0.00329545102602727,1000,316.227766016838,0.5,2|4|6|7|8|10|15|16
50,4,8,2026084408,8,8,72,74,0.0980947601298308,0.103503830674425,0.0995450623373485,0.11706993532085,0.123825853749801,0.121532229732617,-0.00145030220751778,-0.00446229441176662,316.227766016838,316.227766016838,0.01,1|2|4|5|8|11|14|16
50,4,9,2026084409,8,8,88,58,0.110051196758238,0.139384587522712,0.125159061518407,0.123018946902136,0.130769494505631,0.135377445249876,-0.0151078647601691,-0.0123584983477409,316.227766016838,100,0.01,1|2|4|6|8|10|15|16
50,4,10,2026084410,8,8,73,73,0.155361269828194,0.1476073404052,0.148615001331233,0.155776790916462,0.150320890757037,0.149818951515549,0.00674626849696047,0.0059578394009132,316.227766016838,316.227766016838,0.1,1|5|7|8|11|13|15|16
50,4,11,2026084411,8,8,76,70,0.127686430996228,0.131078282936675,0.128863640552724,0.137024448865631,0.140049300877265,0.138541190666755,-0.00117720955649581,-0.00151674180112395,1000,1000,0.01,1|7|8|9|11|14|15|16
50,4,12,2026084412,8,8,55,91,0.124650645042731,0.16360768833924,0.13408876539555,0.14684084193657,0.180385832255409,0.160039107636687,-0.00943812035281885,-0.0131982657001163,316.227766016838,100,0.5,1|2|3|5|9|10|11|15
50,4,13,2026084413,8,8,54,92,0.120509960784968,0.123080421875261,0.120842307788639,0.127572030555774,0.129985335937056,0.127778926640439,-0.000332347003670797,-0.000206896084665361,316.227766016838,316.227766016838,0.01,2|3|10|11|12|13|14|16
50,4,14,2026084414,8,8,68,78,0.14672108634558,0.146478631723189,0.145271464941065,0.148232669385816,0.148300036052089,0.146983083593251,0.00144962140451516,0.00124958579256436,100,100,0.5,5|7|10|11|12|13|14|16
50,4,15,2026084415,8,8,74,72,0.225871273639238,0.18256496313991,0.163070853012627,0.21577267116943,0.167886272792006,0.162488441100363,0.0628004206266116,0.0532842300690672,31.6227766016838,31.6227766016838,0.5,1|2|4|5|8|10|12|15
50,4,16,2026084416,8,8,70,76,0.183501569321775,0.152986325544425,0.178134312576814,0.162294532615412,0.147343293773209,0.157767312206976,0.00536725674496119,0.0045272204084354,3.16227766016838,100,0.5,1|2|6|7|10|12|13|14
50,4,17,2026084417,8,8,61,85,0.137092008606716,0.137239058257928,0.134815325840382,0.131446948091741,0.131244552546105,0.128816725531201,0.0022766827663338,0.00263022256054077,316.227766016838,316.227766016838,0.5,2|4|7|9|10|11|13|15
50,4,18,2026084418,8,8,84,62,0.144749297633252,0.138050487398639,0.14429160355157,0.141593353448226,0.131457297001947,0.143527830244233,0.000457694081682281,-0.00193447679600714,316.227766016838,100,0.01,2|4|5|6|9|10|13|16
50,4,19,2026084419,8,8,61,85,0.132847308620183,0.125645749271013,0.126987770037061,0.136035124159936,0.130102520251898,0.130242062044171,0.0058595385831216,0.0057930621157652,316.227766016838,316.227766016838,0.5,1|3|7|8|10|11|13|16
50,4,20,2026084420,8,8,90,56,0.162986969649867,0.159679111956975,0.156154272734735,0.148924616507382,0.146586083910702,0.144640978664662,0.00683269691513266,0.00428363784272055,100,100,0.5,5|6|8|10|12|13|15|16
50,4,21,2026084421,8,8,74,72,0.138897640625406,0.117400360867464,0.101973203127887,0.153683040001908,0.141223230470865,0.121342037227136,0.0369244374975188,0.0323410027747724,316.227766016838,1000,0.1,1|3|6|9|10|12|14|15
50,4,22,2026084422,8,8,64,82,0.0982351511592642,0.100069348431045,0.0961702198389335,0.10154587274688,0.102694789219507,0.0993785422686193,0.0020649313203307,0.00216733047826067,316.227766016838,316.227766016838,0.01,1|2|4|7|8|10|11|14
50,4,23,2026084423,8,8,90,56,0.149301207716499,0.197734194064663,0.172938223348503,0.178706466489623,0.208416816890177,0.202566717336687,-0.0236370156320038,-0.023860250847064,316.227766016838,100,0.01,1|2|4|5|6|7|15|16
50,4,24,2026084424,8,8,95,51,0.143598113611927,0.135496828853882,0.143049493750846,0.167391866884383,0.160719186559892,0.171405871273935,0.000548619861081651,-0.00401400438955155,1000,316.227766016838,0.1,2|5|6|7|8|9|14|16
50,4,25,2026084425,8,8,79,67,0.147315007882423,0.15180373268245,0.147789205049747,0.155371738499906,0.173453812901646,0.164366637918908,-0.000474197167323637,-0.0089948994190017,10000,316.227766016838,0.5,1|2|5|7|12|14|15|16
50,4,26,2026084426,8,8,55,91,0.13339115753355,0.154406467705159,0.136908028437459,0.132766713638302,0.15318573913162,0.137547368108075,-0.00351687090390865,-0.00478065446977212,100,316.227766016838,0.5,2|4|9|10|11|12|13|14
50,4,27,2026084427,8,8,81,65,0.16253209249157,0.157422283020783,0.157116598368099,0.155347582976395,0.14388024776017,0.149648770061422,0.00541549412347125,0.00569881291497387,316.227766016838,100,0.1,3|6|8|9|10|13|14|15
50,4,28,2026084428,8,8,77,69,0.148723161660259,0.141360813064166,0.147638722610016,0.178481934778491,0.160794020529227,0.181212751934874,0.00108443905024275,-0.00273081715638332,10000,316.227766016838,0.1,1|2|3|5|6|12|14|16
50,4,29,2026084429,8,8,75,71,0.152840244447222,0.14956051559379,0.147035200985269,0.136258854120708,0.133080473557532,0.132060674621711,0.00580504346195304,0.00419817949899716,31.6227766016838,31.6227766016838,0.5,1|2|4|6|8|12|13|14
50,4,30,2026084430,8,8,79,67,0.133378705023037,0.121159831556996,0.127700801167369,0.160334716068293,0.147133685239337,0.153779299783373,0.00567790385566799,0.0065554162849201,1000,316.227766016838,0.5,3|6|7|9|11|14|15|16
50,4,31,2026084431,8,8,86,60,0.135325244931514,0.13488864415818,0.135525503148486,0.119421755822395,0.119275794584478,0.120528327937862,-0.000200258216971755,-0.00110657211546613,31.6227766016838,10,0.1,1|4|5|6|10|13|14|16
50,4,32,2026084432,8,8,69,77,0.125646979417605,0.130203123371248,0.124030928914996,0.13331026574667,0.136954370592855,0.13179300745246,0.00161605050260893,0.00151725829421009,1000,1000,0.5,2|4|5|7|8|11|12|14
50,4,33,2026084433,8,8,72,74,0.162262909622407,0.145273315034303,0.155050226350474,0.155656141970856,0.142222872887269,0.146891016420655,0.00721268327193228,0.00876512555020167,316.227766016838,100,0.01,4|5|8|10|11|13|14|15
50,4,34,2026084434,8,8,72,74,0.100861505623823,0.104172236027985,0.0987973207724834,0.11300821662794,0.11593420750261,0.111410991714005,0.00206418485133998,0.00159722491393542,1000,1000,0.1,1|2|3|7|8|12|14|16
50,4,35,2026084435,8,8,86,60,0.119068296994406,0.136985692191568,0.133776304846609,0.156464143401959,0.180151385934846,0.18074729841641,-0.0147080078522037,-0.0242831550144507,1000,316.227766016838,0.5,2|3|5|6|7|10|15|16
50,4,36,2026084436,8,8,58,88,0.139939009232298,0.145589005202207,0.136271818996064,0.143751940386316,0.148281515113198,0.140283709138084,0.00366719023623355,0.00346823124823228,1000,1000,0.1,2|3|7|9|10|11|12|16
50,4,37,2026084437,8,8,57,89,0.337326175678179,0.139119835978181,0.260507139651792,0.306318389287207,0.145915350402712,0.229958414991005,0.0768190360263877,0.0763599742962015,1,1000,0.5,2|3|7|10|11|12|14|15
50,4,38,2026084438,8,8,75,71,0.123785939962451,0.131371623374411,0.128445776419836,0.149525669218325,0.136089861326038,0.156440027376698,-0.00465983645738409,-0.00691435815837297,316.227766016838,100,0.5,3|5|6|8|9|10|11|15
50,4,39,2026084439,8,8,76,70,0.21168077381714,0.236444287876224,0.220955886008407,0.201827055245457,0.226501716363793,0.210861725684999,-0.0092751121912672,-0.00903467043954189,31.6227766016838,10,0.01,1|2|3|6|7|13|15|16
50,4,40,2026084440,8,8,81,65,0.143055870248409,0.183489346099696,0.211457177025507,0.16774297908056,0.193418258327225,0.245869646994914,-0.0684013067770986,-0.0781266679143538,10000,100,0.5,1|3|4|5|6|9|12|16
50,4,41,2026084441,8,8,67,79,0.103175965711637,0.226739093886701,0.129813496933494,0.116404864533891,0.210247634142373,0.13316471027803,-0.0266375312218567,-0.0167598457441389,1000,1,0.5,1|2|3|4|5|9|10|14
50,4,42,2026084442,8,8,86,60,0.121648681225319,0.110126724977416,0.122701182509522,0.124567563541548,0.119111446051605,0.128060280578992,-0.00105250128420278,-0.00349271703744435,1000,316.227766016838,0.5,1|4|7|8|9|10|15|16
50,4,43,2026084443,8,8,58,88,0.149230022792976,0.144112431634236,0.136419985080072,0.147349946462146,0.140529384719477,0.135499889249124,0.0128100377129036,0.0118500572130218,316.227766016838,316.227766016838,0.1,2|3|9|10|11|12|14|16
50,4,44,2026084444,8,8,80,66,0.442068895981851,0.170384828288121,0.183173545411183,0.464929367614791,0.159579773244706,0.174552142710868,0.258895350570668,0.290377224903923,316.227766016838,100,0.1,1|3|5|6|9|13|14|16
50,4,45,2026084445,8,8,59,87,0.138448594378286,0.14329677978332,0.139432223525614,0.14314991834358,0.148295681137183,0.143917724059048,-0.000983629147327886,-0.000767805715468548,316.227766016838,316.227766016838,0.01,3|5|7|9|11|12|13|15
50,4,46,2026084446,8,8,64,82,0.123052746823289,0.126050603851508,0.117494448237458,0.132160630988679,0.13602489507643,0.129385216590412,0.00555829858583112,0.0027754143982674,1000,1000,0.01,2|3|7|11|12|14|15|16
50,4,47,2026084447,8,8,87,59,0.195531648957648,0.187340432419621,0.182640613299436,0.192849702077083,0.181184872937502,0.183545297952931,0.0128910356582119,0.00930440412415172,0.316227766016838,0.316227766016838,0.01,4|5|7|8|9|10|12|16
50,4,48,2026084448,8,8,66,80,0.131828780816257,0.130329828909227,0.128894596388677,0.129212502993805,0.128296725274571,0.126818892387048,0.00293418442757976,0.00239361060675682,100,100,0.01,4|5|7|8|10|11|12|13
50,4,49,2026084449,8,8,72,74,0.144975892198304,0.135835044586351,0.140296573904588,0.147782544418809,0.13958258424356,0.142161153867052,0.00467931829371651,0.00562139055175646,316.227766016838,100,0.01,3|4|5|6|11|13|14|15
50,4,50,2026084450,8,8,74,72,0.124987567871666,0.109597696532496,0.125879562304861,0.155511662902122,0.144697713165074,0.161853231691821,-0.000891994433195181,-0.00634156878969922,1000,316.227766016838,0.5,3|5|6|7|9|11|12|16
50,4,51,2026084451,8,8,86,60,0.136703989828498,0.113893176842438,0.127423796723765,0.161355701371515,0.137513745974685,0.153594089492062,0.00928019310473213,0.00776161187945223,1000,316.227766016838,0.5,2|5|6|7|8|9|12|14
50,4,52,2026084452,8,8,88,58,0.15196170011322,0.0963300304943572,0.0948658344209165,0.153730500233237,0.114841528732869,0.113186170983176,0.0570958656923039,0.0405443292500615,316.227766016838,316.227766016838,0.01,3|6|8|10|12|14|15|16
50,4,53,2026084453,8,8,78,68,0.156357556715864,0.156295845058602,0.153964788942921,0.147511872703649,0.147801161102515,0.144280667218672,0.00239276777294309,0.0032312054849771,100,10,0.5,3|4|5|7|8|9|13|14
50,4,54,2026084454,8,8,76,70,0.138940247895963,0.210930849974746,0.154804879278996,0.15397127365065,0.19320241085983,0.162395140920941,-0.015864631383033,-0.00842386727029146,316.227766016838,3.16227766016838,0.01,1|2|3|4|5|6|10|15
50,4,55,2026084455,8,8,82,64,0.854092160731108,0.165882750587925,0.186212608051735,0.910145103892699,0.154129989440661,0.172036585960547,0.667879552679372,0.738108517932152,316.227766016838,100,0.1,1|5|6|9|12|13|14|16
50,4,56,2026084456,8,8,74,72,0.119021828912695,0.12025655239059,0.116207949908172,0.151474812150327,0.151689820155592,0.148636230713741,0.00281387900452335,0.00283858143658611,1000,1000,0.01,1|3|5|6|8|10|11|16
50,4,57,2026084457,8,8,70,76,0.20185074972803,0.152797602776157,0.187684554499935,0.196424467799356,0.153752403820404,0.175946837260865,0.014166195228095,0.0204776305384902,3162.27766016838,100,0.01,1|8|9|11|13|14|15|16
50,4,58,2026084458,8,8,69,77,0.116728452969312,0.131391653048701,0.112069570709484,0.131743664780573,0.122454360400058,0.123206736656157,0.00465888225982819,0.00853692812441579,316.227766016838,1,0.01,3|4|5|7|10|11|14|15
50,4,59,2026084459,8,8,68,78,0.226283315178297,0.120713579169984,0.117054961681467,0.237042511960778,0.125893480844485,0.133459351393911,0.10922835349683,0.103583160566867,3.16227766016838,1000,0.1,2|4|10|11|12|14|15|16
50,4,60,2026084460,8,8,63,83,0.142083117306955,0.14393693410718,0.142963543481555,0.143976135127566,0.146680606058515,0.144920471228493,-0.000880426174600463,-0.000944336100926825,316.227766016838,316.227766016838,0.01,2|4|6|10|11|12|13|14
50,4,61,2026084461,8,8,76,70,0.138940247895963,0.210930849974746,0.154804879278996,0.15397127365065,0.19320241085983,0.162395140920941,-0.015864631383033,-0.00842386727029146,316.227766016838,3.16227766016838,0.01,1|2|3|4|5|6|10|15
50,4,62,2026084462,8,8,74,72,0.146164445703302,0.137317452368799,0.136843087401702,0.171996928736141,0.179487064914549,0.17952999415252,0.00932135830160014,-0.00753306541637916,316.227766016838,316.227766016838,0.01,1|2|5|6|9|11|14|16
50,4,63,2026084463,8,8,75,71,0.126416758809426,0.129328280217884,0.126590902272636,0.125374371154092,0.128351672458066,0.12532840461705,-0.000174143463210125,4.59665370422385e-05,316.227766016838,316.227766016838,0.5,2|3|5|6|7|8|12|13
50,4,64,2026084464,8,8,71,75,0.154397015936324,0.155960650624377,0.153483629449588,0.152281103755564,0.154734557502777,0.151781202553497,0.000913386486735529,0.000499901202066425,316.227766016838,316.227766016838,0.5,3|4|5|7|10|12|13|15
50,4,65,2026084465,8,8,83,63,0.155296065540022,0.180144818749621,0.181887169504666,0.18585815036683,0.206686467134336,0.217588371850017,-0.026591103964644,-0.0317302214831872,1000,316.227766016838,0.5,1|3|5|6|7|9|10|16
50,4,66,2026084466,8,8,96,50,0.177339030030433,0.169535809369714,0.171897504614516,0.151822739215722,0.152445946919985,0.156809539448092,0.00544152541591666,-0.00498680023237045,316.227766016838,10,0.01,4|5|6|8|9|13|15|16
50,4,67,2026084467,8,8,85,61,0.150367413125548,0.150288439388573,0.150668907796981,0.137555907582747,0.137319834272877,0.137640372966262,-0.000301494671432673,-8.44653835147544e-05,100,100,0.5,3|4|5|6|10|13|14|16
50,4,68,2026084468,8,8,57,89,0.363020184402476,0.369889668736567,0.35080897809747,0.286527346039689,0.29493626481435,0.277788593407499,0.0122112063050062,0.00873875263218998,3.16227766016838,10,0.1,1|2|3|5|6|10|11|12
50,4,69,2026084469,8,8,83,63,0.0936729515073138,0.0904984890616995,0.0932502489986897,0.112187363823965,0.107368818121258,0.110871007839398,0.000422702508624043,0.00131635598456686,316.227766016838,316.227766016838,0.01,1|3|4|5|6|8|10|14
50,4,70,2026084470,8,8,89,57,0.128579324245839,0.119770698665995,0.126827436585283,0.137172104565261,0.134046583585459,0.139615084151765,0.00175188766055653,-0.00244297958650425,1000,316.227766016838,0.1,2|4|5|7|8|9|14|16
50,4,71,2026084471,8,8,68,78,0.118320196381163,0.238434666365592,0.147677933343145,0.141240309679862,0.211280195798663,0.168515180640687,-0.0293577369619824,-0.0272748709608245,316.227766016838,31.6227766016838,0.5,1|2|3|5|6|8|11|15
50,4,72,2026084472,8,8,90,56,0.120087843182687,0.11726157706,0.112534596090985,0.144532095065815,0.149403896404448,0.144938057479751,0.00755324709170152,-0.000405962413936476,316.227766016838,316.227766016838,0.01,2|5|6|7|8|9|12|16
50,4,73,2026084473,8,8,87,59,0.130623649413352,0.131050308613575,0.126613232837485,0.15913353148117,0.16067955122632,0.157013370639529,0.00401041657586723,0.00212016084164078,1000,1000,0.5,2|5|6|7|10|12|14|16
50,4,74,2026084474,8,8,83,63,0.145422319575324,0.12722493111936,0.142874974778951,0.151925189611708,0.120584219038448,0.149266228957302,0.00254734479637295,0.00265896065440603,10,31.6227766016838,0.1,4|6|8|9|10|12|13|15
50,4,75,2026084475,8,8,82,64,0.127388635661829,0.204494511206342,0.130082750253584,0.155527381262765,0.223577966039832,0.156253606047818,-0.00269411459175489,-0.000726224785053735,316.227766016838,0.01,0.01,4|5|6|7|10|11|14|15
50,4,76,2026084476,8,8,74,72,0.128951033426154,0.131691367416076,0.138008866743156,0.167706747218822,0.175260072593561,0.186278642150531,-0.00905783331700158,-0.0185718949317086,1000,316.227766016838,0.5,1|2|5|6|7|9|11|16
50,4,77,2026084477,8,8,72,74,0.0960651609020462,0.0981278525416149,0.0973481407016854,0.118184513026198,0.108485366447434,0.116821929478518,-0.00128297979963916,0.00136258354767973,1000,316.227766016838,0.01,1|2|4|6|8|9|11|15
50,4,78,2026084478,8,8,77,69,0.231345818406687,0.17815836799895,0.154658353163249,0.218884928936127,0.17119225725855,0.151648957030852,0.0766874652434374,0.0672359719052754,100,100,0.01,1|2|6|7|10|12|14|15
50,4,79,2026084479,8,8,68,78,0.119669417938523,0.101246586263242,0.115936872307308,0.127543827198972,0.109356933980356,0.122452620792121,0.00373254563121531,0.00509120640685121,1000,316.227766016838,0.1,2|3|4|8|9|11|14|16
50,4,80,2026084480,8,8,76,70,0.135172865855475,0.131296767271806,0.139447797257594,0.142980395471049,0.137185486181,0.145737264004613,-0.00427493140211929,-0.00275686853356394,316.227766016838,316.227766016838,0.1,1|3|4|5|8|9|10|15
50,4,81,2026084481,8,8,82,64,0.128527024133881,0.126194159603102,0.126470681093075,0.117008320937494,0.115761848271119,0.11506912893513,0.00205634304080612,0.00193919200236361,31.6227766016838,31.6227766016838,0.5,2|4|6|8|9|10|13|15
50,4,82,2026084482,8,8,63,83,0.343684354320218,0.369061836561255,0.32610856298357,0.273707998521112,0.278963043284837,0.255252836644919,0.0175757913366483,0.018455161876192,3.16227766016838,10,0.01,1|2|3|4|6|11|12|16
50,4,83,2026084483,8,8,85,61,0.119813753710291,0.119025717667537,0.120403992605365,0.133623016879539,0.136179709410019,0.136420119343861,-0.000590238895074327,-0.00279710246432209,316.227766016838,316.227766016838,0.01,3|4|5|7|8|9|10|16
50,4,84,2026084484,8,8,79,67,0.153654167886192,0.152692219474115,0.149170173531012,0.147052530979281,0.142484132315416,0.142394051963442,0.00448399435518035,0.00465847901583914,316.227766016838,100,0.1,3|4|6|9|10|13|14|15
50,4,85,2026084485,8,8,83,63,0.154142129149675,0.155347798182811,0.154554469338901,0.15095133441691,0.15261169722054,0.150934090489461,-0.000412340189225591,1.72439274497248e-05,100,100,0.01,1|5|6|7|10|13|14|15
50,4,86,2026084486,8,8,76,70,0.155569258643281,0.111774861644369,0.143687841711288,0.164374906303645,0.128454458876635,0.154097236551844,0.011881416931993,0.0102776697518017,10000,1000,0.01,1|3|5|8|10|12|14|16
50,4,87,2026084487,8,8,67,79,0.150389046491166,0.144547692619235,0.144124906612736,0.147231917683289,0.143441598217194,0.141983651088461,0.00626413987842972,0.00524826659482818,316.227766016838,316.227766016838,0.01,1|4|5|6|9|10|11|13
50,4,88,2026084488,8,8,53,93,0.120428969541138,0.124638826910031,0.11977659684595,0.126172188958829,0.129762608136535,0.124513215086546,0.00065237269518878,0.00165897387228278,100,100,0.5,1|2|3|8|9|11|13|15
50,4,89,2026084489,8,8,88,58,0.194949980919691,0.105868918403696,0.160655616628272,0.163411303422207,0.129882783901639,0.142673795442052,0.0342943642914195,0.0207375079801549,0.01,316.227766016838,0.01,2|4|5|6|9|12|14|16
50,4,90,2026084490,8,8,84,62,0.189460728980567,0.110190718330696,0.113459203727064,0.174333953033494,0.119993780668297,0.119160338429435,0.0760015252535038,0.0551736146040584,31.6227766016838,31.6227766016838,0.1,1|4|5|6|7|10|12|15
50,4,91,2026084491,8,8,58,88,0.17377268043424,0.125687817497445,0.165354578141964,0.17834118963926,0.132689930094372,0.16515358212392,0.00841810229227608,0.01318760751534,10000,1000,0.01,1|3|4|5|9|11|12|14
50,4,92,2026084492,8,8,81,65,0.249346440300699,0.102909178944438,0.208232761311669,0.231301960475327,0.107664462984546,0.203263170046329,0.0411136789890298,0.0280387904289981,1,316.227766016838,0.01,1|2|4|6|7|8|9|10
50,4,93,2026084493,8,8,70,76,0.145701290568907,0.137186074977073,0.136987007550819,0.140006327807719,0.135376099459648,0.133027346700001,0.00871428301808827,0.0069789811077177,316.227766016838,316.227766016838,0.01,1|4|5|6|7|9|11|13
50,4,94,2026084494,8,8,59,87,0.118937309515665,0.119572836823053,0.115060161296784,0.126779456111006,0.126810371365355,0.12270360165277,0.00387714821888056,0.00407585445823685,1000,1000,0.5,1|2|7|9|10|11|12|16
50,4,95,2026084495,8,8,69,77,0.147161990310788,0.148423865178565,0.14781306563794,0.145861233575484,0.147746179960851,0.146454756585324,-0.000651075327152695,-0.000593523009839753,316.227766016838,316.227766016838,0.01,3|4|7|11|13|14|15|16
50,4,96,2026084496,8,8,88,58,0.145603646452468,0.139910180247716,0.137545639719933,0.160646650767269,0.153407847547224,0.154363064081714,0.00805800673253454,0.00628358668555518,316.227766016838,316.227766016838,0.01,1|2|5|6|7|8|14|15
50,4,97,2026084497,8,8,70,76,0.145319057786777,0.129113175690086,0.116443283107733,0.154455406416687,0.141054716826745,0.127440074486726,0.0288757746790442,0.0270153319299616,3.16227766016838,1000,0.01,1|5|8|10|11|12|14|16
50,4,98,2026084498,8,8,79,67,0.132876586228725,0.130474676325783,0.12949350964692,0.125024576632154,0.124404035241315,0.122792841037711,0.00338307658180406,0.00223173559444267,100,100,0.5,1|4|5|7|8|10|13|15
50,4,99,2026084499,8,8,71,75,0.193572874024401,0.137255787321533,0.169764895946983,0.191357792717966,0.137862408849614,0.164577338815914,0.0238079780774176,0.0267804539020513,10000,316.227766016838,0.01,1|3|5|7|12|13|14|16
50,4,100,2026084500,8,8,65,81,0.146093111516191,0.152189760327846,0.150792304324646,0.145675594184797,0.151764613054072,0.150133335050164,-0.00469919280845543,-0.00445774086536734,1000,1000,0.01,1|2|7|10|12|13|14|15
75,6,1,2026085401,8,8,66,80,0.098038650804467,0.101603601166581,0.101095457916387,0.102365113854242,0.102698726294395,0.102641053418151,-0.0030568071119197,-0.000275939563909341,1000,316.227766016838,0.01,1|2|4|7|8|9|11|15
75,6,2,2026085402,8,8,63,83,0.156903285553783,0.157908776372555,0.156774505654111,0.159318976000742,0.15905452719714,0.15866041232747,0.000128779899671111,0.000658563673271138,316.227766016838,316.227766016838,0.5,2|5|8|9|10|11|13|14
75,6,3,2026085403,8,8,69,77,0.168361942055772,0.126428501328534,0.151943386407781,0.169478236569978,0.139462223936062,0.151689744837864,0.0164185556479903,0.0177884917321138,10000,1000,0.1,1|5|10|11|12|14|15|16
75,6,4,2026085404,8,8,70,76,0.139701084058158,0.114239962034108,0.138859314130856,0.162406661400539,0.135299641256324,0.163038450014196,0.000841769927302088,-0.000631788613656986,1000,316.227766016838,0.1,2|5|6|8|9|10|11|12
75,6,5,2026085405,8,8,55,91,0.118883069412309,0.116038389041876,0.116555710732827,0.11963035801837,0.117844314396641,0.117586853168631,0.0023273586794819,0.00204350484973918,316.227766016838,316.227766016838,0.01,1|3|4|5|11|12|13|15
75,6,6,2026085406,8,8,68,78,0.122962419643983,0.120320779248401,0.119571306789259,0.11374830507305,0.112206403603346,0.110335627367103,0.00339111285472374,0.00341267770594648,100,100,0.01,1|2|4|6|8|11|13|15
75,6,7,2026085407,8,8,80,66,0.117031453556571,0.10913183880518,0.104247137464174,0.133330758426171,0.127650530038678,0.123869951585065,0.0127843160923968,0.00946080684110529,1000,1000,0.5,1|3|5|7|8|12|15|16
75,6,8,2026085408,8,8,76,70,0.147709540973224,0.168393315881668,0.149012847051537,0.141834122121131,0.151047377084876,0.14432175814483,-0.00130330607831303,-0.00248763602369925,100,10,0.01,1|2|3|5|6|13|14|16
75,6,9,2026085409,8,8,67,79,0.12079553051317,0.118115771893933,0.117185600676612,0.130363402309382,0.126064347706419,0.125583508518637,0.00360992983655771,0.00477989379074477,316.227766016838,316.227766016838,0.01,2|4|5|7|9|10|11|14
75,6,10,2026085410,8,8,70,76,0.102359623249655,0.108122572860275,0.103447034672302,0.121500539927798,0.12908180017135,0.12555025388948,-0.00108741142264648,-0.00404971396168158,316.227766016838,316.227766016838,0.01,1|2|4|5|7|11|14|16
75,6,11,2026085411,8,8,72,74,0.124802031853008,0.121043350540207,0.119971704534447,0.118810310268741,0.115154570244375,0.114533356423184,0.00483032731856099,0.00427695384555693,100,100,0.5,2|4|6|8|11|12|13|16
75,6,12,2026085412,8,8,60,86,0.135260412745277,0.154783830910309,0.139435124885189,0.138642053769738,0.15686805426257,0.146497504722336,-0.00417471213991233,-0.00785545095259802,100,316.227766016838,0.1,2|5|9|11|12|13|14|15
75,6,13,2026085413,8,8,87,59,0.115466622058961,0.113523850423811,0.110716866751563,0.126694611745555,0.125877189676673,0.123809276552367,0.0047497553073985,0.00288533519318802,316.227766016838,316.227766016838,0.01,1|2|6|7|8|10|14|16
75,6,14,2026085414,8,8,86,60,0.154390538288662,0.154989586456237,0.153415294559825,0.149999073695931,0.14947155809516,0.14847938798156,0.000975243728836617,0.0015196857143703,316.227766016838,316.227766016838,0.1,2|5|6|8|9|10|13|16
75,6,15,2026085415,8,8,77,69,0.242614530376242,0.171550060964452,0.207901462975324,0.238028546542344,0.170082412351281,0.200888401735688,0.0347130674009183,0.0371401448066555,10000,316.227766016838,0.01,5|6|9|10|11|13|14|16
75,6,16,2026085416,8,8,86,60,0.11704291111204,0.0987349108701325,0.114744337137147,0.139635588748494,0.119447418800549,0.139788784742694,0.00229857397489291,-0.000153195994200377,1000,316.227766016838,0.5,2|4|5|6|7|8|9|12
75,6,17,2026085417,8,8,70,76,0.186211396022283,0.108355522784627,0.101907366081026,0.198044163866989,0.115311974043573,0.117546626958968,0.0843040299412563,0.0804975369080203,10,3.16227766016838,0.01,1|4|8|10|11|12|15|16
75,6,18,2026085418,8,8,66,80,0.149101734959885,0.150131776074974,0.14915246482782,0.143682922324015,0.144869276489747,0.143721194285366,-5.07298679346679e-05,-3.8271961351e-05,100,100,0.01,1|2|3|7|10|13|14|16
75,6,19,2026085419,8,8,76,70,0.160946747667714,0.142655579520031,0.15472190006169,0.157471504797848,0.139018892032345,0.150254323328785,0.00622484760602382,0.00721718146906272,316.227766016838,100,0.1,4|5|6|7|9|11|13|14
75,6,20,2026085420,8,8,73,73,0.132586043501564,0.132883124734603,0.134467335928263,0.14154849856129,0.151192807265485,0.149653586294384,-0.00188129242669891,-0.00810508773309386,100,31.6227766016838,0.01,2|4|5|8|11|13|15|16
75,6,21,2026085421,8,8,68,78,0.111879445799724,0.0961898626608581,0.11035771107162,0.121694714182313,0.111236503782219,0.119683282193548,0.00152173472810389,0.00201143198876431,1000,316.227766016838,0.5,1|3|7|8|10|11|15|16
75,6,22,2026085422,8,8,66,80,0.149844522405471,0.139164454958408,0.147748323661937,0.150566482065946,0.14218328232326,0.146209803623465,0.00209619874353367,0.00435667844248072,316.227766016838,100,0.01,1|5|8|10|11|13|14|15
75,6,23,2026085423,8,8,58,88,0.126199367044873,0.130892146483575,0.127697846051597,0.1284014266793,0.132091740428878,0.129787080820484,-0.0014984790067239,-0.00138565414118393,316.227766016838,316.227766016838,0.5,1|2|3|5|10|12|13|14
75,6,24,2026085424,8,8,68,78,0.147626096070409,0.146774243457292,0.143297371442581,0.151215322541842,0.151692406144246,0.147408061248486,0.00432872462782727,0.00380726129335626,316.227766016838,316.227766016838,0.5,1|3|7|10|12|13|15|16
75,6,25,2026085425,8,8,70,76,0.153320603645426,0.155860389249026,0.150770724973812,0.141928472500325,0.143818053019739,0.139187174575779,0.00254987867161352,0.00274129792454537,100,100,0.5,1|2|3|4|6|12|13|16
75,6,26,2026085426,8,8,61,85,0.132110505581017,0.112112330182986,0.105690919214395,0.14754109694934,0.122949016085701,0.121343301884698,0.0264195863666217,0.0261977950646428,316.227766016838,316.227766016838,0.5,1|2|5|8|10|11|12|15
75,6,27,2026085427,8,8,87,59,0.193345489521818,0.128134527511647,0.115827127516999,0.17925338897495,0.137437765438888,0.128216657225078,0.0775183620048192,0.051036731749872,100,31.6227766016838,0.1,4|7|8|9|10|12|15|16
75,6,28,2026085428,8,8,63,83,0.123792726577355,0.11807658838491,0.124875289431336,0.127931964986749,0.111138479515472,0.129836275756434,-0.0010825628539803,-0.00190431076968467,316.227766016838,31.6227766016838,0.01,1|2|4|5|6|10|11|13
75,6,29,2026085429,8,8,71,75,0.399830424308017,0.423908594345951,0.400586025643084,0.400131372479758,0.425482980612539,0.402576881699466,-0.000755601335067357,-0.00244550921970804,100,100,0.01,3|5|7|10|12|13|14|15
75,6,30,2026085430,8,8,81,65,0.0979914990064908,0.0940375690807979,0.0945168738120467,0.119434818404097,0.115634483229958,0.116310723656627,0.00347462519444408,0.0031240947474696,316.227766016838,316.227766016838,0.01,1|3|4|5|6|7|10|14
75,6,31,2026085431,8,8,77,69,0.130002284236589,0.148015709777165,0.144566594350076,0.142203036821984,0.1528855111544,0.157767416567526,-0.0145643101134869,-0.0155643797455425,316.227766016838,100,0.5,1|2|5|7|8|9|10|15
75,6,32,2026085432,8,8,78,68,0.117603706955331,0.110630017763008,0.104742411655755,0.133571554172317,0.129636777960788,0.123666771468815,0.0128612952995762,0.00990478270350175,316.227766016838,316.227766016838,0.1,4|6|7|8|9|11|12|14
75,6,33,2026085433,8,8,88,58,0.106344319859405,0.0963476981900923,0.0929141355979046,0.124127803651461,0.118792238121086,0.115674586823318,0.0134301842615001,0.00845321682814265,316.227766016838,316.227766016838,0.01,1|4|5|6|7|8|12|14
75,6,34,2026085434,8,8,90,56,0.208978456836923,0.133547984728872,0.129435916598396,0.192214190901495,0.152249844219841,0.136733144421278,0.0795425402385269,0.0554810464802165,100,316.227766016838,0.1,5|6|7|8|9|10|12|15
75,6,35,2026085435,8,8,53,93,0.123661529737586,0.122384184166392,0.121682180038835,0.126947580519175,0.126385731184277,0.125178515447769,0.00197934969875081,0.00176906507140561,316.227766016838,316.227766016838,0.01,1|3|5|8|10|11|12|13
75,6,36,2026085436,8,8,75,71,0.139412343861506,0.141109135324315,0.138935768942201,0.139950307816625,0.140991598257112,0.139644756322625,0.000476574919305001,0.000305551494000319,316.227766016838,316.227766016838,0.5,3|5|6|9|10|12|13|15
75,6,37,2026085437,8,8,72,74,0.158325346772354,0.162330582761577,0.158791184770197,0.164971965477154,0.167712124993106,0.164614775420268,-0.000465837997843166,0.000357190056886853,316.227766016838,316.227766016838,0.01,5|6|9|10|11|12|13|16
75,6,38,2026085438,8,8,61,85,0.121920487791736,0.122506771503482,0.123316504239113,0.121695314971462,0.124138885063896,0.122769295989076,-0.00139601644737659,-0.00107398101761434,100,31.6227766016838,0.01,1|2|4|5|7|11|13|15
75,6,39,2026085439,8,8,78,68,0.151276412514851,0.185753172354194,0.119325173293259,0.165395196335845,0.197448605906164,0.128654535615172,0.0319512392215922,0.0367406607206722,316.227766016838,0.0316227766016838,0.1,6|9|10|11|12|14|15|16
75,6,40,2026085440,8,8,65,81,0.141899391860884,0.124407408372624,0.136561605230563,0.138157446859266,0.129410495626629,0.133762414590372,0.00533778663032089,0.00439503226889364,316.227766016838,31.6227766016838,0.1,2|4|9|10|11|13|15|16
75,6,41,2026085441,8,8,73,73,0.150988804546596,0.143239904965589,0.14436361506416,0.149606606129682,0.143260185838166,0.143442757104144,0.00662518948243568,0.00616384902553845,316.227766016838,316.227766016838,0.1,1|4|5|8|11|13|15|16
75,6,42,2026085442,8,8,86,60,0.131820077916085,0.113556911367438,0.126412569276238,0.13929170561167,0.123995929268048,0.133567291056832,0.00540750863984726,0.00572441455483775,1000,316.227766016838,0.5,2|7|8|9|10|14|15|16
75,6,43,2026085443,8,8,71,75,0.14596989365115,0.123936942039522,0.101399925122025,0.174895730589274,0.135097876669504,0.122810064172629,0.0445699685291251,0.0520856664166449,316.227766016838,1000,0.01,1|5|8|10|11|12|15|16
75,6,44,2026085444,8,8,76,70,0.1218357490823,0.114041053246387,0.10906478245897,0.142540828908188,0.138343146030621,0.13333879759875,0.0127709666233305,0.00920203130943836,1000,1000,0.5,1|6|8|10|11|12|15|16
75,6,45,2026085445,8,8,69,77,0.155228565630757,0.154073358136517,0.152152782514745,0.152419861772544,0.151523679727257,0.149669556650666,0.00307578311601225,0.00275030512187771,100,100,0.1,6|8|9|10|11|12|13|14
75,6,46,2026085446,8,8,76,70,0.134060280663274,0.125710151092135,0.120523178881645,0.134428228306163,0.129090912709099,0.124646618951899,0.0135371017816286,0.00978160935426455,316.227766016838,316.227766016838,0.01,1|2|3|4|6|12|14|16
75,6,47,2026085447,8,8,74,72,0.141516707254172,0.139402151184776,0.138290171557244,0.132113252886746,0.140726663241117,0.130705226363831,0.00322653569692802,0.00140802652291457,316.227766016838,31.6227766016838,0.01,1|4|5|6|7|8|11|13
75,6,48,2026085448,8,8,89,57,0.133551267258599,0.133635305951639,0.133292947292098,0.153353422494213,0.15547645706396,0.154774940821069,0.000258319966501191,-0.00142151832685654,316.227766016838,316.227766016838,0.01,3|4|5|7|8|9|15|16
75,6,49,2026085449,8,8,63,83,0.135779368296977,0.137092231415519,0.135773709622763,0.145127263937299,0.147895265825659,0.145166753424734,5.65867421364885e-06,-3.94894874351471e-05,316.227766016838,316.227766016838,0.01,1|2|6|10|11|13|14|15
75,6,50,2026085450,8,8,72,74,0.122661561946005,0.117629030131763,0.112244554495477,0.131381096116126,0.128095126374439,0.123515011475138,0.0104170074505274,0.00786608464098849,1000,1000,0.1,2|3|7|9|10|12|15|16
75,6,51,2026085451,8,8,70,76,0.133202831583896,0.13615781302538,0.132347916223072,0.133982846709138,0.137444065494331,0.132953912198503,0.000854915360824077,0.00102893451063493,316.227766016838,316.227766016838,0.5,2|4|5|6|7|9|11|13
75,6,52,2026085452,8,8,81,65,0.207716419230548,0.119854065153194,0.197584157012935,0.253169975713497,0.133048686342954,0.247355908416797,0.0101322622176129,0.0058140672966998,0.316227766016838,100,0.01,4|5|6|7|8|9|10|11
75,6,53,2026085453,8,8,57,89,0.14188648222066,0.129281339607645,0.137623926067643,0.141957818983932,0.131672479894868,0.138339300119684,0.00426255615301691,0.00361851886424789,316.227766016838,100,0.01,1|2|5|8|9|10|11|13
75,6,54,2026085454,8,8,81,65,0.199341874932598,0.122759242193382,0.132758104456084,0.199517202825031,0.147636293400007,0.144763392358394,0.0665837704765137,0.0547538104666372,100,316.227766016838,0.1,3|5|6|7|9|10|12|15
75,6,55,2026085455,8,8,75,71,0.14710489614114,0.143088869334138,0.141059472983217,0.137602045699852,0.135851940183565,0.134429057817107,0.00604542315792303,0.00317298788274482,316.227766016838,316.227766016838,0.5,1|4|10|12|13|14|15|16
75,6,56,2026085456,8,8,75,71,0.131295519284855,0.193875592255787,0.145643914199451,0.134610091136413,0.178249536361933,0.146053608601435,-0.0143483949145962,-0.0114435174650225,316.227766016838,100,0.01,1|2|3|4|5|8|14|15
75,6,57,2026085457,8,8,79,67,0.0889095468070085,0.077902222771969,0.0858708170557297,0.116094320579287,0.100085113274486,0.114435011912509,0.00303872975127881,0.00165930866677805,1000,316.227766016838,0.5,1|3|4|6|7|10|12|16
75,6,58,2026085458,8,8,67,79,0.155128014902254,0.159535961983869,0.154455216277949,0.143019347981298,0.148138230811669,0.142649896572075,0.000672798624305887,0.000369451409222707,100,100,0.5,1|2|3|4|5|6|12|13
75,6,59,2026085459,8,8,76,70,0.119673000869457,0.123940875921826,0.117431636493094,0.142257059751109,0.146764121291893,0.14072552919581,0.00224136437636317,0.001531530555299,1000,1000,0.5,2|4|6|7|11|12|14|16
75,6,60,2026085460,8,8,79,67,0.130166905959408,0.162473202852532,0.138881001668604,0.138903558618712,0.149022608210662,0.147931764119105,-0.00871409570919518,-0.00902820550039202,316.227766016838,100,0.5,1|2|5|6|7|8|10|12
75,6,61,2026085461,8,8,77,69,0.102127484136683,0.108397907274443,0.10172269310481,0.125904477451075,0.130643102206396,0.125592899190221,0.000404791031872645,0.00031157826085362,316.227766016838,316.227766016838,0.01,3|4|5|6|7|8|9|11
75,6,62,2026085462,8,8,80,66,0.130175475831732,0.132214849726486,0.130154414506742,0.125926983693516,0.127666096471983,0.125517278099833,2.1061324990107e-05,0.000409705593682193,316.227766016838,316.227766016838,0.5,2|3|6|7|8|10|13|16
75,6,63,2026085463,8,8,69,77,0.124078909422439,0.123891760066662,0.122795758075712,0.118676261795996,0.120014719987152,0.117914307122508,0.0012831513467272,0.000761954673487789,100,100,0.1,1|2|5|6|8|11|13|15
75,6,64,2026085464,8,8,76,70,0.112195799924288,0.117115044249219,0.112145841038054,0.116834451069782,0.119789405845307,0.116203276816027,4.99588862339084e-05,0.000631174253755362,316.227766016838,316.227766016838,0.01,1|2|3|4|8|9|15|16
75,6,65,2026085465,8,8,66,80,0.163855839808748,0.115399970362964,0.124792878501105,0.176357964066802,0.128750310226319,0.138897986538936,0.0390629613076428,0.0374599775278661,31.6227766016838,316.227766016838,0.1,1|4|5|7|9|11|12|15
75,6,66,2026085466,8,8,68,78,0.135899555973052,0.12920110138279,0.124096669273897,0.139911276451519,0.134271973895723,0.130258429011816,0.0118028866991546,0.00965284743970312,1000,1000,0.5,1|8|9|10|11|12|15|16
75,6,67,2026085467,8,8,70,76,0.13857173430399,0.202074527572776,0.150701020150673,0.152125160074844,0.183407466043047,0.162068066307248,-0.0121292858466836,-0.00994290623240364,316.227766016838,1,0.5,1|2|3|5|8|9|10|15
75,6,68,2026085468,8,8,65,81,0.157562302111354,0.140957411333191,0.155958876283601,0.154083654149045,0.141423054880904,0.152087342176375,0.00160342582775244,0.0019963119726699,1000,316.227766016838,0.01,1|4|5|11|12|13|14|16
75,6,69,2026085469,8,8,78,68,0.120090486033481,0.121133924954623,0.120462132892686,0.106972154217574,0.107216409863466,0.107710716100334,-0.000371646859204711,-0.000738561882760033,31.6227766016838,31.6227766016838,0.01,1|2|4|5|6|8|10|13
75,6,70,2026085470,8,8,86,60,0.104117489964265,0.100495349929933,0.102182931491674,0.131990543882372,0.122932085888962,0.1308410187711,0.00193455847259129,0.0011495251112723,1000,316.227766016838,0.5,2|3|4|6|7|9|15|16
75,6,71,2026085471,8,8,67,79,0.140367103411044,0.14321849187673,0.140341354888625,0.140227478317473,0.143452853171555,0.140239789888995,2.57485224182952e-05,-1.23115715226201e-05,316.227766016838,316.227766016838,0.1,2|3|7|9|10|13|14|15
75,6,72,2026085472,8,8,84,62,0.1259734534484,0.105048420833791,0.117465523556767,0.148758419328188,0.125645265085126,0.14139322285406,0.00850792989163261,0.00736519647412829,1000,316.227766016838,0.5,2|4|5|6|7|9|12|14
75,6,73,2026085473,8,8,75,71,0.155775449300616,0.174165204128153,0.137171166208034,0.155969523021868,0.168093112949574,0.140475718678467,0.0186042830925826,0.0154938043434012,316.227766016838,100,0.01,1|2|4|5|7|12|14|15
75,6,74,2026085474,8,8,82,64,0.107334394136813,0.10248368766632,0.106246082603701,0.11680843983382,0.11482175465305,0.116734256573426,0.00108831153311266,7.41832603940503e-05,1000,316.227766016838,0.5,1|3|4|7|8|9|15|16
75,6,75,2026085475,8,8,81,65,0.119500377651981,0.120275271458218,0.121240046300031,0.1485414473986,0.150916767478412,0.152100122246528,-0.00173966864805034,-0.00355867484792747,316.227766016838,316.227766016838,0.5,2|3|4|5|7|9|15|16
75,6,76,2026085476,8,8,67,79,0.142323647103952,0.1361568868897,0.13475681782491,0.144197321182895,0.136095988926433,0.13629055396134,0.00756682927904201,0.00790676722155586,316.227766016838,316.227766016838,0.1,1|2|3|7|9|10|14|15
75,6,77,2026085477,8,8,73,73,0.154619564778362,0.164987319471825,0.158579381071952,0.133097356610624,0.150934843012885,0.136222733354323,-0.00395981629358932,-0.00312537674369889,10,31.6227766016838,0.5,1|2|3|5|6|13|14|15
75,6,78,2026085478,8,8,79,67,0.144413691532292,0.211792235985022,0.167084896279865,0.154600144777834,0.190383482782963,0.172224475579163,-0.0226712047475733,-0.0176243308013289,316.227766016838,100,0.01,1|2|3|4|5|6|7|15
75,6,79,2026085479,8,8,78,68,0.133607099227938,0.13527319965505,0.131482867427583,0.13232767484354,0.122959011876435,0.130077906763464,0.00212423180035481,0.00224976808007523,316.227766016838,100,0.01,2|3|5|6|8|10|13|15
75,6,80,2026085480,8,8,84,62,0.1671323901791,0.128728938640929,0.15308644249799,0.189271542093381,0.152249443053042,0.178973530763107,0.0140459476811097,0.0102980113302737,10000,1000,0.01,1|6|7|9|10|12|14|16
75,6,81,2026085481,8,8,83,63,0.113178467084535,0.102901230514837,0.108254248677043,0.139079492759482,0.120263849394715,0.134071522213758,0.00492421840749224,0.00500797054572466,1000,316.227766016838,0.5,2|3|4|5|6|9|14|15
75,6,82,2026085482,8,8,69,77,0.0911783704862842,0.0912979524513687,0.0815857758518714,0.101703943854031,0.101414222897405,0.0941648714623067,0.00959259463441277,0.0075390723917245,316.227766016838,316.227766016838,0.01,3|4|7|8|9|11|12|16
75,6,83,2026085483,8,8,70,76,0.13331682381144,0.133580211536499,0.132649119551728,0.132842149464847,0.13349364682808,0.132322135671681,0.000667704259712382,0.000520013793166499,100,100,0.5,4|5|7|8|11|12|13|15
75,6,84,2026085484,8,8,68,78,0.124526208863107,0.110632581343519,0.0979455433407466,0.138378313686457,0.124451710482707,0.114720308671878,0.0265806655223605,0.0236580050145792,316.227766016838,316.227766016838,0.01,3|7|9|11|12|14|15|16
75,6,85,2026085485,8,8,70,76,0.14685753816536,0.143769997885535,0.145033861648033,0.145435838981415,0.143970389491184,0.144088400376695,0.00182367651732762,0.00134743860472037,10,10,0.5,2|4|7|11|13|14|15|16
75,6,86,2026085486,8,8,71,75,0.173051454268035,0.132758954567401,0.124402805072899,0.176540541719727,0.135129731661469,0.129257058255221,0.0486486491951364,0.0472834834645055,0.316227766016838,0.316227766016838,0.01,4|5|7|10|11|12|14|15
75,6,87,2026085487,8,8,73,73,0.123684028903589,0.120259368190126,0.115637973604955,0.1193981951073,0.117911099735339,0.113896782697472,0.00804605529863371,0.00550141240982768,316.227766016838,316.227766016838,0.01,1|2|3|4|7|9|14|16
75,6,88,2026085488,8,8,73,73,0.155396312460572,0.142597513871334,0.147493527781789,0.151980271829669,0.140301635502564,0.143832803513638,0.00790278467878347,0.00814746831603079,1000,316.227766016838,0.5,2|3|7|10|13|14|15|16
75,6,89,2026085489,8,8,90,56,0.090893365675716,0.0873828723190034,0.0887532595793007,0.121572366829364,0.112896340777495,0.120616387388777,0.00214010609641535,0.000955979440587412,1000,316.227766016838,0.5,1|3|4|6|7|8|15|16
75,6,90,2026085490,8,8,57,89,0.140062676689015,0.142708961485349,0.138756031307459,0.138259940016889,0.140435043513967,0.136422467009259,0.00130664538155623,0.00183747300762966,316.227766016838,316.227766016838,0.1,2|5|9|10|11|12|13|15
75,6,91,2026085491,8,8,82,64,0.112499751504826,0.102397156328166,0.0986855620236795,0.124292489717046,0.118578891367434,0.115450036661411,0.0138141894811468,0.00884245305563516,316.227766016838,316.227766016838,0.1,4|6|8|9|11|12|14|16
75,6,92,2026085492,8,8,58,88,0.138262026332765,0.142404948430682,0.139999647749631,0.13917562813902,0.14331417152031,0.140834788800566,-0.00173762141686623,-0.0016591606615455,316.227766016838,316.227766016838,0.5,1|5|7|10|11|12|13|14
75,6,93,2026085493,8,8,68,78,0.142090711909757,0.123064034520358,0.137035348606704,0.138487071745373,0.114326201506913,0.133564427723294,0.00505536330305228,0.00492264402207897,316.227766016838,100,0.01,2|4|6|8|9|10|11|13
75,6,94,2026085494,8,8,60,86,0.141841957246154,0.143462587092968,0.140375226297159,0.141338304695963,0.141801516330207,0.138616464340097,0.00146673094899499,0.00272184035586586,316.227766016838,316.227766016838,0.1,2|9|10|11|12|13|15|16
75,6,95,2026085495,8,8,73,73,0.131661964483803,0.122980180279015,0.118499661910306,0.138149544869448,0.131813616569784,0.128129046530663,0.0131623025734969,0.0100204983387848,316.227766016838,316.227766016838,0.01,7|8|9|10|11|12|14|16
75,6,96,2026085496,8,8,65,81,0.128617594120435,0.107936826260052,0.0976809671219642,0.141180093055334,0.118857696964745,0.11173405235036,0.0309366269984709,0.0294460407049737,316.227766016838,316.227766016838,0.1,3|9|10|11|12|14|15|16
75,6,97,2026085497,8,8,70,76,0.137930630298334,0.140792416902829,0.138069562337348,0.13753057061476,0.140389305949527,0.137665075109113,-0.000138932039013911,-0.000134504494353179,316.227766016838,316.227766016838,0.5,2|3|5|7|10|13|14|15
75,6,98,2026085498,8,8,68,78,0.145646725444115,0.137961078723182,0.136798540169223,0.142673371427301,0.13702756069967,0.135096789662744,0.0088481852748919,0.00757658176455698,316.227766016838,316.227766016838,0.5,1|3|5|8|9|12|13|15
75,6,99,2026085499,8,8,70,76,0.128477153343609,0.131853980937827,0.130008617423285,0.13545671302704,0.137809496502083,0.136618452759659,-0.00153146407967508,-0.00116173973261866,316.227766016838,316.227766016838,0.5,2|3|5|6|10|12|13|14
75,6,100,2026085500,8,8,61,85,0.139177559921259,0.126721757314485,0.139263272650685,0.146543685949474,0.138963811003794,0.146205207866999,-8.57127294254245e-05,0.000338478082474719,1000,316.227766016838,0.1,2|3|5|7|9|10|11|15
100,8,1,2026086401,8,8,71,75,0.11800027301361,0.121704079930389,0.117425097093354,0.142738431181508,0.145407827365905,0.142320086538758,0.000575175920255216,0.000418344642750571,316.227766016838,316.227766016838,0.01,1|2|5|6|7|8|10|11
100,8,2,2026086402,8,8,73,73,0.142628897202944,0.144266384680733,0.14105727334437,0.135690788086057,0.137765527582069,0.134149234899711,0.00157162385857307,0.00154155318634578,100,100,0.1,1|3|4|5|6|12|13|14
100,8,3,2026086403,8,8,78,68,0.120263780176741,0.125226733746875,0.120326811487999,0.1202186224,0.124278921921075,0.120004012807706,-6.30313112578579e-05,0.000214609592294059,316.227766016838,316.227766016838,0.01,1|2|3|4|7|8|15|16
100,8,4,2026086404,8,8,86,60,0.111906954524826,0.0985541155820672,0.0976499932112827,0.123130378013491,0.116911671686601,0.114344325366964,0.0142569613135435,0.00878605264652711,316.227766016838,316.227766016838,0.1,3|4|6|7|9|12|14|16
100,8,5,2026086405,8,8,70,76,0.0991180489440199,0.100753849615499,0.0991584602033116,0.11053955062183,0.111026253786256,0.107610968456603,-4.04112592917033e-05,0.00292858216522684,1000,316.227766016838,0.5,1|2|4|7|11|14|15|16
100,8,6,2026086406,8,8,77,69,0.143869870730637,0.151575018311869,0.146577416401727,0.126755574515309,0.138928761964983,0.128485539171404,-0.00270754567109016,-0.00172996465609465,100,31.6227766016838,0.01,1|2|3|4|6|8|13|16
100,8,7,2026086407,8,8,71,75,0.129151071395068,0.127201750136668,0.134134305017823,0.129600581930716,0.125684776695462,0.132887902004983,-0.00498323362275532,-0.00328732007426676,316.227766016838,31.6227766016838,0.01,1|2|4|6|8|11|13|16
100,8,8,2026086408,8,8,78,68,0.107023263372536,0.0783585104504289,0.100516338353602,0.129837149632799,0.104228878340269,0.125541025958174,0.00650692501893357,0.00429612367462502,1000,316.227766016838,0.1,1|4|6|7|8|11|12|16
100,8,9,2026086409,8,8,65,81,0.144204926338073,0.142904132979253,0.141928651452236,0.142272361417816,0.14220730476558,0.141321369011787,0.00227627488583693,0.000950992406029243,316.227766016838,316.227766016838,0.5,1|4|11|12|13|14|15|16
100,8,10,2026086410,8,8,81,65,0.08981832428639,0.0838625315522498,0.0820981308314063,0.109330449960767,0.106896854745511,0.104857681572881,0.00772019345498365,0.00447276838788647,316.227766016838,316.227766016838,0.01,1|3|4|5|6|7|8|12
100,8,11,2026086411,8,8,76,70,0.127162709782779,0.128240130307744,0.123708349031595,0.127119938664176,0.12765602023563,0.124016794531171,0.00345436075118397,0.00310314413300565,316.227766016838,316.227766016838,0.01,1|2|3|4|7|14|15|16
100,8,12,2026086412,8,8,66,80,0.129636917681891,0.124864148595173,0.13154362460309,0.131757531206037,0.134590433634546,0.133770909617296,-0.00190670692119954,-0.00201337841125983,316.227766016838,31.6227766016838,0.01,1|2|4|8|11|13|15|16
100,8,13,2026086413,8,8,78,68,0.174047189768765,0.111414853715699,0.122280894951387,0.175276417593897,0.122785468890795,0.131572197020969,0.0517662948173774,0.0437042205729285,100,316.227766016838,0.01,3|4|5|7|9|12|14|15
100,8,14,2026086414,8,8,68,78,0.150592351378647,0.136795997258102,0.145094112419703,0.146995674830046,0.135317654326535,0.140182302707693,0.00549823895894333,0.00681337212235276,316.227766016838,100,0.01,2|4|9|11|13|14|15|16
100,8,15,2026086415,8,8,74,72,0.143634019908831,0.13465355615213,0.131111046799385,0.167283136394497,0.159219241426408,0.156223620649463,0.0125229731094456,0.0110595157450344,316.227766016838,316.227766016838,0.01,5|6|7|9|10|11|12|14
100,8,16,2026086416,8,8,73,73,0.149348552644334,0.134706666267991,0.145003495814102,0.147663801312811,0.131247502041591,0.142999642379935,0.00434505683023209,0.00466415893287604,316.227766016838,100,0.01,2|4|6|9|11|13|14|16
100,8,17,2026086417,8,8,82,64,0.117434519953126,0.102444441957193,0.112791173948005,0.144457470652633,0.122227827704595,0.139703204251603,0.00464334600512049,0.00475426640103035,1000,316.227766016838,0.5,2|3|4|5|6|7|9|14
100,8,18,2026086418,8,8,63,83,0.131266802413079,0.133768905524953,0.131936587288131,0.14219650832998,0.144830572808957,0.142720296609296,-0.000669784875052176,-0.000523788279315715,316.227766016838,316.227766016838,0.01,1|2|5|6|10|11|13|14
100,8,19,2026086419,8,8,70,76,0.156830065906528,0.15972162897929,0.157262763635622,0.160021256239704,0.162764423036578,0.160331592820427,-0.000432697729093767,-0.000310336580723291,316.227766016838,316.227766016838,0.1,2|6|9|10|11|13|14|16
100,8,20,2026086420,8,8,74,72,0.101314763397909,0.107415201412759,0.102089382762922,0.121572683596108,0.126968033771512,0.12235286300909,-0.000774619365013191,-0.000780179412982038,316.227766016838,316.227766016838,0.01,1|2|4|5|6|7|8|11
100,8,21,2026086421,8,8,61,85,0.128613711314288,0.120174185827915,0.124668557341771,0.129925478646726,0.12245618667403,0.124312839279041,0.00394515397251691,0.00561263936768509,316.227766016838,100,0.1,1|2|4|5|11|13|14|15
100,8,22,2026086422,8,8,84,62,0.0875454942427493,0.0765479240946935,0.0752269638500964,0.105850541056044,0.10002218439409,0.0980344254833054,0.012318530392653,0.00781611557273849,316.227766016838,316.227766016838,0.01,1|3|4|6|7|8|12|16
100,8,23,2026086423,8,8,77,69,0.197378514989457,0.10098492577143,0.118892759202037,0.195723467700062,0.118613317394349,0.133098671810195,0.0784857557874199,0.0626247958898669,31.6227766016838,100,0.1,4|7|8|9|11|12|15|16
100,8,24,2026086424,8,8,81,65,0.08981832428639,0.0838625315522498,0.0820981308314063,0.109330449960767,0.106896854745511,0.104857681572881,0.00772019345498365,0.00447276838788647,316.227766016838,316.227766016838,0.01,1|3|4|5|6|7|8|12
100,8,25,2026086425,8,8,73,73,0.125976164855601,0.116668304717082,0.116787790203582,0.119268695703412,0.111407520423623,0.112641982748554,0.00918837465201867,0.00662671295485828,31.6227766016838,31.6227766016838,0.01,4|5|6|8|9|11|12|13
100,8,26,2026086426,8,8,78,68,0.120263780176741,0.125226733746875,0.120326811487999,0.1202186224,0.124278921921075,0.120004012807706,-6.30313112578579e-05,0.000214609592294059,316.227766016838,316.227766016838,0.01,1|2|3|4|7|8|15|16
100,8,27,2026086427,8,8,81,65,0.100595781162331,0.0999089783963636,0.0953282568449942,0.12877336447841,0.129667500811652,0.125016250490101,0.00526752431733651,0.00375711398830874,1000,1000,0.5,1|3|6|7|8|10|12|16
100,8,28,2026086428,8,8,59,87,0.145299890976157,0.146108583143247,0.143630985179334,0.145242487602553,0.147296437956077,0.145029410600727,0.00166890579682213,0.000213077001825492,316.227766016838,316.227766016838,0.5,1|5|10|11|12|13|14|15
100,8,29,2026086429,8,8,73,73,0.139464904858888,0.103383455729625,0.106384317108526,0.153746771858201,0.12029668712958,0.124480881283539,0.0330805877503627,0.0292658905746614,316.227766016838,316.227766016838,0.1,1|3|5|7|8|10|12|15
100,8,30,2026086430,8,8,62,84,0.142500810728328,0.143116330273267,0.141132787076198,0.140828628372832,0.142670289485189,0.140751131098442,0.00136802365212965,7.74972743892649e-05,316.227766016838,316.227766016838,0.5,1|4|5|11|12|13|14|15
100,8,31,2026086431,8,8,82,64,0.117834962524885,0.109880547173812,0.10709616236076,0.136105359649512,0.131653210989025,0.129486396305544,0.0107388001641251,0.00661896334396786,316.227766016838,316.227766016838,0.01,3|5|6|7|8|9|10|12
100,8,32,2026086432,8,8,76,70,0.134142548636281,0.139180478691338,0.132935934266952,0.133074430722204,0.141592682453211,0.133203468653352,0.00120661436932859,-0.000129037931147311,100,31.6227766016838,0.1,2|3|4|8|9|13|15|16
100,8,33,2026086433,8,8,84,62,0.0875454942427493,0.0765479240946935,0.0752269638500964,0.105850541056044,0.10002218439409,0.0980344254833054,0.012318530392653,0.00781611557273849,316.227766016838,316.227766016838,0.01,1|3|4|6|7|8|12|16
100,8,34,2026086434,8,8,61,85,0.128613711314288,0.120174185827915,0.124668557341771,0.129925478646726,0.12245618667403,0.124312839279041,0.00394515397251691,0.00561263936768509,316.227766016838,100,0.1,1|2|4|5|11|13|14|15
100,8,35,2026086435,8,8,82,64,0.142640323422124,0.143022927098766,0.140647453400265,0.133251904050294,0.132942091778237,0.131215469987365,0.00199287002185908,0.00203643406292894,316.227766016838,316.227766016838,0.5,3|4|6|8|9|12|13|16
100,8,36,2026086436,8,8,58,88,0.129432746763282,0.130850759552921,0.129707709644795,0.132190202640984,0.133672962672121,0.132485729243935,-0.000274962881513352,-0.000295526602950699,316.227766016838,316.227766016838,0.01,1|2|5|10|11|13|14|15
100,8,37,2026086437,8,8,64,82,0.144996515882265,0.135805283747423,0.136237529563582,0.144929997105355,0.137225583973239,0.137012311871065,0.00875898631868291,0.00791768523428989,316.227766016838,316.227766016838,0.5,1|8|10|11|12|13|15|16
100,8,38,2026086438,8,8,76,70,0.13971378387813,0.141817961635202,0.139714809981724,0.137613170456037,0.138500472025699,0.13734580098511,-1.02610359378752e-06,0.000267369470927379,316.227766016838,316.227766016838,0.5,3|5|6|8|9|10|12|13
100,8,39,2026086439,8,8,66,80,0.146269050581592,0.142524962524424,0.139250868826423,0.142622674967157,0.140029346210106,0.137320521140718,0.00701818175516938,0.00530215382643878,100,100,0.5,4|5|9|11|12|13|14|15
100,8,40,2026086440,8,8,75,71,0.148459844305253,0.152945999247974,0.149662590264925,0.136447248142265,0.141596742891544,0.137475293561031,-0.00120274595967249,-0.00102804541876615,100,100,0.01,1|2|3|4|6|13|14|16
100,8,41,2026086441,8,8,76,70,0.12188684733125,0.0986778176390474,0.11952284751991,0.127000865239049,0.111109963279382,0.124679154462163,0.0023639998113397,0.00232171077688632,1000,316.227766016838,0.5,2|4|7|8|9|11|15|16
100,8,42,2026086442,8,8,72,74,0.129905128309566,0.129555586318708,0.128172933617206,0.129705210957453,0.129809471432734,0.128311922945001,0.00173219469236058,0.00139328801245208,316.227766016838,316.227766016838,0.5,1|3|5|6|8|10|12|13
100,8,43,2026086443,8,8,67,79,0.138354623904989,0.133433535479663,0.125517994096451,0.14027200027858,0.133548201693667,0.129867666506951,0.0128366298085383,0.010404333771629,100,316.227766016838,0.5,1|4|8|11|12|13|15|16
100,8,44,2026086444,8,8,74,72,0.104789142866841,0.110279264072082,0.111961719776383,0.135984592453722,0.131005505304271,0.140780329397954,-0.00717257690954227,-0.00479573694423192,1000,316.227766016838,0.1,1|2|6|7|8|10|11|16
100,8,45,2026086445,8,8,77,69,0.147833567768951,0.151200406562464,0.1484534710148,0.146204270262185,0.148971772878614,0.146489951054333,-0.000619903245849041,-0.000285680792147896,316.227766016838,316.227766016838,0.1,3|6|9|10|12|13|14|16
100,8,46,2026086446,8,8,78,68,0.174047189768765,0.111414853715699,0.122280894951387,0.175276417593897,0.122785468890795,0.131572197020969,0.0517662948173774,0.0437042205729285,100,316.227766016838,0.01,3|4|5|7|9|12|14|15
100,8,47,2026086447,8,8,72,74,0.152751853743996,0.149775683089192,0.148175328081769,0.14680139853376,0.144842044181179,0.14352238751219,0.00457652566222727,0.00327901102157008,100,100,0.5,3|4|5|9|12|13|14|15
100,8,48,2026086448,8,8,76,70,0.167663137279657,0.167008237734293,0.164666107362136,0.156695892851473,0.157628085258766,0.15457240024735,0.00299702991752021,0.00212349260412275,100,100,0.1,1|3|4|6|12|13|14|16
100,8,49,2026086449,8,8,70,76,0.156830065906528,0.15972162897929,0.157262763635622,0.160021256239704,0.162764423036578,0.160331592820427,-0.000432697729093767,-0.000310336580723291,316.227766016838,316.227766016838,0.1,2|6|9|10|11|13|14|16
100,8,50,2026086450,8,8,69,77,0.143905819326519,0.137848702472494,0.137366116911967,0.144668904859374,0.140123475468109,0.13862318943905,0.00653970241455168,0.00604571542032422,316.227766016838,316.227766016838,0.01,1|6|8|10|11|12|13|16
100,8,51,2026086451,8,8,75,71,0.14072585328795,0.126258250915145,0.137146761961164,0.1373543743945,0.11808723477036,0.133654999935444,0.00357909132678588,0.0036993744590556,316.227766016838,100,0.01,2|4|6|8|9|11|13|16
100,8,52,2026086452,8,8,72,74,0.152751853743996,0.149775683089192,0.148175328081769,0.14680139853376,0.144842044181179,0.14352238751219,0.00457652566222727,0.00327901102157008,100,100,0.5,3|4|5|9|12|13|14|15
100,8,53,2026086453,8,8,67,79,0.12080466987414,0.1110327216614,0.116877161375684,0.12095948105053,0.11286627500179,0.116083486631636,0.00392750849845587,0.00487599441889422,100,31.6227766016838,0.1,2|4|5|8|9|11|13|15
100,8,54,2026086454,8,8,74,72,0.14186539314767,0.143008127331123,0.141919524646329,0.137284615220192,0.139182053107798,0.137383876750498,-5.41314986585439e-05,-9.92615303062605e-05,100,100,0.5,2|3|4|9|13|14|15|16
100,8,55,2026086455,8,8,77,69,0.120663960008204,0.0846632290092605,0.0846371876713746,0.131510814291404,0.102665624936716,0.101526370066491,0.0360267723368298,0.0299844442249132,316.227766016838,316.227766016838,0.01,1|3|4|7|12|14|15|16
100,8,56,2026086456,8,8,71,75,0.169999584459122,0.126357911081083,0.11417493530784,0.182651169130959,0.136712253827004,0.129735461018497,0.0558246491512818,0.0529157081124618,100,316.227766016838,0.1,5|7|8|9|10|11|12|15
100,8,57,2026086457,8,8,71,75,0.114015332667277,0.11435495327721,0.0910092248895071,0.127198889883861,0.122969728241167,0.109568126556833,0.0230061077777697,0.0176307633270271,316.227766016838,1000,0.01,1|4|7|11|12|14|15|16
100,8,58,2026086458,8,8,67,79,0.129091382724991,0.138521645829507,0.126881757531669,0.130325925435974,0.135307842967558,0.125990684865624,0.00220962519332266,0.00433524057035082,316.227766016838,100,0.1,1|2|3|10|13|14|15|16
100,8,59,2026086459,8,8,63,83,0.119465057625968,0.118569214299017,0.117592123437371,0.120701966388688,0.121076135487595,0.119146365072137,0.00187293418859699,0.00155560131655153,100,100,0.01,1|2|4|5|8|11|13|15
100,8,60,2026086460,8,8,77,69,0.143869870730637,0.151575018311869,0.146577416401727,0.126755574515309,0.138928761964983,0.128485539171404,-0.00270754567109016,-0.00172996465609465,100,31.6227766016838,0.01,1|2|3|4|6|8|13|16
100,8,61,2026086461,8,8,74,72,0.101314763397909,0.107415201412759,0.102089382762922,0.121572683596108,0.126968033771512,0.12235286300909,-0.000774619365013191,-0.000780179412982038,316.227766016838,316.227766016838,0.01,1|2|4|5|6|7|8|11
100,8,62,2026086462,8,8,82,64,0.123465085520113,0.126780360149027,0.123154774108359,0.151147294728267,0.154001473074258,0.150997795451601,0.000310311411753583,0.000149499276666281,1000,1000,0.5,2|3|6|7|9|10|14|16
100,8,63,2026086463,8,8,73,73,0.135870190977829,0.130301109596185,0.135333462125051,0.135366706379868,0.128560193093337,0.134408965532386,0.000536728852778251,0.000957740847482092,100,100,0.5,2|3|5|6|9|10|13|14
100,8,64,2026086464,8,8,75,71,0.166938643590185,0.16047060500125,0.159345863358161,0.157766588494205,0.154748715642386,0.153342309813827,0.00759278023202359,0.00442427868037833,100,100,0.1,3|4|9|12|13|14|15|16
100,8,65,2026086465,8,8,73,73,0.125405212245776,0.1268618473991,0.122571316319851,0.15113008531626,0.153451913843656,0.14899626000336,0.00283389592592535,0.0021338253129008,1000,1000,0.5,1|6|7|10|11|12|14|16
100,8,66,2026086466,8,8,82,64,0.0970958580983292,0.0832694385792959,0.0828129353585386,0.113213510424729,0.105831853741968,0.10378870669055,0.0142829227397906,0.00942480373417857,316.227766016838,316.227766016838,0.01,1|3|4|6|7|12|14|16
100,8,67,2026086467,8,8,71,75,0.138984255121824,0.134939513751441,0.133611875576381,0.135746512269812,0.134005588219468,0.13140677686945,0.00537237954544303,0.00433973540036219,316.227766016838,100,0.5,3|5|8|9|10|12|13|15
100,8,68,2026086468,8,8,68,78,0.127949579311548,0.123690306092852,0.118695234939141,0.135749850653226,0.132899743196055,0.128801560401226,0.00925434437240702,0.0069482902520008,1000,1000,0.5,1|7|10|11|12|14|15|16
100,8,69,2026086469,8,8,79,67,0.113226075393766,0.0794488614267418,0.0789023558808822,0.125225985662566,0.09837955897559,0.0975495693237614,0.0343237195128839,0.0276764163388048,316.227766016838,316.227766016838,0.01,1|3|4|7|8|12|15|16
100,8,70,2026086470,8,8,81,65,0.08981832428639,0.0838625315522498,0.0820981308314063,0.109330449960767,0.106896854745511,0.104857681572881,0.00772019345498365,0.00447276838788647,316.227766016838,316.227766016838,0.01,1|3|4|5|6|7|8|12
100,8,71,2026086471,8,8,79,67,0.114838353148211,0.112962805504489,0.106495463779695,0.132937295206252,0.133943273601774,0.127969377417622,0.00834288936851588,0.00496791778863028,316.227766016838,316.227766016838,0.01,4|5|6|7|8|9|11|12
100,8,72,2026086472,8,8,74,72,0.141132424866375,0.140964097105551,0.137645156654493,0.137316341788712,0.1375486882742,0.134600551497591,0.00348726821188214,0.00271579029112099,316.227766016838,316.227766016838,0.5,3|8|9|10|12|13|15|16
100,8,73,2026086473,8,8,75,71,0.133318257302695,0.200053754381022,0.156814877828035,0.133598190118768,0.180345735019652,0.15300904405113,-0.0234966205253405,-0.019410853932362,316.227766016838,100,0.01,1|2|3|4|5|7|8|15
100,8,74,2026086474,8,8,72,74,0.148632385014011,0.151378217597634,0.147410676188737,0.149838495543017,0.151822002638934,0.148157467830898,0.00122170882527403,0.00168102771211901,316.227766016838,316.227766016838,0.01,2|6|8|9|10|11|13|16
100,8,75,2026086475,8,8,75,71,0.148459844305253,0.152945999247974,0.149662590264925,0.136447248142265,0.141596742891544,0.137475293561031,-0.00120274595967249,-0.00102804541876615,100,100,0.01,1|2|3|4|6|13|14|16
100,8,76,2026086476,8,8,58,88,0.129432746763282,0.130850759552921,0.129707709644795,0.132190202640984,0.133672962672121,0.132485729243935,-0.000274962881513352,-0.000295526602950699,316.227766016838,316.227766016838,0.01,1|2|5|10|11|13|14|15
100,8,77,2026086477,8,8,67,79,0.144015185640868,0.146275945758556,0.144411987601152,0.149280930106431,0.152120801067746,0.149549248809097,-0.000396801960283744,-0.00026831870266585,316.227766016838,316.227766016838,0.01,1|6|10|11|12|13|14|16
100,8,78,2026086478,8,8,76,70,0.112964163096131,0.114969108228193,0.110330232435332,0.13650533866061,0.139437651993399,0.134691137988397,0.00263393066079891,0.00181420067221221,1000,1000,0.5,1|4|6|7|11|12|14|16
100,8,79,2026086479,8,8,75,71,0.133777605205765,0.137208735971504,0.133042540554806,0.160888032367765,0.162877064824271,0.160257677279241,0.000735064650958767,0.00063035508852358,316.227766016838,316.227766016838,0.01,2|5|6|7|8|9|10|11
100,8,80,2026086480,8,8,78,68,0.105802099789121,0.11090145375066,0.106030500477311,0.129408366419114,0.133958126647611,0.129782213962988,-0.000228400688190467,-0.000373847543874015,316.227766016838,316.227766016838,0.01,2|4|5|6|7|8|9|11
100,8,81,2026086481,8,8,68,78,0.138526791929264,0.129663532459791,0.130791239127199,0.139337427366096,0.127980519103254,0.128727501881628,0.00773555280206492,0.0106099254844678,316.227766016838,100,0.1,2|3|5|9|10|13|14|15
100,8,82,2026086482,8,8,74,72,0.142705811698648,0.113892315124518,0.107147520839628,0.14999847851422,0.124523194767705,0.1198596678802,0.0355582908590194,0.0301388106340209,316.227766016838,316.227766016838,0.1,7|8|9|10|11|12|15|16
100,8,83,2026086483,8,8,85,61,0.108932597161684,0.0982319237053794,0.0939326660975687,0.124699839196977,0.11950691927563,0.115395917906132,0.0149999310641152,0.00930392129084497,316.227766016838,316.227766016838,0.01,3|6|7|8|9|10|12|16
100,8,84,2026086484,8,8,79,67,0.131080684556983,0.123680415366853,0.117786548728257,0.149683299451165,0.146411160087362,0.140594808537582,0.0132941358287259,0.00908849091358255,316.227766016838,316.227766016838,0.01,6|7|8|9|10|11|12|16
100,8,85,2026086485,8,8,67,79,0.147464452124902,0.148305355329968,0.144893475765459,0.145767392374903,0.145906702746688,0.142358985928109,0.00257097635944301,0.00340840644679409,316.227766016838,316.227766016838,0.1,2|8|9|10|11|13|15|16
100,8,86,2026086486,8,8,77,69,0.122705652131246,0.117118608196189,0.111542631766464,0.14241035224743,0.138701487011264,0.13329298633377,0.0111630203647824,0.00911736591366057,316.227766016838,316.227766016838,0.01,4|5|6|7|9|11|12|14
100,8,87,2026086487,8,8,69,77,0.153431884750516,0.158365563709324,0.154933376106002,0.145924386846787,0.151159703110906,0.14711847832769,-0.00150149135548597,-0.00119409148090377,31.6227766016838,31.6227766016838,0.5,1|2|3|4|5|8|13|15
100,8,88,2026086488,8,8,73,73,0.125976164855601,0.116668304717082,0.116787790203582,0.119268695703412,0.111407520423623,0.112641982748554,0.00918837465201867,0.00662671295485828,31.6227766016838,31.6227766016838,0.01,4|5|6|8|9|11|12|13
100,8,89,2026086489,8,8,67,79,0.145770835805013,0.150255534128475,0.146106943852004,0.137714760327938,0.141850682577573,0.137989876113792,-0.000336108046990941,-0.000275115785853822,31.6227766016838,31.6227766016838,0.5,1|2|3|4|5|13|14|15
100,8,90,2026086490,8,8,73,73,0.139464904858888,0.103383455729625,0.106384317108526,0.153746771858201,0.12029668712958,0.124480881283539,0.0330805877503627,0.0292658905746614,316.227766016838,316.227766016838,0.1,1|3|5|7|8|10|12|15
100,8,91,2026086491,8,8,79,67,0.135946338287198,0.132646573589865,0.129914817475044,0.118878916391575,0.116172171276707,0.114264694144714,0.00603152081215405,0.0046142222468601,100,100,0.5,3|4|5|6|8|9|12|13
100,8,92,2026086492,8,8,73,73,0.128455694302884,0.129501552664416,0.127017331884716,0.12524778196723,0.126785167758001,0.123588918155856,0.00143836241816828,0.00165886381137413,100,100,0.5,2|3|4|5|8|9|13|15
100,8,93,2026086493,8,8,77,69,0.122632363985707,0.112674681040235,0.117798693344613,0.134402795854324,0.125372566565541,0.128318894358584,0.004833670641094,0.00608390149573984,1000,316.227766016838,0.5,2|3|7|9|10|14|15|16
100,8,94,2026086494,8,8,66,80,0.116344557048961,0.115417765012042,0.113015757196236,0.13122085411924,0.128077486873963,0.127206034565907,0.00332879985272419,0.00401481955333238,316.227766016838,316.227766016838,0.01,1|2|5|7|8|10|11|15
100,8,95,2026086495,8,8,75,71,0.121429270278933,0.121848659172985,0.117093267969431,0.146132207695273,0.147815788082598,0.142654605426033,0.00433600230950203,0.0034776022692395,1000,1000,0.5,1|6|7|8|10|11|12|16
100,8,96,2026086496,8,8,73,73,0.14834898574006,0.160101390312304,0.145244422831959,0.141924564421905,0.156988029960358,0.138568782944675,0.00310456290810071,0.0033557814772298,100,316.227766016838,0.5,6|8|9|10|11|12|13|16
100,8,97,2026086497,8,8,71,75,0.140035689976685,0.133154964997638,0.131553552838205,0.137679882926443,0.132818538170918,0.131367224143254,0.00848213713847928,0.00631265878318895,100,100,0.5,4|8|9|11|12|13|15|16
100,8,98,2026086498,8,8,82,64,0.0970958580983292,0.0832694385792959,0.0828129353585386,0.113213510424729,0.105831853741968,0.10378870669055,0.0142829227397906,0.00942480373417857,316.227766016838,316.227766016838,0.01,1|3|4|6|7|12|14|16
100,8,99,2026086499,8,8,70,76,0.141001414676397,0.127013622060986,0.135561990079442,0.138600284102855,0.129328182621496,0.132204959161736,0.00543942459695573,0.00639532494111978,316.227766016838,100,0.01,2|4|8|9|11|13|15|16
100,8,100,2026086500,8,8,74,72,0.141132424866375,0.140964097105551,0.137645156654493,0.137316341788712,0.1375486882742,0.134600551497591,0.00348726821188214,0.00271579029112099,316.227766016838,316.227766016838,0.5,3|8|9|10|12|13|15|16
