Repeat,Seed,Dataset,Experiment,TargetPair,FaultType,RunLevelN,ExactSetDetectionRate,BothTargetDetectedRate,OnlyOneTargetDetectedRate,NeitherTargetDetectedRate,ExtraChannelTriggerRate
1,2026081501,NUAA,W1,force_z+vibration_x,Saturation,29,0.931034482758621,1,0,0,0.0689655172413793
1,2026081501,NUAA,W2,force_z+vibration_x,Saturation,17,1,1,0,0,0
1,2026081501,NUAA,W3,force_z+vibration_x,Saturation,11,1,1,0,0,0
1,2026081501,NUAA,W4,force_z+vibration_x,Saturation,28,0.892857142857143,0.928571428571429,0.0714285714285714,0,0.0357142857142857
1,2026081501,NUAA,W5,force_z+vibration_x,Saturation,7,1,1,0,0,0
1,2026081501,NUAA,W6,force_z+vibration_x,Saturation,14,1,1,0,0,0
1,2026081501,NUAA,W7,force_z+vibration_x,Saturation,8,1,1,0,0,0
1,2026081501,NUAA,W8,force_z+vibration_x,Saturation,31,0.903225806451613,0.903225806451613,0.0967741935483871,0,0
1,2026081501,NUAA,W9,force_z+vibration_x,Saturation,7,1,1,0,0,0
1,2026081501,NUAA,W1,force_z+vibration_x,Dropout,29,0.896551724137931,0.96551724137931,0.0344827586206897,0,0.0689655172413793
1,2026081501,NUAA,W2,force_z+vibration_x,Dropout,17,0.941176470588235,0.941176470588235,0.0588235294117647,0,0
1,2026081501,NUAA,W3,force_z+vibration_x,Dropout,11,1,1,0,0,0
1,2026081501,NUAA,W4,force_z+vibration_x,Dropout,28,0.964285714285714,1,0,0,0.0357142857142857
1,2026081501,NUAA,W5,force_z+vibration_x,Dropout,7,0.857142857142857,0.857142857142857,0.142857142857143,0,0
1,2026081501,NUAA,W6,force_z+vibration_x,Dropout,14,1,1,0,0,0
1,2026081501,NUAA,W7,force_z+vibration_x,Dropout,8,0.875,0.875,0.125,0,0
1,2026081501,NUAA,W8,force_z+vibration_x,Dropout,31,0.935483870967742,0.935483870967742,0.0645161290322581,0,0
1,2026081501,NUAA,W9,force_z+vibration_x,Dropout,7,0.571428571428571,0.571428571428571,0.428571428571429,0,0
1,2026081501,NUAA,W1,force_z+vibration_x,Bias,29,0.0344827586206897,0.0344827586206897,0.551724137931034,0.413793103448276,0.0689655172413793
1,2026081501,NUAA,W2,force_z+vibration_x,Bias,17,0.0588235294117647,0.0588235294117647,0.823529411764706,0.117647058823529,0
1,2026081501,NUAA,W3,force_z+vibration_x,Bias,11,0,0,0.454545454545455,0.545454545454545,0
1,2026081501,NUAA,W4,force_z+vibration_x,Bias,28,0.0357142857142857,0.0357142857142857,0.428571428571429,0.535714285714286,0.0357142857142857
1,2026081501,NUAA,W5,force_z+vibration_x,Bias,7,0.285714285714286,0.285714285714286,0.571428571428571,0.142857142857143,0
1,2026081501,NUAA,W6,force_z+vibration_x,Bias,14,0.0714285714285714,0.0714285714285714,0.5,0.428571428571429,0
1,2026081501,NUAA,W7,force_z+vibration_x,Bias,8,0,0,0.625,0.375,0
1,2026081501,NUAA,W8,force_z+vibration_x,Bias,31,0,0,0.548387096774194,0.451612903225806,0
1,2026081501,NUAA,W9,force_z+vibration_x,Bias,7,0,0,0.857142857142857,0.142857142857143,0
1,2026081501,NUAA,W1,force_z+vibration_x,Noise,29,0,0,0.758620689655172,0.241379310344828,0.0689655172413793
1,2026081501,NUAA,W2,force_z+vibration_x,Noise,17,0,0,0.764705882352941,0.235294117647059,0
1,2026081501,NUAA,W3,force_z+vibration_x,Noise,11,0,0,0.363636363636364,0.636363636363636,0
1,2026081501,NUAA,W4,force_z+vibration_x,Noise,28,0,0,0.571428571428571,0.428571428571429,0.0357142857142857
1,2026081501,NUAA,W5,force_z+vibration_x,Noise,7,0,0,0.714285714285714,0.285714285714286,0
1,2026081501,NUAA,W6,force_z+vibration_x,Noise,14,0,0,0.714285714285714,0.285714285714286,0
1,2026081501,NUAA,W7,force_z+vibration_x,Noise,8,0,0,0.625,0.375,0
1,2026081501,NUAA,W8,force_z+vibration_x,Noise,31,0,0,0.516129032258065,0.483870967741935,0
1,2026081501,NUAA,W9,force_z+vibration_x,Noise,7,0,0,0.857142857142857,0.142857142857143,0
1,2026081501,NUAA,W1,force_z+vibration_y,Saturation,29,0.96551724137931,0.96551724137931,0.0344827586206897,0,0
1,2026081501,NUAA,W2,force_z+vibration_y,Saturation,17,1,1,0,0,0
1,2026081501,NUAA,W3,force_z+vibration_y,Saturation,11,1,1,0,0,0
1,2026081501,NUAA,W4,force_z+vibration_y,Saturation,28,0.964285714285714,0.964285714285714,0.0357142857142857,0,0
1,2026081501,NUAA,W5,force_z+vibration_y,Saturation,7,0.714285714285714,0.857142857142857,0.142857142857143,0,0.142857142857143
1,2026081501,NUAA,W6,force_z+vibration_y,Saturation,14,0.928571428571429,0.928571428571429,0.0714285714285714,0,0
1,2026081501,NUAA,W7,force_z+vibration_y,Saturation,8,1,1,0,0,0
1,2026081501,NUAA,W8,force_z+vibration_y,Saturation,31,0.967741935483871,0.967741935483871,0.032258064516129,0,0
1,2026081501,NUAA,W9,force_z+vibration_y,Saturation,7,1,1,0,0,0
1,2026081501,NUAA,W1,force_z+vibration_y,Dropout,29,0.896551724137931,0.896551724137931,0.103448275862069,0,0
1,2026081501,NUAA,W2,force_z+vibration_y,Dropout,17,1,1,0,0,0
1,2026081501,NUAA,W3,force_z+vibration_y,Dropout,11,1,1,0,0,0
1,2026081501,NUAA,W4,force_z+vibration_y,Dropout,28,1,1,0,0,0
1,2026081501,NUAA,W5,force_z+vibration_y,Dropout,7,0.857142857142857,1,0,0,0.142857142857143
1,2026081501,NUAA,W6,force_z+vibration_y,Dropout,14,0.857142857142857,0.857142857142857,0.142857142857143,0,0
1,2026081501,NUAA,W7,force_z+vibration_y,Dropout,8,0.875,0.875,0.125,0,0
1,2026081501,NUAA,W8,force_z+vibration_y,Dropout,31,0.967741935483871,0.967741935483871,0.032258064516129,0,0
1,2026081501,NUAA,W9,force_z+vibration_y,Dropout,7,1,1,0,0,0
1,2026081501,NUAA,W1,force_z+vibration_y,Bias,29,0.413793103448276,0.413793103448276,0.310344827586207,0.275862068965517,0
1,2026081501,NUAA,W2,force_z+vibration_y,Bias,17,0.411764705882353,0.411764705882353,0.529411764705882,0.0588235294117647,0
1,2026081501,NUAA,W3,force_z+vibration_y,Bias,11,0.636363636363636,0.636363636363636,0.272727272727273,0.0909090909090909,0
1,2026081501,NUAA,W4,force_z+vibration_y,Bias,28,0.357142857142857,0.357142857142857,0.428571428571429,0.214285714285714,0
1,2026081501,NUAA,W5,force_z+vibration_y,Bias,7,0.428571428571429,0.428571428571429,0.428571428571429,0.142857142857143,0.142857142857143
1,2026081501,NUAA,W6,force_z+vibration_y,Bias,14,0.142857142857143,0.142857142857143,0.5,0.357142857142857,0
1,2026081501,NUAA,W7,force_z+vibration_y,Bias,8,0.125,0.125,0.625,0.25,0
1,2026081501,NUAA,W8,force_z+vibration_y,Bias,31,0.290322580645161,0.290322580645161,0.451612903225806,0.258064516129032,0
1,2026081501,NUAA,W9,force_z+vibration_y,Bias,7,0.142857142857143,0.142857142857143,0.571428571428571,0.285714285714286,0
1,2026081501,NUAA,W1,force_z+vibration_y,Noise,29,0.0689655172413793,0.0689655172413793,0.724137931034483,0.206896551724138,0
1,2026081501,NUAA,W2,force_z+vibration_y,Noise,17,0,0,0.705882352941177,0.294117647058824,0
1,2026081501,NUAA,W3,force_z+vibration_y,Noise,11,0,0,0.636363636363636,0.363636363636364,0
1,2026081501,NUAA,W4,force_z+vibration_y,Noise,28,0.0714285714285714,0.0714285714285714,0.392857142857143,0.535714285714286,0
1,2026081501,NUAA,W5,force_z+vibration_y,Noise,7,0,0,1,0,0.142857142857143
1,2026081501,NUAA,W6,force_z+vibration_y,Noise,14,0,0,0.571428571428571,0.428571428571429,0
1,2026081501,NUAA,W7,force_z+vibration_y,Noise,8,0,0,0.75,0.25,0
1,2026081501,NUAA,W8,force_z+vibration_y,Noise,31,0.032258064516129,0.032258064516129,0.612903225806452,0.354838709677419,0
1,2026081501,NUAA,W9,force_z+vibration_y,Noise,7,0,0,0.714285714285714,0.285714285714286,0
1,2026081501,NUAA,W1,vibration_x+vibration_y,Saturation,29,1,1,0,0,0
1,2026081501,NUAA,W2,vibration_x+vibration_y,Saturation,17,0.882352941176471,1,0,0,0.117647058823529
1,2026081501,NUAA,W3,vibration_x+vibration_y,Saturation,11,1,1,0,0,0
1,2026081501,NUAA,W4,vibration_x+vibration_y,Saturation,28,1,1,0,0,0
1,2026081501,NUAA,W5,vibration_x+vibration_y,Saturation,7,1,1,0,0,0
1,2026081501,NUAA,W6,vibration_x+vibration_y,Saturation,14,1,1,0,0,0
1,2026081501,NUAA,W7,vibration_x+vibration_y,Saturation,8,1,1,0,0,0
1,2026081501,NUAA,W8,vibration_x+vibration_y,Saturation,31,1,1,0,0,0
1,2026081501,NUAA,W9,vibration_x+vibration_y,Saturation,7,1,1,0,0,0
1,2026081501,NUAA,W1,vibration_x+vibration_y,Dropout,29,1,1,0,0,0
1,2026081501,NUAA,W2,vibration_x+vibration_y,Dropout,17,0.882352941176471,1,0,0,0.117647058823529
1,2026081501,NUAA,W3,vibration_x+vibration_y,Dropout,11,1,1,0,0,0
1,2026081501,NUAA,W4,vibration_x+vibration_y,Dropout,28,1,1,0,0,0
1,2026081501,NUAA,W5,vibration_x+vibration_y,Dropout,7,1,1,0,0,0
1,2026081501,NUAA,W6,vibration_x+vibration_y,Dropout,14,1,1,0,0,0
1,2026081501,NUAA,W7,vibration_x+vibration_y,Dropout,8,1,1,0,0,0
1,2026081501,NUAA,W8,vibration_x+vibration_y,Dropout,31,1,1,0,0,0
1,2026081501,NUAA,W9,vibration_x+vibration_y,Dropout,7,1,1,0,0,0
1,2026081501,NUAA,W1,vibration_x+vibration_y,Bias,29,0,0,0.413793103448276,0.586206896551724,0
1,2026081501,NUAA,W2,vibration_x+vibration_y,Bias,17,0,0,0.647058823529412,0.352941176470588,0.117647058823529
1,2026081501,NUAA,W3,vibration_x+vibration_y,Bias,11,0,0,0.363636363636364,0.636363636363636,0
1,2026081501,NUAA,W4,vibration_x+vibration_y,Bias,28,0,0,0.678571428571429,0.321428571428571,0
1,2026081501,NUAA,W5,vibration_x+vibration_y,Bias,7,0.285714285714286,0.285714285714286,0.428571428571429,0.285714285714286,0
1,2026081501,NUAA,W6,vibration_x+vibration_y,Bias,14,0.142857142857143,0.142857142857143,0.214285714285714,0.642857142857143,0
1,2026081501,NUAA,W7,vibration_x+vibration_y,Bias,8,0.125,0.125,0.5,0.375,0
1,2026081501,NUAA,W8,vibration_x+vibration_y,Bias,31,0,0,0.516129032258065,0.483870967741935,0
1,2026081501,NUAA,W9,vibration_x+vibration_y,Bias,7,0,0,0.142857142857143,0.857142857142857,0
1,2026081501,NUAA,W1,vibration_x+vibration_y,Noise,29,0,0,0.103448275862069,0.896551724137931,0
1,2026081501,NUAA,W2,vibration_x+vibration_y,Noise,17,0,0,0,1,0.117647058823529
1,2026081501,NUAA,W3,vibration_x+vibration_y,Noise,11,0,0,0,1,0
1,2026081501,NUAA,W4,vibration_x+vibration_y,Noise,28,0,0,0.142857142857143,0.857142857142857,0
1,2026081501,NUAA,W5,vibration_x+vibration_y,Noise,7,0,0,0.142857142857143,0.857142857142857,0
1,2026081501,NUAA,W6,vibration_x+vibration_y,Noise,14,0,0,0,1,0
1,2026081501,NUAA,W7,vibration_x+vibration_y,Noise,8,0,0,0,1,0
1,2026081501,NUAA,W8,vibration_x+vibration_y,Noise,31,0,0,0.032258064516129,0.967741935483871,0
1,2026081501,NUAA,W9,vibration_x+vibration_y,Noise,7,0,0,0,1,0
1,2026081501,PHM2010,c1,force_z+vibration_x,Saturation,315,0.977777777777778,1,0,0,0.0222222222222222
1,2026081501,PHM2010,c4,force_z+vibration_x,Saturation,315,0.996825396825397,1,0,0,0.00317460317460317
1,2026081501,PHM2010,c6,force_z+vibration_x,Saturation,315,1,1,0,0,0
1,2026081501,PHM2010,c1,force_z+vibration_x,Dropout,315,0.977777777777778,1,0,0,0.0222222222222222
1,2026081501,PHM2010,c4,force_z+vibration_x,Dropout,315,0.996825396825397,1,0,0,0.00317460317460317
1,2026081501,PHM2010,c6,force_z+vibration_x,Dropout,315,0.507936507936508,0.507936507936508,0.492063492063492,0,0
1,2026081501,PHM2010,c1,force_z+vibration_x,Bias,315,0.104761904761905,0.104761904761905,0.546031746031746,0.349206349206349,0.0222222222222222
1,2026081501,PHM2010,c4,force_z+vibration_x,Bias,315,0.231746031746032,0.234920634920635,0.482539682539683,0.282539682539683,0.00317460317460317
1,2026081501,PHM2010,c6,force_z+vibration_x,Bias,315,0,0,0.298412698412698,0.701587301587302,0
1,2026081501,PHM2010,c1,force_z+vibration_x,Noise,315,0.00317460317460317,0.00317460317460317,0.273015873015873,0.723809523809524,0.0222222222222222
1,2026081501,PHM2010,c4,force_z+vibration_x,Noise,315,0,0,0.434920634920635,0.565079365079365,0.00317460317460317
1,2026081501,PHM2010,c6,force_z+vibration_x,Noise,315,0,0,0.107936507936508,0.892063492063492,0
1,2026081501,PHM2010,c1,force_z+vibration_y,Saturation,315,0.971428571428571,1,0,0,0.0285714285714286
1,2026081501,PHM2010,c4,force_z+vibration_y,Saturation,315,0.987301587301587,1,0,0,0.0126984126984127
1,2026081501,PHM2010,c6,force_z+vibration_y,Saturation,315,1,1,0,0,0
1,2026081501,PHM2010,c1,force_z+vibration_y,Dropout,315,0.533333333333333,0.549206349206349,0.450793650793651,0,0.0285714285714286
1,2026081501,PHM2010,c4,force_z+vibration_y,Dropout,315,0.987301587301587,1,0,0,0.0126984126984127
1,2026081501,PHM2010,c6,force_z+vibration_y,Dropout,315,0.485714285714286,0.485714285714286,0.514285714285714,0,0
1,2026081501,PHM2010,c1,force_z+vibration_y,Bias,315,0.00634920634920635,0.00634920634920635,0.523809523809524,0.46984126984127,0.0285714285714286
1,2026081501,PHM2010,c4,force_z+vibration_y,Bias,315,0.0793650793650794,0.0825396825396825,0.60952380952381,0.307936507936508,0.0126984126984127
1,2026081501,PHM2010,c6,force_z+vibration_y,Bias,315,0,0,0.352380952380952,0.647619047619048,0
1,2026081501,PHM2010,c1,force_z+vibration_y,Noise,315,0,0.00317460317460317,0.203174603174603,0.793650793650794,0.0285714285714286
1,2026081501,PHM2010,c4,force_z+vibration_y,Noise,315,0,0,0.377777777777778,0.622222222222222,0.0126984126984127
1,2026081501,PHM2010,c6,force_z+vibration_y,Noise,315,0,0,0.0793650793650794,0.920634920634921,0
1,2026081501,PHM2010,c1,vibration_x+vibration_y,Saturation,315,0.990476190476191,1,0,0,0.00952380952380952
1,2026081501,PHM2010,c4,vibration_x+vibration_y,Saturation,315,0.987301587301587,1,0,0,0.0126984126984127
1,2026081501,PHM2010,c6,vibration_x+vibration_y,Saturation,315,0.993650793650794,1,0,0,0.00634920634920635
1,2026081501,PHM2010,c1,vibration_x+vibration_y,Dropout,315,0.571428571428571,0.577777777777778,0.422222222222222,0,0.00952380952380952
1,2026081501,PHM2010,c4,vibration_x+vibration_y,Dropout,315,0.987301587301587,1,0,0,0.0126984126984127
1,2026081501,PHM2010,c6,vibration_x+vibration_y,Dropout,315,0.215873015873016,0.219047619047619,0.511111111111111,0.26984126984127,0.00634920634920635
1,2026081501,PHM2010,c1,vibration_x+vibration_y,Bias,315,0.00634920634920635,0.00634920634920635,0.133333333333333,0.86031746031746,0.00952380952380952
1,2026081501,PHM2010,c4,vibration_x+vibration_y,Bias,315,0.0317460317460317,0.0317460317460317,0.323809523809524,0.644444444444444,0.0126984126984127
1,2026081501,PHM2010,c6,vibration_x+vibration_y,Bias,315,0,0,0.00634920634920635,0.993650793650794,0.00634920634920635
1,2026081501,PHM2010,c1,vibration_x+vibration_y,Noise,315,0,0,0.0222222222222222,0.977777777777778,0.00952380952380952
1,2026081501,PHM2010,c4,vibration_x+vibration_y,Noise,315,0,0,0.00317460317460317,0.996825396825397,0.0126984126984127
1,2026081501,PHM2010,c6,vibration_x+vibration_y,Noise,315,0,0,0,1,0.00634920634920635
2,2026081502,NUAA,W1,force_z+vibration_x,Saturation,29,0.931034482758621,1,0,0,0.0689655172413793
2,2026081502,NUAA,W2,force_z+vibration_x,Saturation,17,1,1,0,0,0
2,2026081502,NUAA,W3,force_z+vibration_x,Saturation,11,1,1,0,0,0
2,2026081502,NUAA,W4,force_z+vibration_x,Saturation,28,0.964285714285714,1,0,0,0.0357142857142857
2,2026081502,NUAA,W5,force_z+vibration_x,Saturation,7,1,1,0,0,0
2,2026081502,NUAA,W6,force_z+vibration_x,Saturation,14,0.928571428571429,0.928571428571429,0.0714285714285714,0,0
2,2026081502,NUAA,W7,force_z+vibration_x,Saturation,8,0.875,0.875,0.125,0,0
2,2026081502,NUAA,W8,force_z+vibration_x,Saturation,31,1,1,0,0,0
2,2026081502,NUAA,W9,force_z+vibration_x,Saturation,7,1,1,0,0,0
2,2026081502,NUAA,W1,force_z+vibration_x,Dropout,29,0.896551724137931,0.96551724137931,0.0344827586206897,0,0.0689655172413793
2,2026081502,NUAA,W2,force_z+vibration_x,Dropout,17,0.941176470588235,0.941176470588235,0.0588235294117647,0,0
2,2026081502,NUAA,W3,force_z+vibration_x,Dropout,11,1,1,0,0,0
2,2026081502,NUAA,W4,force_z+vibration_x,Dropout,28,0.964285714285714,1,0,0,0.0357142857142857
2,2026081502,NUAA,W5,force_z+vibration_x,Dropout,7,1,1,0,0,0
2,2026081502,NUAA,W6,force_z+vibration_x,Dropout,14,1,1,0,0,0
2,2026081502,NUAA,W7,force_z+vibration_x,Dropout,8,1,1,0,0,0
2,2026081502,NUAA,W8,force_z+vibration_x,Dropout,31,1,1,0,0,0
2,2026081502,NUAA,W9,force_z+vibration_x,Dropout,7,1,1,0,0,0
2,2026081502,NUAA,W1,force_z+vibration_x,Bias,29,0,0,0.448275862068966,0.551724137931034,0.0689655172413793
2,2026081502,NUAA,W2,force_z+vibration_x,Bias,17,0,0,0.764705882352941,0.235294117647059,0
2,2026081502,NUAA,W3,force_z+vibration_x,Bias,11,0,0,0.636363636363636,0.363636363636364,0
2,2026081502,NUAA,W4,force_z+vibration_x,Bias,28,0,0,0.428571428571429,0.571428571428571,0.0357142857142857
2,2026081502,NUAA,W5,force_z+vibration_x,Bias,7,0,0,0.714285714285714,0.285714285714286,0
2,2026081502,NUAA,W6,force_z+vibration_x,Bias,14,0,0,0.571428571428571,0.428571428571429,0
2,2026081502,NUAA,W7,force_z+vibration_x,Bias,8,0.25,0.25,0.625,0.125,0
2,2026081502,NUAA,W8,force_z+vibration_x,Bias,31,0,0,0.548387096774194,0.451612903225806,0
2,2026081502,NUAA,W9,force_z+vibration_x,Bias,7,0,0,0.714285714285714,0.285714285714286,0
2,2026081502,NUAA,W1,force_z+vibration_x,Noise,29,0,0,0.586206896551724,0.413793103448276,0.0689655172413793
2,2026081502,NUAA,W2,force_z+vibration_x,Noise,17,0,0,0.823529411764706,0.176470588235294,0
2,2026081502,NUAA,W3,force_z+vibration_x,Noise,11,0,0,1,0,0
2,2026081502,NUAA,W4,force_z+vibration_x,Noise,28,0,0,0.678571428571429,0.321428571428571,0.0357142857142857
2,2026081502,NUAA,W5,force_z+vibration_x,Noise,7,0.142857142857143,0.142857142857143,0.714285714285714,0.142857142857143,0
2,2026081502,NUAA,W6,force_z+vibration_x,Noise,14,0,0,0.642857142857143,0.357142857142857,0
2,2026081502,NUAA,W7,force_z+vibration_x,Noise,8,0,0,0.625,0.375,0
2,2026081502,NUAA,W8,force_z+vibration_x,Noise,31,0,0,0.580645161290323,0.419354838709677,0
2,2026081502,NUAA,W9,force_z+vibration_x,Noise,7,0,0,0.714285714285714,0.285714285714286,0
2,2026081502,NUAA,W1,force_z+vibration_y,Saturation,29,0.96551724137931,0.96551724137931,0.0344827586206897,0,0
2,2026081502,NUAA,W2,force_z+vibration_y,Saturation,17,1,1,0,0,0
2,2026081502,NUAA,W3,force_z+vibration_y,Saturation,11,1,1,0,0,0
2,2026081502,NUAA,W4,force_z+vibration_y,Saturation,28,1,1,0,0,0
2,2026081502,NUAA,W5,force_z+vibration_y,Saturation,7,0.857142857142857,1,0,0,0.142857142857143
2,2026081502,NUAA,W6,force_z+vibration_y,Saturation,14,1,1,0,0,0
2,2026081502,NUAA,W7,force_z+vibration_y,Saturation,8,1,1,0,0,0
2,2026081502,NUAA,W8,force_z+vibration_y,Saturation,31,0.967741935483871,0.967741935483871,0.032258064516129,0,0
2,2026081502,NUAA,W9,force_z+vibration_y,Saturation,7,0.857142857142857,0.857142857142857,0.142857142857143,0,0
2,2026081502,NUAA,W1,force_z+vibration_y,Dropout,29,0.896551724137931,0.896551724137931,0.103448275862069,0,0
2,2026081502,NUAA,W2,force_z+vibration_y,Dropout,17,0.941176470588235,0.941176470588235,0.0588235294117647,0,0
2,2026081502,NUAA,W3,force_z+vibration_y,Dropout,11,0.909090909090909,0.909090909090909,0.0909090909090909,0,0
2,2026081502,NUAA,W4,force_z+vibration_y,Dropout,28,0.892857142857143,0.892857142857143,0.107142857142857,0,0
2,2026081502,NUAA,W5,force_z+vibration_y,Dropout,7,0.857142857142857,0.857142857142857,0.142857142857143,0,0.142857142857143
2,2026081502,NUAA,W6,force_z+vibration_y,Dropout,14,0.857142857142857,0.857142857142857,0.142857142857143,0,0
2,2026081502,NUAA,W7,force_z+vibration_y,Dropout,8,1,1,0,0,0
2,2026081502,NUAA,W8,force_z+vibration_y,Dropout,31,1,1,0,0,0
2,2026081502,NUAA,W9,force_z+vibration_y,Dropout,7,0.857142857142857,0.857142857142857,0.142857142857143,0,0
2,2026081502,NUAA,W1,force_z+vibration_y,Bias,29,0.379310344827586,0.379310344827586,0.586206896551724,0.0344827586206897,0
2,2026081502,NUAA,W2,force_z+vibration_y,Bias,17,0.176470588235294,0.176470588235294,0.764705882352941,0.0588235294117647,0
2,2026081502,NUAA,W3,force_z+vibration_y,Bias,11,0.181818181818182,0.181818181818182,0.545454545454545,0.272727272727273,0
2,2026081502,NUAA,W4,force_z+vibration_y,Bias,28,0.285714285714286,0.285714285714286,0.535714285714286,0.178571428571429,0
2,2026081502,NUAA,W5,force_z+vibration_y,Bias,7,0,0,0.857142857142857,0.142857142857143,0.142857142857143
2,2026081502,NUAA,W6,force_z+vibration_y,Bias,14,0.285714285714286,0.285714285714286,0.642857142857143,0.0714285714285714,0
2,2026081502,NUAA,W7,force_z+vibration_y,Bias,8,0.25,0.25,0.5,0.25,0
2,2026081502,NUAA,W8,force_z+vibration_y,Bias,31,0.290322580645161,0.290322580645161,0.548387096774194,0.161290322580645,0
2,2026081502,NUAA,W9,force_z+vibration_y,Bias,7,0,0,0.571428571428571,0.428571428571429,0
2,2026081502,NUAA,W1,force_z+vibration_y,Noise,29,0.0689655172413793,0.0689655172413793,0.448275862068966,0.482758620689655,0
2,2026081502,NUAA,W2,force_z+vibration_y,Noise,17,0,0,0.882352941176471,0.117647058823529,0
2,2026081502,NUAA,W3,force_z+vibration_y,Noise,11,0,0,0.454545454545455,0.545454545454545,0
2,2026081502,NUAA,W4,force_z+vibration_y,Noise,28,0.0357142857142857,0.0357142857142857,0.535714285714286,0.428571428571429,0
2,2026081502,NUAA,W5,force_z+vibration_y,Noise,7,0,0,0.714285714285714,0.285714285714286,0.142857142857143
2,2026081502,NUAA,W6,force_z+vibration_y,Noise,14,0,0,0.571428571428571,0.428571428571429,0
2,2026081502,NUAA,W7,force_z+vibration_y,Noise,8,0,0,0.5,0.5,0
2,2026081502,NUAA,W8,force_z+vibration_y,Noise,31,0,0,0.483870967741935,0.516129032258065,0
2,2026081502,NUAA,W9,force_z+vibration_y,Noise,7,0,0,0.428571428571429,0.571428571428571,0
2,2026081502,NUAA,W1,vibration_x+vibration_y,Saturation,29,1,1,0,0,0
2,2026081502,NUAA,W2,vibration_x+vibration_y,Saturation,17,0.882352941176471,1,0,0,0.117647058823529
2,2026081502,NUAA,W3,vibration_x+vibration_y,Saturation,11,1,1,0,0,0
2,2026081502,NUAA,W4,vibration_x+vibration_y,Saturation,28,1,1,0,0,0
2,2026081502,NUAA,W5,vibration_x+vibration_y,Saturation,7,1,1,0,0,0
2,2026081502,NUAA,W6,vibration_x+vibration_y,Saturation,14,1,1,0,0,0
2,2026081502,NUAA,W7,vibration_x+vibration_y,Saturation,8,1,1,0,0,0
2,2026081502,NUAA,W8,vibration_x+vibration_y,Saturation,31,1,1,0,0,0
2,2026081502,NUAA,W9,vibration_x+vibration_y,Saturation,7,1,1,0,0,0
2,2026081502,NUAA,W1,vibration_x+vibration_y,Dropout,29,1,1,0,0,0
2,2026081502,NUAA,W2,vibration_x+vibration_y,Dropout,17,0.882352941176471,1,0,0,0.117647058823529
2,2026081502,NUAA,W3,vibration_x+vibration_y,Dropout,11,1,1,0,0,0
2,2026081502,NUAA,W4,vibration_x+vibration_y,Dropout,28,1,1,0,0,0
2,2026081502,NUAA,W5,vibration_x+vibration_y,Dropout,7,1,1,0,0,0
2,2026081502,NUAA,W6,vibration_x+vibration_y,Dropout,14,1,1,0,0,0
2,2026081502,NUAA,W7,vibration_x+vibration_y,Dropout,8,1,1,0,0,0
2,2026081502,NUAA,W8,vibration_x+vibration_y,Dropout,31,1,1,0,0,0
2,2026081502,NUAA,W9,vibration_x+vibration_y,Dropout,7,1,1,0,0,0
2,2026081502,NUAA,W1,vibration_x+vibration_y,Bias,29,0.0344827586206897,0.0344827586206897,0.413793103448276,0.551724137931034,0
2,2026081502,NUAA,W2,vibration_x+vibration_y,Bias,17,0.0588235294117647,0.0588235294117647,0.470588235294118,0.470588235294118,0.117647058823529
2,2026081502,NUAA,W3,vibration_x+vibration_y,Bias,11,0.0909090909090909,0.0909090909090909,0.363636363636364,0.545454545454545,0
2,2026081502,NUAA,W4,vibration_x+vibration_y,Bias,28,0,0,0.357142857142857,0.642857142857143,0
2,2026081502,NUAA,W5,vibration_x+vibration_y,Bias,7,0.285714285714286,0.285714285714286,0.571428571428571,0.142857142857143,0
2,2026081502,NUAA,W6,vibration_x+vibration_y,Bias,14,0,0,0.642857142857143,0.357142857142857,0
2,2026081502,NUAA,W7,vibration_x+vibration_y,Bias,8,0,0,0.625,0.375,0
2,2026081502,NUAA,W8,vibration_x+vibration_y,Bias,31,0,0,0.387096774193548,0.612903225806452,0
2,2026081502,NUAA,W9,vibration_x+vibration_y,Bias,7,0,0,0.428571428571429,0.571428571428571,0
2,2026081502,NUAA,W1,vibration_x+vibration_y,Noise,29,0,0,0.0689655172413793,0.931034482758621,0
2,2026081502,NUAA,W2,vibration_x+vibration_y,Noise,17,0,0,0,1,0.117647058823529
2,2026081502,NUAA,W3,vibration_x+vibration_y,Noise,11,0,0,0,1,0
2,2026081502,NUAA,W4,vibration_x+vibration_y,Noise,28,0,0,0.142857142857143,0.857142857142857,0
2,2026081502,NUAA,W5,vibration_x+vibration_y,Noise,7,0,0,0.142857142857143,0.857142857142857,0
2,2026081502,NUAA,W6,vibration_x+vibration_y,Noise,14,0,0,0,1,0
2,2026081502,NUAA,W7,vibration_x+vibration_y,Noise,8,0,0,0,1,0
2,2026081502,NUAA,W8,vibration_x+vibration_y,Noise,31,0,0,0.0645161290322581,0.935483870967742,0
2,2026081502,NUAA,W9,vibration_x+vibration_y,Noise,7,0,0,0,1,0
2,2026081502,PHM2010,c1,force_z+vibration_x,Saturation,315,0.977777777777778,1,0,0,0.0222222222222222
2,2026081502,PHM2010,c4,force_z+vibration_x,Saturation,315,0.996825396825397,1,0,0,0.00317460317460317
2,2026081502,PHM2010,c6,force_z+vibration_x,Saturation,315,1,1,0,0,0
2,2026081502,PHM2010,c1,force_z+vibration_x,Dropout,315,0.977777777777778,1,0,0,0.0222222222222222
2,2026081502,PHM2010,c4,force_z+vibration_x,Dropout,315,0.996825396825397,1,0,0,0.00317460317460317
2,2026081502,PHM2010,c6,force_z+vibration_x,Dropout,315,0.476190476190476,0.476190476190476,0.523809523809524,0,0
2,2026081502,PHM2010,c1,force_z+vibration_x,Bias,315,0.0793650793650794,0.0793650793650794,0.476190476190476,0.444444444444444,0.0222222222222222
2,2026081502,PHM2010,c4,force_z+vibration_x,Bias,315,0.196825396825397,0.2,0.536507936507936,0.263492063492063,0.00317460317460317
2,2026081502,PHM2010,c6,force_z+vibration_x,Bias,315,0,0,0.387301587301587,0.612698412698413,0
2,2026081502,PHM2010,c1,force_z+vibration_x,Noise,315,0.00634920634920635,0.00634920634920635,0.241269841269841,0.752380952380952,0.0222222222222222
2,2026081502,PHM2010,c4,force_z+vibration_x,Noise,315,0,0,0.371428571428571,0.628571428571429,0.00317460317460317
2,2026081502,PHM2010,c6,force_z+vibration_x,Noise,315,0,0,0.0761904761904762,0.923809523809524,0
2,2026081502,PHM2010,c1,force_z+vibration_y,Saturation,315,0.971428571428571,1,0,0,0.0285714285714286
2,2026081502,PHM2010,c4,force_z+vibration_y,Saturation,315,0.987301587301587,1,0,0,0.0126984126984127
2,2026081502,PHM2010,c6,force_z+vibration_y,Saturation,315,1,1,0,0,0
2,2026081502,PHM2010,c1,force_z+vibration_y,Dropout,315,0.526984126984127,0.53968253968254,0.46031746031746,0,0.0285714285714286
2,2026081502,PHM2010,c4,force_z+vibration_y,Dropout,315,0.987301587301587,1,0,0,0.0126984126984127
2,2026081502,PHM2010,c6,force_z+vibration_y,Dropout,315,0.457142857142857,0.457142857142857,0.542857142857143,0,0
2,2026081502,PHM2010,c1,force_z+vibration_y,Bias,315,0.00317460317460317,0.00317460317460317,0.584126984126984,0.412698412698413,0.0285714285714286
2,2026081502,PHM2010,c4,force_z+vibration_y,Bias,315,0.0793650793650794,0.0825396825396825,0.60952380952381,0.307936507936508,0.0126984126984127
2,2026081502,PHM2010,c6,force_z+vibration_y,Bias,315,0,0,0.326984126984127,0.673015873015873,0
2,2026081502,PHM2010,c1,force_z+vibration_y,Noise,315,0,0,0.206349206349206,0.793650793650794,0.0285714285714286
2,2026081502,PHM2010,c4,force_z+vibration_y,Noise,315,0,0,0.403174603174603,0.596825396825397,0.0126984126984127
2,2026081502,PHM2010,c6,force_z+vibration_y,Noise,315,0,0,0.0634920634920635,0.936507936507937,0
2,2026081502,PHM2010,c1,vibration_x+vibration_y,Saturation,315,0.990476190476191,1,0,0,0.00952380952380952
2,2026081502,PHM2010,c4,vibration_x+vibration_y,Saturation,315,0.987301587301587,1,0,0,0.0126984126984127
2,2026081502,PHM2010,c6,vibration_x+vibration_y,Saturation,315,0.993650793650794,1,0,0,0.00634920634920635
2,2026081502,PHM2010,c1,vibration_x+vibration_y,Dropout,315,0.584126984126984,0.593650793650794,0.406349206349206,0,0.00952380952380952
2,2026081502,PHM2010,c4,vibration_x+vibration_y,Dropout,315,0.987301587301587,1,0,0,0.0126984126984127
2,2026081502,PHM2010,c6,vibration_x+vibration_y,Dropout,315,0.184126984126984,0.187301587301587,0.517460317460318,0.295238095238095,0.00634920634920635
2,2026081502,PHM2010,c1,vibration_x+vibration_y,Bias,315,0.00317460317460317,0.00317460317460317,0.168253968253968,0.828571428571429,0.00952380952380952
2,2026081502,PHM2010,c4,vibration_x+vibration_y,Bias,315,0.073015873015873,0.073015873015873,0.314285714285714,0.612698412698413,0.0126984126984127
2,2026081502,PHM2010,c6,vibration_x+vibration_y,Bias,315,0,0,0.00317460317460317,0.996825396825397,0.00634920634920635
2,2026081502,PHM2010,c1,vibration_x+vibration_y,Noise,315,0,0,0.0126984126984127,0.987301587301587,0.00952380952380952
2,2026081502,PHM2010,c4,vibration_x+vibration_y,Noise,315,0,0,0,1,0.0126984126984127
2,2026081502,PHM2010,c6,vibration_x+vibration_y,Noise,315,0,0,0,1,0.00634920634920635
3,2026081503,NUAA,W1,force_z+vibration_x,Saturation,29,0.896551724137931,0.96551724137931,0.0344827586206897,0,0.0689655172413793
3,2026081503,NUAA,W2,force_z+vibration_x,Saturation,17,1,1,0,0,0
3,2026081503,NUAA,W3,force_z+vibration_x,Saturation,11,1,1,0,0,0
3,2026081503,NUAA,W4,force_z+vibration_x,Saturation,28,0.964285714285714,1,0,0,0.0357142857142857
3,2026081503,NUAA,W5,force_z+vibration_x,Saturation,7,1,1,0,0,0
3,2026081503,NUAA,W6,force_z+vibration_x,Saturation,14,1,1,0,0,0
3,2026081503,NUAA,W7,force_z+vibration_x,Saturation,8,0.875,0.875,0.125,0,0
3,2026081503,NUAA,W8,force_z+vibration_x,Saturation,31,0.935483870967742,0.935483870967742,0.0645161290322581,0,0
3,2026081503,NUAA,W9,force_z+vibration_x,Saturation,7,1,1,0,0,0
3,2026081503,NUAA,W1,force_z+vibration_x,Dropout,29,0.862068965517241,0.896551724137931,0.103448275862069,0,0.0689655172413793
3,2026081503,NUAA,W2,force_z+vibration_x,Dropout,17,0.882352941176471,0.882352941176471,0.117647058823529,0,0
3,2026081503,NUAA,W3,force_z+vibration_x,Dropout,11,0.818181818181818,0.818181818181818,0.181818181818182,0,0
3,2026081503,NUAA,W4,force_z+vibration_x,Dropout,28,0.892857142857143,0.928571428571429,0.0714285714285714,0,0.0357142857142857
3,2026081503,NUAA,W5,force_z+vibration_x,Dropout,7,0.714285714285714,0.714285714285714,0.285714285714286,0,0
3,2026081503,NUAA,W6,force_z+vibration_x,Dropout,14,0.928571428571429,0.928571428571429,0.0714285714285714,0,0
3,2026081503,NUAA,W7,force_z+vibration_x,Dropout,8,0.875,0.875,0.125,0,0
3,2026081503,NUAA,W8,force_z+vibration_x,Dropout,31,0.967741935483871,0.967741935483871,0.032258064516129,0,0
3,2026081503,NUAA,W9,force_z+vibration_x,Dropout,7,1,1,0,0,0
3,2026081503,NUAA,W1,force_z+vibration_x,Bias,29,0,0,0.655172413793103,0.344827586206897,0.0689655172413793
3,2026081503,NUAA,W2,force_z+vibration_x,Bias,17,0,0,0.764705882352941,0.235294117647059,0
3,2026081503,NUAA,W3,force_z+vibration_x,Bias,11,0.0909090909090909,0.0909090909090909,0.181818181818182,0.727272727272727,0
3,2026081503,NUAA,W4,force_z+vibration_x,Bias,28,0.0357142857142857,0.0357142857142857,0.428571428571429,0.535714285714286,0.0357142857142857
3,2026081503,NUAA,W5,force_z+vibration_x,Bias,7,0.142857142857143,0.142857142857143,0.571428571428571,0.285714285714286,0
3,2026081503,NUAA,W6,force_z+vibration_x,Bias,14,0,0,0.428571428571429,0.571428571428571,0
3,2026081503,NUAA,W7,force_z+vibration_x,Bias,8,0.125,0.125,0.875,0,0
3,2026081503,NUAA,W8,force_z+vibration_x,Bias,31,0,0,0.483870967741935,0.516129032258065,0
3,2026081503,NUAA,W9,force_z+vibration_x,Bias,7,0.142857142857143,0.142857142857143,0.428571428571429,0.428571428571429,0
3,2026081503,NUAA,W1,force_z+vibration_x,Noise,29,0,0,0.620689655172414,0.379310344827586,0.0689655172413793
3,2026081503,NUAA,W2,force_z+vibration_x,Noise,17,0,0,0.705882352941177,0.294117647058824,0
3,2026081503,NUAA,W3,force_z+vibration_x,Noise,11,0,0,0.909090909090909,0.0909090909090909,0
3,2026081503,NUAA,W4,force_z+vibration_x,Noise,28,0,0,0.821428571428571,0.178571428571429,0.0357142857142857
3,2026081503,NUAA,W5,force_z+vibration_x,Noise,7,0,0,0.857142857142857,0.142857142857143,0
3,2026081503,NUAA,W6,force_z+vibration_x,Noise,14,0,0,0.357142857142857,0.642857142857143,0
3,2026081503,NUAA,W7,force_z+vibration_x,Noise,8,0,0,0.25,0.75,0
3,2026081503,NUAA,W8,force_z+vibration_x,Noise,31,0,0,0.387096774193548,0.612903225806452,0
3,2026081503,NUAA,W9,force_z+vibration_x,Noise,7,0,0,0.714285714285714,0.285714285714286,0
3,2026081503,NUAA,W1,force_z+vibration_y,Saturation,29,0.896551724137931,0.896551724137931,0.103448275862069,0,0
3,2026081503,NUAA,W2,force_z+vibration_y,Saturation,17,1,1,0,0,0
3,2026081503,NUAA,W3,force_z+vibration_y,Saturation,11,1,1,0,0,0
3,2026081503,NUAA,W4,force_z+vibration_y,Saturation,28,1,1,0,0,0
3,2026081503,NUAA,W5,force_z+vibration_y,Saturation,7,0.857142857142857,1,0,0,0.142857142857143
3,2026081503,NUAA,W6,force_z+vibration_y,Saturation,14,1,1,0,0,0
3,2026081503,NUAA,W7,force_z+vibration_y,Saturation,8,1,1,0,0,0
3,2026081503,NUAA,W8,force_z+vibration_y,Saturation,31,1,1,0,0,0
3,2026081503,NUAA,W9,force_z+vibration_y,Saturation,7,0.857142857142857,0.857142857142857,0.142857142857143,0,0
3,2026081503,NUAA,W1,force_z+vibration_y,Dropout,29,0.931034482758621,0.931034482758621,0.0689655172413793,0,0
3,2026081503,NUAA,W2,force_z+vibration_y,Dropout,17,0.941176470588235,0.941176470588235,0.0588235294117647,0,0
3,2026081503,NUAA,W3,force_z+vibration_y,Dropout,11,1,1,0,0,0
3,2026081503,NUAA,W4,force_z+vibration_y,Dropout,28,0.821428571428571,0.821428571428571,0.178571428571429,0,0
3,2026081503,NUAA,W5,force_z+vibration_y,Dropout,7,0.857142857142857,1,0,0,0.142857142857143
3,2026081503,NUAA,W6,force_z+vibration_y,Dropout,14,1,1,0,0,0
3,2026081503,NUAA,W7,force_z+vibration_y,Dropout,8,0.875,0.875,0.125,0,0
3,2026081503,NUAA,W8,force_z+vibration_y,Dropout,31,0.967741935483871,0.967741935483871,0.032258064516129,0,0
3,2026081503,NUAA,W9,force_z+vibration_y,Dropout,7,1,1,0,0,0
3,2026081503,NUAA,W1,force_z+vibration_y,Bias,29,0.379310344827586,0.379310344827586,0.517241379310345,0.103448275862069,0
3,2026081503,NUAA,W2,force_z+vibration_y,Bias,17,0.235294117647059,0.235294117647059,0.705882352941177,0.0588235294117647,0
3,2026081503,NUAA,W3,force_z+vibration_y,Bias,11,0.272727272727273,0.272727272727273,0.272727272727273,0.454545454545455,0
3,2026081503,NUAA,W4,force_z+vibration_y,Bias,28,0.214285714285714,0.214285714285714,0.5,0.285714285714286,0
3,2026081503,NUAA,W5,force_z+vibration_y,Bias,7,0.142857142857143,0.142857142857143,0.857142857142857,0,0.142857142857143
3,2026081503,NUAA,W6,force_z+vibration_y,Bias,14,0.285714285714286,0.285714285714286,0.5,0.214285714285714,0
3,2026081503,NUAA,W7,force_z+vibration_y,Bias,8,0.25,0.25,0.75,0,0
3,2026081503,NUAA,W8,force_z+vibration_y,Bias,31,0.258064516129032,0.258064516129032,0.516129032258065,0.225806451612903,0
3,2026081503,NUAA,W9,force_z+vibration_y,Bias,7,0.142857142857143,0.142857142857143,0.714285714285714,0.142857142857143,0
3,2026081503,NUAA,W1,force_z+vibration_y,Noise,29,0.0689655172413793,0.0689655172413793,0.758620689655172,0.172413793103448,0
3,2026081503,NUAA,W2,force_z+vibration_y,Noise,17,0,0,0.941176470588235,0.0588235294117647,0
3,2026081503,NUAA,W3,force_z+vibration_y,Noise,11,0,0,0.636363636363636,0.363636363636364,0
3,2026081503,NUAA,W4,force_z+vibration_y,Noise,28,0.0357142857142857,0.0357142857142857,0.642857142857143,0.321428571428571,0
3,2026081503,NUAA,W5,force_z+vibration_y,Noise,7,0,0,0.428571428571429,0.571428571428571,0.142857142857143
3,2026081503,NUAA,W6,force_z+vibration_y,Noise,14,0,0,0.571428571428571,0.428571428571429,0
3,2026081503,NUAA,W7,force_z+vibration_y,Noise,8,0,0,0.625,0.375,0
3,2026081503,NUAA,W8,force_z+vibration_y,Noise,31,0.032258064516129,0.032258064516129,0.451612903225806,0.516129032258065,0
3,2026081503,NUAA,W9,force_z+vibration_y,Noise,7,0,0,0.857142857142857,0.142857142857143,0
3,2026081503,NUAA,W1,vibration_x+vibration_y,Saturation,29,1,1,0,0,0
3,2026081503,NUAA,W2,vibration_x+vibration_y,Saturation,17,0.882352941176471,1,0,0,0.117647058823529
3,2026081503,NUAA,W3,vibration_x+vibration_y,Saturation,11,1,1,0,0,0
3,2026081503,NUAA,W4,vibration_x+vibration_y,Saturation,28,1,1,0,0,0
3,2026081503,NUAA,W5,vibration_x+vibration_y,Saturation,7,1,1,0,0,0
3,2026081503,NUAA,W6,vibration_x+vibration_y,Saturation,14,1,1,0,0,0
3,2026081503,NUAA,W7,vibration_x+vibration_y,Saturation,8,1,1,0,0,0
3,2026081503,NUAA,W8,vibration_x+vibration_y,Saturation,31,1,1,0,0,0
3,2026081503,NUAA,W9,vibration_x+vibration_y,Saturation,7,1,1,0,0,0
3,2026081503,NUAA,W1,vibration_x+vibration_y,Dropout,29,1,1,0,0,0
3,2026081503,NUAA,W2,vibration_x+vibration_y,Dropout,17,0.882352941176471,1,0,0,0.117647058823529
3,2026081503,NUAA,W3,vibration_x+vibration_y,Dropout,11,1,1,0,0,0
3,2026081503,NUAA,W4,vibration_x+vibration_y,Dropout,28,1,1,0,0,0
3,2026081503,NUAA,W5,vibration_x+vibration_y,Dropout,7,1,1,0,0,0
3,2026081503,NUAA,W6,vibration_x+vibration_y,Dropout,14,1,1,0,0,0
3,2026081503,NUAA,W7,vibration_x+vibration_y,Dropout,8,1,1,0,0,0
3,2026081503,NUAA,W8,vibration_x+vibration_y,Dropout,31,1,1,0,0,0
3,2026081503,NUAA,W9,vibration_x+vibration_y,Dropout,7,1,1,0,0,0
3,2026081503,NUAA,W1,vibration_x+vibration_y,Bias,29,0,0,0.344827586206897,0.655172413793103,0
3,2026081503,NUAA,W2,vibration_x+vibration_y,Bias,17,0,0,0.647058823529412,0.352941176470588,0.117647058823529
3,2026081503,NUAA,W3,vibration_x+vibration_y,Bias,11,0,0,0.545454545454545,0.454545454545455,0
3,2026081503,NUAA,W4,vibration_x+vibration_y,Bias,28,0,0,0.571428571428571,0.428571428571429,0
3,2026081503,NUAA,W5,vibration_x+vibration_y,Bias,7,0.285714285714286,0.285714285714286,0.428571428571429,0.285714285714286,0
3,2026081503,NUAA,W6,vibration_x+vibration_y,Bias,14,0.0714285714285714,0.0714285714285714,0.357142857142857,0.571428571428571,0
3,2026081503,NUAA,W7,vibration_x+vibration_y,Bias,8,0.125,0.125,0.125,0.75,0
3,2026081503,NUAA,W8,vibration_x+vibration_y,Bias,31,0,0,0.419354838709677,0.580645161290323,0
3,2026081503,NUAA,W9,vibration_x+vibration_y,Bias,7,0.285714285714286,0.285714285714286,0,0.714285714285714,0
3,2026081503,NUAA,W1,vibration_x+vibration_y,Noise,29,0,0,0.0689655172413793,0.931034482758621,0
3,2026081503,NUAA,W2,vibration_x+vibration_y,Noise,17,0,0,0,1,0.117647058823529
3,2026081503,NUAA,W3,vibration_x+vibration_y,Noise,11,0,0,0.0909090909090909,0.909090909090909,0
3,2026081503,NUAA,W4,vibration_x+vibration_y,Noise,28,0,0,0.142857142857143,0.857142857142857,0
3,2026081503,NUAA,W5,vibration_x+vibration_y,Noise,7,0,0,0.142857142857143,0.857142857142857,0
3,2026081503,NUAA,W6,vibration_x+vibration_y,Noise,14,0,0,0,1,0
3,2026081503,NUAA,W7,vibration_x+vibration_y,Noise,8,0,0,0,1,0
3,2026081503,NUAA,W8,vibration_x+vibration_y,Noise,31,0,0,0.032258064516129,0.967741935483871,0
3,2026081503,NUAA,W9,vibration_x+vibration_y,Noise,7,0,0,0,1,0
3,2026081503,PHM2010,c1,force_z+vibration_x,Saturation,315,0.977777777777778,1,0,0,0.0222222222222222
3,2026081503,PHM2010,c4,force_z+vibration_x,Saturation,315,0.996825396825397,1,0,0,0.00317460317460317
3,2026081503,PHM2010,c6,force_z+vibration_x,Saturation,315,1,1,0,0,0
3,2026081503,PHM2010,c1,force_z+vibration_x,Dropout,315,0.977777777777778,1,0,0,0.0222222222222222
3,2026081503,PHM2010,c4,force_z+vibration_x,Dropout,315,0.996825396825397,1,0,0,0.00317460317460317
3,2026081503,PHM2010,c6,force_z+vibration_x,Dropout,315,0.463492063492064,0.463492063492064,0.536507936507936,0,0
3,2026081503,PHM2010,c1,force_z+vibration_x,Bias,315,0.0952380952380952,0.0952380952380952,0.492063492063492,0.412698412698413,0.0222222222222222
3,2026081503,PHM2010,c4,force_z+vibration_x,Bias,315,0.19047619047619,0.19047619047619,0.53015873015873,0.279365079365079,0.00317460317460317
3,2026081503,PHM2010,c6,force_z+vibration_x,Bias,315,0,0,0.26984126984127,0.73015873015873,0
3,2026081503,PHM2010,c1,force_z+vibration_x,Noise,315,0.00634920634920635,0.00634920634920635,0.247619047619048,0.746031746031746,0.0222222222222222
3,2026081503,PHM2010,c4,force_z+vibration_x,Noise,315,0,0,0.425396825396825,0.574603174603175,0.00317460317460317
3,2026081503,PHM2010,c6,force_z+vibration_x,Noise,315,0,0,0.0825396825396825,0.917460317460317,0
3,2026081503,PHM2010,c1,force_z+vibration_y,Saturation,315,0.971428571428571,1,0,0,0.0285714285714286
3,2026081503,PHM2010,c4,force_z+vibration_y,Saturation,315,0.987301587301587,1,0,0,0.0126984126984127
3,2026081503,PHM2010,c6,force_z+vibration_y,Saturation,315,1,1,0,0,0
3,2026081503,PHM2010,c1,force_z+vibration_y,Dropout,315,0.523809523809524,0.53968253968254,0.46031746031746,0,0.0285714285714286
3,2026081503,PHM2010,c4,force_z+vibration_y,Dropout,315,0.987301587301587,1,0,0,0.0126984126984127
3,2026081503,PHM2010,c6,force_z+vibration_y,Dropout,315,0.476190476190476,0.476190476190476,0.523809523809524,0,0
3,2026081503,PHM2010,c1,force_z+vibration_y,Bias,315,0.0126984126984127,0.0158730158730159,0.546031746031746,0.438095238095238,0.0285714285714286
3,2026081503,PHM2010,c4,force_z+vibration_y,Bias,315,0.0634920634920635,0.0666666666666667,0.603174603174603,0.33015873015873,0.0126984126984127
3,2026081503,PHM2010,c6,force_z+vibration_y,Bias,315,0,0,0.288888888888889,0.711111111111111,0
3,2026081503,PHM2010,c1,force_z+vibration_y,Noise,315,0,0,0.234920634920635,0.765079365079365,0.0285714285714286
3,2026081503,PHM2010,c4,force_z+vibration_y,Noise,315,0,0,0.412698412698413,0.587301587301587,0.0126984126984127
3,2026081503,PHM2010,c6,force_z+vibration_y,Noise,315,0,0,0.073015873015873,0.926984126984127,0
3,2026081503,PHM2010,c1,vibration_x+vibration_y,Saturation,315,0.990476190476191,1,0,0,0.00952380952380952
3,2026081503,PHM2010,c4,vibration_x+vibration_y,Saturation,315,0.987301587301587,1,0,0,0.0126984126984127
3,2026081503,PHM2010,c6,vibration_x+vibration_y,Saturation,315,0.993650793650794,1,0,0,0.00634920634920635
3,2026081503,PHM2010,c1,vibration_x+vibration_y,Dropout,315,0.546031746031746,0.552380952380952,0.447619047619048,0,0.00952380952380952
3,2026081503,PHM2010,c4,vibration_x+vibration_y,Dropout,315,0.987301587301587,1,0,0,0.0126984126984127
3,2026081503,PHM2010,c6,vibration_x+vibration_y,Dropout,315,0.187301587301587,0.187301587301587,0.53968253968254,0.273015873015873,0.00634920634920635
3,2026081503,PHM2010,c1,vibration_x+vibration_y,Bias,315,0,0,0.177777777777778,0.822222222222222,0.00952380952380952
3,2026081503,PHM2010,c4,vibration_x+vibration_y,Bias,315,0.0285714285714286,0.0285714285714286,0.33015873015873,0.641269841269841,0.0126984126984127
3,2026081503,PHM2010,c6,vibration_x+vibration_y,Bias,315,0,0,0.00952380952380952,0.990476190476191,0.00634920634920635
3,2026081503,PHM2010,c1,vibration_x+vibration_y,Noise,315,0,0,0.0222222222222222,0.977777777777778,0.00952380952380952
3,2026081503,PHM2010,c4,vibration_x+vibration_y,Noise,315,0,0,0.00317460317460317,0.996825396825397,0.0126984126984127
3,2026081503,PHM2010,c6,vibration_x+vibration_y,Noise,315,0,0,0,1,0.00634920634920635
4,2026081504,NUAA,W1,force_z+vibration_x,Saturation,29,0.896551724137931,0.96551724137931,0.0344827586206897,0,0.0689655172413793
4,2026081504,NUAA,W2,force_z+vibration_x,Saturation,17,1,1,0,0,0
4,2026081504,NUAA,W3,force_z+vibration_x,Saturation,11,1,1,0,0,0
4,2026081504,NUAA,W4,force_z+vibration_x,Saturation,28,0.928571428571429,0.964285714285714,0.0357142857142857,0,0.0357142857142857
4,2026081504,NUAA,W5,force_z+vibration_x,Saturation,7,1,1,0,0,0
4,2026081504,NUAA,W6,force_z+vibration_x,Saturation,14,1,1,0,0,0
4,2026081504,NUAA,W7,force_z+vibration_x,Saturation,8,1,1,0,0,0
4,2026081504,NUAA,W8,force_z+vibration_x,Saturation,31,0.967741935483871,0.967741935483871,0.032258064516129,0,0
4,2026081504,NUAA,W9,force_z+vibration_x,Saturation,7,0.857142857142857,0.857142857142857,0.142857142857143,0,0
4,2026081504,NUAA,W1,force_z+vibration_x,Dropout,29,0.827586206896552,0.896551724137931,0.103448275862069,0,0.0689655172413793
4,2026081504,NUAA,W2,force_z+vibration_x,Dropout,17,0.941176470588235,0.941176470588235,0.0588235294117647,0,0
4,2026081504,NUAA,W3,force_z+vibration_x,Dropout,11,1,1,0,0,0
4,2026081504,NUAA,W4,force_z+vibration_x,Dropout,28,0.928571428571429,0.964285714285714,0.0357142857142857,0,0.0357142857142857
4,2026081504,NUAA,W5,force_z+vibration_x,Dropout,7,1,1,0,0,0
4,2026081504,NUAA,W6,force_z+vibration_x,Dropout,14,0.928571428571429,0.928571428571429,0.0714285714285714,0,0
4,2026081504,NUAA,W7,force_z+vibration_x,Dropout,8,0.875,0.875,0.125,0,0
4,2026081504,NUAA,W8,force_z+vibration_x,Dropout,31,0.935483870967742,0.935483870967742,0.0645161290322581,0,0
4,2026081504,NUAA,W9,force_z+vibration_x,Dropout,7,1,1,0,0,0
4,2026081504,NUAA,W1,force_z+vibration_x,Bias,29,0.0344827586206897,0.0344827586206897,0.517241379310345,0.448275862068966,0.0689655172413793
4,2026081504,NUAA,W2,force_z+vibration_x,Bias,17,0.0588235294117647,0.0588235294117647,0.647058823529412,0.294117647058824,0
4,2026081504,NUAA,W3,force_z+vibration_x,Bias,11,0,0,0.727272727272727,0.272727272727273,0
4,2026081504,NUAA,W4,force_z+vibration_x,Bias,28,0,0,0.607142857142857,0.392857142857143,0.0357142857142857
4,2026081504,NUAA,W5,force_z+vibration_x,Bias,7,0.142857142857143,0.142857142857143,0.571428571428571,0.285714285714286,0
4,2026081504,NUAA,W6,force_z+vibration_x,Bias,14,0.0714285714285714,0.0714285714285714,0.357142857142857,0.571428571428571,0
4,2026081504,NUAA,W7,force_z+vibration_x,Bias,8,0.125,0.125,0.625,0.25,0
4,2026081504,NUAA,W8,force_z+vibration_x,Bias,31,0,0,0.67741935483871,0.32258064516129,0
4,2026081504,NUAA,W9,force_z+vibration_x,Bias,7,0,0,0.857142857142857,0.142857142857143,0
4,2026081504,NUAA,W1,force_z+vibration_x,Noise,29,0,0,0.689655172413793,0.310344827586207,0.0689655172413793
4,2026081504,NUAA,W2,force_z+vibration_x,Noise,17,0,0,0.764705882352941,0.235294117647059,0
4,2026081504,NUAA,W3,force_z+vibration_x,Noise,11,0,0,0.363636363636364,0.636363636363636,0
4,2026081504,NUAA,W4,force_z+vibration_x,Noise,28,0,0,0.678571428571429,0.321428571428571,0.0357142857142857
4,2026081504,NUAA,W5,force_z+vibration_x,Noise,7,0,0,0.857142857142857,0.142857142857143,0
4,2026081504,NUAA,W6,force_z+vibration_x,Noise,14,0,0,0.5,0.5,0
4,2026081504,NUAA,W7,force_z+vibration_x,Noise,8,0,0,0.5,0.5,0
4,2026081504,NUAA,W8,force_z+vibration_x,Noise,31,0,0,0.516129032258065,0.483870967741935,0
4,2026081504,NUAA,W9,force_z+vibration_x,Noise,7,0,0,1,0,0
4,2026081504,NUAA,W1,force_z+vibration_y,Saturation,29,0.96551724137931,0.96551724137931,0.0344827586206897,0,0
4,2026081504,NUAA,W2,force_z+vibration_y,Saturation,17,1,1,0,0,0
4,2026081504,NUAA,W3,force_z+vibration_y,Saturation,11,1,1,0,0,0
4,2026081504,NUAA,W4,force_z+vibration_y,Saturation,28,0.928571428571429,0.928571428571429,0.0714285714285714,0,0
4,2026081504,NUAA,W5,force_z+vibration_y,Saturation,7,0.857142857142857,1,0,0,0.142857142857143
4,2026081504,NUAA,W6,force_z+vibration_y,Saturation,14,1,1,0,0,0
4,2026081504,NUAA,W7,force_z+vibration_y,Saturation,8,0.875,0.875,0.125,0,0
4,2026081504,NUAA,W8,force_z+vibration_y,Saturation,31,0.935483870967742,0.935483870967742,0.0645161290322581,0,0
4,2026081504,NUAA,W9,force_z+vibration_y,Saturation,7,1,1,0,0,0
4,2026081504,NUAA,W1,force_z+vibration_y,Dropout,29,0.96551724137931,0.96551724137931,0.0344827586206897,0,0
4,2026081504,NUAA,W2,force_z+vibration_y,Dropout,17,1,1,0,0,0
4,2026081504,NUAA,W3,force_z+vibration_y,Dropout,11,0.909090909090909,0.909090909090909,0.0909090909090909,0,0
4,2026081504,NUAA,W4,force_z+vibration_y,Dropout,28,0.964285714285714,0.964285714285714,0.0357142857142857,0,0
4,2026081504,NUAA,W5,force_z+vibration_y,Dropout,7,0.857142857142857,1,0,0,0.142857142857143
4,2026081504,NUAA,W6,force_z+vibration_y,Dropout,14,0.857142857142857,0.857142857142857,0.142857142857143,0,0
4,2026081504,NUAA,W7,force_z+vibration_y,Dropout,8,0.875,0.875,0.125,0,0
4,2026081504,NUAA,W8,force_z+vibration_y,Dropout,31,0.967741935483871,0.967741935483871,0.032258064516129,0,0
4,2026081504,NUAA,W9,force_z+vibration_y,Dropout,7,1,1,0,0,0
4,2026081504,NUAA,W1,force_z+vibration_y,Bias,29,0.379310344827586,0.379310344827586,0.379310344827586,0.241379310344828,0
4,2026081504,NUAA,W2,force_z+vibration_y,Bias,17,0.470588235294118,0.470588235294118,0.470588235294118,0.0588235294117647,0
4,2026081504,NUAA,W3,force_z+vibration_y,Bias,11,0.181818181818182,0.181818181818182,0.454545454545455,0.363636363636364,0
4,2026081504,NUAA,W4,force_z+vibration_y,Bias,28,0.285714285714286,0.285714285714286,0.321428571428571,0.392857142857143,0
4,2026081504,NUAA,W5,force_z+vibration_y,Bias,7,0.428571428571429,0.428571428571429,0.428571428571429,0.142857142857143,0.142857142857143
4,2026081504,NUAA,W6,force_z+vibration_y,Bias,14,0.428571428571429,0.428571428571429,0.285714285714286,0.285714285714286,0
4,2026081504,NUAA,W7,force_z+vibration_y,Bias,8,0.375,0.375,0.5,0.125,0
4,2026081504,NUAA,W8,force_z+vibration_y,Bias,31,0.193548387096774,0.193548387096774,0.419354838709677,0.387096774193548,0
4,2026081504,NUAA,W9,force_z+vibration_y,Bias,7,0,0,0.714285714285714,0.285714285714286,0
4,2026081504,NUAA,W1,force_z+vibration_y,Noise,29,0.0344827586206897,0.0344827586206897,0.517241379310345,0.448275862068966,0
4,2026081504,NUAA,W2,force_z+vibration_y,Noise,17,0,0,0.823529411764706,0.176470588235294,0
4,2026081504,NUAA,W3,force_z+vibration_y,Noise,11,0,0,0.545454545454545,0.454545454545455,0
4,2026081504,NUAA,W4,force_z+vibration_y,Noise,28,0.142857142857143,0.142857142857143,0.571428571428571,0.285714285714286,0
4,2026081504,NUAA,W5,force_z+vibration_y,Noise,7,0,0,0.571428571428571,0.428571428571429,0.142857142857143
4,2026081504,NUAA,W6,force_z+vibration_y,Noise,14,0,0,0.785714285714286,0.214285714285714,0
4,2026081504,NUAA,W7,force_z+vibration_y,Noise,8,0,0,0.625,0.375,0
4,2026081504,NUAA,W8,force_z+vibration_y,Noise,31,0,0,0.516129032258065,0.483870967741935,0
4,2026081504,NUAA,W9,force_z+vibration_y,Noise,7,0,0,0.571428571428571,0.428571428571429,0
4,2026081504,NUAA,W1,vibration_x+vibration_y,Saturation,29,1,1,0,0,0
4,2026081504,NUAA,W2,vibration_x+vibration_y,Saturation,17,0.882352941176471,1,0,0,0.117647058823529
4,2026081504,NUAA,W3,vibration_x+vibration_y,Saturation,11,1,1,0,0,0
4,2026081504,NUAA,W4,vibration_x+vibration_y,Saturation,28,1,1,0,0,0
4,2026081504,NUAA,W5,vibration_x+vibration_y,Saturation,7,1,1,0,0,0
4,2026081504,NUAA,W6,vibration_x+vibration_y,Saturation,14,1,1,0,0,0
4,2026081504,NUAA,W7,vibration_x+vibration_y,Saturation,8,1,1,0,0,0
4,2026081504,NUAA,W8,vibration_x+vibration_y,Saturation,31,1,1,0,0,0
4,2026081504,NUAA,W9,vibration_x+vibration_y,Saturation,7,1,1,0,0,0
4,2026081504,NUAA,W1,vibration_x+vibration_y,Dropout,29,1,1,0,0,0
4,2026081504,NUAA,W2,vibration_x+vibration_y,Dropout,17,0.882352941176471,1,0,0,0.117647058823529
4,2026081504,NUAA,W3,vibration_x+vibration_y,Dropout,11,1,1,0,0,0
4,2026081504,NUAA,W4,vibration_x+vibration_y,Dropout,28,1,1,0,0,0
4,2026081504,NUAA,W5,vibration_x+vibration_y,Dropout,7,1,1,0,0,0
4,2026081504,NUAA,W6,vibration_x+vibration_y,Dropout,14,1,1,0,0,0
4,2026081504,NUAA,W7,vibration_x+vibration_y,Dropout,8,1,1,0,0,0
4,2026081504,NUAA,W8,vibration_x+vibration_y,Dropout,31,1,1,0,0,0
4,2026081504,NUAA,W9,vibration_x+vibration_y,Dropout,7,1,1,0,0,0
4,2026081504,NUAA,W1,vibration_x+vibration_y,Bias,29,0,0,0.448275862068966,0.551724137931034,0
4,2026081504,NUAA,W2,vibration_x+vibration_y,Bias,17,0.0588235294117647,0.0588235294117647,0.529411764705882,0.411764705882353,0.117647058823529
4,2026081504,NUAA,W3,vibration_x+vibration_y,Bias,11,0.0909090909090909,0.0909090909090909,0.181818181818182,0.727272727272727,0
4,2026081504,NUAA,W4,vibration_x+vibration_y,Bias,28,0,0,0.607142857142857,0.392857142857143,0
4,2026081504,NUAA,W5,vibration_x+vibration_y,Bias,7,0.142857142857143,0.142857142857143,0.714285714285714,0.142857142857143,0
4,2026081504,NUAA,W6,vibration_x+vibration_y,Bias,14,0,0,0.428571428571429,0.571428571428571,0
4,2026081504,NUAA,W7,vibration_x+vibration_y,Bias,8,0,0,0.375,0.625,0
4,2026081504,NUAA,W8,vibration_x+vibration_y,Bias,31,0,0,0.419354838709677,0.580645161290323,0
4,2026081504,NUAA,W9,vibration_x+vibration_y,Bias,7,0,0,0.571428571428571,0.428571428571429,0
4,2026081504,NUAA,W1,vibration_x+vibration_y,Noise,29,0,0,0.0689655172413793,0.931034482758621,0
4,2026081504,NUAA,W2,vibration_x+vibration_y,Noise,17,0,0,0,1,0.117647058823529
4,2026081504,NUAA,W3,vibration_x+vibration_y,Noise,11,0,0,0,1,0
4,2026081504,NUAA,W4,vibration_x+vibration_y,Noise,28,0,0,0.0714285714285714,0.928571428571429,0
4,2026081504,NUAA,W5,vibration_x+vibration_y,Noise,7,0,0,0.142857142857143,0.857142857142857,0
4,2026081504,NUAA,W6,vibration_x+vibration_y,Noise,14,0,0,0,1,0
4,2026081504,NUAA,W7,vibration_x+vibration_y,Noise,8,0,0,0,1,0
4,2026081504,NUAA,W8,vibration_x+vibration_y,Noise,31,0,0,0.032258064516129,0.967741935483871,0
4,2026081504,NUAA,W9,vibration_x+vibration_y,Noise,7,0,0,0,1,0
4,2026081504,PHM2010,c1,force_z+vibration_x,Saturation,315,0.977777777777778,1,0,0,0.0222222222222222
4,2026081504,PHM2010,c4,force_z+vibration_x,Saturation,315,0.996825396825397,1,0,0,0.00317460317460317
4,2026081504,PHM2010,c6,force_z+vibration_x,Saturation,315,1,1,0,0,0
4,2026081504,PHM2010,c1,force_z+vibration_x,Dropout,315,0.977777777777778,1,0,0,0.0222222222222222
4,2026081504,PHM2010,c4,force_z+vibration_x,Dropout,315,0.996825396825397,1,0,0,0.00317460317460317
4,2026081504,PHM2010,c6,force_z+vibration_x,Dropout,315,0.498412698412698,0.498412698412698,0.501587301587302,0,0
4,2026081504,PHM2010,c1,force_z+vibration_x,Bias,315,0.0761904761904762,0.0825396825396825,0.53968253968254,0.377777777777778,0.0222222222222222
4,2026081504,PHM2010,c4,force_z+vibration_x,Bias,315,0.215873015873016,0.215873015873016,0.498412698412698,0.285714285714286,0.00317460317460317
4,2026081504,PHM2010,c6,force_z+vibration_x,Bias,315,0.00634920634920635,0.00634920634920635,0.292063492063492,0.701587301587302,0
4,2026081504,PHM2010,c1,force_z+vibration_x,Noise,315,0.00952380952380952,0.00952380952380952,0.219047619047619,0.771428571428571,0.0222222222222222
4,2026081504,PHM2010,c4,force_z+vibration_x,Noise,315,0,0,0.4,0.6,0.00317460317460317
4,2026081504,PHM2010,c6,force_z+vibration_x,Noise,315,0,0,0.0666666666666667,0.933333333333333,0
4,2026081504,PHM2010,c1,force_z+vibration_y,Saturation,315,0.971428571428571,1,0,0,0.0285714285714286
4,2026081504,PHM2010,c4,force_z+vibration_y,Saturation,315,0.987301587301587,1,0,0,0.0126984126984127
4,2026081504,PHM2010,c6,force_z+vibration_y,Saturation,315,1,1,0,0,0
4,2026081504,PHM2010,c1,force_z+vibration_y,Dropout,315,0.571428571428571,0.584126984126984,0.415873015873016,0,0.0285714285714286
4,2026081504,PHM2010,c4,force_z+vibration_y,Dropout,315,0.987301587301587,1,0,0,0.0126984126984127
4,2026081504,PHM2010,c6,force_z+vibration_y,Dropout,315,0.438095238095238,0.438095238095238,0.561904761904762,0,0
4,2026081504,PHM2010,c1,force_z+vibration_y,Bias,315,0.0158730158730159,0.0158730158730159,0.59047619047619,0.393650793650794,0.0285714285714286
4,2026081504,PHM2010,c4,force_z+vibration_y,Bias,315,0.0634920634920635,0.0666666666666667,0.60952380952381,0.323809523809524,0.0126984126984127
4,2026081504,PHM2010,c6,force_z+vibration_y,Bias,315,0,0,0.358730158730159,0.641269841269841,0
4,2026081504,PHM2010,c1,force_z+vibration_y,Noise,315,0,0,0.250793650793651,0.749206349206349,0.0285714285714286
4,2026081504,PHM2010,c4,force_z+vibration_y,Noise,315,0,0,0.368253968253968,0.631746031746032,0.0126984126984127
4,2026081504,PHM2010,c6,force_z+vibration_y,Noise,315,0,0,0.073015873015873,0.926984126984127,0
4,2026081504,PHM2010,c1,vibration_x+vibration_y,Saturation,315,0.990476190476191,1,0,0,0.00952380952380952
4,2026081504,PHM2010,c4,vibration_x+vibration_y,Saturation,315,0.987301587301587,1,0,0,0.0126984126984127
4,2026081504,PHM2010,c6,vibration_x+vibration_y,Saturation,315,0.993650793650794,1,0,0,0.00634920634920635
4,2026081504,PHM2010,c1,vibration_x+vibration_y,Dropout,315,0.514285714285714,0.517460317460318,0.482539682539683,0,0.00952380952380952
4,2026081504,PHM2010,c4,vibration_x+vibration_y,Dropout,315,0.987301587301587,1,0,0,0.0126984126984127
4,2026081504,PHM2010,c6,vibration_x+vibration_y,Dropout,315,0.219047619047619,0.225396825396825,0.450793650793651,0.323809523809524,0.00634920634920635
4,2026081504,PHM2010,c1,vibration_x+vibration_y,Bias,315,0,0,0.168253968253968,0.831746031746032,0.00952380952380952
4,2026081504,PHM2010,c4,vibration_x+vibration_y,Bias,315,0.0317460317460317,0.0317460317460317,0.349206349206349,0.619047619047619,0.0126984126984127
4,2026081504,PHM2010,c6,vibration_x+vibration_y,Bias,315,0,0,0.00634920634920635,0.993650793650794,0.00634920634920635
4,2026081504,PHM2010,c1,vibration_x+vibration_y,Noise,315,0,0,0.0158730158730159,0.984126984126984,0.00952380952380952
4,2026081504,PHM2010,c4,vibration_x+vibration_y,Noise,315,0,0,0.00952380952380952,0.990476190476191,0.0126984126984127
4,2026081504,PHM2010,c6,vibration_x+vibration_y,Noise,315,0,0,0,1,0.00634920634920635
5,2026081505,NUAA,W1,force_z+vibration_x,Saturation,29,0.931034482758621,1,0,0,0.0689655172413793
5,2026081505,NUAA,W2,force_z+vibration_x,Saturation,17,1,1,0,0,0
5,2026081505,NUAA,W3,force_z+vibration_x,Saturation,11,1,1,0,0,0
5,2026081505,NUAA,W4,force_z+vibration_x,Saturation,28,0.964285714285714,1,0,0,0.0357142857142857
5,2026081505,NUAA,W5,force_z+vibration_x,Saturation,7,1,1,0,0,0
5,2026081505,NUAA,W6,force_z+vibration_x,Saturation,14,1,1,0,0,0
5,2026081505,NUAA,W7,force_z+vibration_x,Saturation,8,1,1,0,0,0
5,2026081505,NUAA,W8,force_z+vibration_x,Saturation,31,1,1,0,0,0
5,2026081505,NUAA,W9,force_z+vibration_x,Saturation,7,1,1,0,0,0
5,2026081505,NUAA,W1,force_z+vibration_x,Dropout,29,0.758620689655172,0.827586206896552,0.172413793103448,0,0.0689655172413793
5,2026081505,NUAA,W2,force_z+vibration_x,Dropout,17,0.941176470588235,0.941176470588235,0.0588235294117647,0,0
5,2026081505,NUAA,W3,force_z+vibration_x,Dropout,11,0.909090909090909,0.909090909090909,0.0909090909090909,0,0
5,2026081505,NUAA,W4,force_z+vibration_x,Dropout,28,0.857142857142857,0.892857142857143,0.107142857142857,0,0.0357142857142857
5,2026081505,NUAA,W5,force_z+vibration_x,Dropout,7,1,1,0,0,0
5,2026081505,NUAA,W6,force_z+vibration_x,Dropout,14,1,1,0,0,0
5,2026081505,NUAA,W7,force_z+vibration_x,Dropout,8,1,1,0,0,0
5,2026081505,NUAA,W8,force_z+vibration_x,Dropout,31,0.935483870967742,0.935483870967742,0.0645161290322581,0,0
5,2026081505,NUAA,W9,force_z+vibration_x,Dropout,7,1,1,0,0,0
5,2026081505,NUAA,W1,force_z+vibration_x,Bias,29,0,0,0.620689655172414,0.379310344827586,0.0689655172413793
5,2026081505,NUAA,W2,force_z+vibration_x,Bias,17,0,0,0.705882352941177,0.294117647058824,0
5,2026081505,NUAA,W3,force_z+vibration_x,Bias,11,0,0,0.727272727272727,0.272727272727273,0
5,2026081505,NUAA,W4,force_z+vibration_x,Bias,28,0.142857142857143,0.142857142857143,0.321428571428571,0.535714285714286,0.0357142857142857
5,2026081505,NUAA,W5,force_z+vibration_x,Bias,7,0.142857142857143,0.142857142857143,0.428571428571429,0.428571428571429,0
5,2026081505,NUAA,W6,force_z+vibration_x,Bias,14,0.0714285714285714,0.0714285714285714,0.428571428571429,0.5,0
5,2026081505,NUAA,W7,force_z+vibration_x,Bias,8,0.125,0.125,0.5,0.375,0
5,2026081505,NUAA,W8,force_z+vibration_x,Bias,31,0,0,0.580645161290323,0.419354838709677,0
5,2026081505,NUAA,W9,force_z+vibration_x,Bias,7,0.142857142857143,0.142857142857143,0.857142857142857,0,0
5,2026081505,NUAA,W1,force_z+vibration_x,Noise,29,0,0,0.758620689655172,0.241379310344828,0.0689655172413793
5,2026081505,NUAA,W2,force_z+vibration_x,Noise,17,0,0,0.705882352941177,0.294117647058824,0
5,2026081505,NUAA,W3,force_z+vibration_x,Noise,11,0,0,0.727272727272727,0.272727272727273,0
5,2026081505,NUAA,W4,force_z+vibration_x,Noise,28,0,0,0.5,0.5,0.0357142857142857
5,2026081505,NUAA,W5,force_z+vibration_x,Noise,7,0,0,0.857142857142857,0.142857142857143,0
5,2026081505,NUAA,W6,force_z+vibration_x,Noise,14,0,0,0.714285714285714,0.285714285714286,0
5,2026081505,NUAA,W7,force_z+vibration_x,Noise,8,0,0,0.625,0.375,0
5,2026081505,NUAA,W8,force_z+vibration_x,Noise,31,0,0,0.580645161290323,0.419354838709677,0
5,2026081505,NUAA,W9,force_z+vibration_x,Noise,7,0,0,0.714285714285714,0.285714285714286,0
5,2026081505,NUAA,W1,force_z+vibration_y,Saturation,29,0.931034482758621,0.931034482758621,0.0689655172413793,0,0
5,2026081505,NUAA,W2,force_z+vibration_y,Saturation,17,1,1,0,0,0
5,2026081505,NUAA,W3,force_z+vibration_y,Saturation,11,1,1,0,0,0
5,2026081505,NUAA,W4,force_z+vibration_y,Saturation,28,1,1,0,0,0
5,2026081505,NUAA,W5,force_z+vibration_y,Saturation,7,0.857142857142857,1,0,0,0.142857142857143
5,2026081505,NUAA,W6,force_z+vibration_y,Saturation,14,0.928571428571429,0.928571428571429,0.0714285714285714,0,0
5,2026081505,NUAA,W7,force_z+vibration_y,Saturation,8,1,1,0,0,0
5,2026081505,NUAA,W8,force_z+vibration_y,Saturation,31,0.935483870967742,0.935483870967742,0.0645161290322581,0,0
5,2026081505,NUAA,W9,force_z+vibration_y,Saturation,7,1,1,0,0,0
5,2026081505,NUAA,W1,force_z+vibration_y,Dropout,29,0.931034482758621,0.931034482758621,0.0689655172413793,0,0
5,2026081505,NUAA,W2,force_z+vibration_y,Dropout,17,0.823529411764706,0.823529411764706,0.176470588235294,0,0
5,2026081505,NUAA,W3,force_z+vibration_y,Dropout,11,1,1,0,0,0
5,2026081505,NUAA,W4,force_z+vibration_y,Dropout,28,0.964285714285714,0.964285714285714,0.0357142857142857,0,0
5,2026081505,NUAA,W5,force_z+vibration_y,Dropout,7,0.857142857142857,1,0,0,0.142857142857143
5,2026081505,NUAA,W6,force_z+vibration_y,Dropout,14,0.714285714285714,0.714285714285714,0.285714285714286,0,0
5,2026081505,NUAA,W7,force_z+vibration_y,Dropout,8,1,1,0,0,0
5,2026081505,NUAA,W8,force_z+vibration_y,Dropout,31,0.935483870967742,0.935483870967742,0.0645161290322581,0,0
5,2026081505,NUAA,W9,force_z+vibration_y,Dropout,7,0.857142857142857,0.857142857142857,0.142857142857143,0,0
5,2026081505,NUAA,W1,force_z+vibration_y,Bias,29,0.482758620689655,0.482758620689655,0.379310344827586,0.137931034482759,0
5,2026081505,NUAA,W2,force_z+vibration_y,Bias,17,0.294117647058824,0.294117647058824,0.588235294117647,0.117647058823529,0
5,2026081505,NUAA,W3,force_z+vibration_y,Bias,11,0.272727272727273,0.272727272727273,0.636363636363636,0.0909090909090909,0
5,2026081505,NUAA,W4,force_z+vibration_y,Bias,28,0.285714285714286,0.285714285714286,0.428571428571429,0.285714285714286,0
5,2026081505,NUAA,W5,force_z+vibration_y,Bias,7,0,0.142857142857143,0.428571428571429,0.428571428571429,0.142857142857143
5,2026081505,NUAA,W6,force_z+vibration_y,Bias,14,0.285714285714286,0.285714285714286,0.214285714285714,0.5,0
5,2026081505,NUAA,W7,force_z+vibration_y,Bias,8,0.125,0.125,0.25,0.625,0
5,2026081505,NUAA,W8,force_z+vibration_y,Bias,31,0.193548387096774,0.193548387096774,0.548387096774194,0.258064516129032,0
5,2026081505,NUAA,W9,force_z+vibration_y,Bias,7,0.571428571428571,0.571428571428571,0.142857142857143,0.285714285714286,0
5,2026081505,NUAA,W1,force_z+vibration_y,Noise,29,0.0689655172413793,0.0689655172413793,0.655172413793103,0.275862068965517,0
5,2026081505,NUAA,W2,force_z+vibration_y,Noise,17,0,0,0.764705882352941,0.235294117647059,0
5,2026081505,NUAA,W3,force_z+vibration_y,Noise,11,0,0,0.545454545454545,0.454545454545455,0
5,2026081505,NUAA,W4,force_z+vibration_y,Noise,28,0.142857142857143,0.142857142857143,0.535714285714286,0.321428571428571,0
5,2026081505,NUAA,W5,force_z+vibration_y,Noise,7,0,0,0.571428571428571,0.428571428571429,0.142857142857143
5,2026081505,NUAA,W6,force_z+vibration_y,Noise,14,0,0,0.5,0.5,0
5,2026081505,NUAA,W7,force_z+vibration_y,Noise,8,0,0,0.5,0.5,0
5,2026081505,NUAA,W8,force_z+vibration_y,Noise,31,0,0,0.580645161290323,0.419354838709677,0
5,2026081505,NUAA,W9,force_z+vibration_y,Noise,7,0,0,1,0,0
5,2026081505,NUAA,W1,vibration_x+vibration_y,Saturation,29,1,1,0,0,0
5,2026081505,NUAA,W2,vibration_x+vibration_y,Saturation,17,0.882352941176471,1,0,0,0.117647058823529
5,2026081505,NUAA,W3,vibration_x+vibration_y,Saturation,11,1,1,0,0,0
5,2026081505,NUAA,W4,vibration_x+vibration_y,Saturation,28,1,1,0,0,0
5,2026081505,NUAA,W5,vibration_x+vibration_y,Saturation,7,1,1,0,0,0
5,2026081505,NUAA,W6,vibration_x+vibration_y,Saturation,14,1,1,0,0,0
5,2026081505,NUAA,W7,vibration_x+vibration_y,Saturation,8,1,1,0,0,0
5,2026081505,NUAA,W8,vibration_x+vibration_y,Saturation,31,1,1,0,0,0
5,2026081505,NUAA,W9,vibration_x+vibration_y,Saturation,7,1,1,0,0,0
5,2026081505,NUAA,W1,vibration_x+vibration_y,Dropout,29,1,1,0,0,0
5,2026081505,NUAA,W2,vibration_x+vibration_y,Dropout,17,0.882352941176471,1,0,0,0.117647058823529
5,2026081505,NUAA,W3,vibration_x+vibration_y,Dropout,11,1,1,0,0,0
5,2026081505,NUAA,W4,vibration_x+vibration_y,Dropout,28,1,1,0,0,0
5,2026081505,NUAA,W5,vibration_x+vibration_y,Dropout,7,1,1,0,0,0
5,2026081505,NUAA,W6,vibration_x+vibration_y,Dropout,14,1,1,0,0,0
5,2026081505,NUAA,W7,vibration_x+vibration_y,Dropout,8,1,1,0,0,0
5,2026081505,NUAA,W8,vibration_x+vibration_y,Dropout,31,1,1,0,0,0
5,2026081505,NUAA,W9,vibration_x+vibration_y,Dropout,7,1,1,0,0,0
5,2026081505,NUAA,W1,vibration_x+vibration_y,Bias,29,0.0689655172413793,0.0689655172413793,0.517241379310345,0.413793103448276,0
5,2026081505,NUAA,W2,vibration_x+vibration_y,Bias,17,0.0588235294117647,0.0588235294117647,0.588235294117647,0.352941176470588,0.117647058823529
5,2026081505,NUAA,W3,vibration_x+vibration_y,Bias,11,0.0909090909090909,0.0909090909090909,0.272727272727273,0.636363636363636,0
5,2026081505,NUAA,W4,vibration_x+vibration_y,Bias,28,0.0714285714285714,0.0714285714285714,0.5,0.428571428571429,0
5,2026081505,NUAA,W5,vibration_x+vibration_y,Bias,7,0.142857142857143,0.142857142857143,0.571428571428571,0.285714285714286,0
5,2026081505,NUAA,W6,vibration_x+vibration_y,Bias,14,0,0,0.642857142857143,0.357142857142857,0
5,2026081505,NUAA,W7,vibration_x+vibration_y,Bias,8,0.125,0.125,0,0.875,0
5,2026081505,NUAA,W8,vibration_x+vibration_y,Bias,31,0.032258064516129,0.032258064516129,0.387096774193548,0.580645161290323,0
5,2026081505,NUAA,W9,vibration_x+vibration_y,Bias,7,0,0,0.571428571428571,0.428571428571429,0
5,2026081505,NUAA,W1,vibration_x+vibration_y,Noise,29,0,0,0.0689655172413793,0.931034482758621,0
5,2026081505,NUAA,W2,vibration_x+vibration_y,Noise,17,0,0,0,1,0.117647058823529
5,2026081505,NUAA,W3,vibration_x+vibration_y,Noise,11,0,0,0.0909090909090909,0.909090909090909,0
5,2026081505,NUAA,W4,vibration_x+vibration_y,Noise,28,0,0,0.0714285714285714,0.928571428571429,0
5,2026081505,NUAA,W5,vibration_x+vibration_y,Noise,7,0,0,0.142857142857143,0.857142857142857,0
5,2026081505,NUAA,W6,vibration_x+vibration_y,Noise,14,0,0,0,1,0
5,2026081505,NUAA,W7,vibration_x+vibration_y,Noise,8,0,0,0,1,0
5,2026081505,NUAA,W8,vibration_x+vibration_y,Noise,31,0,0,0,1,0
5,2026081505,NUAA,W9,vibration_x+vibration_y,Noise,7,0,0,0,1,0
5,2026081505,PHM2010,c1,force_z+vibration_x,Saturation,315,0.977777777777778,1,0,0,0.0222222222222222
5,2026081505,PHM2010,c4,force_z+vibration_x,Saturation,315,0.996825396825397,1,0,0,0.00317460317460317
5,2026081505,PHM2010,c6,force_z+vibration_x,Saturation,315,1,1,0,0,0
5,2026081505,PHM2010,c1,force_z+vibration_x,Dropout,315,0.977777777777778,1,0,0,0.0222222222222222
5,2026081505,PHM2010,c4,force_z+vibration_x,Dropout,315,0.996825396825397,1,0,0,0.00317460317460317
5,2026081505,PHM2010,c6,force_z+vibration_x,Dropout,315,0.511111111111111,0.511111111111111,0.488888888888889,0,0
5,2026081505,PHM2010,c1,force_z+vibration_x,Bias,315,0.0825396825396825,0.0825396825396825,0.495238095238095,0.422222222222222,0.0222222222222222
5,2026081505,PHM2010,c4,force_z+vibration_x,Bias,315,0.231746031746032,0.231746031746032,0.46031746031746,0.307936507936508,0.00317460317460317
5,2026081505,PHM2010,c6,force_z+vibration_x,Bias,315,0,0,0.377777777777778,0.622222222222222,0
5,2026081505,PHM2010,c1,force_z+vibration_x,Noise,315,0.00634920634920635,0.00634920634920635,0.247619047619048,0.746031746031746,0.0222222222222222
5,2026081505,PHM2010,c4,force_z+vibration_x,Noise,315,0,0,0.393650793650794,0.606349206349206,0.00317460317460317
5,2026081505,PHM2010,c6,force_z+vibration_x,Noise,315,0,0,0.0952380952380952,0.904761904761905,0
5,2026081505,PHM2010,c1,force_z+vibration_y,Saturation,315,0.971428571428571,1,0,0,0.0285714285714286
5,2026081505,PHM2010,c4,force_z+vibration_y,Saturation,315,0.987301587301587,1,0,0,0.0126984126984127
5,2026081505,PHM2010,c6,force_z+vibration_y,Saturation,315,1,1,0,0,0
5,2026081505,PHM2010,c1,force_z+vibration_y,Dropout,315,0.568253968253968,0.593650793650794,0.406349206349206,0,0.0285714285714286
5,2026081505,PHM2010,c4,force_z+vibration_y,Dropout,315,0.987301587301587,1,0,0,0.0126984126984127
5,2026081505,PHM2010,c6,force_z+vibration_y,Dropout,315,0.406349206349206,0.406349206349206,0.593650793650794,0,0
5,2026081505,PHM2010,c1,force_z+vibration_y,Bias,315,0.00317460317460317,0.00317460317460317,0.606349206349206,0.39047619047619,0.0285714285714286
5,2026081505,PHM2010,c4,force_z+vibration_y,Bias,315,0.0825396825396825,0.0825396825396825,0.596825396825397,0.320634920634921,0.0126984126984127
5,2026081505,PHM2010,c6,force_z+vibration_y,Bias,315,0,0,0.333333333333333,0.666666666666667,0
5,2026081505,PHM2010,c1,force_z+vibration_y,Noise,315,0,0,0.247619047619048,0.752380952380952,0.0285714285714286
5,2026081505,PHM2010,c4,force_z+vibration_y,Noise,315,0,0,0.342857142857143,0.657142857142857,0.0126984126984127
5,2026081505,PHM2010,c6,force_z+vibration_y,Noise,315,0,0,0.0698412698412698,0.93015873015873,0
5,2026081505,PHM2010,c1,vibration_x+vibration_y,Saturation,315,0.990476190476191,1,0,0,0.00952380952380952
5,2026081505,PHM2010,c4,vibration_x+vibration_y,Saturation,315,0.987301587301587,1,0,0,0.0126984126984127
5,2026081505,PHM2010,c6,vibration_x+vibration_y,Saturation,315,0.993650793650794,1,0,0,0.00634920634920635
5,2026081505,PHM2010,c1,vibration_x+vibration_y,Dropout,315,0.574603174603175,0.574603174603175,0.425396825396825,0,0.00952380952380952
5,2026081505,PHM2010,c4,vibration_x+vibration_y,Dropout,315,0.987301587301587,1,0,0,0.0126984126984127
5,2026081505,PHM2010,c6,vibration_x+vibration_y,Dropout,315,0.20952380952381,0.20952380952381,0.498412698412698,0.292063492063492,0.00634920634920635
5,2026081505,PHM2010,c1,vibration_x+vibration_y,Bias,315,0,0,0.158730158730159,0.841269841269841,0.00952380952380952
5,2026081505,PHM2010,c4,vibration_x+vibration_y,Bias,315,0.0761904761904762,0.0761904761904762,0.222222222222222,0.701587301587302,0.0126984126984127
5,2026081505,PHM2010,c6,vibration_x+vibration_y,Bias,315,0,0,0.00952380952380952,0.990476190476191,0.00634920634920635
5,2026081505,PHM2010,c1,vibration_x+vibration_y,Noise,315,0,0,0.0222222222222222,0.977777777777778,0.00952380952380952
5,2026081505,PHM2010,c4,vibration_x+vibration_y,Noise,315,0,0,0.00317460317460317,0.996825396825397,0.0126984126984127
5,2026081505,PHM2010,c6,vibration_x+vibration_y,Noise,315,0,0,0,1,0.00634920634920635
6,2026081506,NUAA,W1,force_z+vibration_x,Saturation,29,0.896551724137931,0.96551724137931,0.0344827586206897,0,0.0689655172413793
6,2026081506,NUAA,W2,force_z+vibration_x,Saturation,17,1,1,0,0,0
6,2026081506,NUAA,W3,force_z+vibration_x,Saturation,11,1,1,0,0,0
6,2026081506,NUAA,W4,force_z+vibration_x,Saturation,28,0.964285714285714,1,0,0,0.0357142857142857
6,2026081506,NUAA,W5,force_z+vibration_x,Saturation,7,1,1,0,0,0
6,2026081506,NUAA,W6,force_z+vibration_x,Saturation,14,1,1,0,0,0
6,2026081506,NUAA,W7,force_z+vibration_x,Saturation,8,1,1,0,0,0
6,2026081506,NUAA,W8,force_z+vibration_x,Saturation,31,0.935483870967742,0.935483870967742,0.0645161290322581,0,0
6,2026081506,NUAA,W9,force_z+vibration_x,Saturation,7,1,1,0,0,0
6,2026081506,NUAA,W1,force_z+vibration_x,Dropout,29,0.862068965517241,0.896551724137931,0.103448275862069,0,0.0689655172413793
6,2026081506,NUAA,W2,force_z+vibration_x,Dropout,17,0.882352941176471,0.882352941176471,0.117647058823529,0,0
6,2026081506,NUAA,W3,force_z+vibration_x,Dropout,11,1,1,0,0,0
6,2026081506,NUAA,W4,force_z+vibration_x,Dropout,28,0.928571428571429,0.964285714285714,0.0357142857142857,0,0.0357142857142857
6,2026081506,NUAA,W5,force_z+vibration_x,Dropout,7,0.571428571428571,0.571428571428571,0.428571428571429,0,0
6,2026081506,NUAA,W6,force_z+vibration_x,Dropout,14,1,1,0,0,0
6,2026081506,NUAA,W7,force_z+vibration_x,Dropout,8,0.875,0.875,0.125,0,0
6,2026081506,NUAA,W8,force_z+vibration_x,Dropout,31,0.935483870967742,0.935483870967742,0.0645161290322581,0,0
6,2026081506,NUAA,W9,force_z+vibration_x,Dropout,7,1,1,0,0,0
6,2026081506,NUAA,W1,force_z+vibration_x,Bias,29,0,0,0.517241379310345,0.482758620689655,0.0689655172413793
6,2026081506,NUAA,W2,force_z+vibration_x,Bias,17,0.0588235294117647,0.0588235294117647,0.588235294117647,0.352941176470588,0
6,2026081506,NUAA,W3,force_z+vibration_x,Bias,11,0.0909090909090909,0.0909090909090909,0.454545454545455,0.454545454545455,0
6,2026081506,NUAA,W4,force_z+vibration_x,Bias,28,0,0,0.607142857142857,0.392857142857143,0.0357142857142857
6,2026081506,NUAA,W5,force_z+vibration_x,Bias,7,0.428571428571429,0.428571428571429,0.428571428571429,0.142857142857143,0
6,2026081506,NUAA,W6,force_z+vibration_x,Bias,14,0,0,0.857142857142857,0.142857142857143,0
6,2026081506,NUAA,W7,force_z+vibration_x,Bias,8,0.125,0.125,0.5,0.375,0
6,2026081506,NUAA,W8,force_z+vibration_x,Bias,31,0,0,0.612903225806452,0.387096774193548,0
6,2026081506,NUAA,W9,force_z+vibration_x,Bias,7,0.142857142857143,0.142857142857143,0.714285714285714,0.142857142857143,0
6,2026081506,NUAA,W1,force_z+vibration_x,Noise,29,0,0,0.620689655172414,0.379310344827586,0.0689655172413793
6,2026081506,NUAA,W2,force_z+vibration_x,Noise,17,0,0,0.882352941176471,0.117647058823529,0
6,2026081506,NUAA,W3,force_z+vibration_x,Noise,11,0,0,0.818181818181818,0.181818181818182,0
6,2026081506,NUAA,W4,force_z+vibration_x,Noise,28,0,0,0.678571428571429,0.321428571428571,0.0357142857142857
6,2026081506,NUAA,W5,force_z+vibration_x,Noise,7,0,0,0.714285714285714,0.285714285714286,0
6,2026081506,NUAA,W6,force_z+vibration_x,Noise,14,0,0,0.785714285714286,0.214285714285714,0
6,2026081506,NUAA,W7,force_z+vibration_x,Noise,8,0,0,0.5,0.5,0
6,2026081506,NUAA,W8,force_z+vibration_x,Noise,31,0,0,0.645161290322581,0.354838709677419,0
6,2026081506,NUAA,W9,force_z+vibration_x,Noise,7,0,0,0.714285714285714,0.285714285714286,0
6,2026081506,NUAA,W1,force_z+vibration_y,Saturation,29,1,1,0,0,0
6,2026081506,NUAA,W2,force_z+vibration_y,Saturation,17,1,1,0,0,0
6,2026081506,NUAA,W3,force_z+vibration_y,Saturation,11,1,1,0,0,0
6,2026081506,NUAA,W4,force_z+vibration_y,Saturation,28,0.964285714285714,0.964285714285714,0.0357142857142857,0,0
6,2026081506,NUAA,W5,force_z+vibration_y,Saturation,7,0.857142857142857,1,0,0,0.142857142857143
6,2026081506,NUAA,W6,force_z+vibration_y,Saturation,14,1,1,0,0,0
6,2026081506,NUAA,W7,force_z+vibration_y,Saturation,8,1,1,0,0,0
6,2026081506,NUAA,W8,force_z+vibration_y,Saturation,31,0.967741935483871,0.967741935483871,0.032258064516129,0,0
6,2026081506,NUAA,W9,force_z+vibration_y,Saturation,7,1,1,0,0,0
6,2026081506,NUAA,W1,force_z+vibration_y,Dropout,29,0.931034482758621,0.931034482758621,0.0689655172413793,0,0
6,2026081506,NUAA,W2,force_z+vibration_y,Dropout,17,0.941176470588235,0.941176470588235,0.0588235294117647,0,0
6,2026081506,NUAA,W3,force_z+vibration_y,Dropout,11,1,1,0,0,0
6,2026081506,NUAA,W4,force_z+vibration_y,Dropout,28,0.928571428571429,0.928571428571429,0.0714285714285714,0,0
6,2026081506,NUAA,W5,force_z+vibration_y,Dropout,7,0.857142857142857,1,0,0,0.142857142857143
6,2026081506,NUAA,W6,force_z+vibration_y,Dropout,14,1,1,0,0,0
6,2026081506,NUAA,W7,force_z+vibration_y,Dropout,8,1,1,0,0,0
6,2026081506,NUAA,W8,force_z+vibration_y,Dropout,31,1,1,0,0,0
6,2026081506,NUAA,W9,force_z+vibration_y,Dropout,7,1,1,0,0,0
6,2026081506,NUAA,W1,force_z+vibration_y,Bias,29,0.344827586206897,0.344827586206897,0.448275862068966,0.206896551724138,0
6,2026081506,NUAA,W2,force_z+vibration_y,Bias,17,0.352941176470588,0.352941176470588,0.235294117647059,0.411764705882353,0
6,2026081506,NUAA,W3,force_z+vibration_y,Bias,11,0.272727272727273,0.272727272727273,0.454545454545455,0.272727272727273,0
6,2026081506,NUAA,W4,force_z+vibration_y,Bias,28,0.428571428571429,0.428571428571429,0.321428571428571,0.25,0
6,2026081506,NUAA,W5,force_z+vibration_y,Bias,7,0.142857142857143,0.142857142857143,0.714285714285714,0.142857142857143,0.142857142857143
6,2026081506,NUAA,W6,force_z+vibration_y,Bias,14,0.285714285714286,0.285714285714286,0.714285714285714,0,0
6,2026081506,NUAA,W7,force_z+vibration_y,Bias,8,0.125,0.125,0.375,0.5,0
6,2026081506,NUAA,W8,force_z+vibration_y,Bias,31,0.129032258064516,0.129032258064516,0.548387096774194,0.32258064516129,0
6,2026081506,NUAA,W9,force_z+vibration_y,Bias,7,0,0,1,0,0
6,2026081506,NUAA,W1,force_z+vibration_y,Noise,29,0.0344827586206897,0.0344827586206897,0.586206896551724,0.379310344827586,0
6,2026081506,NUAA,W2,force_z+vibration_y,Noise,17,0,0,0.529411764705882,0.470588235294118,0
6,2026081506,NUAA,W3,force_z+vibration_y,Noise,11,0,0,0.818181818181818,0.181818181818182,0
6,2026081506,NUAA,W4,force_z+vibration_y,Noise,28,0.0714285714285714,0.0714285714285714,0.607142857142857,0.321428571428571,0
6,2026081506,NUAA,W5,force_z+vibration_y,Noise,7,0,0,0.571428571428571,0.428571428571429,0.142857142857143
6,2026081506,NUAA,W6,force_z+vibration_y,Noise,14,0,0,0.5,0.5,0
6,2026081506,NUAA,W7,force_z+vibration_y,Noise,8,0,0,0.375,0.625,0
6,2026081506,NUAA,W8,force_z+vibration_y,Noise,31,0,0,0.548387096774194,0.451612903225806,0
6,2026081506,NUAA,W9,force_z+vibration_y,Noise,7,0,0,0.714285714285714,0.285714285714286,0
6,2026081506,NUAA,W1,vibration_x+vibration_y,Saturation,29,1,1,0,0,0
6,2026081506,NUAA,W2,vibration_x+vibration_y,Saturation,17,0.882352941176471,1,0,0,0.117647058823529
6,2026081506,NUAA,W3,vibration_x+vibration_y,Saturation,11,1,1,0,0,0
6,2026081506,NUAA,W4,vibration_x+vibration_y,Saturation,28,1,1,0,0,0
6,2026081506,NUAA,W5,vibration_x+vibration_y,Saturation,7,1,1,0,0,0
6,2026081506,NUAA,W6,vibration_x+vibration_y,Saturation,14,1,1,0,0,0
6,2026081506,NUAA,W7,vibration_x+vibration_y,Saturation,8,1,1,0,0,0
6,2026081506,NUAA,W8,vibration_x+vibration_y,Saturation,31,1,1,0,0,0
6,2026081506,NUAA,W9,vibration_x+vibration_y,Saturation,7,1,1,0,0,0
6,2026081506,NUAA,W1,vibration_x+vibration_y,Dropout,29,1,1,0,0,0
6,2026081506,NUAA,W2,vibration_x+vibration_y,Dropout,17,0.882352941176471,1,0,0,0.117647058823529
6,2026081506,NUAA,W3,vibration_x+vibration_y,Dropout,11,1,1,0,0,0
6,2026081506,NUAA,W4,vibration_x+vibration_y,Dropout,28,1,1,0,0,0
6,2026081506,NUAA,W5,vibration_x+vibration_y,Dropout,7,1,1,0,0,0
6,2026081506,NUAA,W6,vibration_x+vibration_y,Dropout,14,1,1,0,0,0
6,2026081506,NUAA,W7,vibration_x+vibration_y,Dropout,8,1,1,0,0,0
6,2026081506,NUAA,W8,vibration_x+vibration_y,Dropout,31,1,1,0,0,0
6,2026081506,NUAA,W9,vibration_x+vibration_y,Dropout,7,1,1,0,0,0
6,2026081506,NUAA,W1,vibration_x+vibration_y,Bias,29,0,0,0.448275862068966,0.551724137931034,0
6,2026081506,NUAA,W2,vibration_x+vibration_y,Bias,17,0,0,0.235294117647059,0.764705882352941,0.117647058823529
6,2026081506,NUAA,W3,vibration_x+vibration_y,Bias,11,0.181818181818182,0.181818181818182,0.636363636363636,0.181818181818182,0
6,2026081506,NUAA,W4,vibration_x+vibration_y,Bias,28,0.0357142857142857,0.0357142857142857,0.571428571428571,0.392857142857143,0
6,2026081506,NUAA,W5,vibration_x+vibration_y,Bias,7,0.285714285714286,0.285714285714286,0.142857142857143,0.571428571428571,0
6,2026081506,NUAA,W6,vibration_x+vibration_y,Bias,14,0.0714285714285714,0.0714285714285714,0.5,0.428571428571429,0
6,2026081506,NUAA,W7,vibration_x+vibration_y,Bias,8,0,0,0.5,0.5,0
6,2026081506,NUAA,W8,vibration_x+vibration_y,Bias,31,0,0,0.387096774193548,0.612903225806452,0
6,2026081506,NUAA,W9,vibration_x+vibration_y,Bias,7,0,0,0.285714285714286,0.714285714285714,0
6,2026081506,NUAA,W1,vibration_x+vibration_y,Noise,29,0,0,0.0689655172413793,0.931034482758621,0
6,2026081506,NUAA,W2,vibration_x+vibration_y,Noise,17,0,0,0.0588235294117647,0.941176470588235,0.117647058823529
6,2026081506,NUAA,W3,vibration_x+vibration_y,Noise,11,0,0,0,1,0
6,2026081506,NUAA,W4,vibration_x+vibration_y,Noise,28,0,0,0.107142857142857,0.892857142857143,0
6,2026081506,NUAA,W5,vibration_x+vibration_y,Noise,7,0,0,0.142857142857143,0.857142857142857,0
6,2026081506,NUAA,W6,vibration_x+vibration_y,Noise,14,0,0,0.0714285714285714,0.928571428571429,0
6,2026081506,NUAA,W7,vibration_x+vibration_y,Noise,8,0,0,0,1,0
6,2026081506,NUAA,W8,vibration_x+vibration_y,Noise,31,0,0,0.032258064516129,0.967741935483871,0
6,2026081506,NUAA,W9,vibration_x+vibration_y,Noise,7,0,0,0,1,0
6,2026081506,PHM2010,c1,force_z+vibration_x,Saturation,315,0.977777777777778,1,0,0,0.0222222222222222
6,2026081506,PHM2010,c4,force_z+vibration_x,Saturation,315,0.996825396825397,1,0,0,0.00317460317460317
6,2026081506,PHM2010,c6,force_z+vibration_x,Saturation,315,1,1,0,0,0
6,2026081506,PHM2010,c1,force_z+vibration_x,Dropout,315,0.977777777777778,1,0,0,0.0222222222222222
6,2026081506,PHM2010,c4,force_z+vibration_x,Dropout,315,0.996825396825397,1,0,0,0.00317460317460317
6,2026081506,PHM2010,c6,force_z+vibration_x,Dropout,315,0.473015873015873,0.473015873015873,0.526984126984127,0,0
6,2026081506,PHM2010,c1,force_z+vibration_x,Bias,315,0.0984126984126984,0.101587301587302,0.479365079365079,0.419047619047619,0.0222222222222222
6,2026081506,PHM2010,c4,force_z+vibration_x,Bias,315,0.219047619047619,0.219047619047619,0.453968253968254,0.326984126984127,0.00317460317460317
6,2026081506,PHM2010,c6,force_z+vibration_x,Bias,315,0,0,0.349206349206349,0.650793650793651,0
6,2026081506,PHM2010,c1,force_z+vibration_x,Noise,315,0.00317460317460317,0.00317460317460317,0.215873015873016,0.780952380952381,0.0222222222222222
6,2026081506,PHM2010,c4,force_z+vibration_x,Noise,315,0.00317460317460317,0.00317460317460317,0.384126984126984,0.612698412698413,0.00317460317460317
6,2026081506,PHM2010,c6,force_z+vibration_x,Noise,315,0,0,0.0793650793650794,0.920634920634921,0
6,2026081506,PHM2010,c1,force_z+vibration_y,Saturation,315,0.971428571428571,1,0,0,0.0285714285714286
6,2026081506,PHM2010,c4,force_z+vibration_y,Saturation,315,0.987301587301587,1,0,0,0.0126984126984127
6,2026081506,PHM2010,c6,force_z+vibration_y,Saturation,315,1,1,0,0,0
6,2026081506,PHM2010,c1,force_z+vibration_y,Dropout,315,0.523809523809524,0.53968253968254,0.46031746031746,0,0.0285714285714286
6,2026081506,PHM2010,c4,force_z+vibration_y,Dropout,315,0.987301587301587,1,0,0,0.0126984126984127
6,2026081506,PHM2010,c6,force_z+vibration_y,Dropout,315,0.444444444444444,0.444444444444444,0.555555555555556,0,0
6,2026081506,PHM2010,c1,force_z+vibration_y,Bias,315,0.00634920634920635,0.00634920634920635,0.53968253968254,0.453968253968254,0.0285714285714286
6,2026081506,PHM2010,c4,force_z+vibration_y,Bias,315,0.0793650793650794,0.0793650793650794,0.580952380952381,0.33968253968254,0.0126984126984127
6,2026081506,PHM2010,c6,force_z+vibration_y,Bias,315,0,0,0.326984126984127,0.673015873015873,0
6,2026081506,PHM2010,c1,force_z+vibration_y,Noise,315,0,0,0.231746031746032,0.768253968253968,0.0285714285714286
6,2026081506,PHM2010,c4,force_z+vibration_y,Noise,315,0,0,0.425396825396825,0.574603174603175,0.0126984126984127
6,2026081506,PHM2010,c6,force_z+vibration_y,Noise,315,0,0,0.0666666666666667,0.933333333333333,0
6,2026081506,PHM2010,c1,vibration_x+vibration_y,Saturation,315,0.990476190476191,1,0,0,0.00952380952380952
6,2026081506,PHM2010,c4,vibration_x+vibration_y,Saturation,315,0.987301587301587,1,0,0,0.0126984126984127
6,2026081506,PHM2010,c6,vibration_x+vibration_y,Saturation,315,0.993650793650794,1,0,0,0.00634920634920635
6,2026081506,PHM2010,c1,vibration_x+vibration_y,Dropout,315,0.549206349206349,0.555555555555556,0.444444444444444,0,0.00952380952380952
6,2026081506,PHM2010,c4,vibration_x+vibration_y,Dropout,315,0.987301587301587,1,0,0,0.0126984126984127
6,2026081506,PHM2010,c6,vibration_x+vibration_y,Dropout,315,0.19047619047619,0.19047619047619,0.511111111111111,0.298412698412698,0.00634920634920635
6,2026081506,PHM2010,c1,vibration_x+vibration_y,Bias,315,0.00317460317460317,0.00317460317460317,0.180952380952381,0.815873015873016,0.00952380952380952
6,2026081506,PHM2010,c4,vibration_x+vibration_y,Bias,315,0.0571428571428571,0.0571428571428571,0.301587301587302,0.641269841269841,0.0126984126984127
6,2026081506,PHM2010,c6,vibration_x+vibration_y,Bias,315,0,0,0.0126984126984127,0.987301587301587,0.00634920634920635
6,2026081506,PHM2010,c1,vibration_x+vibration_y,Noise,315,0,0,0.019047619047619,0.980952380952381,0.00952380952380952
6,2026081506,PHM2010,c4,vibration_x+vibration_y,Noise,315,0,0,0.00317460317460317,0.996825396825397,0.0126984126984127
6,2026081506,PHM2010,c6,vibration_x+vibration_y,Noise,315,0,0,0,1,0.00634920634920635
7,2026081507,NUAA,W1,force_z+vibration_x,Saturation,29,0.896551724137931,0.96551724137931,0.0344827586206897,0,0.0689655172413793
7,2026081507,NUAA,W2,force_z+vibration_x,Saturation,17,1,1,0,0,0
7,2026081507,NUAA,W3,force_z+vibration_x,Saturation,11,1,1,0,0,0
7,2026081507,NUAA,W4,force_z+vibration_x,Saturation,28,0.892857142857143,0.928571428571429,0.0714285714285714,0,0.0357142857142857
7,2026081507,NUAA,W5,force_z+vibration_x,Saturation,7,1,1,0,0,0
7,2026081507,NUAA,W6,force_z+vibration_x,Saturation,14,0.928571428571429,0.928571428571429,0.0714285714285714,0,0
7,2026081507,NUAA,W7,force_z+vibration_x,Saturation,8,1,1,0,0,0
7,2026081507,NUAA,W8,force_z+vibration_x,Saturation,31,0.903225806451613,0.903225806451613,0.0967741935483871,0,0
7,2026081507,NUAA,W9,force_z+vibration_x,Saturation,7,1,1,0,0,0
7,2026081507,NUAA,W1,force_z+vibration_x,Dropout,29,0.931034482758621,1,0,0,0.0689655172413793
7,2026081507,NUAA,W2,force_z+vibration_x,Dropout,17,1,1,0,0,0
7,2026081507,NUAA,W3,force_z+vibration_x,Dropout,11,0.909090909090909,0.909090909090909,0.0909090909090909,0,0
7,2026081507,NUAA,W4,force_z+vibration_x,Dropout,28,0.964285714285714,1,0,0,0.0357142857142857
7,2026081507,NUAA,W5,force_z+vibration_x,Dropout,7,0.857142857142857,0.857142857142857,0.142857142857143,0,0
7,2026081507,NUAA,W6,force_z+vibration_x,Dropout,14,0.785714285714286,0.785714285714286,0.214285714285714,0,0
7,2026081507,NUAA,W7,force_z+vibration_x,Dropout,8,1,1,0,0,0
7,2026081507,NUAA,W8,force_z+vibration_x,Dropout,31,0.935483870967742,0.935483870967742,0.0645161290322581,0,0
7,2026081507,NUAA,W9,force_z+vibration_x,Dropout,7,1,1,0,0,0
7,2026081507,NUAA,W1,force_z+vibration_x,Bias,29,0,0,0.758620689655172,0.241379310344828,0.0689655172413793
7,2026081507,NUAA,W2,force_z+vibration_x,Bias,17,0.117647058823529,0.117647058823529,0.705882352941177,0.176470588235294,0
7,2026081507,NUAA,W3,force_z+vibration_x,Bias,11,0,0,0.636363636363636,0.363636363636364,0
7,2026081507,NUAA,W4,force_z+vibration_x,Bias,28,0.0357142857142857,0.0357142857142857,0.678571428571429,0.285714285714286,0.0357142857142857
7,2026081507,NUAA,W5,force_z+vibration_x,Bias,7,0.142857142857143,0.142857142857143,0.285714285714286,0.571428571428571,0
7,2026081507,NUAA,W6,force_z+vibration_x,Bias,14,0,0,0.5,0.5,0
7,2026081507,NUAA,W7,force_z+vibration_x,Bias,8,0.25,0.25,0.75,0,0
7,2026081507,NUAA,W8,force_z+vibration_x,Bias,31,0,0,0.451612903225806,0.548387096774194,0
7,2026081507,NUAA,W9,force_z+vibration_x,Bias,7,0,0,0.714285714285714,0.285714285714286,0
7,2026081507,NUAA,W1,force_z+vibration_x,Noise,29,0,0,0.758620689655172,0.241379310344828,0.0689655172413793
7,2026081507,NUAA,W2,force_z+vibration_x,Noise,17,0,0,0.764705882352941,0.235294117647059,0
7,2026081507,NUAA,W3,force_z+vibration_x,Noise,11,0,0,0.818181818181818,0.181818181818182,0
7,2026081507,NUAA,W4,force_z+vibration_x,Noise,28,0,0,0.5,0.5,0.0357142857142857
7,2026081507,NUAA,W5,force_z+vibration_x,Noise,7,0.142857142857143,0.142857142857143,0.714285714285714,0.142857142857143,0
7,2026081507,NUAA,W6,force_z+vibration_x,Noise,14,0,0,0.5,0.5,0
7,2026081507,NUAA,W7,force_z+vibration_x,Noise,8,0,0,0.5,0.5,0
7,2026081507,NUAA,W8,force_z+vibration_x,Noise,31,0,0,0.67741935483871,0.32258064516129,0
7,2026081507,NUAA,W9,force_z+vibration_x,Noise,7,0,0,0.714285714285714,0.285714285714286,0
7,2026081507,NUAA,W1,force_z+vibration_y,Saturation,29,0.96551724137931,0.96551724137931,0.0344827586206897,0,0
7,2026081507,NUAA,W2,force_z+vibration_y,Saturation,17,1,1,0,0,0
7,2026081507,NUAA,W3,force_z+vibration_y,Saturation,11,0.909090909090909,0.909090909090909,0.0909090909090909,0,0
7,2026081507,NUAA,W4,force_z+vibration_y,Saturation,28,1,1,0,0,0
7,2026081507,NUAA,W5,force_z+vibration_y,Saturation,7,0.857142857142857,1,0,0,0.142857142857143
7,2026081507,NUAA,W6,force_z+vibration_y,Saturation,14,1,1,0,0,0
7,2026081507,NUAA,W7,force_z+vibration_y,Saturation,8,1,1,0,0,0
7,2026081507,NUAA,W8,force_z+vibration_y,Saturation,31,0.967741935483871,0.967741935483871,0.032258064516129,0,0
7,2026081507,NUAA,W9,force_z+vibration_y,Saturation,7,1,1,0,0,0
7,2026081507,NUAA,W1,force_z+vibration_y,Dropout,29,0.96551724137931,0.96551724137931,0.0344827586206897,0,0
7,2026081507,NUAA,W2,force_z+vibration_y,Dropout,17,0.882352941176471,0.882352941176471,0.117647058823529,0,0
7,2026081507,NUAA,W3,force_z+vibration_y,Dropout,11,1,1,0,0,0
7,2026081507,NUAA,W4,force_z+vibration_y,Dropout,28,0.892857142857143,0.892857142857143,0.107142857142857,0,0
7,2026081507,NUAA,W5,force_z+vibration_y,Dropout,7,0.714285714285714,0.857142857142857,0.142857142857143,0,0.142857142857143
7,2026081507,NUAA,W6,force_z+vibration_y,Dropout,14,1,1,0,0,0
7,2026081507,NUAA,W7,force_z+vibration_y,Dropout,8,1,1,0,0,0
7,2026081507,NUAA,W8,force_z+vibration_y,Dropout,31,1,1,0,0,0
7,2026081507,NUAA,W9,force_z+vibration_y,Dropout,7,0.857142857142857,0.857142857142857,0.142857142857143,0,0
7,2026081507,NUAA,W1,force_z+vibration_y,Bias,29,0.310344827586207,0.310344827586207,0.551724137931034,0.137931034482759,0
7,2026081507,NUAA,W2,force_z+vibration_y,Bias,17,0.470588235294118,0.470588235294118,0.352941176470588,0.176470588235294,0
7,2026081507,NUAA,W3,force_z+vibration_y,Bias,11,0.363636363636364,0.363636363636364,0.454545454545455,0.181818181818182,0
7,2026081507,NUAA,W4,force_z+vibration_y,Bias,28,0.25,0.25,0.607142857142857,0.142857142857143,0
7,2026081507,NUAA,W5,force_z+vibration_y,Bias,7,0.285714285714286,0.285714285714286,0.428571428571429,0.285714285714286,0.142857142857143
7,2026081507,NUAA,W6,force_z+vibration_y,Bias,14,0.357142857142857,0.357142857142857,0.357142857142857,0.285714285714286,0
7,2026081507,NUAA,W7,force_z+vibration_y,Bias,8,0,0,0.375,0.625,0
7,2026081507,NUAA,W8,force_z+vibration_y,Bias,31,0.354838709677419,0.354838709677419,0.419354838709677,0.225806451612903,0
7,2026081507,NUAA,W9,force_z+vibration_y,Bias,7,0.428571428571429,0.428571428571429,0.571428571428571,0,0
7,2026081507,NUAA,W1,force_z+vibration_y,Noise,29,0.0689655172413793,0.0689655172413793,0.689655172413793,0.241379310344828,0
7,2026081507,NUAA,W2,force_z+vibration_y,Noise,17,0,0,0.882352941176471,0.117647058823529,0
7,2026081507,NUAA,W3,force_z+vibration_y,Noise,11,0,0,0.636363636363636,0.363636363636364,0
7,2026081507,NUAA,W4,force_z+vibration_y,Noise,28,0.107142857142857,0.107142857142857,0.5,0.392857142857143,0
7,2026081507,NUAA,W5,force_z+vibration_y,Noise,7,0,0,0.428571428571429,0.571428571428571,0.142857142857143
7,2026081507,NUAA,W6,force_z+vibration_y,Noise,14,0,0,0.571428571428571,0.428571428571429,0
7,2026081507,NUAA,W7,force_z+vibration_y,Noise,8,0,0,0.75,0.25,0
7,2026081507,NUAA,W8,force_z+vibration_y,Noise,31,0,0,0.387096774193548,0.612903225806452,0
7,2026081507,NUAA,W9,force_z+vibration_y,Noise,7,0,0,0.428571428571429,0.571428571428571,0
7,2026081507,NUAA,W1,vibration_x+vibration_y,Saturation,29,1,1,0,0,0
7,2026081507,NUAA,W2,vibration_x+vibration_y,Saturation,17,0.882352941176471,1,0,0,0.117647058823529
7,2026081507,NUAA,W3,vibration_x+vibration_y,Saturation,11,1,1,0,0,0
7,2026081507,NUAA,W4,vibration_x+vibration_y,Saturation,28,1,1,0,0,0
7,2026081507,NUAA,W5,vibration_x+vibration_y,Saturation,7,1,1,0,0,0
7,2026081507,NUAA,W6,vibration_x+vibration_y,Saturation,14,1,1,0,0,0
7,2026081507,NUAA,W7,vibration_x+vibration_y,Saturation,8,1,1,0,0,0
7,2026081507,NUAA,W8,vibration_x+vibration_y,Saturation,31,1,1,0,0,0
7,2026081507,NUAA,W9,vibration_x+vibration_y,Saturation,7,1,1,0,0,0
7,2026081507,NUAA,W1,vibration_x+vibration_y,Dropout,29,1,1,0,0,0
7,2026081507,NUAA,W2,vibration_x+vibration_y,Dropout,17,0.882352941176471,1,0,0,0.117647058823529
7,2026081507,NUAA,W3,vibration_x+vibration_y,Dropout,11,1,1,0,0,0
7,2026081507,NUAA,W4,vibration_x+vibration_y,Dropout,28,1,1,0,0,0
7,2026081507,NUAA,W5,vibration_x+vibration_y,Dropout,7,1,1,0,0,0
7,2026081507,NUAA,W6,vibration_x+vibration_y,Dropout,14,1,1,0,0,0
7,2026081507,NUAA,W7,vibration_x+vibration_y,Dropout,8,1,1,0,0,0
7,2026081507,NUAA,W8,vibration_x+vibration_y,Dropout,31,1,1,0,0,0
7,2026081507,NUAA,W9,vibration_x+vibration_y,Dropout,7,1,1,0,0,0
7,2026081507,NUAA,W1,vibration_x+vibration_y,Bias,29,0,0,0.413793103448276,0.586206896551724,0
7,2026081507,NUAA,W2,vibration_x+vibration_y,Bias,17,0,0,0.588235294117647,0.411764705882353,0.117647058823529
7,2026081507,NUAA,W3,vibration_x+vibration_y,Bias,11,0,0,0.545454545454545,0.454545454545455,0
7,2026081507,NUAA,W4,vibration_x+vibration_y,Bias,28,0.0357142857142857,0.0357142857142857,0.464285714285714,0.5,0
7,2026081507,NUAA,W5,vibration_x+vibration_y,Bias,7,0.142857142857143,0.142857142857143,0.428571428571429,0.428571428571429,0
7,2026081507,NUAA,W6,vibration_x+vibration_y,Bias,14,0,0,0.428571428571429,0.571428571428571,0
7,2026081507,NUAA,W7,vibration_x+vibration_y,Bias,8,0.125,0.125,0.25,0.625,0
7,2026081507,NUAA,W8,vibration_x+vibration_y,Bias,31,0,0,0.483870967741935,0.516129032258065,0
7,2026081507,NUAA,W9,vibration_x+vibration_y,Bias,7,0,0,0.285714285714286,0.714285714285714,0
7,2026081507,NUAA,W1,vibration_x+vibration_y,Noise,29,0,0,0.0689655172413793,0.931034482758621,0
7,2026081507,NUAA,W2,vibration_x+vibration_y,Noise,17,0,0,0,1,0.117647058823529
7,2026081507,NUAA,W3,vibration_x+vibration_y,Noise,11,0,0,0.0909090909090909,0.909090909090909,0
7,2026081507,NUAA,W4,vibration_x+vibration_y,Noise,28,0,0,0.107142857142857,0.892857142857143,0
7,2026081507,NUAA,W5,vibration_x+vibration_y,Noise,7,0,0,0.142857142857143,0.857142857142857,0
7,2026081507,NUAA,W6,vibration_x+vibration_y,Noise,14,0,0,0,1,0
7,2026081507,NUAA,W7,vibration_x+vibration_y,Noise,8,0,0,0,1,0
7,2026081507,NUAA,W8,vibration_x+vibration_y,Noise,31,0,0,0,1,0
7,2026081507,NUAA,W9,vibration_x+vibration_y,Noise,7,0,0,0,1,0
7,2026081507,PHM2010,c1,force_z+vibration_x,Saturation,315,0.977777777777778,1,0,0,0.0222222222222222
7,2026081507,PHM2010,c4,force_z+vibration_x,Saturation,315,0.996825396825397,1,0,0,0.00317460317460317
7,2026081507,PHM2010,c6,force_z+vibration_x,Saturation,315,1,1,0,0,0
7,2026081507,PHM2010,c1,force_z+vibration_x,Dropout,315,0.977777777777778,1,0,0,0.0222222222222222
7,2026081507,PHM2010,c4,force_z+vibration_x,Dropout,315,0.996825396825397,1,0,0,0.00317460317460317
7,2026081507,PHM2010,c6,force_z+vibration_x,Dropout,315,0.466666666666667,0.466666666666667,0.533333333333333,0,0
7,2026081507,PHM2010,c1,force_z+vibration_x,Bias,315,0.0888888888888889,0.0920634920634921,0.485714285714286,0.422222222222222,0.0222222222222222
7,2026081507,PHM2010,c4,force_z+vibration_x,Bias,315,0.241269841269841,0.244444444444444,0.485714285714286,0.26984126984127,0.00317460317460317
7,2026081507,PHM2010,c6,force_z+vibration_x,Bias,315,0,0,0.368253968253968,0.631746031746032,0
7,2026081507,PHM2010,c1,force_z+vibration_x,Noise,315,0.00317460317460317,0.00317460317460317,0.225396825396825,0.771428571428571,0.0222222222222222
7,2026081507,PHM2010,c4,force_z+vibration_x,Noise,315,0.00317460317460317,0.00317460317460317,0.371428571428571,0.625396825396825,0.00317460317460317
7,2026081507,PHM2010,c6,force_z+vibration_x,Noise,315,0,0,0.0888888888888889,0.911111111111111,0
7,2026081507,PHM2010,c1,force_z+vibration_y,Saturation,315,0.971428571428571,1,0,0,0.0285714285714286
7,2026081507,PHM2010,c4,force_z+vibration_y,Saturation,315,0.987301587301587,1,0,0,0.0126984126984127
7,2026081507,PHM2010,c6,force_z+vibration_y,Saturation,315,1,1,0,0,0
7,2026081507,PHM2010,c1,force_z+vibration_y,Dropout,315,0.526984126984127,0.542857142857143,0.457142857142857,0,0.0285714285714286
7,2026081507,PHM2010,c4,force_z+vibration_y,Dropout,315,0.987301587301587,1,0,0,0.0126984126984127
7,2026081507,PHM2010,c6,force_z+vibration_y,Dropout,315,0.40952380952381,0.40952380952381,0.59047619047619,0,0
7,2026081507,PHM2010,c1,force_z+vibration_y,Bias,315,0.00634920634920635,0.00634920634920635,0.561904761904762,0.431746031746032,0.0285714285714286
7,2026081507,PHM2010,c4,force_z+vibration_y,Bias,315,0.0857142857142857,0.0857142857142857,0.546031746031746,0.368253968253968,0.0126984126984127
7,2026081507,PHM2010,c6,force_z+vibration_y,Bias,315,0,0,0.317460317460317,0.682539682539683,0
7,2026081507,PHM2010,c1,force_z+vibration_y,Noise,315,0,0,0.253968253968254,0.746031746031746,0.0285714285714286
7,2026081507,PHM2010,c4,force_z+vibration_y,Noise,315,0,0,0.377777777777778,0.622222222222222,0.0126984126984127
7,2026081507,PHM2010,c6,force_z+vibration_y,Noise,315,0,0,0.0920634920634921,0.907936507936508,0
7,2026081507,PHM2010,c1,vibration_x+vibration_y,Saturation,315,0.990476190476191,1,0,0,0.00952380952380952
7,2026081507,PHM2010,c4,vibration_x+vibration_y,Saturation,315,0.987301587301587,1,0,0,0.0126984126984127
7,2026081507,PHM2010,c6,vibration_x+vibration_y,Saturation,315,0.993650793650794,1,0,0,0.00634920634920635
7,2026081507,PHM2010,c1,vibration_x+vibration_y,Dropout,315,0.552380952380952,0.555555555555556,0.444444444444444,0,0.00952380952380952
7,2026081507,PHM2010,c4,vibration_x+vibration_y,Dropout,315,0.987301587301587,1,0,0,0.0126984126984127
7,2026081507,PHM2010,c6,vibration_x+vibration_y,Dropout,315,0.187301587301587,0.187301587301587,0.504761904761905,0.307936507936508,0.00634920634920635
7,2026081507,PHM2010,c1,vibration_x+vibration_y,Bias,315,0.00952380952380952,0.00952380952380952,0.161904761904762,0.828571428571429,0.00952380952380952
7,2026081507,PHM2010,c4,vibration_x+vibration_y,Bias,315,0.0507936507936508,0.0507936507936508,0.298412698412698,0.650793650793651,0.0126984126984127
7,2026081507,PHM2010,c6,vibration_x+vibration_y,Bias,315,0,0,0,1,0.00634920634920635
7,2026081507,PHM2010,c1,vibration_x+vibration_y,Noise,315,0,0,0.0158730158730159,0.984126984126984,0.00952380952380952
7,2026081507,PHM2010,c4,vibration_x+vibration_y,Noise,315,0,0,0,1,0.0126984126984127
7,2026081507,PHM2010,c6,vibration_x+vibration_y,Noise,315,0,0,0,1,0.00634920634920635
8,2026081508,NUAA,W1,force_z+vibration_x,Saturation,29,0.862068965517241,0.931034482758621,0.0689655172413793,0,0.0689655172413793
8,2026081508,NUAA,W2,force_z+vibration_x,Saturation,17,1,1,0,0,0
8,2026081508,NUAA,W3,force_z+vibration_x,Saturation,11,1,1,0,0,0
8,2026081508,NUAA,W4,force_z+vibration_x,Saturation,28,0.964285714285714,1,0,0,0.0357142857142857
8,2026081508,NUAA,W5,force_z+vibration_x,Saturation,7,1,1,0,0,0
8,2026081508,NUAA,W6,force_z+vibration_x,Saturation,14,1,1,0,0,0
8,2026081508,NUAA,W7,force_z+vibration_x,Saturation,8,1,1,0,0,0
8,2026081508,NUAA,W8,force_z+vibration_x,Saturation,31,0.903225806451613,0.903225806451613,0.0967741935483871,0,0
8,2026081508,NUAA,W9,force_z+vibration_x,Saturation,7,1,1,0,0,0
8,2026081508,NUAA,W1,force_z+vibration_x,Dropout,29,0.896551724137931,0.96551724137931,0.0344827586206897,0,0.0689655172413793
8,2026081508,NUAA,W2,force_z+vibration_x,Dropout,17,0.941176470588235,0.941176470588235,0.0588235294117647,0,0
8,2026081508,NUAA,W3,force_z+vibration_x,Dropout,11,1,1,0,0,0
8,2026081508,NUAA,W4,force_z+vibration_x,Dropout,28,0.857142857142857,0.892857142857143,0.107142857142857,0,0.0357142857142857
8,2026081508,NUAA,W5,force_z+vibration_x,Dropout,7,0.857142857142857,0.857142857142857,0.142857142857143,0,0
8,2026081508,NUAA,W6,force_z+vibration_x,Dropout,14,0.928571428571429,0.928571428571429,0.0714285714285714,0,0
8,2026081508,NUAA,W7,force_z+vibration_x,Dropout,8,0.875,0.875,0.125,0,0
8,2026081508,NUAA,W8,force_z+vibration_x,Dropout,31,0.935483870967742,0.935483870967742,0.0645161290322581,0,0
8,2026081508,NUAA,W9,force_z+vibration_x,Dropout,7,0.571428571428571,0.571428571428571,0.428571428571429,0,0
8,2026081508,NUAA,W1,force_z+vibration_x,Bias,29,0.0344827586206897,0.0344827586206897,0.620689655172414,0.344827586206897,0.0689655172413793
8,2026081508,NUAA,W2,force_z+vibration_x,Bias,17,0,0,0.882352941176471,0.117647058823529,0
8,2026081508,NUAA,W3,force_z+vibration_x,Bias,11,0,0,0.636363636363636,0.363636363636364,0
8,2026081508,NUAA,W4,force_z+vibration_x,Bias,28,0.0357142857142857,0.0357142857142857,0.678571428571429,0.285714285714286,0.0357142857142857
8,2026081508,NUAA,W5,force_z+vibration_x,Bias,7,0.571428571428571,0.571428571428571,0.285714285714286,0.142857142857143,0
8,2026081508,NUAA,W6,force_z+vibration_x,Bias,14,0,0,0.285714285714286,0.714285714285714,0
8,2026081508,NUAA,W7,force_z+vibration_x,Bias,8,0,0,0.5,0.5,0
8,2026081508,NUAA,W8,force_z+vibration_x,Bias,31,0.032258064516129,0.032258064516129,0.516129032258065,0.451612903225806,0
8,2026081508,NUAA,W9,force_z+vibration_x,Bias,7,0,0,0.571428571428571,0.428571428571429,0
8,2026081508,NUAA,W1,force_z+vibration_x,Noise,29,0,0,0.655172413793103,0.344827586206897,0.0689655172413793
8,2026081508,NUAA,W2,force_z+vibration_x,Noise,17,0,0,0.764705882352941,0.235294117647059,0
8,2026081508,NUAA,W3,force_z+vibration_x,Noise,11,0,0,0.636363636363636,0.363636363636364,0
8,2026081508,NUAA,W4,force_z+vibration_x,Noise,28,0,0,0.678571428571429,0.321428571428571,0.0357142857142857
8,2026081508,NUAA,W5,force_z+vibration_x,Noise,7,0.142857142857143,0.142857142857143,0.714285714285714,0.142857142857143,0
8,2026081508,NUAA,W6,force_z+vibration_x,Noise,14,0,0,0.5,0.5,0
8,2026081508,NUAA,W7,force_z+vibration_x,Noise,8,0,0,0.875,0.125,0
8,2026081508,NUAA,W8,force_z+vibration_x,Noise,31,0,0,0.516129032258065,0.483870967741935,0
8,2026081508,NUAA,W9,force_z+vibration_x,Noise,7,0,0,0.857142857142857,0.142857142857143,0
8,2026081508,NUAA,W1,force_z+vibration_y,Saturation,29,0.931034482758621,0.931034482758621,0.0689655172413793,0,0
8,2026081508,NUAA,W2,force_z+vibration_y,Saturation,17,1,1,0,0,0
8,2026081508,NUAA,W3,force_z+vibration_y,Saturation,11,1,1,0,0,0
8,2026081508,NUAA,W4,force_z+vibration_y,Saturation,28,0.928571428571429,0.928571428571429,0.0714285714285714,0,0
8,2026081508,NUAA,W5,force_z+vibration_y,Saturation,7,0.857142857142857,1,0,0,0.142857142857143
8,2026081508,NUAA,W6,force_z+vibration_y,Saturation,14,1,1,0,0,0
8,2026081508,NUAA,W7,force_z+vibration_y,Saturation,8,0.875,0.875,0.125,0,0
8,2026081508,NUAA,W8,force_z+vibration_y,Saturation,31,0.967741935483871,0.967741935483871,0.032258064516129,0,0
8,2026081508,NUAA,W9,force_z+vibration_y,Saturation,7,1,1,0,0,0
8,2026081508,NUAA,W1,force_z+vibration_y,Dropout,29,0.827586206896552,0.827586206896552,0.172413793103448,0,0
8,2026081508,NUAA,W2,force_z+vibration_y,Dropout,17,0.882352941176471,0.882352941176471,0.117647058823529,0,0
8,2026081508,NUAA,W3,force_z+vibration_y,Dropout,11,0.909090909090909,0.909090909090909,0.0909090909090909,0,0
8,2026081508,NUAA,W4,force_z+vibration_y,Dropout,28,0.928571428571429,0.928571428571429,0.0714285714285714,0,0
8,2026081508,NUAA,W5,force_z+vibration_y,Dropout,7,0.857142857142857,1,0,0,0.142857142857143
8,2026081508,NUAA,W6,force_z+vibration_y,Dropout,14,0.928571428571429,0.928571428571429,0.0714285714285714,0,0
8,2026081508,NUAA,W7,force_z+vibration_y,Dropout,8,0.875,0.875,0.125,0,0
8,2026081508,NUAA,W8,force_z+vibration_y,Dropout,31,0.935483870967742,0.935483870967742,0.0645161290322581,0,0
8,2026081508,NUAA,W9,force_z+vibration_y,Dropout,7,0.714285714285714,0.714285714285714,0.285714285714286,0,0
8,2026081508,NUAA,W1,force_z+vibration_y,Bias,29,0.310344827586207,0.310344827586207,0.413793103448276,0.275862068965517,0
8,2026081508,NUAA,W2,force_z+vibration_y,Bias,17,0.352941176470588,0.352941176470588,0.529411764705882,0.117647058823529,0
8,2026081508,NUAA,W3,force_z+vibration_y,Bias,11,0.272727272727273,0.272727272727273,0.454545454545455,0.272727272727273,0
8,2026081508,NUAA,W4,force_z+vibration_y,Bias,28,0.321428571428571,0.321428571428571,0.5,0.178571428571429,0
8,2026081508,NUAA,W5,force_z+vibration_y,Bias,7,0.285714285714286,0.285714285714286,0.142857142857143,0.571428571428571,0.142857142857143
8,2026081508,NUAA,W6,force_z+vibration_y,Bias,14,0.285714285714286,0.285714285714286,0.571428571428571,0.142857142857143,0
8,2026081508,NUAA,W7,force_z+vibration_y,Bias,8,0.625,0.625,0.375,0,0
8,2026081508,NUAA,W8,force_z+vibration_y,Bias,31,0.32258064516129,0.32258064516129,0.483870967741935,0.193548387096774,0
8,2026081508,NUAA,W9,force_z+vibration_y,Bias,7,0.428571428571429,0.428571428571429,0.428571428571429,0.142857142857143,0
8,2026081508,NUAA,W1,force_z+vibration_y,Noise,29,0.103448275862069,0.103448275862069,0.482758620689655,0.413793103448276,0
8,2026081508,NUAA,W2,force_z+vibration_y,Noise,17,0,0,0.764705882352941,0.235294117647059,0
8,2026081508,NUAA,W3,force_z+vibration_y,Noise,11,0,0,0.545454545454545,0.454545454545455,0
8,2026081508,NUAA,W4,force_z+vibration_y,Noise,28,0.0357142857142857,0.0357142857142857,0.464285714285714,0.5,0
8,2026081508,NUAA,W5,force_z+vibration_y,Noise,7,0,0,0.714285714285714,0.285714285714286,0.142857142857143
8,2026081508,NUAA,W6,force_z+vibration_y,Noise,14,0,0,0.785714285714286,0.214285714285714,0
8,2026081508,NUAA,W7,force_z+vibration_y,Noise,8,0,0,0.625,0.375,0
8,2026081508,NUAA,W8,force_z+vibration_y,Noise,31,0.032258064516129,0.032258064516129,0.451612903225806,0.516129032258065,0
8,2026081508,NUAA,W9,force_z+vibration_y,Noise,7,0,0,0.428571428571429,0.571428571428571,0
8,2026081508,NUAA,W1,vibration_x+vibration_y,Saturation,29,1,1,0,0,0
8,2026081508,NUAA,W2,vibration_x+vibration_y,Saturation,17,0.882352941176471,1,0,0,0.117647058823529
8,2026081508,NUAA,W3,vibration_x+vibration_y,Saturation,11,1,1,0,0,0
8,2026081508,NUAA,W4,vibration_x+vibration_y,Saturation,28,1,1,0,0,0
8,2026081508,NUAA,W5,vibration_x+vibration_y,Saturation,7,1,1,0,0,0
8,2026081508,NUAA,W6,vibration_x+vibration_y,Saturation,14,1,1,0,0,0
8,2026081508,NUAA,W7,vibration_x+vibration_y,Saturation,8,1,1,0,0,0
8,2026081508,NUAA,W8,vibration_x+vibration_y,Saturation,31,1,1,0,0,0
8,2026081508,NUAA,W9,vibration_x+vibration_y,Saturation,7,1,1,0,0,0
8,2026081508,NUAA,W1,vibration_x+vibration_y,Dropout,29,1,1,0,0,0
8,2026081508,NUAA,W2,vibration_x+vibration_y,Dropout,17,0.882352941176471,1,0,0,0.117647058823529
8,2026081508,NUAA,W3,vibration_x+vibration_y,Dropout,11,1,1,0,0,0
8,2026081508,NUAA,W4,vibration_x+vibration_y,Dropout,28,1,1,0,0,0
8,2026081508,NUAA,W5,vibration_x+vibration_y,Dropout,7,1,1,0,0,0
8,2026081508,NUAA,W6,vibration_x+vibration_y,Dropout,14,1,1,0,0,0
8,2026081508,NUAA,W7,vibration_x+vibration_y,Dropout,8,1,1,0,0,0
8,2026081508,NUAA,W8,vibration_x+vibration_y,Dropout,31,1,1,0,0,0
8,2026081508,NUAA,W9,vibration_x+vibration_y,Dropout,7,1,1,0,0,0
8,2026081508,NUAA,W1,vibration_x+vibration_y,Bias,29,0,0,0.448275862068966,0.551724137931034,0
8,2026081508,NUAA,W2,vibration_x+vibration_y,Bias,17,0,0,0.529411764705882,0.470588235294118,0.117647058823529
8,2026081508,NUAA,W3,vibration_x+vibration_y,Bias,11,0.181818181818182,0.181818181818182,0.0909090909090909,0.727272727272727,0
8,2026081508,NUAA,W4,vibration_x+vibration_y,Bias,28,0.0714285714285714,0.0714285714285714,0.464285714285714,0.464285714285714,0
8,2026081508,NUAA,W5,vibration_x+vibration_y,Bias,7,0.285714285714286,0.285714285714286,0.285714285714286,0.428571428571429,0
8,2026081508,NUAA,W6,vibration_x+vibration_y,Bias,14,0,0,0.642857142857143,0.357142857142857,0
8,2026081508,NUAA,W7,vibration_x+vibration_y,Bias,8,0.25,0.25,0.25,0.5,0
8,2026081508,NUAA,W8,vibration_x+vibration_y,Bias,31,0,0,0.483870967741935,0.516129032258065,0
8,2026081508,NUAA,W9,vibration_x+vibration_y,Bias,7,0.142857142857143,0.142857142857143,0.285714285714286,0.571428571428571,0
8,2026081508,NUAA,W1,vibration_x+vibration_y,Noise,29,0,0,0.0689655172413793,0.931034482758621,0
8,2026081508,NUAA,W2,vibration_x+vibration_y,Noise,17,0,0,0,1,0.117647058823529
8,2026081508,NUAA,W3,vibration_x+vibration_y,Noise,11,0,0,0,1,0
8,2026081508,NUAA,W4,vibration_x+vibration_y,Noise,28,0,0,0.0714285714285714,0.928571428571429,0
8,2026081508,NUAA,W5,vibration_x+vibration_y,Noise,7,0,0,0.142857142857143,0.857142857142857,0
8,2026081508,NUAA,W6,vibration_x+vibration_y,Noise,14,0,0,0,1,0
8,2026081508,NUAA,W7,vibration_x+vibration_y,Noise,8,0,0,0,1,0
8,2026081508,NUAA,W8,vibration_x+vibration_y,Noise,31,0,0,0.032258064516129,0.967741935483871,0
8,2026081508,NUAA,W9,vibration_x+vibration_y,Noise,7,0,0,0,1,0
8,2026081508,PHM2010,c1,force_z+vibration_x,Saturation,315,0.977777777777778,1,0,0,0.0222222222222222
8,2026081508,PHM2010,c4,force_z+vibration_x,Saturation,315,0.996825396825397,1,0,0,0.00317460317460317
8,2026081508,PHM2010,c6,force_z+vibration_x,Saturation,315,1,1,0,0,0
8,2026081508,PHM2010,c1,force_z+vibration_x,Dropout,315,0.977777777777778,1,0,0,0.0222222222222222
8,2026081508,PHM2010,c4,force_z+vibration_x,Dropout,315,0.996825396825397,1,0,0,0.00317460317460317
8,2026081508,PHM2010,c6,force_z+vibration_x,Dropout,315,0.434920634920635,0.434920634920635,0.565079365079365,0,0
8,2026081508,PHM2010,c1,force_z+vibration_x,Bias,315,0.101587301587302,0.101587301587302,0.492063492063492,0.406349206349206,0.0222222222222222
8,2026081508,PHM2010,c4,force_z+vibration_x,Bias,315,0.155555555555556,0.155555555555556,0.565079365079365,0.279365079365079,0.00317460317460317
8,2026081508,PHM2010,c6,force_z+vibration_x,Bias,315,0.00317460317460317,0.00317460317460317,0.323809523809524,0.673015873015873,0
8,2026081508,PHM2010,c1,force_z+vibration_x,Noise,315,0.00952380952380952,0.00952380952380952,0.266666666666667,0.723809523809524,0.0222222222222222
8,2026081508,PHM2010,c4,force_z+vibration_x,Noise,315,0.00317460317460317,0.00317460317460317,0.403174603174603,0.593650793650794,0.00317460317460317
8,2026081508,PHM2010,c6,force_z+vibration_x,Noise,315,0,0,0.0920634920634921,0.907936507936508,0
8,2026081508,PHM2010,c1,force_z+vibration_y,Saturation,315,0.971428571428571,1,0,0,0.0285714285714286
8,2026081508,PHM2010,c4,force_z+vibration_y,Saturation,315,0.987301587301587,1,0,0,0.0126984126984127
8,2026081508,PHM2010,c6,force_z+vibration_y,Saturation,315,1,1,0,0,0
8,2026081508,PHM2010,c1,force_z+vibration_y,Dropout,315,0.536507936507936,0.552380952380952,0.447619047619048,0,0.0285714285714286
8,2026081508,PHM2010,c4,force_z+vibration_y,Dropout,315,0.987301587301587,1,0,0,0.0126984126984127
8,2026081508,PHM2010,c6,force_z+vibration_y,Dropout,315,0.441269841269841,0.441269841269841,0.558730158730159,0,0
8,2026081508,PHM2010,c1,force_z+vibration_y,Bias,315,0.0158730158730159,0.0158730158730159,0.552380952380952,0.431746031746032,0.0285714285714286
8,2026081508,PHM2010,c4,force_z+vibration_y,Bias,315,0.0920634920634921,0.0952380952380952,0.584126984126984,0.320634920634921,0.0126984126984127
8,2026081508,PHM2010,c6,force_z+vibration_y,Bias,315,0,0,0.314285714285714,0.685714285714286,0
8,2026081508,PHM2010,c1,force_z+vibration_y,Noise,315,0,0,0.279365079365079,0.720634920634921,0.0285714285714286
8,2026081508,PHM2010,c4,force_z+vibration_y,Noise,315,0,0,0.352380952380952,0.647619047619048,0.0126984126984127
8,2026081508,PHM2010,c6,force_z+vibration_y,Noise,315,0,0,0.0761904761904762,0.923809523809524,0
8,2026081508,PHM2010,c1,vibration_x+vibration_y,Saturation,315,0.990476190476191,1,0,0,0.00952380952380952
8,2026081508,PHM2010,c4,vibration_x+vibration_y,Saturation,315,0.987301587301587,1,0,0,0.0126984126984127
8,2026081508,PHM2010,c6,vibration_x+vibration_y,Saturation,315,0.993650793650794,1,0,0,0.00634920634920635
8,2026081508,PHM2010,c1,vibration_x+vibration_y,Dropout,315,0.520634920634921,0.526984126984127,0.473015873015873,0,0.00952380952380952
8,2026081508,PHM2010,c4,vibration_x+vibration_y,Dropout,315,0.987301587301587,1,0,0,0.0126984126984127
8,2026081508,PHM2010,c6,vibration_x+vibration_y,Dropout,315,0.234920634920635,0.234920634920635,0.476190476190476,0.288888888888889,0.00634920634920635
8,2026081508,PHM2010,c1,vibration_x+vibration_y,Bias,315,0.00317460317460317,0.00317460317460317,0.126984126984127,0.86984126984127,0.00952380952380952
8,2026081508,PHM2010,c4,vibration_x+vibration_y,Bias,315,0.0412698412698413,0.0412698412698413,0.326984126984127,0.631746031746032,0.0126984126984127
8,2026081508,PHM2010,c6,vibration_x+vibration_y,Bias,315,0,0,0.00634920634920635,0.993650793650794,0.00634920634920635
8,2026081508,PHM2010,c1,vibration_x+vibration_y,Noise,315,0,0,0.0222222222222222,0.977777777777778,0.00952380952380952
8,2026081508,PHM2010,c4,vibration_x+vibration_y,Noise,315,0,0,0,1,0.0126984126984127
8,2026081508,PHM2010,c6,vibration_x+vibration_y,Noise,315,0,0,0,1,0.00634920634920635
9,2026081509,NUAA,W1,force_z+vibration_x,Saturation,29,0.896551724137931,0.931034482758621,0.0689655172413793,0,0.0689655172413793
9,2026081509,NUAA,W2,force_z+vibration_x,Saturation,17,1,1,0,0,0
9,2026081509,NUAA,W3,force_z+vibration_x,Saturation,11,0.909090909090909,0.909090909090909,0.0909090909090909,0,0
9,2026081509,NUAA,W4,force_z+vibration_x,Saturation,28,0.928571428571429,0.964285714285714,0.0357142857142857,0,0.0357142857142857
9,2026081509,NUAA,W5,force_z+vibration_x,Saturation,7,0.857142857142857,0.857142857142857,0.142857142857143,0,0
9,2026081509,NUAA,W6,force_z+vibration_x,Saturation,14,0.928571428571429,0.928571428571429,0.0714285714285714,0,0
9,2026081509,NUAA,W7,force_z+vibration_x,Saturation,8,1,1,0,0,0
9,2026081509,NUAA,W8,force_z+vibration_x,Saturation,31,0.935483870967742,0.935483870967742,0.0645161290322581,0,0
9,2026081509,NUAA,W9,force_z+vibration_x,Saturation,7,1,1,0,0,0
9,2026081509,NUAA,W1,force_z+vibration_x,Dropout,29,0.896551724137931,0.931034482758621,0.0689655172413793,0,0.0689655172413793
9,2026081509,NUAA,W2,force_z+vibration_x,Dropout,17,0.941176470588235,0.941176470588235,0.0588235294117647,0,0
9,2026081509,NUAA,W3,force_z+vibration_x,Dropout,11,0.909090909090909,0.909090909090909,0.0909090909090909,0,0
9,2026081509,NUAA,W4,force_z+vibration_x,Dropout,28,0.857142857142857,0.892857142857143,0.107142857142857,0,0.0357142857142857
9,2026081509,NUAA,W5,force_z+vibration_x,Dropout,7,0.857142857142857,0.857142857142857,0.142857142857143,0,0
9,2026081509,NUAA,W6,force_z+vibration_x,Dropout,14,0.785714285714286,0.785714285714286,0.214285714285714,0,0
9,2026081509,NUAA,W7,force_z+vibration_x,Dropout,8,1,1,0,0,0
9,2026081509,NUAA,W8,force_z+vibration_x,Dropout,31,0.967741935483871,0.967741935483871,0.032258064516129,0,0
9,2026081509,NUAA,W9,force_z+vibration_x,Dropout,7,0.857142857142857,0.857142857142857,0.142857142857143,0,0
9,2026081509,NUAA,W1,force_z+vibration_x,Bias,29,0,0,0.620689655172414,0.379310344827586,0.0689655172413793
9,2026081509,NUAA,W2,force_z+vibration_x,Bias,17,0.0588235294117647,0.0588235294117647,0.764705882352941,0.176470588235294,0
9,2026081509,NUAA,W3,force_z+vibration_x,Bias,11,0,0,0.818181818181818,0.181818181818182,0
9,2026081509,NUAA,W4,force_z+vibration_x,Bias,28,0,0,0.714285714285714,0.285714285714286,0.0357142857142857
9,2026081509,NUAA,W5,force_z+vibration_x,Bias,7,0.285714285714286,0.285714285714286,0.428571428571429,0.285714285714286,0
9,2026081509,NUAA,W6,force_z+vibration_x,Bias,14,0,0,0.642857142857143,0.357142857142857,0
9,2026081509,NUAA,W7,force_z+vibration_x,Bias,8,0.125,0.125,0.5,0.375,0
9,2026081509,NUAA,W8,force_z+vibration_x,Bias,31,0.032258064516129,0.032258064516129,0.516129032258065,0.451612903225806,0
9,2026081509,NUAA,W9,force_z+vibration_x,Bias,7,0.142857142857143,0.142857142857143,0.571428571428571,0.285714285714286,0
9,2026081509,NUAA,W1,force_z+vibration_x,Noise,29,0,0,0.551724137931034,0.448275862068966,0.0689655172413793
9,2026081509,NUAA,W2,force_z+vibration_x,Noise,17,0,0,0.764705882352941,0.235294117647059,0
9,2026081509,NUAA,W3,force_z+vibration_x,Noise,11,0,0,0.727272727272727,0.272727272727273,0
9,2026081509,NUAA,W4,force_z+vibration_x,Noise,28,0,0,0.714285714285714,0.285714285714286,0.0357142857142857
9,2026081509,NUAA,W5,force_z+vibration_x,Noise,7,0,0,0.571428571428571,0.428571428571429,0
9,2026081509,NUAA,W6,force_z+vibration_x,Noise,14,0,0,0.642857142857143,0.357142857142857,0
9,2026081509,NUAA,W7,force_z+vibration_x,Noise,8,0,0,0.5,0.5,0
9,2026081509,NUAA,W8,force_z+vibration_x,Noise,31,0,0,0.548387096774194,0.451612903225806,0
9,2026081509,NUAA,W9,force_z+vibration_x,Noise,7,0,0,0.428571428571429,0.571428571428571,0
9,2026081509,NUAA,W1,force_z+vibration_y,Saturation,29,1,1,0,0,0
9,2026081509,NUAA,W2,force_z+vibration_y,Saturation,17,1,1,0,0,0
9,2026081509,NUAA,W3,force_z+vibration_y,Saturation,11,1,1,0,0,0
9,2026081509,NUAA,W4,force_z+vibration_y,Saturation,28,0.964285714285714,0.964285714285714,0.0357142857142857,0,0
9,2026081509,NUAA,W5,force_z+vibration_y,Saturation,7,0.857142857142857,1,0,0,0.142857142857143
9,2026081509,NUAA,W6,force_z+vibration_y,Saturation,14,1,1,0,0,0
9,2026081509,NUAA,W7,force_z+vibration_y,Saturation,8,0.875,0.875,0.125,0,0
9,2026081509,NUAA,W8,force_z+vibration_y,Saturation,31,0.967741935483871,0.967741935483871,0.032258064516129,0,0
9,2026081509,NUAA,W9,force_z+vibration_y,Saturation,7,1,1,0,0,0
9,2026081509,NUAA,W1,force_z+vibration_y,Dropout,29,0.862068965517241,0.862068965517241,0.137931034482759,0,0
9,2026081509,NUAA,W2,force_z+vibration_y,Dropout,17,0.823529411764706,0.823529411764706,0.176470588235294,0,0
9,2026081509,NUAA,W3,force_z+vibration_y,Dropout,11,0.909090909090909,0.909090909090909,0.0909090909090909,0,0
9,2026081509,NUAA,W4,force_z+vibration_y,Dropout,28,0.857142857142857,0.857142857142857,0.142857142857143,0,0
9,2026081509,NUAA,W5,force_z+vibration_y,Dropout,7,0.571428571428571,0.714285714285714,0.285714285714286,0,0.142857142857143
9,2026081509,NUAA,W6,force_z+vibration_y,Dropout,14,1,1,0,0,0
9,2026081509,NUAA,W7,force_z+vibration_y,Dropout,8,1,1,0,0,0
9,2026081509,NUAA,W8,force_z+vibration_y,Dropout,31,0.903225806451613,0.903225806451613,0.0967741935483871,0,0
9,2026081509,NUAA,W9,force_z+vibration_y,Dropout,7,1,1,0,0,0
9,2026081509,NUAA,W1,force_z+vibration_y,Bias,29,0.241379310344828,0.241379310344828,0.689655172413793,0.0689655172413793,0
9,2026081509,NUAA,W2,force_z+vibration_y,Bias,17,0.411764705882353,0.411764705882353,0.470588235294118,0.117647058823529,0
9,2026081509,NUAA,W3,force_z+vibration_y,Bias,11,0.181818181818182,0.181818181818182,0.727272727272727,0.0909090909090909,0
9,2026081509,NUAA,W4,force_z+vibration_y,Bias,28,0.321428571428571,0.321428571428571,0.464285714285714,0.214285714285714,0
9,2026081509,NUAA,W5,force_z+vibration_y,Bias,7,0.285714285714286,0.428571428571429,0.428571428571429,0.142857142857143,0.142857142857143
9,2026081509,NUAA,W6,force_z+vibration_y,Bias,14,0.285714285714286,0.285714285714286,0.5,0.214285714285714,0
9,2026081509,NUAA,W7,force_z+vibration_y,Bias,8,0.25,0.25,0.5,0.25,0
9,2026081509,NUAA,W8,force_z+vibration_y,Bias,31,0.225806451612903,0.225806451612903,0.451612903225806,0.32258064516129,0
9,2026081509,NUAA,W9,force_z+vibration_y,Bias,7,0.142857142857143,0.142857142857143,0.571428571428571,0.285714285714286,0
9,2026081509,NUAA,W1,force_z+vibration_y,Noise,29,0.0344827586206897,0.0344827586206897,0.758620689655172,0.206896551724138,0
9,2026081509,NUAA,W2,force_z+vibration_y,Noise,17,0,0,0.823529411764706,0.176470588235294,0
9,2026081509,NUAA,W3,force_z+vibration_y,Noise,11,0,0,0.727272727272727,0.272727272727273,0
9,2026081509,NUAA,W4,force_z+vibration_y,Noise,28,0.0357142857142857,0.0357142857142857,0.535714285714286,0.428571428571429,0
9,2026081509,NUAA,W5,force_z+vibration_y,Noise,7,0,0,0.857142857142857,0.142857142857143,0.142857142857143
9,2026081509,NUAA,W6,force_z+vibration_y,Noise,14,0,0,0.714285714285714,0.285714285714286,0
9,2026081509,NUAA,W7,force_z+vibration_y,Noise,8,0,0,0.5,0.5,0
9,2026081509,NUAA,W8,force_z+vibration_y,Noise,31,0,0,0.483870967741935,0.516129032258065,0
9,2026081509,NUAA,W9,force_z+vibration_y,Noise,7,0,0,0.857142857142857,0.142857142857143,0
9,2026081509,NUAA,W1,vibration_x+vibration_y,Saturation,29,1,1,0,0,0
9,2026081509,NUAA,W2,vibration_x+vibration_y,Saturation,17,0.882352941176471,1,0,0,0.117647058823529
9,2026081509,NUAA,W3,vibration_x+vibration_y,Saturation,11,1,1,0,0,0
9,2026081509,NUAA,W4,vibration_x+vibration_y,Saturation,28,1,1,0,0,0
9,2026081509,NUAA,W5,vibration_x+vibration_y,Saturation,7,1,1,0,0,0
9,2026081509,NUAA,W6,vibration_x+vibration_y,Saturation,14,1,1,0,0,0
9,2026081509,NUAA,W7,vibration_x+vibration_y,Saturation,8,1,1,0,0,0
9,2026081509,NUAA,W8,vibration_x+vibration_y,Saturation,31,1,1,0,0,0
9,2026081509,NUAA,W9,vibration_x+vibration_y,Saturation,7,1,1,0,0,0
9,2026081509,NUAA,W1,vibration_x+vibration_y,Dropout,29,1,1,0,0,0
9,2026081509,NUAA,W2,vibration_x+vibration_y,Dropout,17,0.882352941176471,1,0,0,0.117647058823529
9,2026081509,NUAA,W3,vibration_x+vibration_y,Dropout,11,1,1,0,0,0
9,2026081509,NUAA,W4,vibration_x+vibration_y,Dropout,28,1,1,0,0,0
9,2026081509,NUAA,W5,vibration_x+vibration_y,Dropout,7,1,1,0,0,0
9,2026081509,NUAA,W6,vibration_x+vibration_y,Dropout,14,1,1,0,0,0
9,2026081509,NUAA,W7,vibration_x+vibration_y,Dropout,8,1,1,0,0,0
9,2026081509,NUAA,W8,vibration_x+vibration_y,Dropout,31,1,1,0,0,0
9,2026081509,NUAA,W9,vibration_x+vibration_y,Dropout,7,1,1,0,0,0
9,2026081509,NUAA,W1,vibration_x+vibration_y,Bias,29,0.0344827586206897,0.0344827586206897,0.482758620689655,0.482758620689655,0
9,2026081509,NUAA,W2,vibration_x+vibration_y,Bias,17,0,0,0.529411764705882,0.470588235294118,0.117647058823529
9,2026081509,NUAA,W3,vibration_x+vibration_y,Bias,11,0,0,0.545454545454545,0.454545454545455,0
9,2026081509,NUAA,W4,vibration_x+vibration_y,Bias,28,0.0714285714285714,0.0714285714285714,0.357142857142857,0.571428571428571,0
9,2026081509,NUAA,W5,vibration_x+vibration_y,Bias,7,0.285714285714286,0.285714285714286,0.285714285714286,0.428571428571429,0
9,2026081509,NUAA,W6,vibration_x+vibration_y,Bias,14,0,0,0.5,0.5,0
9,2026081509,NUAA,W7,vibration_x+vibration_y,Bias,8,0,0,0.625,0.375,0
9,2026081509,NUAA,W8,vibration_x+vibration_y,Bias,31,0,0,0.645161290322581,0.354838709677419,0
9,2026081509,NUAA,W9,vibration_x+vibration_y,Bias,7,0,0,0.571428571428571,0.428571428571429,0
9,2026081509,NUAA,W1,vibration_x+vibration_y,Noise,29,0,0,0.0689655172413793,0.931034482758621,0
9,2026081509,NUAA,W2,vibration_x+vibration_y,Noise,17,0,0,0,1,0.117647058823529
9,2026081509,NUAA,W3,vibration_x+vibration_y,Noise,11,0,0,0,1,0
9,2026081509,NUAA,W4,vibration_x+vibration_y,Noise,28,0,0,0.142857142857143,0.857142857142857,0
9,2026081509,NUAA,W5,vibration_x+vibration_y,Noise,7,0,0,0.428571428571429,0.571428571428571,0
9,2026081509,NUAA,W6,vibration_x+vibration_y,Noise,14,0,0,0.0714285714285714,0.928571428571429,0
9,2026081509,NUAA,W7,vibration_x+vibration_y,Noise,8,0,0,0,1,0
9,2026081509,NUAA,W8,vibration_x+vibration_y,Noise,31,0,0,0.032258064516129,0.967741935483871,0
9,2026081509,NUAA,W9,vibration_x+vibration_y,Noise,7,0,0,0,1,0
9,2026081509,PHM2010,c1,force_z+vibration_x,Saturation,315,0.977777777777778,1,0,0,0.0222222222222222
9,2026081509,PHM2010,c4,force_z+vibration_x,Saturation,315,0.996825396825397,1,0,0,0.00317460317460317
9,2026081509,PHM2010,c6,force_z+vibration_x,Saturation,315,1,1,0,0,0
9,2026081509,PHM2010,c1,force_z+vibration_x,Dropout,315,0.977777777777778,1,0,0,0.0222222222222222
9,2026081509,PHM2010,c4,force_z+vibration_x,Dropout,315,0.996825396825397,1,0,0,0.00317460317460317
9,2026081509,PHM2010,c6,force_z+vibration_x,Dropout,315,0.476190476190476,0.476190476190476,0.523809523809524,0,0
9,2026081509,PHM2010,c1,force_z+vibration_x,Bias,315,0.0666666666666667,0.0666666666666667,0.520634920634921,0.412698412698413,0.0222222222222222
9,2026081509,PHM2010,c4,force_z+vibration_x,Bias,315,0.20952380952381,0.20952380952381,0.507936507936508,0.282539682539683,0.00317460317460317
9,2026081509,PHM2010,c6,force_z+vibration_x,Bias,315,0.00317460317460317,0.00317460317460317,0.301587301587302,0.695238095238095,0
9,2026081509,PHM2010,c1,force_z+vibration_x,Noise,315,0.00317460317460317,0.00317460317460317,0.225396825396825,0.771428571428571,0.0222222222222222
9,2026081509,PHM2010,c4,force_z+vibration_x,Noise,315,0,0,0.396825396825397,0.603174603174603,0.00317460317460317
9,2026081509,PHM2010,c6,force_z+vibration_x,Noise,315,0,0,0.0857142857142857,0.914285714285714,0
9,2026081509,PHM2010,c1,force_z+vibration_y,Saturation,315,0.971428571428571,1,0,0,0.0285714285714286
9,2026081509,PHM2010,c4,force_z+vibration_y,Saturation,315,0.987301587301587,1,0,0,0.0126984126984127
9,2026081509,PHM2010,c6,force_z+vibration_y,Saturation,315,1,1,0,0,0
9,2026081509,PHM2010,c1,force_z+vibration_y,Dropout,315,0.549206349206349,0.568253968253968,0.431746031746032,0,0.0285714285714286
9,2026081509,PHM2010,c4,force_z+vibration_y,Dropout,315,0.987301587301587,1,0,0,0.0126984126984127
9,2026081509,PHM2010,c6,force_z+vibration_y,Dropout,315,0.453968253968254,0.453968253968254,0.546031746031746,0,0
9,2026081509,PHM2010,c1,force_z+vibration_y,Bias,315,0.0126984126984127,0.0126984126984127,0.568253968253968,0.419047619047619,0.0285714285714286
9,2026081509,PHM2010,c4,force_z+vibration_y,Bias,315,0.0825396825396825,0.0825396825396825,0.574603174603175,0.342857142857143,0.0126984126984127
9,2026081509,PHM2010,c6,force_z+vibration_y,Bias,315,0,0,0.384126984126984,0.615873015873016,0
9,2026081509,PHM2010,c1,force_z+vibration_y,Noise,315,0,0,0.231746031746032,0.768253968253968,0.0285714285714286
9,2026081509,PHM2010,c4,force_z+vibration_y,Noise,315,0,0,0.371428571428571,0.628571428571429,0.0126984126984127
9,2026081509,PHM2010,c6,force_z+vibration_y,Noise,315,0,0,0.0952380952380952,0.904761904761905,0
9,2026081509,PHM2010,c1,vibration_x+vibration_y,Saturation,315,0.990476190476191,1,0,0,0.00952380952380952
9,2026081509,PHM2010,c4,vibration_x+vibration_y,Saturation,315,0.987301587301587,1,0,0,0.0126984126984127
9,2026081509,PHM2010,c6,vibration_x+vibration_y,Saturation,315,0.993650793650794,1,0,0,0.00634920634920635
9,2026081509,PHM2010,c1,vibration_x+vibration_y,Dropout,315,0.565079365079365,0.571428571428571,0.428571428571429,0,0.00952380952380952
9,2026081509,PHM2010,c4,vibration_x+vibration_y,Dropout,315,0.987301587301587,1,0,0,0.0126984126984127
9,2026081509,PHM2010,c6,vibration_x+vibration_y,Dropout,315,0.241269841269841,0.241269841269841,0.488888888888889,0.26984126984127,0.00634920634920635
9,2026081509,PHM2010,c1,vibration_x+vibration_y,Bias,315,0,0,0.142857142857143,0.857142857142857,0.00952380952380952
9,2026081509,PHM2010,c4,vibration_x+vibration_y,Bias,315,0.053968253968254,0.053968253968254,0.33968253968254,0.606349206349206,0.0126984126984127
9,2026081509,PHM2010,c6,vibration_x+vibration_y,Bias,315,0,0,0.00634920634920635,0.993650793650794,0.00634920634920635
9,2026081509,PHM2010,c1,vibration_x+vibration_y,Noise,315,0,0,0.0158730158730159,0.984126984126984,0.00952380952380952
9,2026081509,PHM2010,c4,vibration_x+vibration_y,Noise,315,0,0,0.00317460317460317,0.996825396825397,0.0126984126984127
9,2026081509,PHM2010,c6,vibration_x+vibration_y,Noise,315,0,0,0,1,0.00634920634920635
10,2026081510,NUAA,W1,force_z+vibration_x,Saturation,29,0.931034482758621,1,0,0,0.0689655172413793
10,2026081510,NUAA,W2,force_z+vibration_x,Saturation,17,1,1,0,0,0
10,2026081510,NUAA,W3,force_z+vibration_x,Saturation,11,1,1,0,0,0
10,2026081510,NUAA,W4,force_z+vibration_x,Saturation,28,0.964285714285714,1,0,0,0.0357142857142857
10,2026081510,NUAA,W5,force_z+vibration_x,Saturation,7,1,1,0,0,0
10,2026081510,NUAA,W6,force_z+vibration_x,Saturation,14,0.928571428571429,0.928571428571429,0.0714285714285714,0,0
10,2026081510,NUAA,W7,force_z+vibration_x,Saturation,8,0.875,0.875,0.125,0,0
10,2026081510,NUAA,W8,force_z+vibration_x,Saturation,31,0.967741935483871,0.967741935483871,0.032258064516129,0,0
10,2026081510,NUAA,W9,force_z+vibration_x,Saturation,7,1,1,0,0,0
10,2026081510,NUAA,W1,force_z+vibration_x,Dropout,29,0.862068965517241,0.931034482758621,0.0689655172413793,0,0.0689655172413793
10,2026081510,NUAA,W2,force_z+vibration_x,Dropout,17,0.764705882352941,0.764705882352941,0.235294117647059,0,0
10,2026081510,NUAA,W3,force_z+vibration_x,Dropout,11,1,1,0,0,0
10,2026081510,NUAA,W4,force_z+vibration_x,Dropout,28,0.821428571428571,0.857142857142857,0.142857142857143,0,0.0357142857142857
10,2026081510,NUAA,W5,force_z+vibration_x,Dropout,7,0.857142857142857,0.857142857142857,0.142857142857143,0,0
10,2026081510,NUAA,W6,force_z+vibration_x,Dropout,14,0.857142857142857,0.857142857142857,0.142857142857143,0,0
10,2026081510,NUAA,W7,force_z+vibration_x,Dropout,8,1,1,0,0,0
10,2026081510,NUAA,W8,force_z+vibration_x,Dropout,31,0.935483870967742,0.935483870967742,0.0645161290322581,0,0
10,2026081510,NUAA,W9,force_z+vibration_x,Dropout,7,0.857142857142857,0.857142857142857,0.142857142857143,0,0
10,2026081510,NUAA,W1,force_z+vibration_x,Bias,29,0,0,0.620689655172414,0.379310344827586,0.0689655172413793
10,2026081510,NUAA,W2,force_z+vibration_x,Bias,17,0,0,0.529411764705882,0.470588235294118,0
10,2026081510,NUAA,W3,force_z+vibration_x,Bias,11,0,0,0.545454545454545,0.454545454545455,0
10,2026081510,NUAA,W4,force_z+vibration_x,Bias,28,0.0357142857142857,0.0357142857142857,0.642857142857143,0.321428571428571,0.0357142857142857
10,2026081510,NUAA,W5,force_z+vibration_x,Bias,7,0.285714285714286,0.285714285714286,0.571428571428571,0.142857142857143,0
10,2026081510,NUAA,W6,force_z+vibration_x,Bias,14,0,0,0.714285714285714,0.285714285714286,0
10,2026081510,NUAA,W7,force_z+vibration_x,Bias,8,0.125,0.125,0.625,0.25,0
10,2026081510,NUAA,W8,force_z+vibration_x,Bias,31,0,0,0.354838709677419,0.645161290322581,0
10,2026081510,NUAA,W9,force_z+vibration_x,Bias,7,0.142857142857143,0.142857142857143,0.571428571428571,0.285714285714286,0
10,2026081510,NUAA,W1,force_z+vibration_x,Noise,29,0,0,0.724137931034483,0.275862068965517,0.0689655172413793
10,2026081510,NUAA,W2,force_z+vibration_x,Noise,17,0,0,0.823529411764706,0.176470588235294,0
10,2026081510,NUAA,W3,force_z+vibration_x,Noise,11,0,0,0.363636363636364,0.636363636363636,0
10,2026081510,NUAA,W4,force_z+vibration_x,Noise,28,0,0,0.714285714285714,0.285714285714286,0.0357142857142857
10,2026081510,NUAA,W5,force_z+vibration_x,Noise,7,0,0,0.571428571428571,0.428571428571429,0
10,2026081510,NUAA,W6,force_z+vibration_x,Noise,14,0,0,0.642857142857143,0.357142857142857,0
10,2026081510,NUAA,W7,force_z+vibration_x,Noise,8,0,0,0.5,0.5,0
10,2026081510,NUAA,W8,force_z+vibration_x,Noise,31,0,0,0.419354838709677,0.580645161290323,0
10,2026081510,NUAA,W9,force_z+vibration_x,Noise,7,0,0,0.285714285714286,0.714285714285714,0
10,2026081510,NUAA,W1,force_z+vibration_y,Saturation,29,1,1,0,0,0
10,2026081510,NUAA,W2,force_z+vibration_y,Saturation,17,1,1,0,0,0
10,2026081510,NUAA,W3,force_z+vibration_y,Saturation,11,1,1,0,0,0
10,2026081510,NUAA,W4,force_z+vibration_y,Saturation,28,1,1,0,0,0
10,2026081510,NUAA,W5,force_z+vibration_y,Saturation,7,0.857142857142857,1,0,0,0.142857142857143
10,2026081510,NUAA,W6,force_z+vibration_y,Saturation,14,1,1,0,0,0
10,2026081510,NUAA,W7,force_z+vibration_y,Saturation,8,1,1,0,0,0
10,2026081510,NUAA,W8,force_z+vibration_y,Saturation,31,0.935483870967742,0.935483870967742,0.0645161290322581,0,0
10,2026081510,NUAA,W9,force_z+vibration_y,Saturation,7,1,1,0,0,0
10,2026081510,NUAA,W1,force_z+vibration_y,Dropout,29,0.862068965517241,0.862068965517241,0.137931034482759,0,0
10,2026081510,NUAA,W2,force_z+vibration_y,Dropout,17,0.941176470588235,0.941176470588235,0.0588235294117647,0,0
10,2026081510,NUAA,W3,force_z+vibration_y,Dropout,11,1,1,0,0,0
10,2026081510,NUAA,W4,force_z+vibration_y,Dropout,28,0.964285714285714,0.964285714285714,0.0357142857142857,0,0
10,2026081510,NUAA,W5,force_z+vibration_y,Dropout,7,0.857142857142857,1,0,0,0.142857142857143
10,2026081510,NUAA,W6,force_z+vibration_y,Dropout,14,0.857142857142857,0.857142857142857,0.142857142857143,0,0
10,2026081510,NUAA,W7,force_z+vibration_y,Dropout,8,1,1,0,0,0
10,2026081510,NUAA,W8,force_z+vibration_y,Dropout,31,1,1,0,0,0
10,2026081510,NUAA,W9,force_z+vibration_y,Dropout,7,0.857142857142857,0.857142857142857,0.142857142857143,0,0
10,2026081510,NUAA,W1,force_z+vibration_y,Bias,29,0.275862068965517,0.275862068965517,0.586206896551724,0.137931034482759,0
10,2026081510,NUAA,W2,force_z+vibration_y,Bias,17,0.294117647058824,0.294117647058824,0.588235294117647,0.117647058823529,0
10,2026081510,NUAA,W3,force_z+vibration_y,Bias,11,0.272727272727273,0.272727272727273,0.454545454545455,0.272727272727273,0
10,2026081510,NUAA,W4,force_z+vibration_y,Bias,28,0.25,0.25,0.428571428571429,0.321428571428571,0
10,2026081510,NUAA,W5,force_z+vibration_y,Bias,7,0.142857142857143,0.142857142857143,0.857142857142857,0,0.142857142857143
10,2026081510,NUAA,W6,force_z+vibration_y,Bias,14,0.214285714285714,0.214285714285714,0.571428571428571,0.214285714285714,0
10,2026081510,NUAA,W7,force_z+vibration_y,Bias,8,0.25,0.25,0.625,0.125,0
10,2026081510,NUAA,W8,force_z+vibration_y,Bias,31,0.225806451612903,0.225806451612903,0.548387096774194,0.225806451612903,0
10,2026081510,NUAA,W9,force_z+vibration_y,Bias,7,0.142857142857143,0.142857142857143,0.714285714285714,0.142857142857143,0
10,2026081510,NUAA,W1,force_z+vibration_y,Noise,29,0.0689655172413793,0.0689655172413793,0.689655172413793,0.241379310344828,0
10,2026081510,NUAA,W2,force_z+vibration_y,Noise,17,0,0,0.823529411764706,0.176470588235294,0
10,2026081510,NUAA,W3,force_z+vibration_y,Noise,11,0,0,0.909090909090909,0.0909090909090909,0
10,2026081510,NUAA,W4,force_z+vibration_y,Noise,28,0.142857142857143,0.142857142857143,0.678571428571429,0.178571428571429,0
10,2026081510,NUAA,W5,force_z+vibration_y,Noise,7,0,0,0.571428571428571,0.428571428571429,0.142857142857143
10,2026081510,NUAA,W6,force_z+vibration_y,Noise,14,0,0,0.5,0.5,0
10,2026081510,NUAA,W7,force_z+vibration_y,Noise,8,0,0,0.375,0.625,0
10,2026081510,NUAA,W8,force_z+vibration_y,Noise,31,0,0,0.516129032258065,0.483870967741935,0
10,2026081510,NUAA,W9,force_z+vibration_y,Noise,7,0,0,1,0,0
10,2026081510,NUAA,W1,vibration_x+vibration_y,Saturation,29,1,1,0,0,0
10,2026081510,NUAA,W2,vibration_x+vibration_y,Saturation,17,0.882352941176471,1,0,0,0.117647058823529
10,2026081510,NUAA,W3,vibration_x+vibration_y,Saturation,11,1,1,0,0,0
10,2026081510,NUAA,W4,vibration_x+vibration_y,Saturation,28,1,1,0,0,0
10,2026081510,NUAA,W5,vibration_x+vibration_y,Saturation,7,1,1,0,0,0
10,2026081510,NUAA,W6,vibration_x+vibration_y,Saturation,14,1,1,0,0,0
10,2026081510,NUAA,W7,vibration_x+vibration_y,Saturation,8,1,1,0,0,0
10,2026081510,NUAA,W8,vibration_x+vibration_y,Saturation,31,1,1,0,0,0
10,2026081510,NUAA,W9,vibration_x+vibration_y,Saturation,7,1,1,0,0,0
10,2026081510,NUAA,W1,vibration_x+vibration_y,Dropout,29,1,1,0,0,0
10,2026081510,NUAA,W2,vibration_x+vibration_y,Dropout,17,0.882352941176471,1,0,0,0.117647058823529
10,2026081510,NUAA,W3,vibration_x+vibration_y,Dropout,11,1,1,0,0,0
10,2026081510,NUAA,W4,vibration_x+vibration_y,Dropout,28,1,1,0,0,0
10,2026081510,NUAA,W5,vibration_x+vibration_y,Dropout,7,1,1,0,0,0
10,2026081510,NUAA,W6,vibration_x+vibration_y,Dropout,14,1,1,0,0,0
10,2026081510,NUAA,W7,vibration_x+vibration_y,Dropout,8,1,1,0,0,0
10,2026081510,NUAA,W8,vibration_x+vibration_y,Dropout,31,1,1,0,0,0
10,2026081510,NUAA,W9,vibration_x+vibration_y,Dropout,7,1,1,0,0,0
10,2026081510,NUAA,W1,vibration_x+vibration_y,Bias,29,0,0,0.551724137931034,0.448275862068966,0
10,2026081510,NUAA,W2,vibration_x+vibration_y,Bias,17,0,0,0.470588235294118,0.529411764705882,0.117647058823529
10,2026081510,NUAA,W3,vibration_x+vibration_y,Bias,11,0,0,0.636363636363636,0.363636363636364,0
10,2026081510,NUAA,W4,vibration_x+vibration_y,Bias,28,0.0714285714285714,0.0714285714285714,0.392857142857143,0.535714285714286,0
10,2026081510,NUAA,W5,vibration_x+vibration_y,Bias,7,0.142857142857143,0.142857142857143,0.285714285714286,0.571428571428571,0
10,2026081510,NUAA,W6,vibration_x+vibration_y,Bias,14,0.0714285714285714,0.0714285714285714,0.357142857142857,0.571428571428571,0
10,2026081510,NUAA,W7,vibration_x+vibration_y,Bias,8,0,0,0.75,0.25,0
10,2026081510,NUAA,W8,vibration_x+vibration_y,Bias,31,0,0,0.419354838709677,0.580645161290323,0
10,2026081510,NUAA,W9,vibration_x+vibration_y,Bias,7,0.142857142857143,0.142857142857143,0.428571428571429,0.428571428571429,0
10,2026081510,NUAA,W1,vibration_x+vibration_y,Noise,29,0,0,0.103448275862069,0.896551724137931,0
10,2026081510,NUAA,W2,vibration_x+vibration_y,Noise,17,0,0,0,1,0.117647058823529
10,2026081510,NUAA,W3,vibration_x+vibration_y,Noise,11,0,0,0,1,0
10,2026081510,NUAA,W4,vibration_x+vibration_y,Noise,28,0,0,0.0714285714285714,0.928571428571429,0
10,2026081510,NUAA,W5,vibration_x+vibration_y,Noise,7,0,0,0.142857142857143,0.857142857142857,0
10,2026081510,NUAA,W6,vibration_x+vibration_y,Noise,14,0,0,0.142857142857143,0.857142857142857,0
10,2026081510,NUAA,W7,vibration_x+vibration_y,Noise,8,0,0,0,1,0
10,2026081510,NUAA,W8,vibration_x+vibration_y,Noise,31,0,0,0.032258064516129,0.967741935483871,0
10,2026081510,NUAA,W9,vibration_x+vibration_y,Noise,7,0,0,0,1,0
10,2026081510,PHM2010,c1,force_z+vibration_x,Saturation,315,0.977777777777778,1,0,0,0.0222222222222222
10,2026081510,PHM2010,c4,force_z+vibration_x,Saturation,315,0.996825396825397,1,0,0,0.00317460317460317
10,2026081510,PHM2010,c6,force_z+vibration_x,Saturation,315,1,1,0,0,0
10,2026081510,PHM2010,c1,force_z+vibration_x,Dropout,315,0.977777777777778,1,0,0,0.0222222222222222
10,2026081510,PHM2010,c4,force_z+vibration_x,Dropout,315,0.996825396825397,1,0,0,0.00317460317460317
10,2026081510,PHM2010,c6,force_z+vibration_x,Dropout,315,0.482539682539683,0.482539682539683,0.517460317460318,0,0
10,2026081510,PHM2010,c1,force_z+vibration_x,Bias,315,0.0825396825396825,0.0825396825396825,0.504761904761905,0.412698412698413,0.0222222222222222
10,2026081510,PHM2010,c4,force_z+vibration_x,Bias,315,0.193650793650794,0.193650793650794,0.542857142857143,0.263492063492063,0.00317460317460317
10,2026081510,PHM2010,c6,force_z+vibration_x,Bias,315,0.00634920634920635,0.00634920634920635,0.384126984126984,0.60952380952381,0
10,2026081510,PHM2010,c1,force_z+vibration_x,Noise,315,0.00952380952380952,0.00952380952380952,0.244444444444444,0.746031746031746,0.0222222222222222
10,2026081510,PHM2010,c4,force_z+vibration_x,Noise,315,0,0,0.412698412698413,0.587301587301587,0.00317460317460317
10,2026081510,PHM2010,c6,force_z+vibration_x,Noise,315,0,0,0.0793650793650794,0.920634920634921,0
10,2026081510,PHM2010,c1,force_z+vibration_y,Saturation,315,0.971428571428571,1,0,0,0.0285714285714286
10,2026081510,PHM2010,c4,force_z+vibration_y,Saturation,315,0.987301587301587,1,0,0,0.0126984126984127
10,2026081510,PHM2010,c6,force_z+vibration_y,Saturation,315,1,1,0,0,0
10,2026081510,PHM2010,c1,force_z+vibration_y,Dropout,315,0.542857142857143,0.561904761904762,0.438095238095238,0,0.0285714285714286
10,2026081510,PHM2010,c4,force_z+vibration_y,Dropout,315,0.987301587301587,1,0,0,0.0126984126984127
10,2026081510,PHM2010,c6,force_z+vibration_y,Dropout,315,0.46984126984127,0.46984126984127,0.53015873015873,0,0
10,2026081510,PHM2010,c1,force_z+vibration_y,Bias,315,0.00634920634920635,0.00634920634920635,0.565079365079365,0.428571428571429,0.0285714285714286
10,2026081510,PHM2010,c4,force_z+vibration_y,Bias,315,0.0666666666666667,0.0666666666666667,0.574603174603175,0.358730158730159,0.0126984126984127
10,2026081510,PHM2010,c6,force_z+vibration_y,Bias,315,0,0,0.311111111111111,0.688888888888889,0
10,2026081510,PHM2010,c1,force_z+vibration_y,Noise,315,0.00317460317460317,0.00317460317460317,0.238095238095238,0.758730158730159,0.0285714285714286
10,2026081510,PHM2010,c4,force_z+vibration_y,Noise,315,0,0,0.412698412698413,0.587301587301587,0.0126984126984127
10,2026081510,PHM2010,c6,force_z+vibration_y,Noise,315,0,0,0.0888888888888889,0.911111111111111,0
10,2026081510,PHM2010,c1,vibration_x+vibration_y,Saturation,315,0.990476190476191,1,0,0,0.00952380952380952
10,2026081510,PHM2010,c4,vibration_x+vibration_y,Saturation,315,0.987301587301587,1,0,0,0.0126984126984127
10,2026081510,PHM2010,c6,vibration_x+vibration_y,Saturation,315,0.993650793650794,1,0,0,0.00634920634920635
10,2026081510,PHM2010,c1,vibration_x+vibration_y,Dropout,315,0.536507936507936,0.542857142857143,0.457142857142857,0,0.00952380952380952
10,2026081510,PHM2010,c4,vibration_x+vibration_y,Dropout,315,0.987301587301587,1,0,0,0.0126984126984127
10,2026081510,PHM2010,c6,vibration_x+vibration_y,Dropout,315,0.219047619047619,0.219047619047619,0.438095238095238,0.342857142857143,0.00634920634920635
10,2026081510,PHM2010,c1,vibration_x+vibration_y,Bias,315,0,0,0.193650793650794,0.806349206349206,0.00952380952380952
10,2026081510,PHM2010,c4,vibration_x+vibration_y,Bias,315,0.0412698412698413,0.0412698412698413,0.333333333333333,0.625396825396825,0.0126984126984127
10,2026081510,PHM2010,c6,vibration_x+vibration_y,Bias,315,0,0,0.00317460317460317,0.996825396825397,0.00634920634920635
10,2026081510,PHM2010,c1,vibration_x+vibration_y,Noise,315,0,0,0.0158730158730159,0.984126984126984,0.00952380952380952
10,2026081510,PHM2010,c4,vibration_x+vibration_y,Noise,315,0,0,0,1,0.0126984126984127
10,2026081510,PHM2010,c6,vibration_x+vibration_y,Noise,315,0,0,0,1,0.00634920634920635
11,2026081511,NUAA,W1,force_z+vibration_x,Saturation,29,0.896551724137931,0.96551724137931,0.0344827586206897,0,0.0689655172413793
11,2026081511,NUAA,W2,force_z+vibration_x,Saturation,17,0.941176470588235,0.941176470588235,0.0588235294117647,0,0
11,2026081511,NUAA,W3,force_z+vibration_x,Saturation,11,1,1,0,0,0
11,2026081511,NUAA,W4,force_z+vibration_x,Saturation,28,0.892857142857143,0.928571428571429,0.0714285714285714,0,0.0357142857142857
11,2026081511,NUAA,W5,force_z+vibration_x,Saturation,7,1,1,0,0,0
11,2026081511,NUAA,W6,force_z+vibration_x,Saturation,14,0.928571428571429,0.928571428571429,0.0714285714285714,0,0
11,2026081511,NUAA,W7,force_z+vibration_x,Saturation,8,0.875,0.875,0.125,0,0
11,2026081511,NUAA,W8,force_z+vibration_x,Saturation,31,1,1,0,0,0
11,2026081511,NUAA,W9,force_z+vibration_x,Saturation,7,1,1,0,0,0
11,2026081511,NUAA,W1,force_z+vibration_x,Dropout,29,0.931034482758621,1,0,0,0.0689655172413793
11,2026081511,NUAA,W2,force_z+vibration_x,Dropout,17,1,1,0,0,0
11,2026081511,NUAA,W3,force_z+vibration_x,Dropout,11,1,1,0,0,0
11,2026081511,NUAA,W4,force_z+vibration_x,Dropout,28,0.928571428571429,0.964285714285714,0.0357142857142857,0,0.0357142857142857
11,2026081511,NUAA,W5,force_z+vibration_x,Dropout,7,1,1,0,0,0
11,2026081511,NUAA,W6,force_z+vibration_x,Dropout,14,0.857142857142857,0.857142857142857,0.142857142857143,0,0
11,2026081511,NUAA,W7,force_z+vibration_x,Dropout,8,1,1,0,0,0
11,2026081511,NUAA,W8,force_z+vibration_x,Dropout,31,1,1,0,0,0
11,2026081511,NUAA,W9,force_z+vibration_x,Dropout,7,1,1,0,0,0
11,2026081511,NUAA,W1,force_z+vibration_x,Bias,29,0,0,0.586206896551724,0.413793103448276,0.0689655172413793
11,2026081511,NUAA,W2,force_z+vibration_x,Bias,17,0,0,0.705882352941177,0.294117647058824,0
11,2026081511,NUAA,W3,force_z+vibration_x,Bias,11,0,0,0.636363636363636,0.363636363636364,0
11,2026081511,NUAA,W4,force_z+vibration_x,Bias,28,0,0,0.571428571428571,0.428571428571429,0.0357142857142857
11,2026081511,NUAA,W5,force_z+vibration_x,Bias,7,0.285714285714286,0.285714285714286,0.571428571428571,0.142857142857143,0
11,2026081511,NUAA,W6,force_z+vibration_x,Bias,14,0,0,0.571428571428571,0.428571428571429,0
11,2026081511,NUAA,W7,force_z+vibration_x,Bias,8,0.125,0.125,0.625,0.25,0
11,2026081511,NUAA,W8,force_z+vibration_x,Bias,31,0,0,0.774193548387097,0.225806451612903,0
11,2026081511,NUAA,W9,force_z+vibration_x,Bias,7,0.142857142857143,0.142857142857143,0.571428571428571,0.285714285714286,0
11,2026081511,NUAA,W1,force_z+vibration_x,Noise,29,0,0,0.517241379310345,0.482758620689655,0.0689655172413793
11,2026081511,NUAA,W2,force_z+vibration_x,Noise,17,0,0,0.823529411764706,0.176470588235294,0
11,2026081511,NUAA,W3,force_z+vibration_x,Noise,11,0,0,0.181818181818182,0.818181818181818,0
11,2026081511,NUAA,W4,force_z+vibration_x,Noise,28,0,0,0.75,0.25,0.0357142857142857
11,2026081511,NUAA,W5,force_z+vibration_x,Noise,7,0.142857142857143,0.142857142857143,0.571428571428571,0.285714285714286,0
11,2026081511,NUAA,W6,force_z+vibration_x,Noise,14,0,0,0.642857142857143,0.357142857142857,0
11,2026081511,NUAA,W7,force_z+vibration_x,Noise,8,0,0,0.5,0.5,0
11,2026081511,NUAA,W8,force_z+vibration_x,Noise,31,0,0,0.645161290322581,0.354838709677419,0
11,2026081511,NUAA,W9,force_z+vibration_x,Noise,7,0,0,1,0,0
11,2026081511,NUAA,W1,force_z+vibration_y,Saturation,29,1,1,0,0,0
11,2026081511,NUAA,W2,force_z+vibration_y,Saturation,17,0.941176470588235,0.941176470588235,0.0588235294117647,0,0
11,2026081511,NUAA,W3,force_z+vibration_y,Saturation,11,1,1,0,0,0
11,2026081511,NUAA,W4,force_z+vibration_y,Saturation,28,1,1,0,0,0
11,2026081511,NUAA,W5,force_z+vibration_y,Saturation,7,0.857142857142857,1,0,0,0.142857142857143
11,2026081511,NUAA,W6,force_z+vibration_y,Saturation,14,0.928571428571429,0.928571428571429,0.0714285714285714,0,0
11,2026081511,NUAA,W7,force_z+vibration_y,Saturation,8,1,1,0,0,0
11,2026081511,NUAA,W8,force_z+vibration_y,Saturation,31,0.967741935483871,0.967741935483871,0.032258064516129,0,0
11,2026081511,NUAA,W9,force_z+vibration_y,Saturation,7,0.857142857142857,0.857142857142857,0.142857142857143,0,0
11,2026081511,NUAA,W1,force_z+vibration_y,Dropout,29,0.862068965517241,0.862068965517241,0.137931034482759,0,0
11,2026081511,NUAA,W2,force_z+vibration_y,Dropout,17,0.823529411764706,0.823529411764706,0.176470588235294,0,0
11,2026081511,NUAA,W3,force_z+vibration_y,Dropout,11,0.909090909090909,0.909090909090909,0.0909090909090909,0,0
11,2026081511,NUAA,W4,force_z+vibration_y,Dropout,28,0.964285714285714,0.964285714285714,0.0357142857142857,0,0
11,2026081511,NUAA,W5,force_z+vibration_y,Dropout,7,0.857142857142857,1,0,0,0.142857142857143
11,2026081511,NUAA,W6,force_z+vibration_y,Dropout,14,0.785714285714286,0.785714285714286,0.214285714285714,0,0
11,2026081511,NUAA,W7,force_z+vibration_y,Dropout,8,1,1,0,0,0
11,2026081511,NUAA,W8,force_z+vibration_y,Dropout,31,0.935483870967742,0.935483870967742,0.0645161290322581,0,0
11,2026081511,NUAA,W9,force_z+vibration_y,Dropout,7,1,1,0,0,0
11,2026081511,NUAA,W1,force_z+vibration_y,Bias,29,0.241379310344828,0.241379310344828,0.586206896551724,0.172413793103448,0
11,2026081511,NUAA,W2,force_z+vibration_y,Bias,17,0.352941176470588,0.352941176470588,0.411764705882353,0.235294117647059,0
11,2026081511,NUAA,W3,force_z+vibration_y,Bias,11,0.363636363636364,0.363636363636364,0.545454545454545,0.0909090909090909,0
11,2026081511,NUAA,W4,force_z+vibration_y,Bias,28,0.321428571428571,0.321428571428571,0.428571428571429,0.25,0
11,2026081511,NUAA,W5,force_z+vibration_y,Bias,7,0.285714285714286,0.285714285714286,0.285714285714286,0.428571428571429,0.142857142857143
11,2026081511,NUAA,W6,force_z+vibration_y,Bias,14,0.214285714285714,0.214285714285714,0.642857142857143,0.142857142857143,0
11,2026081511,NUAA,W7,force_z+vibration_y,Bias,8,0.25,0.25,0.375,0.375,0
11,2026081511,NUAA,W8,force_z+vibration_y,Bias,31,0.354838709677419,0.354838709677419,0.419354838709677,0.225806451612903,0
11,2026081511,NUAA,W9,force_z+vibration_y,Bias,7,0.142857142857143,0.142857142857143,0.428571428571429,0.428571428571429,0
11,2026081511,NUAA,W1,force_z+vibration_y,Noise,29,0.0344827586206897,0.0344827586206897,0.620689655172414,0.344827586206897,0
11,2026081511,NUAA,W2,force_z+vibration_y,Noise,17,0,0,0.941176470588235,0.0588235294117647,0
11,2026081511,NUAA,W3,force_z+vibration_y,Noise,11,0,0,0.636363636363636,0.363636363636364,0
11,2026081511,NUAA,W4,force_z+vibration_y,Noise,28,0.107142857142857,0.107142857142857,0.464285714285714,0.428571428571429,0
11,2026081511,NUAA,W5,force_z+vibration_y,Noise,7,0,0,0.428571428571429,0.571428571428571,0.142857142857143
11,2026081511,NUAA,W6,force_z+vibration_y,Noise,14,0,0,0.5,0.5,0
11,2026081511,NUAA,W7,force_z+vibration_y,Noise,8,0,0,0.625,0.375,0
11,2026081511,NUAA,W8,force_z+vibration_y,Noise,31,0,0,0.483870967741935,0.516129032258065,0
11,2026081511,NUAA,W9,force_z+vibration_y,Noise,7,0,0,0.714285714285714,0.285714285714286,0
11,2026081511,NUAA,W1,vibration_x+vibration_y,Saturation,29,1,1,0,0,0
11,2026081511,NUAA,W2,vibration_x+vibration_y,Saturation,17,0.882352941176471,1,0,0,0.117647058823529
11,2026081511,NUAA,W3,vibration_x+vibration_y,Saturation,11,1,1,0,0,0
11,2026081511,NUAA,W4,vibration_x+vibration_y,Saturation,28,1,1,0,0,0
11,2026081511,NUAA,W5,vibration_x+vibration_y,Saturation,7,1,1,0,0,0
11,2026081511,NUAA,W6,vibration_x+vibration_y,Saturation,14,1,1,0,0,0
11,2026081511,NUAA,W7,vibration_x+vibration_y,Saturation,8,1,1,0,0,0
11,2026081511,NUAA,W8,vibration_x+vibration_y,Saturation,31,1,1,0,0,0
11,2026081511,NUAA,W9,vibration_x+vibration_y,Saturation,7,1,1,0,0,0
11,2026081511,NUAA,W1,vibration_x+vibration_y,Dropout,29,1,1,0,0,0
11,2026081511,NUAA,W2,vibration_x+vibration_y,Dropout,17,0.882352941176471,1,0,0,0.117647058823529
11,2026081511,NUAA,W3,vibration_x+vibration_y,Dropout,11,1,1,0,0,0
11,2026081511,NUAA,W4,vibration_x+vibration_y,Dropout,28,1,1,0,0,0
11,2026081511,NUAA,W5,vibration_x+vibration_y,Dropout,7,1,1,0,0,0
11,2026081511,NUAA,W6,vibration_x+vibration_y,Dropout,14,1,1,0,0,0
11,2026081511,NUAA,W7,vibration_x+vibration_y,Dropout,8,1,1,0,0,0
11,2026081511,NUAA,W8,vibration_x+vibration_y,Dropout,31,1,1,0,0,0
11,2026081511,NUAA,W9,vibration_x+vibration_y,Dropout,7,1,1,0,0,0
11,2026081511,NUAA,W1,vibration_x+vibration_y,Bias,29,0.0344827586206897,0.0344827586206897,0.310344827586207,0.655172413793103,0
11,2026081511,NUAA,W2,vibration_x+vibration_y,Bias,17,0,0,0.529411764705882,0.470588235294118,0.117647058823529
11,2026081511,NUAA,W3,vibration_x+vibration_y,Bias,11,0,0,0.454545454545455,0.545454545454545,0
11,2026081511,NUAA,W4,vibration_x+vibration_y,Bias,28,0.0357142857142857,0.0357142857142857,0.428571428571429,0.535714285714286,0
11,2026081511,NUAA,W5,vibration_x+vibration_y,Bias,7,0.285714285714286,0.285714285714286,0.428571428571429,0.285714285714286,0
11,2026081511,NUAA,W6,vibration_x+vibration_y,Bias,14,0,0,0.428571428571429,0.571428571428571,0
11,2026081511,NUAA,W7,vibration_x+vibration_y,Bias,8,0.125,0.125,0.625,0.25,0
11,2026081511,NUAA,W8,vibration_x+vibration_y,Bias,31,0,0,0.580645161290323,0.419354838709677,0
11,2026081511,NUAA,W9,vibration_x+vibration_y,Bias,7,0,0,0.285714285714286,0.714285714285714,0
11,2026081511,NUAA,W1,vibration_x+vibration_y,Noise,29,0,0,0.137931034482759,0.862068965517241,0
11,2026081511,NUAA,W2,vibration_x+vibration_y,Noise,17,0,0,0,1,0.117647058823529
11,2026081511,NUAA,W3,vibration_x+vibration_y,Noise,11,0,0,0,1,0
11,2026081511,NUAA,W4,vibration_x+vibration_y,Noise,28,0,0,0.142857142857143,0.857142857142857,0
11,2026081511,NUAA,W5,vibration_x+vibration_y,Noise,7,0,0,0.142857142857143,0.857142857142857,0
11,2026081511,NUAA,W6,vibration_x+vibration_y,Noise,14,0,0,0,1,0
11,2026081511,NUAA,W7,vibration_x+vibration_y,Noise,8,0,0,0,1,0
11,2026081511,NUAA,W8,vibration_x+vibration_y,Noise,31,0,0,0,1,0
11,2026081511,NUAA,W9,vibration_x+vibration_y,Noise,7,0,0,0,1,0
11,2026081511,PHM2010,c1,force_z+vibration_x,Saturation,315,0.977777777777778,1,0,0,0.0222222222222222
11,2026081511,PHM2010,c4,force_z+vibration_x,Saturation,315,0.996825396825397,1,0,0,0.00317460317460317
11,2026081511,PHM2010,c6,force_z+vibration_x,Saturation,315,1,1,0,0,0
11,2026081511,PHM2010,c1,force_z+vibration_x,Dropout,315,0.977777777777778,1,0,0,0.0222222222222222
11,2026081511,PHM2010,c4,force_z+vibration_x,Dropout,315,0.996825396825397,1,0,0,0.00317460317460317
11,2026081511,PHM2010,c6,force_z+vibration_x,Dropout,315,0.53015873015873,0.53015873015873,0.46984126984127,0,0
11,2026081511,PHM2010,c1,force_z+vibration_x,Bias,315,0.0825396825396825,0.0825396825396825,0.498412698412698,0.419047619047619,0.0222222222222222
11,2026081511,PHM2010,c4,force_z+vibration_x,Bias,315,0.241269841269841,0.241269841269841,0.479365079365079,0.279365079365079,0.00317460317460317
11,2026081511,PHM2010,c6,force_z+vibration_x,Bias,315,0.00634920634920635,0.00634920634920635,0.336507936507937,0.657142857142857,0
11,2026081511,PHM2010,c1,force_z+vibration_x,Noise,315,0.00634920634920635,0.00634920634920635,0.263492063492063,0.73015873015873,0.0222222222222222
11,2026081511,PHM2010,c4,force_z+vibration_x,Noise,315,0,0,0.358730158730159,0.641269841269841,0.00317460317460317
11,2026081511,PHM2010,c6,force_z+vibration_x,Noise,315,0,0,0.104761904761905,0.895238095238095,0
11,2026081511,PHM2010,c1,force_z+vibration_y,Saturation,315,0.971428571428571,1,0,0,0.0285714285714286
11,2026081511,PHM2010,c4,force_z+vibration_y,Saturation,315,0.987301587301587,1,0,0,0.0126984126984127
11,2026081511,PHM2010,c6,force_z+vibration_y,Saturation,315,1,1,0,0,0
11,2026081511,PHM2010,c1,force_z+vibration_y,Dropout,315,0.549206349206349,0.565079365079365,0.434920634920635,0,0.0285714285714286
11,2026081511,PHM2010,c4,force_z+vibration_y,Dropout,315,0.987301587301587,1,0,0,0.0126984126984127
11,2026081511,PHM2010,c6,force_z+vibration_y,Dropout,315,0.441269841269841,0.441269841269841,0.558730158730159,0,0
11,2026081511,PHM2010,c1,force_z+vibration_y,Bias,315,0.00634920634920635,0.00634920634920635,0.542857142857143,0.450793650793651,0.0285714285714286
11,2026081511,PHM2010,c4,force_z+vibration_y,Bias,315,0.0603174603174603,0.0634920634920635,0.584126984126984,0.352380952380952,0.0126984126984127
11,2026081511,PHM2010,c6,force_z+vibration_y,Bias,315,0,0,0.307936507936508,0.692063492063492,0
11,2026081511,PHM2010,c1,force_z+vibration_y,Noise,315,0,0,0.257142857142857,0.742857142857143,0.0285714285714286
11,2026081511,PHM2010,c4,force_z+vibration_y,Noise,315,0,0,0.387301587301587,0.612698412698413,0.0126984126984127
11,2026081511,PHM2010,c6,force_z+vibration_y,Noise,315,0,0,0.0761904761904762,0.923809523809524,0
11,2026081511,PHM2010,c1,vibration_x+vibration_y,Saturation,315,0.990476190476191,1,0,0,0.00952380952380952
11,2026081511,PHM2010,c4,vibration_x+vibration_y,Saturation,315,0.987301587301587,1,0,0,0.0126984126984127
11,2026081511,PHM2010,c6,vibration_x+vibration_y,Saturation,315,0.993650793650794,1,0,0,0.00634920634920635
11,2026081511,PHM2010,c1,vibration_x+vibration_y,Dropout,315,0.542857142857143,0.546031746031746,0.453968253968254,0,0.00952380952380952
11,2026081511,PHM2010,c4,vibration_x+vibration_y,Dropout,315,0.987301587301587,1,0,0,0.0126984126984127
11,2026081511,PHM2010,c6,vibration_x+vibration_y,Dropout,315,0.196825396825397,0.196825396825397,0.514285714285714,0.288888888888889,0.00634920634920635
11,2026081511,PHM2010,c1,vibration_x+vibration_y,Bias,315,0.00317460317460317,0.00317460317460317,0.149206349206349,0.847619047619048,0.00952380952380952
11,2026081511,PHM2010,c4,vibration_x+vibration_y,Bias,315,0.053968253968254,0.053968253968254,0.266666666666667,0.679365079365079,0.0126984126984127
11,2026081511,PHM2010,c6,vibration_x+vibration_y,Bias,315,0,0,0.00317460317460317,0.996825396825397,0.00634920634920635
11,2026081511,PHM2010,c1,vibration_x+vibration_y,Noise,315,0,0,0.0126984126984127,0.987301587301587,0.00952380952380952
11,2026081511,PHM2010,c4,vibration_x+vibration_y,Noise,315,0,0,0.00317460317460317,0.996825396825397,0.0126984126984127
11,2026081511,PHM2010,c6,vibration_x+vibration_y,Noise,315,0,0,0,1,0.00634920634920635
12,2026081512,NUAA,W1,force_z+vibration_x,Saturation,29,0.862068965517241,0.931034482758621,0.0689655172413793,0,0.0689655172413793
12,2026081512,NUAA,W2,force_z+vibration_x,Saturation,17,1,1,0,0,0
12,2026081512,NUAA,W3,force_z+vibration_x,Saturation,11,0.909090909090909,0.909090909090909,0.0909090909090909,0,0
12,2026081512,NUAA,W4,force_z+vibration_x,Saturation,28,0.892857142857143,0.928571428571429,0.0714285714285714,0,0.0357142857142857
12,2026081512,NUAA,W5,force_z+vibration_x,Saturation,7,1,1,0,0,0
12,2026081512,NUAA,W6,force_z+vibration_x,Saturation,14,1,1,0,0,0
12,2026081512,NUAA,W7,force_z+vibration_x,Saturation,8,0.875,0.875,0.125,0,0
12,2026081512,NUAA,W8,force_z+vibration_x,Saturation,31,0.935483870967742,0.935483870967742,0.0645161290322581,0,0
12,2026081512,NUAA,W9,force_z+vibration_x,Saturation,7,1,1,0,0,0
12,2026081512,NUAA,W1,force_z+vibration_x,Dropout,29,0.896551724137931,0.96551724137931,0.0344827586206897,0,0.0689655172413793
12,2026081512,NUAA,W2,force_z+vibration_x,Dropout,17,0.823529411764706,0.823529411764706,0.176470588235294,0,0
12,2026081512,NUAA,W3,force_z+vibration_x,Dropout,11,0.909090909090909,0.909090909090909,0.0909090909090909,0,0
12,2026081512,NUAA,W4,force_z+vibration_x,Dropout,28,0.964285714285714,1,0,0,0.0357142857142857
12,2026081512,NUAA,W5,force_z+vibration_x,Dropout,7,1,1,0,0,0
12,2026081512,NUAA,W6,force_z+vibration_x,Dropout,14,0.785714285714286,0.785714285714286,0.214285714285714,0,0
12,2026081512,NUAA,W7,force_z+vibration_x,Dropout,8,0.875,0.875,0.125,0,0
12,2026081512,NUAA,W8,force_z+vibration_x,Dropout,31,1,1,0,0,0
12,2026081512,NUAA,W9,force_z+vibration_x,Dropout,7,1,1,0,0,0
12,2026081512,NUAA,W1,force_z+vibration_x,Bias,29,0.0344827586206897,0.0344827586206897,0.724137931034483,0.241379310344828,0.0689655172413793
12,2026081512,NUAA,W2,force_z+vibration_x,Bias,17,0.0588235294117647,0.0588235294117647,0.705882352941177,0.235294117647059,0
12,2026081512,NUAA,W3,force_z+vibration_x,Bias,11,0,0,0.363636363636364,0.636363636363636,0
12,2026081512,NUAA,W4,force_z+vibration_x,Bias,28,0.0357142857142857,0.0357142857142857,0.642857142857143,0.321428571428571,0.0357142857142857
12,2026081512,NUAA,W5,force_z+vibration_x,Bias,7,0.142857142857143,0.142857142857143,0.857142857142857,0,0
12,2026081512,NUAA,W6,force_z+vibration_x,Bias,14,0.0714285714285714,0.0714285714285714,0.5,0.428571428571429,0
12,2026081512,NUAA,W7,force_z+vibration_x,Bias,8,0,0,0.625,0.375,0
12,2026081512,NUAA,W8,force_z+vibration_x,Bias,31,0,0,0.741935483870968,0.258064516129032,0
12,2026081512,NUAA,W9,force_z+vibration_x,Bias,7,0.142857142857143,0.142857142857143,0.571428571428571,0.285714285714286,0
12,2026081512,NUAA,W1,force_z+vibration_x,Noise,29,0,0,0.758620689655172,0.241379310344828,0.0689655172413793
12,2026081512,NUAA,W2,force_z+vibration_x,Noise,17,0,0,0.823529411764706,0.176470588235294,0
12,2026081512,NUAA,W3,force_z+vibration_x,Noise,11,0,0,0.545454545454545,0.454545454545455,0
12,2026081512,NUAA,W4,force_z+vibration_x,Noise,28,0,0,0.642857142857143,0.357142857142857,0.0357142857142857
12,2026081512,NUAA,W5,force_z+vibration_x,Noise,7,0.142857142857143,0.142857142857143,0.714285714285714,0.142857142857143,0
12,2026081512,NUAA,W6,force_z+vibration_x,Noise,14,0,0,0.642857142857143,0.357142857142857,0
12,2026081512,NUAA,W7,force_z+vibration_x,Noise,8,0,0,0.625,0.375,0
12,2026081512,NUAA,W8,force_z+vibration_x,Noise,31,0,0,0.516129032258065,0.483870967741935,0
12,2026081512,NUAA,W9,force_z+vibration_x,Noise,7,0,0,0.857142857142857,0.142857142857143,0
12,2026081512,NUAA,W1,force_z+vibration_y,Saturation,29,0.96551724137931,0.96551724137931,0.0344827586206897,0,0
12,2026081512,NUAA,W2,force_z+vibration_y,Saturation,17,1,1,0,0,0
12,2026081512,NUAA,W3,force_z+vibration_y,Saturation,11,1,1,0,0,0
12,2026081512,NUAA,W4,force_z+vibration_y,Saturation,28,0.928571428571429,0.928571428571429,0.0714285714285714,0,0
12,2026081512,NUAA,W5,force_z+vibration_y,Saturation,7,0.857142857142857,1,0,0,0.142857142857143
12,2026081512,NUAA,W6,force_z+vibration_y,Saturation,14,1,1,0,0,0
12,2026081512,NUAA,W7,force_z+vibration_y,Saturation,8,1,1,0,0,0
12,2026081512,NUAA,W8,force_z+vibration_y,Saturation,31,0.967741935483871,0.967741935483871,0.032258064516129,0,0
12,2026081512,NUAA,W9,force_z+vibration_y,Saturation,7,1,1,0,0,0
12,2026081512,NUAA,W1,force_z+vibration_y,Dropout,29,0.896551724137931,0.896551724137931,0.103448275862069,0,0
12,2026081512,NUAA,W2,force_z+vibration_y,Dropout,17,0.823529411764706,0.823529411764706,0.176470588235294,0,0
12,2026081512,NUAA,W3,force_z+vibration_y,Dropout,11,1,1,0,0,0
12,2026081512,NUAA,W4,force_z+vibration_y,Dropout,28,0.964285714285714,0.964285714285714,0.0357142857142857,0,0
12,2026081512,NUAA,W5,force_z+vibration_y,Dropout,7,0.857142857142857,1,0,0,0.142857142857143
12,2026081512,NUAA,W6,force_z+vibration_y,Dropout,14,0.642857142857143,0.642857142857143,0.357142857142857,0,0
12,2026081512,NUAA,W7,force_z+vibration_y,Dropout,8,1,1,0,0,0
12,2026081512,NUAA,W8,force_z+vibration_y,Dropout,31,0.935483870967742,0.935483870967742,0.0645161290322581,0,0
12,2026081512,NUAA,W9,force_z+vibration_y,Dropout,7,1,1,0,0,0
12,2026081512,NUAA,W1,force_z+vibration_y,Bias,29,0.206896551724138,0.206896551724138,0.620689655172414,0.172413793103448,0
12,2026081512,NUAA,W2,force_z+vibration_y,Bias,17,0.294117647058824,0.294117647058824,0.529411764705882,0.176470588235294,0
12,2026081512,NUAA,W3,force_z+vibration_y,Bias,11,0.181818181818182,0.181818181818182,0.454545454545455,0.363636363636364,0
12,2026081512,NUAA,W4,force_z+vibration_y,Bias,28,0.285714285714286,0.285714285714286,0.535714285714286,0.178571428571429,0
12,2026081512,NUAA,W5,force_z+vibration_y,Bias,7,0.142857142857143,0.285714285714286,0.571428571428571,0.142857142857143,0.142857142857143
12,2026081512,NUAA,W6,force_z+vibration_y,Bias,14,0.357142857142857,0.357142857142857,0.428571428571429,0.214285714285714,0
12,2026081512,NUAA,W7,force_z+vibration_y,Bias,8,0.125,0.125,0.75,0.125,0
12,2026081512,NUAA,W8,force_z+vibration_y,Bias,31,0.0967741935483871,0.0967741935483871,0.709677419354839,0.193548387096774,0
12,2026081512,NUAA,W9,force_z+vibration_y,Bias,7,0.285714285714286,0.285714285714286,0.428571428571429,0.285714285714286,0
12,2026081512,NUAA,W1,force_z+vibration_y,Noise,29,0.103448275862069,0.103448275862069,0.586206896551724,0.310344827586207,0
12,2026081512,NUAA,W2,force_z+vibration_y,Noise,17,0,0,0.823529411764706,0.176470588235294,0
12,2026081512,NUAA,W3,force_z+vibration_y,Noise,11,0,0,0.545454545454545,0.454545454545455,0
12,2026081512,NUAA,W4,force_z+vibration_y,Noise,28,0.0714285714285714,0.0714285714285714,0.535714285714286,0.392857142857143,0
12,2026081512,NUAA,W5,force_z+vibration_y,Noise,7,0,0,0.714285714285714,0.285714285714286,0.142857142857143
12,2026081512,NUAA,W6,force_z+vibration_y,Noise,14,0.0714285714285714,0.0714285714285714,0.571428571428571,0.357142857142857,0
12,2026081512,NUAA,W7,force_z+vibration_y,Noise,8,0,0,0.75,0.25,0
12,2026081512,NUAA,W8,force_z+vibration_y,Noise,31,0,0,0.612903225806452,0.387096774193548,0
12,2026081512,NUAA,W9,force_z+vibration_y,Noise,7,0,0,0.857142857142857,0.142857142857143,0
12,2026081512,NUAA,W1,vibration_x+vibration_y,Saturation,29,1,1,0,0,0
12,2026081512,NUAA,W2,vibration_x+vibration_y,Saturation,17,0.882352941176471,1,0,0,0.117647058823529
12,2026081512,NUAA,W3,vibration_x+vibration_y,Saturation,11,1,1,0,0,0
12,2026081512,NUAA,W4,vibration_x+vibration_y,Saturation,28,1,1,0,0,0
12,2026081512,NUAA,W5,vibration_x+vibration_y,Saturation,7,1,1,0,0,0
12,2026081512,NUAA,W6,vibration_x+vibration_y,Saturation,14,1,1,0,0,0
12,2026081512,NUAA,W7,vibration_x+vibration_y,Saturation,8,1,1,0,0,0
12,2026081512,NUAA,W8,vibration_x+vibration_y,Saturation,31,1,1,0,0,0
12,2026081512,NUAA,W9,vibration_x+vibration_y,Saturation,7,1,1,0,0,0
12,2026081512,NUAA,W1,vibration_x+vibration_y,Dropout,29,1,1,0,0,0
12,2026081512,NUAA,W2,vibration_x+vibration_y,Dropout,17,0.882352941176471,1,0,0,0.117647058823529
12,2026081512,NUAA,W3,vibration_x+vibration_y,Dropout,11,1,1,0,0,0
12,2026081512,NUAA,W4,vibration_x+vibration_y,Dropout,28,1,1,0,0,0
12,2026081512,NUAA,W5,vibration_x+vibration_y,Dropout,7,1,1,0,0,0
12,2026081512,NUAA,W6,vibration_x+vibration_y,Dropout,14,1,1,0,0,0
12,2026081512,NUAA,W7,vibration_x+vibration_y,Dropout,8,1,1,0,0,0
12,2026081512,NUAA,W8,vibration_x+vibration_y,Dropout,31,1,1,0,0,0
12,2026081512,NUAA,W9,vibration_x+vibration_y,Dropout,7,1,1,0,0,0
12,2026081512,NUAA,W1,vibration_x+vibration_y,Bias,29,0.0344827586206897,0.0344827586206897,0.448275862068966,0.517241379310345,0
12,2026081512,NUAA,W2,vibration_x+vibration_y,Bias,17,0,0,0.705882352941177,0.294117647058824,0.117647058823529
12,2026081512,NUAA,W3,vibration_x+vibration_y,Bias,11,0,0,0.454545454545455,0.545454545454545,0
12,2026081512,NUAA,W4,vibration_x+vibration_y,Bias,28,0.0714285714285714,0.0714285714285714,0.464285714285714,0.464285714285714,0
12,2026081512,NUAA,W5,vibration_x+vibration_y,Bias,7,0,0,0.571428571428571,0.428571428571429,0
12,2026081512,NUAA,W6,vibration_x+vibration_y,Bias,14,0,0,0.428571428571429,0.571428571428571,0
12,2026081512,NUAA,W7,vibration_x+vibration_y,Bias,8,0.125,0.125,0.25,0.625,0
12,2026081512,NUAA,W8,vibration_x+vibration_y,Bias,31,0,0,0.516129032258065,0.483870967741935,0
12,2026081512,NUAA,W9,vibration_x+vibration_y,Bias,7,0,0,0.714285714285714,0.285714285714286,0
12,2026081512,NUAA,W1,vibration_x+vibration_y,Noise,29,0,0,0.0689655172413793,0.931034482758621,0
12,2026081512,NUAA,W2,vibration_x+vibration_y,Noise,17,0,0,0.0588235294117647,0.941176470588235,0.117647058823529
12,2026081512,NUAA,W3,vibration_x+vibration_y,Noise,11,0,0,0,1,0
12,2026081512,NUAA,W4,vibration_x+vibration_y,Noise,28,0,0,0.178571428571429,0.821428571428571,0
12,2026081512,NUAA,W5,vibration_x+vibration_y,Noise,7,0,0,0.142857142857143,0.857142857142857,0
12,2026081512,NUAA,W6,vibration_x+vibration_y,Noise,14,0,0,0,1,0
12,2026081512,NUAA,W7,vibration_x+vibration_y,Noise,8,0,0,0,1,0
12,2026081512,NUAA,W8,vibration_x+vibration_y,Noise,31,0,0,0.032258064516129,0.967741935483871,0
12,2026081512,NUAA,W9,vibration_x+vibration_y,Noise,7,0,0,0,1,0
12,2026081512,PHM2010,c1,force_z+vibration_x,Saturation,315,0.977777777777778,1,0,0,0.0222222222222222
12,2026081512,PHM2010,c4,force_z+vibration_x,Saturation,315,0.996825396825397,1,0,0,0.00317460317460317
12,2026081512,PHM2010,c6,force_z+vibration_x,Saturation,315,1,1,0,0,0
12,2026081512,PHM2010,c1,force_z+vibration_x,Dropout,315,0.977777777777778,1,0,0,0.0222222222222222
12,2026081512,PHM2010,c4,force_z+vibration_x,Dropout,315,0.996825396825397,1,0,0,0.00317460317460317
12,2026081512,PHM2010,c6,force_z+vibration_x,Dropout,315,0.479365079365079,0.479365079365079,0.520634920634921,0,0
12,2026081512,PHM2010,c1,force_z+vibration_x,Bias,315,0.107936507936508,0.107936507936508,0.488888888888889,0.403174603174603,0.0222222222222222
12,2026081512,PHM2010,c4,force_z+vibration_x,Bias,315,0.171428571428571,0.171428571428571,0.53968253968254,0.288888888888889,0.00317460317460317
12,2026081512,PHM2010,c6,force_z+vibration_x,Bias,315,0,0,0.333333333333333,0.666666666666667,0
12,2026081512,PHM2010,c1,force_z+vibration_x,Noise,315,0.00952380952380952,0.00952380952380952,0.250793650793651,0.73968253968254,0.0222222222222222
12,2026081512,PHM2010,c4,force_z+vibration_x,Noise,315,0,0,0.374603174603175,0.625396825396825,0.00317460317460317
12,2026081512,PHM2010,c6,force_z+vibration_x,Noise,315,0,0,0.0952380952380952,0.904761904761905,0
12,2026081512,PHM2010,c1,force_z+vibration_y,Saturation,315,0.971428571428571,1,0,0,0.0285714285714286
12,2026081512,PHM2010,c4,force_z+vibration_y,Saturation,315,0.987301587301587,1,0,0,0.0126984126984127
12,2026081512,PHM2010,c6,force_z+vibration_y,Saturation,315,1,1,0,0,0
12,2026081512,PHM2010,c1,force_z+vibration_y,Dropout,315,0.536507936507936,0.555555555555556,0.444444444444444,0,0.0285714285714286
12,2026081512,PHM2010,c4,force_z+vibration_y,Dropout,315,0.987301587301587,1,0,0,0.0126984126984127
12,2026081512,PHM2010,c6,force_z+vibration_y,Dropout,315,0.438095238095238,0.438095238095238,0.561904761904762,0,0
12,2026081512,PHM2010,c1,force_z+vibration_y,Bias,315,0,0,0.53015873015873,0.46984126984127,0.0285714285714286
12,2026081512,PHM2010,c4,force_z+vibration_y,Bias,315,0.0825396825396825,0.0857142857142857,0.59047619047619,0.323809523809524,0.0126984126984127
12,2026081512,PHM2010,c6,force_z+vibration_y,Bias,315,0,0,0.368253968253968,0.631746031746032,0
12,2026081512,PHM2010,c1,force_z+vibration_y,Noise,315,0,0,0.222222222222222,0.777777777777778,0.0285714285714286
12,2026081512,PHM2010,c4,force_z+vibration_y,Noise,315,0,0,0.412698412698413,0.587301587301587,0.0126984126984127
12,2026081512,PHM2010,c6,force_z+vibration_y,Noise,315,0,0,0.0698412698412698,0.93015873015873,0
12,2026081512,PHM2010,c1,vibration_x+vibration_y,Saturation,315,0.990476190476191,1,0,0,0.00952380952380952
12,2026081512,PHM2010,c4,vibration_x+vibration_y,Saturation,315,0.987301587301587,1,0,0,0.0126984126984127
12,2026081512,PHM2010,c6,vibration_x+vibration_y,Saturation,315,0.993650793650794,1,0,0,0.00634920634920635
12,2026081512,PHM2010,c1,vibration_x+vibration_y,Dropout,315,0.517460317460318,0.523809523809524,0.476190476190476,0,0.00952380952380952
12,2026081512,PHM2010,c4,vibration_x+vibration_y,Dropout,315,0.987301587301587,1,0,0,0.0126984126984127
12,2026081512,PHM2010,c6,vibration_x+vibration_y,Dropout,315,0.222222222222222,0.225396825396825,0.498412698412698,0.276190476190476,0.00634920634920635
12,2026081512,PHM2010,c1,vibration_x+vibration_y,Bias,315,0,0,0.161904761904762,0.838095238095238,0.00952380952380952
12,2026081512,PHM2010,c4,vibration_x+vibration_y,Bias,315,0.0285714285714286,0.0285714285714286,0.282539682539683,0.688888888888889,0.0126984126984127
12,2026081512,PHM2010,c6,vibration_x+vibration_y,Bias,315,0,0,0,1,0.00634920634920635
12,2026081512,PHM2010,c1,vibration_x+vibration_y,Noise,315,0,0,0.0126984126984127,0.987301587301587,0.00952380952380952
12,2026081512,PHM2010,c4,vibration_x+vibration_y,Noise,315,0,0,0.00317460317460317,0.996825396825397,0.0126984126984127
12,2026081512,PHM2010,c6,vibration_x+vibration_y,Noise,315,0,0,0,1,0.00634920634920635
13,2026081513,NUAA,W1,force_z+vibration_x,Saturation,29,0.896551724137931,0.96551724137931,0.0344827586206897,0,0.0689655172413793
13,2026081513,NUAA,W2,force_z+vibration_x,Saturation,17,1,1,0,0,0
13,2026081513,NUAA,W3,force_z+vibration_x,Saturation,11,0.727272727272727,0.727272727272727,0.272727272727273,0,0
13,2026081513,NUAA,W4,force_z+vibration_x,Saturation,28,0.892857142857143,0.928571428571429,0.0714285714285714,0,0.0357142857142857
13,2026081513,NUAA,W5,force_z+vibration_x,Saturation,7,0.857142857142857,0.857142857142857,0.142857142857143,0,0
13,2026081513,NUAA,W6,force_z+vibration_x,Saturation,14,1,1,0,0,0
13,2026081513,NUAA,W7,force_z+vibration_x,Saturation,8,1,1,0,0,0
13,2026081513,NUAA,W8,force_z+vibration_x,Saturation,31,0.935483870967742,0.935483870967742,0.0645161290322581,0,0
13,2026081513,NUAA,W9,force_z+vibration_x,Saturation,7,0.857142857142857,0.857142857142857,0.142857142857143,0,0
13,2026081513,NUAA,W1,force_z+vibration_x,Dropout,29,0.931034482758621,1,0,0,0.0689655172413793
13,2026081513,NUAA,W2,force_z+vibration_x,Dropout,17,1,1,0,0,0
13,2026081513,NUAA,W3,force_z+vibration_x,Dropout,11,0.909090909090909,0.909090909090909,0.0909090909090909,0,0
13,2026081513,NUAA,W4,force_z+vibration_x,Dropout,28,0.964285714285714,1,0,0,0.0357142857142857
13,2026081513,NUAA,W5,force_z+vibration_x,Dropout,7,1,1,0,0,0
13,2026081513,NUAA,W6,force_z+vibration_x,Dropout,14,0.928571428571429,0.928571428571429,0.0714285714285714,0,0
13,2026081513,NUAA,W7,force_z+vibration_x,Dropout,8,1,1,0,0,0
13,2026081513,NUAA,W8,force_z+vibration_x,Dropout,31,1,1,0,0,0
13,2026081513,NUAA,W9,force_z+vibration_x,Dropout,7,1,1,0,0,0
13,2026081513,NUAA,W1,force_z+vibration_x,Bias,29,0.0344827586206897,0.0344827586206897,0.689655172413793,0.275862068965517,0.0689655172413793
13,2026081513,NUAA,W2,force_z+vibration_x,Bias,17,0.117647058823529,0.117647058823529,0.529411764705882,0.352941176470588,0
13,2026081513,NUAA,W3,force_z+vibration_x,Bias,11,0,0,0.454545454545455,0.545454545454545,0
13,2026081513,NUAA,W4,force_z+vibration_x,Bias,28,0,0,0.75,0.25,0.0357142857142857
13,2026081513,NUAA,W5,force_z+vibration_x,Bias,7,0.142857142857143,0.142857142857143,0.571428571428571,0.285714285714286,0
13,2026081513,NUAA,W6,force_z+vibration_x,Bias,14,0,0,0.642857142857143,0.357142857142857,0
13,2026081513,NUAA,W7,force_z+vibration_x,Bias,8,0,0,0.5,0.5,0
13,2026081513,NUAA,W8,force_z+vibration_x,Bias,31,0.032258064516129,0.032258064516129,0.419354838709677,0.548387096774194,0
13,2026081513,NUAA,W9,force_z+vibration_x,Bias,7,0,0,0.571428571428571,0.428571428571429,0
13,2026081513,NUAA,W1,force_z+vibration_x,Noise,29,0,0,0.620689655172414,0.379310344827586,0.0689655172413793
13,2026081513,NUAA,W2,force_z+vibration_x,Noise,17,0,0,0.705882352941177,0.294117647058824,0
13,2026081513,NUAA,W3,force_z+vibration_x,Noise,11,0,0,0.636363636363636,0.363636363636364,0
13,2026081513,NUAA,W4,force_z+vibration_x,Noise,28,0,0,0.571428571428571,0.428571428571429,0.0357142857142857
13,2026081513,NUAA,W5,force_z+vibration_x,Noise,7,0.142857142857143,0.142857142857143,0.714285714285714,0.142857142857143,0
13,2026081513,NUAA,W6,force_z+vibration_x,Noise,14,0,0,0.642857142857143,0.357142857142857,0
13,2026081513,NUAA,W7,force_z+vibration_x,Noise,8,0,0,0.375,0.625,0
13,2026081513,NUAA,W8,force_z+vibration_x,Noise,31,0,0,0.387096774193548,0.612903225806452,0
13,2026081513,NUAA,W9,force_z+vibration_x,Noise,7,0,0,0.285714285714286,0.714285714285714,0
13,2026081513,NUAA,W1,force_z+vibration_y,Saturation,29,1,1,0,0,0
13,2026081513,NUAA,W2,force_z+vibration_y,Saturation,17,1,1,0,0,0
13,2026081513,NUAA,W3,force_z+vibration_y,Saturation,11,1,1,0,0,0
13,2026081513,NUAA,W4,force_z+vibration_y,Saturation,28,1,1,0,0,0
13,2026081513,NUAA,W5,force_z+vibration_y,Saturation,7,0.857142857142857,1,0,0,0.142857142857143
13,2026081513,NUAA,W6,force_z+vibration_y,Saturation,14,0.928571428571429,0.928571428571429,0.0714285714285714,0,0
13,2026081513,NUAA,W7,force_z+vibration_y,Saturation,8,0.875,0.875,0.125,0,0
13,2026081513,NUAA,W8,force_z+vibration_y,Saturation,31,0.967741935483871,0.967741935483871,0.032258064516129,0,0
13,2026081513,NUAA,W9,force_z+vibration_y,Saturation,7,1,1,0,0,0
13,2026081513,NUAA,W1,force_z+vibration_y,Dropout,29,0.931034482758621,0.931034482758621,0.0689655172413793,0,0
13,2026081513,NUAA,W2,force_z+vibration_y,Dropout,17,0.764705882352941,0.764705882352941,0.235294117647059,0,0
13,2026081513,NUAA,W3,force_z+vibration_y,Dropout,11,0.909090909090909,0.909090909090909,0.0909090909090909,0,0
13,2026081513,NUAA,W4,force_z+vibration_y,Dropout,28,0.892857142857143,0.892857142857143,0.107142857142857,0,0
13,2026081513,NUAA,W5,force_z+vibration_y,Dropout,7,0.857142857142857,1,0,0,0.142857142857143
13,2026081513,NUAA,W6,force_z+vibration_y,Dropout,14,0.928571428571429,0.928571428571429,0.0714285714285714,0,0
13,2026081513,NUAA,W7,force_z+vibration_y,Dropout,8,1,1,0,0,0
13,2026081513,NUAA,W8,force_z+vibration_y,Dropout,31,1,1,0,0,0
13,2026081513,NUAA,W9,force_z+vibration_y,Dropout,7,1,1,0,0,0
13,2026081513,NUAA,W1,force_z+vibration_y,Bias,29,0.206896551724138,0.206896551724138,0.620689655172414,0.172413793103448,0
13,2026081513,NUAA,W2,force_z+vibration_y,Bias,17,0.411764705882353,0.411764705882353,0.588235294117647,0,0
13,2026081513,NUAA,W3,force_z+vibration_y,Bias,11,0.272727272727273,0.272727272727273,0.545454545454545,0.181818181818182,0
13,2026081513,NUAA,W4,force_z+vibration_y,Bias,28,0.178571428571429,0.178571428571429,0.607142857142857,0.214285714285714,0
13,2026081513,NUAA,W5,force_z+vibration_y,Bias,7,0.428571428571429,0.428571428571429,0.285714285714286,0.285714285714286,0.142857142857143
13,2026081513,NUAA,W6,force_z+vibration_y,Bias,14,0.357142857142857,0.357142857142857,0.5,0.142857142857143,0
13,2026081513,NUAA,W7,force_z+vibration_y,Bias,8,0.25,0.25,0.5,0.25,0
13,2026081513,NUAA,W8,force_z+vibration_y,Bias,31,0.32258064516129,0.32258064516129,0.387096774193548,0.290322580645161,0
13,2026081513,NUAA,W9,force_z+vibration_y,Bias,7,0.428571428571429,0.428571428571429,0.571428571428571,0,0
13,2026081513,NUAA,W1,force_z+vibration_y,Noise,29,0.0344827586206897,0.0344827586206897,0.620689655172414,0.344827586206897,0
13,2026081513,NUAA,W2,force_z+vibration_y,Noise,17,0,0,0.588235294117647,0.411764705882353,0
13,2026081513,NUAA,W3,force_z+vibration_y,Noise,11,0.0909090909090909,0.0909090909090909,0.545454545454545,0.363636363636364,0
13,2026081513,NUAA,W4,force_z+vibration_y,Noise,28,0.0357142857142857,0.0357142857142857,0.642857142857143,0.321428571428571,0
13,2026081513,NUAA,W5,force_z+vibration_y,Noise,7,0,0,0.285714285714286,0.714285714285714,0.142857142857143
13,2026081513,NUAA,W6,force_z+vibration_y,Noise,14,0,0,0.428571428571429,0.571428571428571,0
13,2026081513,NUAA,W7,force_z+vibration_y,Noise,8,0,0,0.625,0.375,0
13,2026081513,NUAA,W8,force_z+vibration_y,Noise,31,0,0,0.387096774193548,0.612903225806452,0
13,2026081513,NUAA,W9,force_z+vibration_y,Noise,7,0,0,0.714285714285714,0.285714285714286,0
13,2026081513,NUAA,W1,vibration_x+vibration_y,Saturation,29,1,1,0,0,0
13,2026081513,NUAA,W2,vibration_x+vibration_y,Saturation,17,0.882352941176471,1,0,0,0.117647058823529
13,2026081513,NUAA,W3,vibration_x+vibration_y,Saturation,11,1,1,0,0,0
13,2026081513,NUAA,W4,vibration_x+vibration_y,Saturation,28,1,1,0,0,0
13,2026081513,NUAA,W5,vibration_x+vibration_y,Saturation,7,1,1,0,0,0
13,2026081513,NUAA,W6,vibration_x+vibration_y,Saturation,14,1,1,0,0,0
13,2026081513,NUAA,W7,vibration_x+vibration_y,Saturation,8,1,1,0,0,0
13,2026081513,NUAA,W8,vibration_x+vibration_y,Saturation,31,1,1,0,0,0
13,2026081513,NUAA,W9,vibration_x+vibration_y,Saturation,7,1,1,0,0,0
13,2026081513,NUAA,W1,vibration_x+vibration_y,Dropout,29,1,1,0,0,0
13,2026081513,NUAA,W2,vibration_x+vibration_y,Dropout,17,0.882352941176471,1,0,0,0.117647058823529
13,2026081513,NUAA,W3,vibration_x+vibration_y,Dropout,11,1,1,0,0,0
13,2026081513,NUAA,W4,vibration_x+vibration_y,Dropout,28,1,1,0,0,0
13,2026081513,NUAA,W5,vibration_x+vibration_y,Dropout,7,1,1,0,0,0
13,2026081513,NUAA,W6,vibration_x+vibration_y,Dropout,14,1,1,0,0,0
13,2026081513,NUAA,W7,vibration_x+vibration_y,Dropout,8,1,1,0,0,0
13,2026081513,NUAA,W8,vibration_x+vibration_y,Dropout,31,1,1,0,0,0
13,2026081513,NUAA,W9,vibration_x+vibration_y,Dropout,7,1,1,0,0,0
13,2026081513,NUAA,W1,vibration_x+vibration_y,Bias,29,0.103448275862069,0.103448275862069,0.517241379310345,0.379310344827586,0
13,2026081513,NUAA,W2,vibration_x+vibration_y,Bias,17,0,0,0.470588235294118,0.529411764705882,0.117647058823529
13,2026081513,NUAA,W3,vibration_x+vibration_y,Bias,11,0.0909090909090909,0.0909090909090909,0.363636363636364,0.545454545454545,0
13,2026081513,NUAA,W4,vibration_x+vibration_y,Bias,28,0.0357142857142857,0.0357142857142857,0.392857142857143,0.571428571428571,0
13,2026081513,NUAA,W5,vibration_x+vibration_y,Bias,7,0.142857142857143,0.142857142857143,0.571428571428571,0.285714285714286,0
13,2026081513,NUAA,W6,vibration_x+vibration_y,Bias,14,0,0,0.714285714285714,0.285714285714286,0
13,2026081513,NUAA,W7,vibration_x+vibration_y,Bias,8,0,0,0.625,0.375,0
13,2026081513,NUAA,W8,vibration_x+vibration_y,Bias,31,0,0,0.483870967741935,0.516129032258065,0
13,2026081513,NUAA,W9,vibration_x+vibration_y,Bias,7,0,0,0.571428571428571,0.428571428571429,0
13,2026081513,NUAA,W1,vibration_x+vibration_y,Noise,29,0,0,0.103448275862069,0.896551724137931,0
13,2026081513,NUAA,W2,vibration_x+vibration_y,Noise,17,0,0,0,1,0.117647058823529
13,2026081513,NUAA,W3,vibration_x+vibration_y,Noise,11,0,0,0.0909090909090909,0.909090909090909,0
13,2026081513,NUAA,W4,vibration_x+vibration_y,Noise,28,0,0,0.0357142857142857,0.964285714285714,0
13,2026081513,NUAA,W5,vibration_x+vibration_y,Noise,7,0,0,0.142857142857143,0.857142857142857,0
13,2026081513,NUAA,W6,vibration_x+vibration_y,Noise,14,0,0,0,1,0
13,2026081513,NUAA,W7,vibration_x+vibration_y,Noise,8,0,0,0,1,0
13,2026081513,NUAA,W8,vibration_x+vibration_y,Noise,31,0,0,0,1,0
13,2026081513,NUAA,W9,vibration_x+vibration_y,Noise,7,0,0,0,1,0
13,2026081513,PHM2010,c1,force_z+vibration_x,Saturation,315,0.977777777777778,1,0,0,0.0222222222222222
13,2026081513,PHM2010,c4,force_z+vibration_x,Saturation,315,0.996825396825397,1,0,0,0.00317460317460317
13,2026081513,PHM2010,c6,force_z+vibration_x,Saturation,315,1,1,0,0,0
13,2026081513,PHM2010,c1,force_z+vibration_x,Dropout,315,0.977777777777778,1,0,0,0.0222222222222222
13,2026081513,PHM2010,c4,force_z+vibration_x,Dropout,315,0.996825396825397,1,0,0,0.00317460317460317
13,2026081513,PHM2010,c6,force_z+vibration_x,Dropout,315,0.495238095238095,0.495238095238095,0.504761904761905,0,0
13,2026081513,PHM2010,c1,force_z+vibration_x,Bias,315,0.13015873015873,0.133333333333333,0.438095238095238,0.428571428571429,0.0222222222222222
13,2026081513,PHM2010,c4,force_z+vibration_x,Bias,315,0.244444444444444,0.247619047619048,0.526984126984127,0.225396825396825,0.00317460317460317
13,2026081513,PHM2010,c6,force_z+vibration_x,Bias,315,0,0,0.342857142857143,0.657142857142857,0
13,2026081513,PHM2010,c1,force_z+vibration_x,Noise,315,0.00317460317460317,0.00317460317460317,0.203174603174603,0.793650793650794,0.0222222222222222
13,2026081513,PHM2010,c4,force_z+vibration_x,Noise,315,0,0,0.355555555555556,0.644444444444444,0.00317460317460317
13,2026081513,PHM2010,c6,force_z+vibration_x,Noise,315,0,0,0.0507936507936508,0.949206349206349,0
13,2026081513,PHM2010,c1,force_z+vibration_y,Saturation,315,0.971428571428571,1,0,0,0.0285714285714286
13,2026081513,PHM2010,c4,force_z+vibration_y,Saturation,315,0.987301587301587,1,0,0,0.0126984126984127
13,2026081513,PHM2010,c6,force_z+vibration_y,Saturation,315,1,1,0,0,0
13,2026081513,PHM2010,c1,force_z+vibration_y,Dropout,315,0.53015873015873,0.552380952380952,0.447619047619048,0,0.0285714285714286
13,2026081513,PHM2010,c4,force_z+vibration_y,Dropout,315,0.987301587301587,1,0,0,0.0126984126984127
13,2026081513,PHM2010,c6,force_z+vibration_y,Dropout,315,0.463492063492064,0.463492063492064,0.536507936507936,0,0
13,2026081513,PHM2010,c1,force_z+vibration_y,Bias,315,0.00317460317460317,0.00634920634920635,0.574603174603175,0.419047619047619,0.0285714285714286
13,2026081513,PHM2010,c4,force_z+vibration_y,Bias,315,0.0920634920634921,0.0984126984126984,0.587301587301587,0.314285714285714,0.0126984126984127
13,2026081513,PHM2010,c6,force_z+vibration_y,Bias,315,0,0,0.326984126984127,0.673015873015873,0
13,2026081513,PHM2010,c1,force_z+vibration_y,Noise,315,0,0,0.263492063492063,0.736507936507937,0.0285714285714286
13,2026081513,PHM2010,c4,force_z+vibration_y,Noise,315,0,0,0.415873015873016,0.584126984126984,0.0126984126984127
13,2026081513,PHM2010,c6,force_z+vibration_y,Noise,315,0,0,0.0825396825396825,0.917460317460317,0
13,2026081513,PHM2010,c1,vibration_x+vibration_y,Saturation,315,0.990476190476191,1,0,0,0.00952380952380952
13,2026081513,PHM2010,c4,vibration_x+vibration_y,Saturation,315,0.987301587301587,1,0,0,0.0126984126984127
13,2026081513,PHM2010,c6,vibration_x+vibration_y,Saturation,315,0.993650793650794,1,0,0,0.00634920634920635
13,2026081513,PHM2010,c1,vibration_x+vibration_y,Dropout,315,0.568253968253968,0.574603174603175,0.425396825396825,0,0.00952380952380952
13,2026081513,PHM2010,c4,vibration_x+vibration_y,Dropout,315,0.987301587301587,1,0,0,0.0126984126984127
13,2026081513,PHM2010,c6,vibration_x+vibration_y,Dropout,315,0.165079365079365,0.165079365079365,0.520634920634921,0.314285714285714,0.00634920634920635
13,2026081513,PHM2010,c1,vibration_x+vibration_y,Bias,315,0.00634920634920635,0.00634920634920635,0.174603174603175,0.819047619047619,0.00952380952380952
13,2026081513,PHM2010,c4,vibration_x+vibration_y,Bias,315,0.0317460317460317,0.0317460317460317,0.304761904761905,0.663492063492063,0.0126984126984127
13,2026081513,PHM2010,c6,vibration_x+vibration_y,Bias,315,0,0,0.00317460317460317,0.996825396825397,0.00634920634920635
13,2026081513,PHM2010,c1,vibration_x+vibration_y,Noise,315,0,0,0.0126984126984127,0.987301587301587,0.00952380952380952
13,2026081513,PHM2010,c4,vibration_x+vibration_y,Noise,315,0,0,0,1,0.0126984126984127
13,2026081513,PHM2010,c6,vibration_x+vibration_y,Noise,315,0,0,0,1,0.00634920634920635
14,2026081514,NUAA,W1,force_z+vibration_x,Saturation,29,0.931034482758621,1,0,0,0.0689655172413793
14,2026081514,NUAA,W2,force_z+vibration_x,Saturation,17,0.941176470588235,0.941176470588235,0.0588235294117647,0,0
14,2026081514,NUAA,W3,force_z+vibration_x,Saturation,11,1,1,0,0,0
14,2026081514,NUAA,W4,force_z+vibration_x,Saturation,28,0.964285714285714,1,0,0,0.0357142857142857
14,2026081514,NUAA,W5,force_z+vibration_x,Saturation,7,1,1,0,0,0
14,2026081514,NUAA,W6,force_z+vibration_x,Saturation,14,1,1,0,0,0
14,2026081514,NUAA,W7,force_z+vibration_x,Saturation,8,1,1,0,0,0
14,2026081514,NUAA,W8,force_z+vibration_x,Saturation,31,0.967741935483871,0.967741935483871,0.032258064516129,0,0
14,2026081514,NUAA,W9,force_z+vibration_x,Saturation,7,1,1,0,0,0
14,2026081514,NUAA,W1,force_z+vibration_x,Dropout,29,0.862068965517241,0.931034482758621,0.0689655172413793,0,0.0689655172413793
14,2026081514,NUAA,W2,force_z+vibration_x,Dropout,17,0.941176470588235,0.941176470588235,0.0588235294117647,0,0
14,2026081514,NUAA,W3,force_z+vibration_x,Dropout,11,0.909090909090909,0.909090909090909,0.0909090909090909,0,0
14,2026081514,NUAA,W4,force_z+vibration_x,Dropout,28,0.928571428571429,0.964285714285714,0.0357142857142857,0,0.0357142857142857
14,2026081514,NUAA,W5,force_z+vibration_x,Dropout,7,0.857142857142857,0.857142857142857,0.142857142857143,0,0
14,2026081514,NUAA,W6,force_z+vibration_x,Dropout,14,0.928571428571429,0.928571428571429,0.0714285714285714,0,0
14,2026081514,NUAA,W7,force_z+vibration_x,Dropout,8,1,1,0,0,0
14,2026081514,NUAA,W8,force_z+vibration_x,Dropout,31,0.967741935483871,0.967741935483871,0.032258064516129,0,0
14,2026081514,NUAA,W9,force_z+vibration_x,Dropout,7,1,1,0,0,0
14,2026081514,NUAA,W1,force_z+vibration_x,Bias,29,0,0,0.655172413793103,0.344827586206897,0.0689655172413793
14,2026081514,NUAA,W2,force_z+vibration_x,Bias,17,0.0588235294117647,0.0588235294117647,0.823529411764706,0.117647058823529,0
14,2026081514,NUAA,W3,force_z+vibration_x,Bias,11,0.0909090909090909,0.0909090909090909,0.636363636363636,0.272727272727273,0
14,2026081514,NUAA,W4,force_z+vibration_x,Bias,28,0.0714285714285714,0.0714285714285714,0.607142857142857,0.321428571428571,0.0357142857142857
14,2026081514,NUAA,W5,force_z+vibration_x,Bias,7,0,0,0.857142857142857,0.142857142857143,0
14,2026081514,NUAA,W6,force_z+vibration_x,Bias,14,0,0,0.5,0.5,0
14,2026081514,NUAA,W7,force_z+vibration_x,Bias,8,0.125,0.125,0.375,0.5,0
14,2026081514,NUAA,W8,force_z+vibration_x,Bias,31,0.032258064516129,0.032258064516129,0.483870967741935,0.483870967741935,0
14,2026081514,NUAA,W9,force_z+vibration_x,Bias,7,0.142857142857143,0.142857142857143,0.571428571428571,0.285714285714286,0
14,2026081514,NUAA,W1,force_z+vibration_x,Noise,29,0,0,0.655172413793103,0.344827586206897,0.0689655172413793
14,2026081514,NUAA,W2,force_z+vibration_x,Noise,17,0,0,0.647058823529412,0.352941176470588,0
14,2026081514,NUAA,W3,force_z+vibration_x,Noise,11,0,0,0.636363636363636,0.363636363636364,0
14,2026081514,NUAA,W4,force_z+vibration_x,Noise,28,0,0,0.678571428571429,0.321428571428571,0.0357142857142857
14,2026081514,NUAA,W5,force_z+vibration_x,Noise,7,0,0,0.857142857142857,0.142857142857143,0
14,2026081514,NUAA,W6,force_z+vibration_x,Noise,14,0,0,0.714285714285714,0.285714285714286,0
14,2026081514,NUAA,W7,force_z+vibration_x,Noise,8,0,0,0.375,0.625,0
14,2026081514,NUAA,W8,force_z+vibration_x,Noise,31,0,0,0.483870967741935,0.516129032258065,0
14,2026081514,NUAA,W9,force_z+vibration_x,Noise,7,0,0,0.571428571428571,0.428571428571429,0
14,2026081514,NUAA,W1,force_z+vibration_y,Saturation,29,1,1,0,0,0
14,2026081514,NUAA,W2,force_z+vibration_y,Saturation,17,1,1,0,0,0
14,2026081514,NUAA,W3,force_z+vibration_y,Saturation,11,1,1,0,0,0
14,2026081514,NUAA,W4,force_z+vibration_y,Saturation,28,0.964285714285714,0.964285714285714,0.0357142857142857,0,0
14,2026081514,NUAA,W5,force_z+vibration_y,Saturation,7,0.857142857142857,1,0,0,0.142857142857143
14,2026081514,NUAA,W6,force_z+vibration_y,Saturation,14,1,1,0,0,0
14,2026081514,NUAA,W7,force_z+vibration_y,Saturation,8,1,1,0,0,0
14,2026081514,NUAA,W8,force_z+vibration_y,Saturation,31,0.935483870967742,0.935483870967742,0.0645161290322581,0,0
14,2026081514,NUAA,W9,force_z+vibration_y,Saturation,7,1,1,0,0,0
14,2026081514,NUAA,W1,force_z+vibration_y,Dropout,29,0.931034482758621,0.931034482758621,0.0689655172413793,0,0
14,2026081514,NUAA,W2,force_z+vibration_y,Dropout,17,1,1,0,0,0
14,2026081514,NUAA,W3,force_z+vibration_y,Dropout,11,1,1,0,0,0
14,2026081514,NUAA,W4,force_z+vibration_y,Dropout,28,0.857142857142857,0.857142857142857,0.142857142857143,0,0
14,2026081514,NUAA,W5,force_z+vibration_y,Dropout,7,0.714285714285714,0.857142857142857,0.142857142857143,0,0.142857142857143
14,2026081514,NUAA,W6,force_z+vibration_y,Dropout,14,0.857142857142857,0.857142857142857,0.142857142857143,0,0
14,2026081514,NUAA,W7,force_z+vibration_y,Dropout,8,1,1,0,0,0
14,2026081514,NUAA,W8,force_z+vibration_y,Dropout,31,0.935483870967742,0.935483870967742,0.0645161290322581,0,0
14,2026081514,NUAA,W9,force_z+vibration_y,Dropout,7,1,1,0,0,0
14,2026081514,NUAA,W1,force_z+vibration_y,Bias,29,0.413793103448276,0.413793103448276,0.482758620689655,0.103448275862069,0
14,2026081514,NUAA,W2,force_z+vibration_y,Bias,17,0.235294117647059,0.235294117647059,0.470588235294118,0.294117647058824,0
14,2026081514,NUAA,W3,force_z+vibration_y,Bias,11,0.545454545454545,0.545454545454545,0.0909090909090909,0.363636363636364,0
14,2026081514,NUAA,W4,force_z+vibration_y,Bias,28,0.285714285714286,0.285714285714286,0.571428571428571,0.142857142857143,0
14,2026081514,NUAA,W5,force_z+vibration_y,Bias,7,0.285714285714286,0.285714285714286,0.571428571428571,0.142857142857143,0.142857142857143
14,2026081514,NUAA,W6,force_z+vibration_y,Bias,14,0.285714285714286,0.285714285714286,0.642857142857143,0.0714285714285714,0
14,2026081514,NUAA,W7,force_z+vibration_y,Bias,8,0.25,0.25,0.375,0.375,0
14,2026081514,NUAA,W8,force_z+vibration_y,Bias,31,0.32258064516129,0.32258064516129,0.516129032258065,0.161290322580645,0
14,2026081514,NUAA,W9,force_z+vibration_y,Bias,7,0.571428571428571,0.571428571428571,0.142857142857143,0.285714285714286,0
14,2026081514,NUAA,W1,force_z+vibration_y,Noise,29,0,0,0.517241379310345,0.482758620689655,0
14,2026081514,NUAA,W2,force_z+vibration_y,Noise,17,0,0,0.705882352941177,0.294117647058824,0
14,2026081514,NUAA,W3,force_z+vibration_y,Noise,11,0,0,0.636363636363636,0.363636363636364,0
14,2026081514,NUAA,W4,force_z+vibration_y,Noise,28,0.107142857142857,0.107142857142857,0.571428571428571,0.321428571428571,0
14,2026081514,NUAA,W5,force_z+vibration_y,Noise,7,0,0,0.714285714285714,0.285714285714286,0.142857142857143
14,2026081514,NUAA,W6,force_z+vibration_y,Noise,14,0,0,0.571428571428571,0.428571428571429,0
14,2026081514,NUAA,W7,force_z+vibration_y,Noise,8,0,0,0.75,0.25,0
14,2026081514,NUAA,W8,force_z+vibration_y,Noise,31,0,0,0.806451612903226,0.193548387096774,0
14,2026081514,NUAA,W9,force_z+vibration_y,Noise,7,0,0,0.428571428571429,0.571428571428571,0
14,2026081514,NUAA,W1,vibration_x+vibration_y,Saturation,29,1,1,0,0,0
14,2026081514,NUAA,W2,vibration_x+vibration_y,Saturation,17,0.882352941176471,1,0,0,0.117647058823529
14,2026081514,NUAA,W3,vibration_x+vibration_y,Saturation,11,1,1,0,0,0
14,2026081514,NUAA,W4,vibration_x+vibration_y,Saturation,28,1,1,0,0,0
14,2026081514,NUAA,W5,vibration_x+vibration_y,Saturation,7,1,1,0,0,0
14,2026081514,NUAA,W6,vibration_x+vibration_y,Saturation,14,1,1,0,0,0
14,2026081514,NUAA,W7,vibration_x+vibration_y,Saturation,8,1,1,0,0,0
14,2026081514,NUAA,W8,vibration_x+vibration_y,Saturation,31,1,1,0,0,0
14,2026081514,NUAA,W9,vibration_x+vibration_y,Saturation,7,1,1,0,0,0
14,2026081514,NUAA,W1,vibration_x+vibration_y,Dropout,29,1,1,0,0,0
14,2026081514,NUAA,W2,vibration_x+vibration_y,Dropout,17,0.882352941176471,1,0,0,0.117647058823529
14,2026081514,NUAA,W3,vibration_x+vibration_y,Dropout,11,1,1,0,0,0
14,2026081514,NUAA,W4,vibration_x+vibration_y,Dropout,28,1,1,0,0,0
14,2026081514,NUAA,W5,vibration_x+vibration_y,Dropout,7,1,1,0,0,0
14,2026081514,NUAA,W6,vibration_x+vibration_y,Dropout,14,1,1,0,0,0
14,2026081514,NUAA,W7,vibration_x+vibration_y,Dropout,8,1,1,0,0,0
14,2026081514,NUAA,W8,vibration_x+vibration_y,Dropout,31,1,1,0,0,0
14,2026081514,NUAA,W9,vibration_x+vibration_y,Dropout,7,1,1,0,0,0
14,2026081514,NUAA,W1,vibration_x+vibration_y,Bias,29,0,0,0.586206896551724,0.413793103448276,0
14,2026081514,NUAA,W2,vibration_x+vibration_y,Bias,17,0,0,0.647058823529412,0.352941176470588,0.117647058823529
14,2026081514,NUAA,W3,vibration_x+vibration_y,Bias,11,0.0909090909090909,0.0909090909090909,0.636363636363636,0.272727272727273,0
14,2026081514,NUAA,W4,vibration_x+vibration_y,Bias,28,0.107142857142857,0.107142857142857,0.428571428571429,0.464285714285714,0
14,2026081514,NUAA,W5,vibration_x+vibration_y,Bias,7,0.142857142857143,0.142857142857143,0.428571428571429,0.428571428571429,0
14,2026081514,NUAA,W6,vibration_x+vibration_y,Bias,14,0,0,0.5,0.5,0
14,2026081514,NUAA,W7,vibration_x+vibration_y,Bias,8,0,0,0.5,0.5,0
14,2026081514,NUAA,W8,vibration_x+vibration_y,Bias,31,0,0,0.483870967741935,0.516129032258065,0
14,2026081514,NUAA,W9,vibration_x+vibration_y,Bias,7,0,0,0.285714285714286,0.714285714285714,0
14,2026081514,NUAA,W1,vibration_x+vibration_y,Noise,29,0,0,0.0689655172413793,0.931034482758621,0
14,2026081514,NUAA,W2,vibration_x+vibration_y,Noise,17,0,0,0,1,0.117647058823529
14,2026081514,NUAA,W3,vibration_x+vibration_y,Noise,11,0,0,0,1,0
14,2026081514,NUAA,W4,vibration_x+vibration_y,Noise,28,0,0,0.0714285714285714,0.928571428571429,0
14,2026081514,NUAA,W5,vibration_x+vibration_y,Noise,7,0,0,0.142857142857143,0.857142857142857,0
14,2026081514,NUAA,W6,vibration_x+vibration_y,Noise,14,0,0,0,1,0
14,2026081514,NUAA,W7,vibration_x+vibration_y,Noise,8,0,0,0,1,0
14,2026081514,NUAA,W8,vibration_x+vibration_y,Noise,31,0,0,0,1,0
14,2026081514,NUAA,W9,vibration_x+vibration_y,Noise,7,0,0,0,1,0
14,2026081514,PHM2010,c1,force_z+vibration_x,Saturation,315,0.977777777777778,1,0,0,0.0222222222222222
14,2026081514,PHM2010,c4,force_z+vibration_x,Saturation,315,0.996825396825397,1,0,0,0.00317460317460317
14,2026081514,PHM2010,c6,force_z+vibration_x,Saturation,315,1,1,0,0,0
14,2026081514,PHM2010,c1,force_z+vibration_x,Dropout,315,0.977777777777778,1,0,0,0.0222222222222222
14,2026081514,PHM2010,c4,force_z+vibration_x,Dropout,315,0.996825396825397,1,0,0,0.00317460317460317
14,2026081514,PHM2010,c6,force_z+vibration_x,Dropout,315,0.492063492063492,0.492063492063492,0.507936507936508,0,0
14,2026081514,PHM2010,c1,force_z+vibration_x,Bias,315,0.0920634920634921,0.0920634920634921,0.492063492063492,0.415873015873016,0.0222222222222222
14,2026081514,PHM2010,c4,force_z+vibration_x,Bias,315,0.231746031746032,0.231746031746032,0.444444444444444,0.323809523809524,0.00317460317460317
14,2026081514,PHM2010,c6,force_z+vibration_x,Bias,315,0.00317460317460317,0.00317460317460317,0.349206349206349,0.647619047619048,0
14,2026081514,PHM2010,c1,force_z+vibration_x,Noise,315,0.00952380952380952,0.00952380952380952,0.231746031746032,0.758730158730159,0.0222222222222222
14,2026081514,PHM2010,c4,force_z+vibration_x,Noise,315,0,0,0.33968253968254,0.66031746031746,0.00317460317460317
14,2026081514,PHM2010,c6,force_z+vibration_x,Noise,315,0,0,0.0888888888888889,0.911111111111111,0
14,2026081514,PHM2010,c1,force_z+vibration_y,Saturation,315,0.971428571428571,1,0,0,0.0285714285714286
14,2026081514,PHM2010,c4,force_z+vibration_y,Saturation,315,0.987301587301587,1,0,0,0.0126984126984127
14,2026081514,PHM2010,c6,force_z+vibration_y,Saturation,315,1,1,0,0,0
14,2026081514,PHM2010,c1,force_z+vibration_y,Dropout,315,0.473015873015873,0.485714285714286,0.514285714285714,0,0.0285714285714286
14,2026081514,PHM2010,c4,force_z+vibration_y,Dropout,315,0.987301587301587,1,0,0,0.0126984126984127
14,2026081514,PHM2010,c6,force_z+vibration_y,Dropout,315,0.419047619047619,0.419047619047619,0.580952380952381,0,0
14,2026081514,PHM2010,c1,force_z+vibration_y,Bias,315,0.00317460317460317,0.00317460317460317,0.558730158730159,0.438095238095238,0.0285714285714286
14,2026081514,PHM2010,c4,force_z+vibration_y,Bias,315,0.0634920634920635,0.0634920634920635,0.638095238095238,0.298412698412698,0.0126984126984127
14,2026081514,PHM2010,c6,force_z+vibration_y,Bias,315,0,0,0.336507936507937,0.663492063492063,0
14,2026081514,PHM2010,c1,force_z+vibration_y,Noise,315,0,0,0.234920634920635,0.765079365079365,0.0285714285714286
14,2026081514,PHM2010,c4,force_z+vibration_y,Noise,315,0,0,0.374603174603175,0.625396825396825,0.0126984126984127
14,2026081514,PHM2010,c6,force_z+vibration_y,Noise,315,0,0,0.0507936507936508,0.949206349206349,0
14,2026081514,PHM2010,c1,vibration_x+vibration_y,Saturation,315,0.990476190476191,1,0,0,0.00952380952380952
14,2026081514,PHM2010,c4,vibration_x+vibration_y,Saturation,315,0.987301587301587,1,0,0,0.0126984126984127
14,2026081514,PHM2010,c6,vibration_x+vibration_y,Saturation,315,0.993650793650794,1,0,0,0.00634920634920635
14,2026081514,PHM2010,c1,vibration_x+vibration_y,Dropout,315,0.533333333333333,0.533333333333333,0.466666666666667,0,0.00952380952380952
14,2026081514,PHM2010,c4,vibration_x+vibration_y,Dropout,315,0.987301587301587,1,0,0,0.0126984126984127
14,2026081514,PHM2010,c6,vibration_x+vibration_y,Dropout,315,0.193650793650794,0.2,0.523809523809524,0.276190476190476,0.00634920634920635
14,2026081514,PHM2010,c1,vibration_x+vibration_y,Bias,315,0,0,0.161904761904762,0.838095238095238,0.00952380952380952
14,2026081514,PHM2010,c4,vibration_x+vibration_y,Bias,315,0.0571428571428571,0.0571428571428571,0.295238095238095,0.647619047619048,0.0126984126984127
14,2026081514,PHM2010,c6,vibration_x+vibration_y,Bias,315,0,0,0.00634920634920635,0.993650793650794,0.00634920634920635
14,2026081514,PHM2010,c1,vibration_x+vibration_y,Noise,315,0,0,0.0126984126984127,0.987301587301587,0.00952380952380952
14,2026081514,PHM2010,c4,vibration_x+vibration_y,Noise,315,0,0,0.0126984126984127,0.987301587301587,0.0126984126984127
14,2026081514,PHM2010,c6,vibration_x+vibration_y,Noise,315,0,0,0,1,0.00634920634920635
15,2026081515,NUAA,W1,force_z+vibration_x,Saturation,29,0.931034482758621,1,0,0,0.0689655172413793
15,2026081515,NUAA,W2,force_z+vibration_x,Saturation,17,1,1,0,0,0
15,2026081515,NUAA,W3,force_z+vibration_x,Saturation,11,1,1,0,0,0
15,2026081515,NUAA,W4,force_z+vibration_x,Saturation,28,0.928571428571429,0.964285714285714,0.0357142857142857,0,0.0357142857142857
15,2026081515,NUAA,W5,force_z+vibration_x,Saturation,7,1,1,0,0,0
15,2026081515,NUAA,W6,force_z+vibration_x,Saturation,14,1,1,0,0,0
15,2026081515,NUAA,W7,force_z+vibration_x,Saturation,8,1,1,0,0,0
15,2026081515,NUAA,W8,force_z+vibration_x,Saturation,31,0.935483870967742,0.935483870967742,0.0645161290322581,0,0
15,2026081515,NUAA,W9,force_z+vibration_x,Saturation,7,1,1,0,0,0
15,2026081515,NUAA,W1,force_z+vibration_x,Dropout,29,0.862068965517241,0.931034482758621,0.0689655172413793,0,0.0689655172413793
15,2026081515,NUAA,W2,force_z+vibration_x,Dropout,17,0.823529411764706,0.823529411764706,0.176470588235294,0,0
15,2026081515,NUAA,W3,force_z+vibration_x,Dropout,11,1,1,0,0,0
15,2026081515,NUAA,W4,force_z+vibration_x,Dropout,28,0.928571428571429,0.964285714285714,0.0357142857142857,0,0.0357142857142857
15,2026081515,NUAA,W5,force_z+vibration_x,Dropout,7,0.714285714285714,0.714285714285714,0.285714285714286,0,0
15,2026081515,NUAA,W6,force_z+vibration_x,Dropout,14,0.928571428571429,0.928571428571429,0.0714285714285714,0,0
15,2026081515,NUAA,W7,force_z+vibration_x,Dropout,8,1,1,0,0,0
15,2026081515,NUAA,W8,force_z+vibration_x,Dropout,31,0.967741935483871,0.967741935483871,0.032258064516129,0,0
15,2026081515,NUAA,W9,force_z+vibration_x,Dropout,7,1,1,0,0,0
15,2026081515,NUAA,W1,force_z+vibration_x,Bias,29,0,0,0.586206896551724,0.413793103448276,0.0689655172413793
15,2026081515,NUAA,W2,force_z+vibration_x,Bias,17,0,0,0.941176470588235,0.0588235294117647,0
15,2026081515,NUAA,W3,force_z+vibration_x,Bias,11,0.0909090909090909,0.0909090909090909,0.818181818181818,0.0909090909090909,0
15,2026081515,NUAA,W4,force_z+vibration_x,Bias,28,0,0,0.607142857142857,0.392857142857143,0.0357142857142857
15,2026081515,NUAA,W5,force_z+vibration_x,Bias,7,0.142857142857143,0.142857142857143,0.428571428571429,0.428571428571429,0
15,2026081515,NUAA,W6,force_z+vibration_x,Bias,14,0,0,0.571428571428571,0.428571428571429,0
15,2026081515,NUAA,W7,force_z+vibration_x,Bias,8,0.125,0.125,0.5,0.375,0
15,2026081515,NUAA,W8,force_z+vibration_x,Bias,31,0,0,0.67741935483871,0.32258064516129,0
15,2026081515,NUAA,W9,force_z+vibration_x,Bias,7,0,0,0.857142857142857,0.142857142857143,0
15,2026081515,NUAA,W1,force_z+vibration_x,Noise,29,0,0,0.586206896551724,0.413793103448276,0.0689655172413793
15,2026081515,NUAA,W2,force_z+vibration_x,Noise,17,0,0,0.764705882352941,0.235294117647059,0
15,2026081515,NUAA,W3,force_z+vibration_x,Noise,11,0,0,0.636363636363636,0.363636363636364,0
15,2026081515,NUAA,W4,force_z+vibration_x,Noise,28,0,0,0.714285714285714,0.285714285714286,0.0357142857142857
15,2026081515,NUAA,W5,force_z+vibration_x,Noise,7,0.142857142857143,0.142857142857143,0.571428571428571,0.285714285714286,0
15,2026081515,NUAA,W6,force_z+vibration_x,Noise,14,0,0,0.785714285714286,0.214285714285714,0
15,2026081515,NUAA,W7,force_z+vibration_x,Noise,8,0,0,1,0,0
15,2026081515,NUAA,W8,force_z+vibration_x,Noise,31,0,0,0.387096774193548,0.612903225806452,0
15,2026081515,NUAA,W9,force_z+vibration_x,Noise,7,0,0,1,0,0
15,2026081515,NUAA,W1,force_z+vibration_y,Saturation,29,0.931034482758621,0.931034482758621,0.0689655172413793,0,0
15,2026081515,NUAA,W2,force_z+vibration_y,Saturation,17,0.941176470588235,0.941176470588235,0.0588235294117647,0,0
15,2026081515,NUAA,W3,force_z+vibration_y,Saturation,11,1,1,0,0,0
15,2026081515,NUAA,W4,force_z+vibration_y,Saturation,28,1,1,0,0,0
15,2026081515,NUAA,W5,force_z+vibration_y,Saturation,7,0.857142857142857,1,0,0,0.142857142857143
15,2026081515,NUAA,W6,force_z+vibration_y,Saturation,14,0.928571428571429,0.928571428571429,0.0714285714285714,0,0
15,2026081515,NUAA,W7,force_z+vibration_y,Saturation,8,1,1,0,0,0
15,2026081515,NUAA,W8,force_z+vibration_y,Saturation,31,0.967741935483871,0.967741935483871,0.032258064516129,0,0
15,2026081515,NUAA,W9,force_z+vibration_y,Saturation,7,1,1,0,0,0
15,2026081515,NUAA,W1,force_z+vibration_y,Dropout,29,0.96551724137931,0.96551724137931,0.0344827586206897,0,0
15,2026081515,NUAA,W2,force_z+vibration_y,Dropout,17,0.941176470588235,0.941176470588235,0.0588235294117647,0,0
15,2026081515,NUAA,W3,force_z+vibration_y,Dropout,11,1,1,0,0,0
15,2026081515,NUAA,W4,force_z+vibration_y,Dropout,28,0.964285714285714,0.964285714285714,0.0357142857142857,0,0
15,2026081515,NUAA,W5,force_z+vibration_y,Dropout,7,0.714285714285714,0.857142857142857,0.142857142857143,0,0.142857142857143
15,2026081515,NUAA,W6,force_z+vibration_y,Dropout,14,0.928571428571429,0.928571428571429,0.0714285714285714,0,0
15,2026081515,NUAA,W7,force_z+vibration_y,Dropout,8,1,1,0,0,0
15,2026081515,NUAA,W8,force_z+vibration_y,Dropout,31,0.903225806451613,0.903225806451613,0.0967741935483871,0,0
15,2026081515,NUAA,W9,force_z+vibration_y,Dropout,7,0.714285714285714,0.714285714285714,0.285714285714286,0,0
15,2026081515,NUAA,W1,force_z+vibration_y,Bias,29,0.413793103448276,0.413793103448276,0.482758620689655,0.103448275862069,0
15,2026081515,NUAA,W2,force_z+vibration_y,Bias,17,0.470588235294118,0.470588235294118,0.470588235294118,0.0588235294117647,0
15,2026081515,NUAA,W3,force_z+vibration_y,Bias,11,0.272727272727273,0.272727272727273,0.636363636363636,0.0909090909090909,0
15,2026081515,NUAA,W4,force_z+vibration_y,Bias,28,0.321428571428571,0.321428571428571,0.571428571428571,0.107142857142857,0
15,2026081515,NUAA,W5,force_z+vibration_y,Bias,7,0.428571428571429,0.428571428571429,0.428571428571429,0.142857142857143,0.142857142857143
15,2026081515,NUAA,W6,force_z+vibration_y,Bias,14,0.214285714285714,0.214285714285714,0.785714285714286,0,0
15,2026081515,NUAA,W7,force_z+vibration_y,Bias,8,0.25,0.25,0.625,0.125,0
15,2026081515,NUAA,W8,force_z+vibration_y,Bias,31,0.225806451612903,0.225806451612903,0.612903225806452,0.161290322580645,0
15,2026081515,NUAA,W9,force_z+vibration_y,Bias,7,0.285714285714286,0.285714285714286,0.571428571428571,0.142857142857143,0
15,2026081515,NUAA,W1,force_z+vibration_y,Noise,29,0.0689655172413793,0.0689655172413793,0.551724137931034,0.379310344827586,0
15,2026081515,NUAA,W2,force_z+vibration_y,Noise,17,0,0,0.588235294117647,0.411764705882353,0
15,2026081515,NUAA,W3,force_z+vibration_y,Noise,11,0,0,0.636363636363636,0.363636363636364,0
15,2026081515,NUAA,W4,force_z+vibration_y,Noise,28,0.142857142857143,0.142857142857143,0.5,0.357142857142857,0
15,2026081515,NUAA,W5,force_z+vibration_y,Noise,7,0,0,0.428571428571429,0.571428571428571,0.142857142857143
15,2026081515,NUAA,W6,force_z+vibration_y,Noise,14,0,0,0.714285714285714,0.285714285714286,0
15,2026081515,NUAA,W7,force_z+vibration_y,Noise,8,0,0,0.625,0.375,0
15,2026081515,NUAA,W8,force_z+vibration_y,Noise,31,0,0,0.612903225806452,0.387096774193548,0
15,2026081515,NUAA,W9,force_z+vibration_y,Noise,7,0,0,0.857142857142857,0.142857142857143,0
15,2026081515,NUAA,W1,vibration_x+vibration_y,Saturation,29,1,1,0,0,0
15,2026081515,NUAA,W2,vibration_x+vibration_y,Saturation,17,0.882352941176471,1,0,0,0.117647058823529
15,2026081515,NUAA,W3,vibration_x+vibration_y,Saturation,11,1,1,0,0,0
15,2026081515,NUAA,W4,vibration_x+vibration_y,Saturation,28,1,1,0,0,0
15,2026081515,NUAA,W5,vibration_x+vibration_y,Saturation,7,1,1,0,0,0
15,2026081515,NUAA,W6,vibration_x+vibration_y,Saturation,14,1,1,0,0,0
15,2026081515,NUAA,W7,vibration_x+vibration_y,Saturation,8,1,1,0,0,0
15,2026081515,NUAA,W8,vibration_x+vibration_y,Saturation,31,1,1,0,0,0
15,2026081515,NUAA,W9,vibration_x+vibration_y,Saturation,7,1,1,0,0,0
15,2026081515,NUAA,W1,vibration_x+vibration_y,Dropout,29,1,1,0,0,0
15,2026081515,NUAA,W2,vibration_x+vibration_y,Dropout,17,0.882352941176471,1,0,0,0.117647058823529
15,2026081515,NUAA,W3,vibration_x+vibration_y,Dropout,11,1,1,0,0,0
15,2026081515,NUAA,W4,vibration_x+vibration_y,Dropout,28,1,1,0,0,0
15,2026081515,NUAA,W5,vibration_x+vibration_y,Dropout,7,1,1,0,0,0
15,2026081515,NUAA,W6,vibration_x+vibration_y,Dropout,14,1,1,0,0,0
15,2026081515,NUAA,W7,vibration_x+vibration_y,Dropout,8,1,1,0,0,0
15,2026081515,NUAA,W8,vibration_x+vibration_y,Dropout,31,1,1,0,0,0
15,2026081515,NUAA,W9,vibration_x+vibration_y,Dropout,7,1,1,0,0,0
15,2026081515,NUAA,W1,vibration_x+vibration_y,Bias,29,0.0344827586206897,0.0344827586206897,0.517241379310345,0.448275862068966,0
15,2026081515,NUAA,W2,vibration_x+vibration_y,Bias,17,0,0,0.470588235294118,0.529411764705882,0.117647058823529
15,2026081515,NUAA,W3,vibration_x+vibration_y,Bias,11,0,0,0.363636363636364,0.636363636363636,0
15,2026081515,NUAA,W4,vibration_x+vibration_y,Bias,28,0,0,0.535714285714286,0.464285714285714,0
15,2026081515,NUAA,W5,vibration_x+vibration_y,Bias,7,0.285714285714286,0.285714285714286,0.571428571428571,0.142857142857143,0
15,2026081515,NUAA,W6,vibration_x+vibration_y,Bias,14,0,0,0.857142857142857,0.142857142857143,0
15,2026081515,NUAA,W7,vibration_x+vibration_y,Bias,8,0,0,0.625,0.375,0
15,2026081515,NUAA,W8,vibration_x+vibration_y,Bias,31,0,0,0.645161290322581,0.354838709677419,0
15,2026081515,NUAA,W9,vibration_x+vibration_y,Bias,7,0,0,0.571428571428571,0.428571428571429,0
15,2026081515,NUAA,W1,vibration_x+vibration_y,Noise,29,0,0,0.103448275862069,0.896551724137931,0
15,2026081515,NUAA,W2,vibration_x+vibration_y,Noise,17,0,0,0,1,0.117647058823529
15,2026081515,NUAA,W3,vibration_x+vibration_y,Noise,11,0,0,0.0909090909090909,0.909090909090909,0
15,2026081515,NUAA,W4,vibration_x+vibration_y,Noise,28,0,0,0.107142857142857,0.892857142857143,0
15,2026081515,NUAA,W5,vibration_x+vibration_y,Noise,7,0,0,0.142857142857143,0.857142857142857,0
15,2026081515,NUAA,W6,vibration_x+vibration_y,Noise,14,0,0,0,1,0
15,2026081515,NUAA,W7,vibration_x+vibration_y,Noise,8,0,0,0,1,0
15,2026081515,NUAA,W8,vibration_x+vibration_y,Noise,31,0,0,0,1,0
15,2026081515,NUAA,W9,vibration_x+vibration_y,Noise,7,0,0,0,1,0
15,2026081515,PHM2010,c1,force_z+vibration_x,Saturation,315,0.977777777777778,1,0,0,0.0222222222222222
15,2026081515,PHM2010,c4,force_z+vibration_x,Saturation,315,0.996825396825397,1,0,0,0.00317460317460317
15,2026081515,PHM2010,c6,force_z+vibration_x,Saturation,315,1,1,0,0,0
15,2026081515,PHM2010,c1,force_z+vibration_x,Dropout,315,0.977777777777778,1,0,0,0.0222222222222222
15,2026081515,PHM2010,c4,force_z+vibration_x,Dropout,315,0.996825396825397,1,0,0,0.00317460317460317
15,2026081515,PHM2010,c6,force_z+vibration_x,Dropout,315,0.473015873015873,0.473015873015873,0.526984126984127,0,0
15,2026081515,PHM2010,c1,force_z+vibration_x,Bias,315,0.0825396825396825,0.0825396825396825,0.526984126984127,0.39047619047619,0.0222222222222222
15,2026081515,PHM2010,c4,force_z+vibration_x,Bias,315,0.20952380952381,0.212698412698413,0.542857142857143,0.244444444444444,0.00317460317460317
15,2026081515,PHM2010,c6,force_z+vibration_x,Bias,315,0.00317460317460317,0.00317460317460317,0.307936507936508,0.688888888888889,0
15,2026081515,PHM2010,c1,force_z+vibration_x,Noise,315,0.00317460317460317,0.00317460317460317,0.206349206349206,0.79047619047619,0.0222222222222222
15,2026081515,PHM2010,c4,force_z+vibration_x,Noise,315,0,0,0.441269841269841,0.558730158730159,0.00317460317460317
15,2026081515,PHM2010,c6,force_z+vibration_x,Noise,315,0,0,0.0698412698412698,0.93015873015873,0
15,2026081515,PHM2010,c1,force_z+vibration_y,Saturation,315,0.971428571428571,1,0,0,0.0285714285714286
15,2026081515,PHM2010,c4,force_z+vibration_y,Saturation,315,0.987301587301587,1,0,0,0.0126984126984127
15,2026081515,PHM2010,c6,force_z+vibration_y,Saturation,315,1,1,0,0,0
15,2026081515,PHM2010,c1,force_z+vibration_y,Dropout,315,0.517460317460318,0.533333333333333,0.466666666666667,0,0.0285714285714286
15,2026081515,PHM2010,c4,force_z+vibration_y,Dropout,315,0.987301587301587,1,0,0,0.0126984126984127
15,2026081515,PHM2010,c6,force_z+vibration_y,Dropout,315,0.425396825396825,0.425396825396825,0.574603174603175,0,0
15,2026081515,PHM2010,c1,force_z+vibration_y,Bias,315,0.00634920634920635,0.00634920634920635,0.565079365079365,0.428571428571429,0.0285714285714286
15,2026081515,PHM2010,c4,force_z+vibration_y,Bias,315,0.0920634920634921,0.0920634920634921,0.552380952380952,0.355555555555556,0.0126984126984127
15,2026081515,PHM2010,c6,force_z+vibration_y,Bias,315,0,0,0.320634920634921,0.679365079365079,0
15,2026081515,PHM2010,c1,force_z+vibration_y,Noise,315,0,0,0.273015873015873,0.726984126984127,0.0285714285714286
15,2026081515,PHM2010,c4,force_z+vibration_y,Noise,315,0,0,0.4,0.6,0.0126984126984127
15,2026081515,PHM2010,c6,force_z+vibration_y,Noise,315,0,0,0.0666666666666667,0.933333333333333,0
15,2026081515,PHM2010,c1,vibration_x+vibration_y,Saturation,315,0.990476190476191,1,0,0,0.00952380952380952
15,2026081515,PHM2010,c4,vibration_x+vibration_y,Saturation,315,0.987301587301587,1,0,0,0.0126984126984127
15,2026081515,PHM2010,c6,vibration_x+vibration_y,Saturation,315,0.993650793650794,1,0,0,0.00634920634920635
15,2026081515,PHM2010,c1,vibration_x+vibration_y,Dropout,315,0.59047619047619,0.593650793650794,0.406349206349206,0,0.00952380952380952
15,2026081515,PHM2010,c4,vibration_x+vibration_y,Dropout,315,0.987301587301587,1,0,0,0.0126984126984127
15,2026081515,PHM2010,c6,vibration_x+vibration_y,Dropout,315,0.215873015873016,0.219047619047619,0.501587301587302,0.279365079365079,0.00634920634920635
15,2026081515,PHM2010,c1,vibration_x+vibration_y,Bias,315,0.00634920634920635,0.00634920634920635,0.146031746031746,0.847619047619048,0.00952380952380952
15,2026081515,PHM2010,c4,vibration_x+vibration_y,Bias,315,0.0603174603174603,0.0603174603174603,0.365079365079365,0.574603174603175,0.0126984126984127
15,2026081515,PHM2010,c6,vibration_x+vibration_y,Bias,315,0,0,0.00634920634920635,0.993650793650794,0.00634920634920635
15,2026081515,PHM2010,c1,vibration_x+vibration_y,Noise,315,0,0,0.0126984126984127,0.987301587301587,0.00952380952380952
15,2026081515,PHM2010,c4,vibration_x+vibration_y,Noise,315,0,0,0.00317460317460317,0.996825396825397,0.0126984126984127
15,2026081515,PHM2010,c6,vibration_x+vibration_y,Noise,315,0,0,0,1,0.00634920634920635
16,2026081516,NUAA,W1,force_z+vibration_x,Saturation,29,0.793103448275862,0.862068965517241,0.137931034482759,0,0.0689655172413793
16,2026081516,NUAA,W2,force_z+vibration_x,Saturation,17,1,1,0,0,0
16,2026081516,NUAA,W3,force_z+vibration_x,Saturation,11,1,1,0,0,0
16,2026081516,NUAA,W4,force_z+vibration_x,Saturation,28,0.928571428571429,0.964285714285714,0.0357142857142857,0,0.0357142857142857
16,2026081516,NUAA,W5,force_z+vibration_x,Saturation,7,1,1,0,0,0
16,2026081516,NUAA,W6,force_z+vibration_x,Saturation,14,0.928571428571429,0.928571428571429,0.0714285714285714,0,0
16,2026081516,NUAA,W7,force_z+vibration_x,Saturation,8,1,1,0,0,0
16,2026081516,NUAA,W8,force_z+vibration_x,Saturation,31,0.967741935483871,0.967741935483871,0.032258064516129,0,0
16,2026081516,NUAA,W9,force_z+vibration_x,Saturation,7,1,1,0,0,0
16,2026081516,NUAA,W1,force_z+vibration_x,Dropout,29,0.896551724137931,0.96551724137931,0.0344827586206897,0,0.0689655172413793
16,2026081516,NUAA,W2,force_z+vibration_x,Dropout,17,0.941176470588235,0.941176470588235,0.0588235294117647,0,0
16,2026081516,NUAA,W3,force_z+vibration_x,Dropout,11,0.727272727272727,0.727272727272727,0.272727272727273,0,0
16,2026081516,NUAA,W4,force_z+vibration_x,Dropout,28,0.857142857142857,0.892857142857143,0.107142857142857,0,0.0357142857142857
16,2026081516,NUAA,W5,force_z+vibration_x,Dropout,7,0.857142857142857,0.857142857142857,0.142857142857143,0,0
16,2026081516,NUAA,W6,force_z+vibration_x,Dropout,14,0.928571428571429,0.928571428571429,0.0714285714285714,0,0
16,2026081516,NUAA,W7,force_z+vibration_x,Dropout,8,0.875,0.875,0.125,0,0
16,2026081516,NUAA,W8,force_z+vibration_x,Dropout,31,0.967741935483871,0.967741935483871,0.032258064516129,0,0
16,2026081516,NUAA,W9,force_z+vibration_x,Dropout,7,0.857142857142857,0.857142857142857,0.142857142857143,0,0
16,2026081516,NUAA,W1,force_z+vibration_x,Bias,29,0,0,0.827586206896552,0.172413793103448,0.0689655172413793
16,2026081516,NUAA,W2,force_z+vibration_x,Bias,17,0,0,0.764705882352941,0.235294117647059,0
16,2026081516,NUAA,W3,force_z+vibration_x,Bias,11,0,0,0.636363636363636,0.363636363636364,0
16,2026081516,NUAA,W4,force_z+vibration_x,Bias,28,0.0357142857142857,0.0357142857142857,0.642857142857143,0.321428571428571,0.0357142857142857
16,2026081516,NUAA,W5,force_z+vibration_x,Bias,7,0.142857142857143,0.142857142857143,0.857142857142857,0,0
16,2026081516,NUAA,W6,force_z+vibration_x,Bias,14,0.0714285714285714,0.0714285714285714,0.142857142857143,0.785714285714286,0
16,2026081516,NUAA,W7,force_z+vibration_x,Bias,8,0.375,0.375,0.5,0.125,0
16,2026081516,NUAA,W8,force_z+vibration_x,Bias,31,0,0,0.387096774193548,0.612903225806452,0
16,2026081516,NUAA,W9,force_z+vibration_x,Bias,7,0.285714285714286,0.285714285714286,0.571428571428571,0.142857142857143,0
16,2026081516,NUAA,W1,force_z+vibration_x,Noise,29,0,0,0.689655172413793,0.310344827586207,0.0689655172413793
16,2026081516,NUAA,W2,force_z+vibration_x,Noise,17,0,0,0.705882352941177,0.294117647058824,0
16,2026081516,NUAA,W3,force_z+vibration_x,Noise,11,0,0,0.818181818181818,0.181818181818182,0
16,2026081516,NUAA,W4,force_z+vibration_x,Noise,28,0,0,0.5,0.5,0.0357142857142857
16,2026081516,NUAA,W5,force_z+vibration_x,Noise,7,0.285714285714286,0.285714285714286,0.428571428571429,0.285714285714286,0
16,2026081516,NUAA,W6,force_z+vibration_x,Noise,14,0,0,0.5,0.5,0
16,2026081516,NUAA,W7,force_z+vibration_x,Noise,8,0,0,0.5,0.5,0
16,2026081516,NUAA,W8,force_z+vibration_x,Noise,31,0,0,0.419354838709677,0.580645161290323,0
16,2026081516,NUAA,W9,force_z+vibration_x,Noise,7,0,0,0.571428571428571,0.428571428571429,0
16,2026081516,NUAA,W1,force_z+vibration_y,Saturation,29,1,1,0,0,0
16,2026081516,NUAA,W2,force_z+vibration_y,Saturation,17,1,1,0,0,0
16,2026081516,NUAA,W3,force_z+vibration_y,Saturation,11,1,1,0,0,0
16,2026081516,NUAA,W4,force_z+vibration_y,Saturation,28,1,1,0,0,0
16,2026081516,NUAA,W5,force_z+vibration_y,Saturation,7,0.857142857142857,1,0,0,0.142857142857143
16,2026081516,NUAA,W6,force_z+vibration_y,Saturation,14,0.928571428571429,0.928571428571429,0.0714285714285714,0,0
16,2026081516,NUAA,W7,force_z+vibration_y,Saturation,8,1,1,0,0,0
16,2026081516,NUAA,W8,force_z+vibration_y,Saturation,31,0.838709677419355,0.838709677419355,0.161290322580645,0,0
16,2026081516,NUAA,W9,force_z+vibration_y,Saturation,7,1,1,0,0,0
16,2026081516,NUAA,W1,force_z+vibration_y,Dropout,29,0.931034482758621,0.931034482758621,0.0689655172413793,0,0
16,2026081516,NUAA,W2,force_z+vibration_y,Dropout,17,0.941176470588235,0.941176470588235,0.0588235294117647,0,0
16,2026081516,NUAA,W3,force_z+vibration_y,Dropout,11,0.909090909090909,0.909090909090909,0.0909090909090909,0,0
16,2026081516,NUAA,W4,force_z+vibration_y,Dropout,28,0.964285714285714,0.964285714285714,0.0357142857142857,0,0
16,2026081516,NUAA,W5,force_z+vibration_y,Dropout,7,0.857142857142857,1,0,0,0.142857142857143
16,2026081516,NUAA,W6,force_z+vibration_y,Dropout,14,1,1,0,0,0
16,2026081516,NUAA,W7,force_z+vibration_y,Dropout,8,1,1,0,0,0
16,2026081516,NUAA,W8,force_z+vibration_y,Dropout,31,0.967741935483871,0.967741935483871,0.032258064516129,0,0
16,2026081516,NUAA,W9,force_z+vibration_y,Dropout,7,0.857142857142857,0.857142857142857,0.142857142857143,0,0
16,2026081516,NUAA,W1,force_z+vibration_y,Bias,29,0.448275862068966,0.448275862068966,0.310344827586207,0.241379310344828,0
16,2026081516,NUAA,W2,force_z+vibration_y,Bias,17,0.411764705882353,0.411764705882353,0.352941176470588,0.235294117647059,0
16,2026081516,NUAA,W3,force_z+vibration_y,Bias,11,0.363636363636364,0.363636363636364,0.272727272727273,0.363636363636364,0
16,2026081516,NUAA,W4,force_z+vibration_y,Bias,28,0.321428571428571,0.321428571428571,0.428571428571429,0.25,0
16,2026081516,NUAA,W5,force_z+vibration_y,Bias,7,0.285714285714286,0.285714285714286,0.428571428571429,0.285714285714286,0.142857142857143
16,2026081516,NUAA,W6,force_z+vibration_y,Bias,14,0.142857142857143,0.142857142857143,0.642857142857143,0.214285714285714,0
16,2026081516,NUAA,W7,force_z+vibration_y,Bias,8,0.375,0.375,0.25,0.375,0
16,2026081516,NUAA,W8,force_z+vibration_y,Bias,31,0.290322580645161,0.290322580645161,0.548387096774194,0.161290322580645,0
16,2026081516,NUAA,W9,force_z+vibration_y,Bias,7,0.142857142857143,0.142857142857143,0.714285714285714,0.142857142857143,0
16,2026081516,NUAA,W1,force_z+vibration_y,Noise,29,0.0344827586206897,0.0344827586206897,0.724137931034483,0.241379310344828,0
16,2026081516,NUAA,W2,force_z+vibration_y,Noise,17,0,0,0.823529411764706,0.176470588235294,0
16,2026081516,NUAA,W3,force_z+vibration_y,Noise,11,0,0,0.727272727272727,0.272727272727273,0
16,2026081516,NUAA,W4,force_z+vibration_y,Noise,28,0.0714285714285714,0.0714285714285714,0.642857142857143,0.285714285714286,0
16,2026081516,NUAA,W5,force_z+vibration_y,Noise,7,0,0,0.857142857142857,0.142857142857143,0.142857142857143
16,2026081516,NUAA,W6,force_z+vibration_y,Noise,14,0,0,0.5,0.5,0
16,2026081516,NUAA,W7,force_z+vibration_y,Noise,8,0,0,0.75,0.25,0
16,2026081516,NUAA,W8,force_z+vibration_y,Noise,31,0.032258064516129,0.032258064516129,0.516129032258065,0.451612903225806,0
16,2026081516,NUAA,W9,force_z+vibration_y,Noise,7,0,0,0.285714285714286,0.714285714285714,0
16,2026081516,NUAA,W1,vibration_x+vibration_y,Saturation,29,1,1,0,0,0
16,2026081516,NUAA,W2,vibration_x+vibration_y,Saturation,17,0.882352941176471,1,0,0,0.117647058823529
16,2026081516,NUAA,W3,vibration_x+vibration_y,Saturation,11,1,1,0,0,0
16,2026081516,NUAA,W4,vibration_x+vibration_y,Saturation,28,1,1,0,0,0
16,2026081516,NUAA,W5,vibration_x+vibration_y,Saturation,7,1,1,0,0,0
16,2026081516,NUAA,W6,vibration_x+vibration_y,Saturation,14,1,1,0,0,0
16,2026081516,NUAA,W7,vibration_x+vibration_y,Saturation,8,1,1,0,0,0
16,2026081516,NUAA,W8,vibration_x+vibration_y,Saturation,31,1,1,0,0,0
16,2026081516,NUAA,W9,vibration_x+vibration_y,Saturation,7,1,1,0,0,0
16,2026081516,NUAA,W1,vibration_x+vibration_y,Dropout,29,1,1,0,0,0
16,2026081516,NUAA,W2,vibration_x+vibration_y,Dropout,17,0.882352941176471,1,0,0,0.117647058823529
16,2026081516,NUAA,W3,vibration_x+vibration_y,Dropout,11,1,1,0,0,0
16,2026081516,NUAA,W4,vibration_x+vibration_y,Dropout,28,1,1,0,0,0
16,2026081516,NUAA,W5,vibration_x+vibration_y,Dropout,7,1,1,0,0,0
16,2026081516,NUAA,W6,vibration_x+vibration_y,Dropout,14,1,1,0,0,0
16,2026081516,NUAA,W7,vibration_x+vibration_y,Dropout,8,1,1,0,0,0
16,2026081516,NUAA,W8,vibration_x+vibration_y,Dropout,31,1,1,0,0,0
16,2026081516,NUAA,W9,vibration_x+vibration_y,Dropout,7,1,1,0,0,0
16,2026081516,NUAA,W1,vibration_x+vibration_y,Bias,29,0.0344827586206897,0.0344827586206897,0.448275862068966,0.517241379310345,0
16,2026081516,NUAA,W2,vibration_x+vibration_y,Bias,17,0,0,0.705882352941177,0.294117647058824,0.117647058823529
16,2026081516,NUAA,W3,vibration_x+vibration_y,Bias,11,0,0,0.727272727272727,0.272727272727273,0
16,2026081516,NUAA,W4,vibration_x+vibration_y,Bias,28,0.0357142857142857,0.0357142857142857,0.607142857142857,0.357142857142857,0
16,2026081516,NUAA,W5,vibration_x+vibration_y,Bias,7,0.142857142857143,0.142857142857143,0.428571428571429,0.428571428571429,0
16,2026081516,NUAA,W6,vibration_x+vibration_y,Bias,14,0,0,0.5,0.5,0
16,2026081516,NUAA,W7,vibration_x+vibration_y,Bias,8,0,0,0.75,0.25,0
16,2026081516,NUAA,W8,vibration_x+vibration_y,Bias,31,0.032258064516129,0.032258064516129,0.387096774193548,0.580645161290323,0
16,2026081516,NUAA,W9,vibration_x+vibration_y,Bias,7,0.142857142857143,0.142857142857143,0.142857142857143,0.714285714285714,0
16,2026081516,NUAA,W1,vibration_x+vibration_y,Noise,29,0,0,0.0689655172413793,0.931034482758621,0
16,2026081516,NUAA,W2,vibration_x+vibration_y,Noise,17,0,0,0,1,0.117647058823529
16,2026081516,NUAA,W3,vibration_x+vibration_y,Noise,11,0,0,0,1,0
16,2026081516,NUAA,W4,vibration_x+vibration_y,Noise,28,0,0,0.142857142857143,0.857142857142857,0
16,2026081516,NUAA,W5,vibration_x+vibration_y,Noise,7,0,0,0.142857142857143,0.857142857142857,0
16,2026081516,NUAA,W6,vibration_x+vibration_y,Noise,14,0,0,0,1,0
16,2026081516,NUAA,W7,vibration_x+vibration_y,Noise,8,0,0,0,1,0
16,2026081516,NUAA,W8,vibration_x+vibration_y,Noise,31,0,0,0,1,0
16,2026081516,NUAA,W9,vibration_x+vibration_y,Noise,7,0,0,0,1,0
16,2026081516,PHM2010,c1,force_z+vibration_x,Saturation,315,0.977777777777778,1,0,0,0.0222222222222222
16,2026081516,PHM2010,c4,force_z+vibration_x,Saturation,315,0.996825396825397,1,0,0,0.00317460317460317
16,2026081516,PHM2010,c6,force_z+vibration_x,Saturation,315,1,1,0,0,0
16,2026081516,PHM2010,c1,force_z+vibration_x,Dropout,315,0.977777777777778,1,0,0,0.0222222222222222
16,2026081516,PHM2010,c4,force_z+vibration_x,Dropout,315,0.996825396825397,1,0,0,0.00317460317460317
16,2026081516,PHM2010,c6,force_z+vibration_x,Dropout,315,0.577777777777778,0.577777777777778,0.422222222222222,0,0
16,2026081516,PHM2010,c1,force_z+vibration_x,Bias,315,0.126984126984127,0.13015873015873,0.457142857142857,0.412698412698413,0.0222222222222222
16,2026081516,PHM2010,c4,force_z+vibration_x,Bias,315,0.215873015873016,0.219047619047619,0.485714285714286,0.295238095238095,0.00317460317460317
16,2026081516,PHM2010,c6,force_z+vibration_x,Bias,315,0,0,0.33968253968254,0.66031746031746,0
16,2026081516,PHM2010,c1,force_z+vibration_x,Noise,315,0.00952380952380952,0.00952380952380952,0.234920634920635,0.755555555555556,0.0222222222222222
16,2026081516,PHM2010,c4,force_z+vibration_x,Noise,315,0,0,0.403174603174603,0.596825396825397,0.00317460317460317
16,2026081516,PHM2010,c6,force_z+vibration_x,Noise,315,0,0,0.0793650793650794,0.920634920634921,0
16,2026081516,PHM2010,c1,force_z+vibration_y,Saturation,315,0.971428571428571,1,0,0,0.0285714285714286
16,2026081516,PHM2010,c4,force_z+vibration_y,Saturation,315,0.987301587301587,1,0,0,0.0126984126984127
16,2026081516,PHM2010,c6,force_z+vibration_y,Saturation,315,1,1,0,0,0
16,2026081516,PHM2010,c1,force_z+vibration_y,Dropout,315,0.53968253968254,0.558730158730159,0.441269841269841,0,0.0285714285714286
16,2026081516,PHM2010,c4,force_z+vibration_y,Dropout,315,0.987301587301587,1,0,0,0.0126984126984127
16,2026081516,PHM2010,c6,force_z+vibration_y,Dropout,315,0.431746031746032,0.431746031746032,0.568253968253968,0,0
16,2026081516,PHM2010,c1,force_z+vibration_y,Bias,315,0.00317460317460317,0.00317460317460317,0.523809523809524,0.473015873015873,0.0285714285714286
16,2026081516,PHM2010,c4,force_z+vibration_y,Bias,315,0.0761904761904762,0.0761904761904762,0.584126984126984,0.33968253968254,0.0126984126984127
16,2026081516,PHM2010,c6,force_z+vibration_y,Bias,315,0,0,0.377777777777778,0.622222222222222,0
16,2026081516,PHM2010,c1,force_z+vibration_y,Noise,315,0,0,0.228571428571429,0.771428571428571,0.0285714285714286
16,2026081516,PHM2010,c4,force_z+vibration_y,Noise,315,0,0,0.384126984126984,0.615873015873016,0.0126984126984127
16,2026081516,PHM2010,c6,force_z+vibration_y,Noise,315,0,0,0.0634920634920635,0.936507936507937,0
16,2026081516,PHM2010,c1,vibration_x+vibration_y,Saturation,315,0.990476190476191,1,0,0,0.00952380952380952
16,2026081516,PHM2010,c4,vibration_x+vibration_y,Saturation,315,0.987301587301587,1,0,0,0.0126984126984127
16,2026081516,PHM2010,c6,vibration_x+vibration_y,Saturation,315,0.993650793650794,1,0,0,0.00634920634920635
16,2026081516,PHM2010,c1,vibration_x+vibration_y,Dropout,315,0.542857142857143,0.546031746031746,0.453968253968254,0,0.00952380952380952
16,2026081516,PHM2010,c4,vibration_x+vibration_y,Dropout,315,0.987301587301587,1,0,0,0.0126984126984127
16,2026081516,PHM2010,c6,vibration_x+vibration_y,Dropout,315,0.212698412698413,0.215873015873016,0.492063492063492,0.292063492063492,0.00634920634920635
16,2026081516,PHM2010,c1,vibration_x+vibration_y,Bias,315,0.00317460317460317,0.00317460317460317,0.158730158730159,0.838095238095238,0.00952380952380952
16,2026081516,PHM2010,c4,vibration_x+vibration_y,Bias,315,0.053968253968254,0.053968253968254,0.276190476190476,0.66984126984127,0.0126984126984127
16,2026081516,PHM2010,c6,vibration_x+vibration_y,Bias,315,0,0,0.00634920634920635,0.993650793650794,0.00634920634920635
16,2026081516,PHM2010,c1,vibration_x+vibration_y,Noise,315,0,0,0.0317460317460317,0.968253968253968,0.00952380952380952
16,2026081516,PHM2010,c4,vibration_x+vibration_y,Noise,315,0,0,0,1,0.0126984126984127
16,2026081516,PHM2010,c6,vibration_x+vibration_y,Noise,315,0,0,0,1,0.00634920634920635
17,2026081517,NUAA,W1,force_z+vibration_x,Saturation,29,0.931034482758621,1,0,0,0.0689655172413793
17,2026081517,NUAA,W2,force_z+vibration_x,Saturation,17,1,1,0,0,0
17,2026081517,NUAA,W3,force_z+vibration_x,Saturation,11,1,1,0,0,0
17,2026081517,NUAA,W4,force_z+vibration_x,Saturation,28,0.892857142857143,0.928571428571429,0.0714285714285714,0,0.0357142857142857
17,2026081517,NUAA,W5,force_z+vibration_x,Saturation,7,1,1,0,0,0
17,2026081517,NUAA,W6,force_z+vibration_x,Saturation,14,1,1,0,0,0
17,2026081517,NUAA,W7,force_z+vibration_x,Saturation,8,1,1,0,0,0
17,2026081517,NUAA,W8,force_z+vibration_x,Saturation,31,0.967741935483871,0.967741935483871,0.032258064516129,0,0
17,2026081517,NUAA,W9,force_z+vibration_x,Saturation,7,1,1,0,0,0
17,2026081517,NUAA,W1,force_z+vibration_x,Dropout,29,0.896551724137931,0.96551724137931,0.0344827586206897,0,0.0689655172413793
17,2026081517,NUAA,W2,force_z+vibration_x,Dropout,17,0.882352941176471,0.882352941176471,0.117647058823529,0,0
17,2026081517,NUAA,W3,force_z+vibration_x,Dropout,11,1,1,0,0,0
17,2026081517,NUAA,W4,force_z+vibration_x,Dropout,28,0.821428571428571,0.857142857142857,0.142857142857143,0,0.0357142857142857
17,2026081517,NUAA,W5,force_z+vibration_x,Dropout,7,0.857142857142857,0.857142857142857,0.142857142857143,0,0
17,2026081517,NUAA,W6,force_z+vibration_x,Dropout,14,0.857142857142857,0.857142857142857,0.142857142857143,0,0
17,2026081517,NUAA,W7,force_z+vibration_x,Dropout,8,1,1,0,0,0
17,2026081517,NUAA,W8,force_z+vibration_x,Dropout,31,0.935483870967742,0.935483870967742,0.0645161290322581,0,0
17,2026081517,NUAA,W9,force_z+vibration_x,Dropout,7,0.857142857142857,0.857142857142857,0.142857142857143,0,0
17,2026081517,NUAA,W1,force_z+vibration_x,Bias,29,0.0344827586206897,0.0344827586206897,0.482758620689655,0.482758620689655,0.0689655172413793
17,2026081517,NUAA,W2,force_z+vibration_x,Bias,17,0,0,0.882352941176471,0.117647058823529,0
17,2026081517,NUAA,W3,force_z+vibration_x,Bias,11,0,0,0.454545454545455,0.545454545454545,0
17,2026081517,NUAA,W4,force_z+vibration_x,Bias,28,0.0357142857142857,0.0357142857142857,0.464285714285714,0.5,0.0357142857142857
17,2026081517,NUAA,W5,force_z+vibration_x,Bias,7,0.285714285714286,0.285714285714286,0.714285714285714,0,0
17,2026081517,NUAA,W6,force_z+vibration_x,Bias,14,0,0,0.714285714285714,0.285714285714286,0
17,2026081517,NUAA,W7,force_z+vibration_x,Bias,8,0,0,0.375,0.625,0
17,2026081517,NUAA,W8,force_z+vibration_x,Bias,31,0,0,0.483870967741935,0.516129032258065,0
17,2026081517,NUAA,W9,force_z+vibration_x,Bias,7,0.142857142857143,0.142857142857143,0.714285714285714,0.142857142857143,0
17,2026081517,NUAA,W1,force_z+vibration_x,Noise,29,0,0,0.586206896551724,0.413793103448276,0.0689655172413793
17,2026081517,NUAA,W2,force_z+vibration_x,Noise,17,0,0,0.647058823529412,0.352941176470588,0
17,2026081517,NUAA,W3,force_z+vibration_x,Noise,11,0,0,0.636363636363636,0.363636363636364,0
17,2026081517,NUAA,W4,force_z+vibration_x,Noise,28,0,0,0.678571428571429,0.321428571428571,0.0357142857142857
17,2026081517,NUAA,W5,force_z+vibration_x,Noise,7,0.142857142857143,0.142857142857143,0.571428571428571,0.285714285714286,0
17,2026081517,NUAA,W6,force_z+vibration_x,Noise,14,0,0,0.642857142857143,0.357142857142857,0
17,2026081517,NUAA,W7,force_z+vibration_x,Noise,8,0,0,0.5,0.5,0
17,2026081517,NUAA,W8,force_z+vibration_x,Noise,31,0,0,0.451612903225806,0.548387096774194,0
17,2026081517,NUAA,W9,force_z+vibration_x,Noise,7,0,0,0.571428571428571,0.428571428571429,0
17,2026081517,NUAA,W1,force_z+vibration_y,Saturation,29,0.96551724137931,0.96551724137931,0.0344827586206897,0,0
17,2026081517,NUAA,W2,force_z+vibration_y,Saturation,17,1,1,0,0,0
17,2026081517,NUAA,W3,force_z+vibration_y,Saturation,11,0.909090909090909,0.909090909090909,0.0909090909090909,0,0
17,2026081517,NUAA,W4,force_z+vibration_y,Saturation,28,0.964285714285714,0.964285714285714,0.0357142857142857,0,0
17,2026081517,NUAA,W5,force_z+vibration_y,Saturation,7,0.857142857142857,1,0,0,0.142857142857143
17,2026081517,NUAA,W6,force_z+vibration_y,Saturation,14,1,1,0,0,0
17,2026081517,NUAA,W7,force_z+vibration_y,Saturation,8,1,1,0,0,0
17,2026081517,NUAA,W8,force_z+vibration_y,Saturation,31,0.870967741935484,0.870967741935484,0.129032258064516,0,0
17,2026081517,NUAA,W9,force_z+vibration_y,Saturation,7,1,1,0,0,0
17,2026081517,NUAA,W1,force_z+vibration_y,Dropout,29,0.896551724137931,0.896551724137931,0.103448275862069,0,0
17,2026081517,NUAA,W2,force_z+vibration_y,Dropout,17,0.941176470588235,0.941176470588235,0.0588235294117647,0,0
17,2026081517,NUAA,W3,force_z+vibration_y,Dropout,11,1,1,0,0,0
17,2026081517,NUAA,W4,force_z+vibration_y,Dropout,28,0.964285714285714,0.964285714285714,0.0357142857142857,0,0
17,2026081517,NUAA,W5,force_z+vibration_y,Dropout,7,0.714285714285714,0.714285714285714,0.285714285714286,0,0.142857142857143
17,2026081517,NUAA,W6,force_z+vibration_y,Dropout,14,1,1,0,0,0
17,2026081517,NUAA,W7,force_z+vibration_y,Dropout,8,1,1,0,0,0
17,2026081517,NUAA,W8,force_z+vibration_y,Dropout,31,0.967741935483871,0.967741935483871,0.032258064516129,0,0
17,2026081517,NUAA,W9,force_z+vibration_y,Dropout,7,1,1,0,0,0
17,2026081517,NUAA,W1,force_z+vibration_y,Bias,29,0.241379310344828,0.241379310344828,0.620689655172414,0.137931034482759,0
17,2026081517,NUAA,W2,force_z+vibration_y,Bias,17,0.352941176470588,0.352941176470588,0.411764705882353,0.235294117647059,0
17,2026081517,NUAA,W3,force_z+vibration_y,Bias,11,0.363636363636364,0.363636363636364,0.454545454545455,0.181818181818182,0
17,2026081517,NUAA,W4,force_z+vibration_y,Bias,28,0.464285714285714,0.464285714285714,0.428571428571429,0.107142857142857,0
17,2026081517,NUAA,W5,force_z+vibration_y,Bias,7,0.428571428571429,0.428571428571429,0.142857142857143,0.428571428571429,0.142857142857143
17,2026081517,NUAA,W6,force_z+vibration_y,Bias,14,0.214285714285714,0.214285714285714,0.714285714285714,0.0714285714285714,0
17,2026081517,NUAA,W7,force_z+vibration_y,Bias,8,0.375,0.375,0.375,0.25,0
17,2026081517,NUAA,W8,force_z+vibration_y,Bias,31,0.161290322580645,0.161290322580645,0.483870967741935,0.354838709677419,0
17,2026081517,NUAA,W9,force_z+vibration_y,Bias,7,0.142857142857143,0.142857142857143,0.714285714285714,0.142857142857143,0
17,2026081517,NUAA,W1,force_z+vibration_y,Noise,29,0.0689655172413793,0.0689655172413793,0.620689655172414,0.310344827586207,0
17,2026081517,NUAA,W2,force_z+vibration_y,Noise,17,0,0,0.882352941176471,0.117647058823529,0
17,2026081517,NUAA,W3,force_z+vibration_y,Noise,11,0,0,0.818181818181818,0.181818181818182,0
17,2026081517,NUAA,W4,force_z+vibration_y,Noise,28,0.107142857142857,0.107142857142857,0.535714285714286,0.357142857142857,0
17,2026081517,NUAA,W5,force_z+vibration_y,Noise,7,0,0,0.571428571428571,0.428571428571429,0.142857142857143
17,2026081517,NUAA,W6,force_z+vibration_y,Noise,14,0,0,0.428571428571429,0.571428571428571,0
17,2026081517,NUAA,W7,force_z+vibration_y,Noise,8,0,0,0.375,0.625,0
17,2026081517,NUAA,W8,force_z+vibration_y,Noise,31,0.032258064516129,0.032258064516129,0.580645161290323,0.387096774193548,0
17,2026081517,NUAA,W9,force_z+vibration_y,Noise,7,0,0,1,0,0
17,2026081517,NUAA,W1,vibration_x+vibration_y,Saturation,29,1,1,0,0,0
17,2026081517,NUAA,W2,vibration_x+vibration_y,Saturation,17,0.882352941176471,1,0,0,0.117647058823529
17,2026081517,NUAA,W3,vibration_x+vibration_y,Saturation,11,1,1,0,0,0
17,2026081517,NUAA,W4,vibration_x+vibration_y,Saturation,28,1,1,0,0,0
17,2026081517,NUAA,W5,vibration_x+vibration_y,Saturation,7,1,1,0,0,0
17,2026081517,NUAA,W6,vibration_x+vibration_y,Saturation,14,1,1,0,0,0
17,2026081517,NUAA,W7,vibration_x+vibration_y,Saturation,8,1,1,0,0,0
17,2026081517,NUAA,W8,vibration_x+vibration_y,Saturation,31,1,1,0,0,0
17,2026081517,NUAA,W9,vibration_x+vibration_y,Saturation,7,1,1,0,0,0
17,2026081517,NUAA,W1,vibration_x+vibration_y,Dropout,29,1,1,0,0,0
17,2026081517,NUAA,W2,vibration_x+vibration_y,Dropout,17,0.882352941176471,1,0,0,0.117647058823529
17,2026081517,NUAA,W3,vibration_x+vibration_y,Dropout,11,1,1,0,0,0
17,2026081517,NUAA,W4,vibration_x+vibration_y,Dropout,28,1,1,0,0,0
17,2026081517,NUAA,W5,vibration_x+vibration_y,Dropout,7,1,1,0,0,0
17,2026081517,NUAA,W6,vibration_x+vibration_y,Dropout,14,1,1,0,0,0
17,2026081517,NUAA,W7,vibration_x+vibration_y,Dropout,8,1,1,0,0,0
17,2026081517,NUAA,W8,vibration_x+vibration_y,Dropout,31,1,1,0,0,0
17,2026081517,NUAA,W9,vibration_x+vibration_y,Dropout,7,1,1,0,0,0
17,2026081517,NUAA,W1,vibration_x+vibration_y,Bias,29,0.0344827586206897,0.0344827586206897,0.482758620689655,0.482758620689655,0
17,2026081517,NUAA,W2,vibration_x+vibration_y,Bias,17,0,0,0.411764705882353,0.588235294117647,0.117647058823529
17,2026081517,NUAA,W3,vibration_x+vibration_y,Bias,11,0,0,0.636363636363636,0.363636363636364,0
17,2026081517,NUAA,W4,vibration_x+vibration_y,Bias,28,0.0714285714285714,0.0714285714285714,0.535714285714286,0.392857142857143,0
17,2026081517,NUAA,W5,vibration_x+vibration_y,Bias,7,0.285714285714286,0.285714285714286,0.142857142857143,0.571428571428571,0
17,2026081517,NUAA,W6,vibration_x+vibration_y,Bias,14,0,0,0.714285714285714,0.285714285714286,0
17,2026081517,NUAA,W7,vibration_x+vibration_y,Bias,8,0,0,0.375,0.625,0
17,2026081517,NUAA,W8,vibration_x+vibration_y,Bias,31,0.032258064516129,0.032258064516129,0.580645161290323,0.387096774193548,0
17,2026081517,NUAA,W9,vibration_x+vibration_y,Bias,7,0,0,0.428571428571429,0.571428571428571,0
17,2026081517,NUAA,W1,vibration_x+vibration_y,Noise,29,0,0,0.0689655172413793,0.931034482758621,0
17,2026081517,NUAA,W2,vibration_x+vibration_y,Noise,17,0,0,0,1,0.117647058823529
17,2026081517,NUAA,W3,vibration_x+vibration_y,Noise,11,0,0,0,1,0
17,2026081517,NUAA,W4,vibration_x+vibration_y,Noise,28,0,0,0.0357142857142857,0.964285714285714,0
17,2026081517,NUAA,W5,vibration_x+vibration_y,Noise,7,0,0,0.142857142857143,0.857142857142857,0
17,2026081517,NUAA,W6,vibration_x+vibration_y,Noise,14,0,0,0.0714285714285714,0.928571428571429,0
17,2026081517,NUAA,W7,vibration_x+vibration_y,Noise,8,0,0,0.125,0.875,0
17,2026081517,NUAA,W8,vibration_x+vibration_y,Noise,31,0,0,0.032258064516129,0.967741935483871,0
17,2026081517,NUAA,W9,vibration_x+vibration_y,Noise,7,0,0,0,1,0
17,2026081517,PHM2010,c1,force_z+vibration_x,Saturation,315,0.977777777777778,1,0,0,0.0222222222222222
17,2026081517,PHM2010,c4,force_z+vibration_x,Saturation,315,0.996825396825397,1,0,0,0.00317460317460317
17,2026081517,PHM2010,c6,force_z+vibration_x,Saturation,315,1,1,0,0,0
17,2026081517,PHM2010,c1,force_z+vibration_x,Dropout,315,0.977777777777778,1,0,0,0.0222222222222222
17,2026081517,PHM2010,c4,force_z+vibration_x,Dropout,315,0.996825396825397,1,0,0,0.00317460317460317
17,2026081517,PHM2010,c6,force_z+vibration_x,Dropout,315,0.473015873015873,0.473015873015873,0.526984126984127,0,0
17,2026081517,PHM2010,c1,force_z+vibration_x,Bias,315,0.101587301587302,0.101587301587302,0.501587301587302,0.396825396825397,0.0222222222222222
17,2026081517,PHM2010,c4,force_z+vibration_x,Bias,315,0.257142857142857,0.257142857142857,0.476190476190476,0.266666666666667,0.00317460317460317
17,2026081517,PHM2010,c6,force_z+vibration_x,Bias,315,0,0,0.384126984126984,0.615873015873016,0
17,2026081517,PHM2010,c1,force_z+vibration_x,Noise,315,0.00952380952380952,0.00952380952380952,0.276190476190476,0.714285714285714,0.0222222222222222
17,2026081517,PHM2010,c4,force_z+vibration_x,Noise,315,0,0,0.403174603174603,0.596825396825397,0.00317460317460317
17,2026081517,PHM2010,c6,force_z+vibration_x,Noise,315,0,0,0.0634920634920635,0.936507936507937,0
17,2026081517,PHM2010,c1,force_z+vibration_y,Saturation,315,0.971428571428571,1,0,0,0.0285714285714286
17,2026081517,PHM2010,c4,force_z+vibration_y,Saturation,315,0.987301587301587,1,0,0,0.0126984126984127
17,2026081517,PHM2010,c6,force_z+vibration_y,Saturation,315,1,1,0,0,0
17,2026081517,PHM2010,c1,force_z+vibration_y,Dropout,315,0.568253968253968,0.587301587301587,0.412698412698413,0,0.0285714285714286
17,2026081517,PHM2010,c4,force_z+vibration_y,Dropout,315,0.987301587301587,1,0,0,0.0126984126984127
17,2026081517,PHM2010,c6,force_z+vibration_y,Dropout,315,0.466666666666667,0.466666666666667,0.533333333333333,0,0
17,2026081517,PHM2010,c1,force_z+vibration_y,Bias,315,0.00317460317460317,0.00634920634920635,0.561904761904762,0.431746031746032,0.0285714285714286
17,2026081517,PHM2010,c4,force_z+vibration_y,Bias,315,0.0793650793650794,0.0857142857142857,0.565079365079365,0.349206349206349,0.0126984126984127
17,2026081517,PHM2010,c6,force_z+vibration_y,Bias,315,0,0,0.311111111111111,0.688888888888889,0
17,2026081517,PHM2010,c1,force_z+vibration_y,Noise,315,0,0,0.238095238095238,0.761904761904762,0.0285714285714286
17,2026081517,PHM2010,c4,force_z+vibration_y,Noise,315,0,0,0.384126984126984,0.615873015873016,0.0126984126984127
17,2026081517,PHM2010,c6,force_z+vibration_y,Noise,315,0,0,0.0603174603174603,0.93968253968254,0
17,2026081517,PHM2010,c1,vibration_x+vibration_y,Saturation,315,0.990476190476191,1,0,0,0.00952380952380952
17,2026081517,PHM2010,c4,vibration_x+vibration_y,Saturation,315,0.987301587301587,1,0,0,0.0126984126984127
17,2026081517,PHM2010,c6,vibration_x+vibration_y,Saturation,315,0.993650793650794,1,0,0,0.00634920634920635
17,2026081517,PHM2010,c1,vibration_x+vibration_y,Dropout,315,0.549206349206349,0.555555555555556,0.444444444444444,0,0.00952380952380952
17,2026081517,PHM2010,c4,vibration_x+vibration_y,Dropout,315,0.987301587301587,1,0,0,0.0126984126984127
17,2026081517,PHM2010,c6,vibration_x+vibration_y,Dropout,315,0.212698412698413,0.212698412698413,0.504761904761905,0.282539682539683,0.00634920634920635
17,2026081517,PHM2010,c1,vibration_x+vibration_y,Bias,315,0.00317460317460317,0.00317460317460317,0.13015873015873,0.866666666666667,0.00952380952380952
17,2026081517,PHM2010,c4,vibration_x+vibration_y,Bias,315,0.0476190476190476,0.0476190476190476,0.282539682539683,0.66984126984127,0.0126984126984127
17,2026081517,PHM2010,c6,vibration_x+vibration_y,Bias,315,0,0,0.00634920634920635,0.993650793650794,0.00634920634920635
17,2026081517,PHM2010,c1,vibration_x+vibration_y,Noise,315,0,0,0.019047619047619,0.980952380952381,0.00952380952380952
17,2026081517,PHM2010,c4,vibration_x+vibration_y,Noise,315,0,0,0,1,0.0126984126984127
17,2026081517,PHM2010,c6,vibration_x+vibration_y,Noise,315,0,0,0,1,0.00634920634920635
18,2026081518,NUAA,W1,force_z+vibration_x,Saturation,29,0.827586206896552,0.896551724137931,0.103448275862069,0,0.0689655172413793
18,2026081518,NUAA,W2,force_z+vibration_x,Saturation,17,1,1,0,0,0
18,2026081518,NUAA,W3,force_z+vibration_x,Saturation,11,1,1,0,0,0
18,2026081518,NUAA,W4,force_z+vibration_x,Saturation,28,0.964285714285714,1,0,0,0.0357142857142857
18,2026081518,NUAA,W5,force_z+vibration_x,Saturation,7,1,1,0,0,0
18,2026081518,NUAA,W6,force_z+vibration_x,Saturation,14,1,1,0,0,0
18,2026081518,NUAA,W7,force_z+vibration_x,Saturation,8,1,1,0,0,0
18,2026081518,NUAA,W8,force_z+vibration_x,Saturation,31,0.935483870967742,0.935483870967742,0.0645161290322581,0,0
18,2026081518,NUAA,W9,force_z+vibration_x,Saturation,7,1,1,0,0,0
18,2026081518,NUAA,W1,force_z+vibration_x,Dropout,29,0.931034482758621,1,0,0,0.0689655172413793
18,2026081518,NUAA,W2,force_z+vibration_x,Dropout,17,0.941176470588235,0.941176470588235,0.0588235294117647,0,0
18,2026081518,NUAA,W3,force_z+vibration_x,Dropout,11,0.909090909090909,0.909090909090909,0.0909090909090909,0,0
18,2026081518,NUAA,W4,force_z+vibration_x,Dropout,28,0.964285714285714,1,0,0,0.0357142857142857
18,2026081518,NUAA,W5,force_z+vibration_x,Dropout,7,1,1,0,0,0
18,2026081518,NUAA,W6,force_z+vibration_x,Dropout,14,0.857142857142857,0.857142857142857,0.142857142857143,0,0
18,2026081518,NUAA,W7,force_z+vibration_x,Dropout,8,1,1,0,0,0
18,2026081518,NUAA,W8,force_z+vibration_x,Dropout,31,1,1,0,0,0
18,2026081518,NUAA,W9,force_z+vibration_x,Dropout,7,1,1,0,0,0
18,2026081518,NUAA,W1,force_z+vibration_x,Bias,29,0,0,0.482758620689655,0.517241379310345,0.0689655172413793
18,2026081518,NUAA,W2,force_z+vibration_x,Bias,17,0,0,0.882352941176471,0.117647058823529,0
18,2026081518,NUAA,W3,force_z+vibration_x,Bias,11,0,0,0.545454545454545,0.454545454545455,0
18,2026081518,NUAA,W4,force_z+vibration_x,Bias,28,0.0714285714285714,0.0714285714285714,0.464285714285714,0.464285714285714,0.0357142857142857
18,2026081518,NUAA,W5,force_z+vibration_x,Bias,7,0.428571428571429,0.428571428571429,0.285714285714286,0.285714285714286,0
18,2026081518,NUAA,W6,force_z+vibration_x,Bias,14,0,0,0.357142857142857,0.642857142857143,0
18,2026081518,NUAA,W7,force_z+vibration_x,Bias,8,0.125,0.125,0.5,0.375,0
18,2026081518,NUAA,W8,force_z+vibration_x,Bias,31,0,0,0.451612903225806,0.548387096774194,0
18,2026081518,NUAA,W9,force_z+vibration_x,Bias,7,0.285714285714286,0.285714285714286,0.285714285714286,0.428571428571429,0
18,2026081518,NUAA,W1,force_z+vibration_x,Noise,29,0,0,0.586206896551724,0.413793103448276,0.0689655172413793
18,2026081518,NUAA,W2,force_z+vibration_x,Noise,17,0,0,0.823529411764706,0.176470588235294,0
18,2026081518,NUAA,W3,force_z+vibration_x,Noise,11,0,0,0.818181818181818,0.181818181818182,0
18,2026081518,NUAA,W4,force_z+vibration_x,Noise,28,0,0,0.821428571428571,0.178571428571429,0.0357142857142857
18,2026081518,NUAA,W5,force_z+vibration_x,Noise,7,0.142857142857143,0.142857142857143,0.714285714285714,0.142857142857143,0
18,2026081518,NUAA,W6,force_z+vibration_x,Noise,14,0,0,0.642857142857143,0.357142857142857,0
18,2026081518,NUAA,W7,force_z+vibration_x,Noise,8,0,0,0.625,0.375,0
18,2026081518,NUAA,W8,force_z+vibration_x,Noise,31,0,0,0.548387096774194,0.451612903225806,0
18,2026081518,NUAA,W9,force_z+vibration_x,Noise,7,0,0,0.571428571428571,0.428571428571429,0
18,2026081518,NUAA,W1,force_z+vibration_y,Saturation,29,1,1,0,0,0
18,2026081518,NUAA,W2,force_z+vibration_y,Saturation,17,1,1,0,0,0
18,2026081518,NUAA,W3,force_z+vibration_y,Saturation,11,1,1,0,0,0
18,2026081518,NUAA,W4,force_z+vibration_y,Saturation,28,1,1,0,0,0
18,2026081518,NUAA,W5,force_z+vibration_y,Saturation,7,0.857142857142857,1,0,0,0.142857142857143
18,2026081518,NUAA,W6,force_z+vibration_y,Saturation,14,0.857142857142857,0.857142857142857,0.142857142857143,0,0
18,2026081518,NUAA,W7,force_z+vibration_y,Saturation,8,1,1,0,0,0
18,2026081518,NUAA,W8,force_z+vibration_y,Saturation,31,0.935483870967742,0.935483870967742,0.0645161290322581,0,0
18,2026081518,NUAA,W9,force_z+vibration_y,Saturation,7,1,1,0,0,0
18,2026081518,NUAA,W1,force_z+vibration_y,Dropout,29,1,1,0,0,0
18,2026081518,NUAA,W2,force_z+vibration_y,Dropout,17,0.705882352941177,0.705882352941177,0.294117647058824,0,0
18,2026081518,NUAA,W3,force_z+vibration_y,Dropout,11,1,1,0,0,0
18,2026081518,NUAA,W4,force_z+vibration_y,Dropout,28,0.928571428571429,0.928571428571429,0.0714285714285714,0,0
18,2026081518,NUAA,W5,force_z+vibration_y,Dropout,7,0.857142857142857,1,0,0,0.142857142857143
18,2026081518,NUAA,W6,force_z+vibration_y,Dropout,14,0.928571428571429,0.928571428571429,0.0714285714285714,0,0
18,2026081518,NUAA,W7,force_z+vibration_y,Dropout,8,1,1,0,0,0
18,2026081518,NUAA,W8,force_z+vibration_y,Dropout,31,1,1,0,0,0
18,2026081518,NUAA,W9,force_z+vibration_y,Dropout,7,1,1,0,0,0
18,2026081518,NUAA,W1,force_z+vibration_y,Bias,29,0.344827586206897,0.344827586206897,0.482758620689655,0.172413793103448,0
18,2026081518,NUAA,W2,force_z+vibration_y,Bias,17,0.294117647058824,0.294117647058824,0.647058823529412,0.0588235294117647,0
18,2026081518,NUAA,W3,force_z+vibration_y,Bias,11,0.363636363636364,0.363636363636364,0.545454545454545,0.0909090909090909,0
18,2026081518,NUAA,W4,force_z+vibration_y,Bias,28,0.25,0.25,0.5,0.25,0
18,2026081518,NUAA,W5,force_z+vibration_y,Bias,7,0.285714285714286,0.285714285714286,0.714285714285714,0,0.142857142857143
18,2026081518,NUAA,W6,force_z+vibration_y,Bias,14,0.214285714285714,0.214285714285714,0.571428571428571,0.214285714285714,0
18,2026081518,NUAA,W7,force_z+vibration_y,Bias,8,0.25,0.25,0.75,0,0
18,2026081518,NUAA,W8,force_z+vibration_y,Bias,31,0.0967741935483871,0.0967741935483871,0.483870967741935,0.419354838709677,0
18,2026081518,NUAA,W9,force_z+vibration_y,Bias,7,0.142857142857143,0.142857142857143,0.428571428571429,0.428571428571429,0
18,2026081518,NUAA,W1,force_z+vibration_y,Noise,29,0.0689655172413793,0.0689655172413793,0.586206896551724,0.344827586206897,0
18,2026081518,NUAA,W2,force_z+vibration_y,Noise,17,0,0,0.764705882352941,0.235294117647059,0
18,2026081518,NUAA,W3,force_z+vibration_y,Noise,11,0,0,0.545454545454545,0.454545454545455,0
18,2026081518,NUAA,W4,force_z+vibration_y,Noise,28,0.142857142857143,0.142857142857143,0.5,0.357142857142857,0
18,2026081518,NUAA,W5,force_z+vibration_y,Noise,7,0,0,0.714285714285714,0.285714285714286,0.142857142857143
18,2026081518,NUAA,W6,force_z+vibration_y,Noise,14,0,0,0.571428571428571,0.428571428571429,0
18,2026081518,NUAA,W7,force_z+vibration_y,Noise,8,0,0,0.75,0.25,0
18,2026081518,NUAA,W8,force_z+vibration_y,Noise,31,0,0,0.580645161290323,0.419354838709677,0
18,2026081518,NUAA,W9,force_z+vibration_y,Noise,7,0,0,0.857142857142857,0.142857142857143,0
18,2026081518,NUAA,W1,vibration_x+vibration_y,Saturation,29,1,1,0,0,0
18,2026081518,NUAA,W2,vibration_x+vibration_y,Saturation,17,0.882352941176471,1,0,0,0.117647058823529
18,2026081518,NUAA,W3,vibration_x+vibration_y,Saturation,11,1,1,0,0,0
18,2026081518,NUAA,W4,vibration_x+vibration_y,Saturation,28,1,1,0,0,0
18,2026081518,NUAA,W5,vibration_x+vibration_y,Saturation,7,1,1,0,0,0
18,2026081518,NUAA,W6,vibration_x+vibration_y,Saturation,14,1,1,0,0,0
18,2026081518,NUAA,W7,vibration_x+vibration_y,Saturation,8,1,1,0,0,0
18,2026081518,NUAA,W8,vibration_x+vibration_y,Saturation,31,1,1,0,0,0
18,2026081518,NUAA,W9,vibration_x+vibration_y,Saturation,7,1,1,0,0,0
18,2026081518,NUAA,W1,vibration_x+vibration_y,Dropout,29,1,1,0,0,0
18,2026081518,NUAA,W2,vibration_x+vibration_y,Dropout,17,0.882352941176471,1,0,0,0.117647058823529
18,2026081518,NUAA,W3,vibration_x+vibration_y,Dropout,11,1,1,0,0,0
18,2026081518,NUAA,W4,vibration_x+vibration_y,Dropout,28,1,1,0,0,0
18,2026081518,NUAA,W5,vibration_x+vibration_y,Dropout,7,1,1,0,0,0
18,2026081518,NUAA,W6,vibration_x+vibration_y,Dropout,14,1,1,0,0,0
18,2026081518,NUAA,W7,vibration_x+vibration_y,Dropout,8,1,1,0,0,0
18,2026081518,NUAA,W8,vibration_x+vibration_y,Dropout,31,1,1,0,0,0
18,2026081518,NUAA,W9,vibration_x+vibration_y,Dropout,7,1,1,0,0,0
18,2026081518,NUAA,W1,vibration_x+vibration_y,Bias,29,0.0344827586206897,0.0344827586206897,0.551724137931034,0.413793103448276,0
18,2026081518,NUAA,W2,vibration_x+vibration_y,Bias,17,0,0,0.588235294117647,0.411764705882353,0.117647058823529
18,2026081518,NUAA,W3,vibration_x+vibration_y,Bias,11,0.181818181818182,0.181818181818182,0.545454545454545,0.272727272727273,0
18,2026081518,NUAA,W4,vibration_x+vibration_y,Bias,28,0,0,0.535714285714286,0.464285714285714,0
18,2026081518,NUAA,W5,vibration_x+vibration_y,Bias,7,0.428571428571429,0.428571428571429,0.428571428571429,0.142857142857143,0
18,2026081518,NUAA,W6,vibration_x+vibration_y,Bias,14,0.0714285714285714,0.0714285714285714,0.428571428571429,0.5,0
18,2026081518,NUAA,W7,vibration_x+vibration_y,Bias,8,0,0,0.875,0.125,0
18,2026081518,NUAA,W8,vibration_x+vibration_y,Bias,31,0,0,0.354838709677419,0.645161290322581,0
18,2026081518,NUAA,W9,vibration_x+vibration_y,Bias,7,0,0,0.285714285714286,0.714285714285714,0
18,2026081518,NUAA,W1,vibration_x+vibration_y,Noise,29,0,0,0.103448275862069,0.896551724137931,0
18,2026081518,NUAA,W2,vibration_x+vibration_y,Noise,17,0,0,0,1,0.117647058823529
18,2026081518,NUAA,W3,vibration_x+vibration_y,Noise,11,0,0,0,1,0
18,2026081518,NUAA,W4,vibration_x+vibration_y,Noise,28,0,0,0.107142857142857,0.892857142857143,0
18,2026081518,NUAA,W5,vibration_x+vibration_y,Noise,7,0,0,0.142857142857143,0.857142857142857,0
18,2026081518,NUAA,W6,vibration_x+vibration_y,Noise,14,0,0,0,1,0
18,2026081518,NUAA,W7,vibration_x+vibration_y,Noise,8,0,0,0,1,0
18,2026081518,NUAA,W8,vibration_x+vibration_y,Noise,31,0,0,0.032258064516129,0.967741935483871,0
18,2026081518,NUAA,W9,vibration_x+vibration_y,Noise,7,0,0,0,1,0
18,2026081518,PHM2010,c1,force_z+vibration_x,Saturation,315,0.977777777777778,1,0,0,0.0222222222222222
18,2026081518,PHM2010,c4,force_z+vibration_x,Saturation,315,0.996825396825397,1,0,0,0.00317460317460317
18,2026081518,PHM2010,c6,force_z+vibration_x,Saturation,315,1,1,0,0,0
18,2026081518,PHM2010,c1,force_z+vibration_x,Dropout,315,0.977777777777778,1,0,0,0.0222222222222222
18,2026081518,PHM2010,c4,force_z+vibration_x,Dropout,315,0.996825396825397,1,0,0,0.00317460317460317
18,2026081518,PHM2010,c6,force_z+vibration_x,Dropout,315,0.526984126984127,0.526984126984127,0.473015873015873,0,0
18,2026081518,PHM2010,c1,force_z+vibration_x,Bias,315,0.107936507936508,0.107936507936508,0.498412698412698,0.393650793650794,0.0222222222222222
18,2026081518,PHM2010,c4,force_z+vibration_x,Bias,315,0.187301587301587,0.187301587301587,0.536507936507936,0.276190476190476,0.00317460317460317
18,2026081518,PHM2010,c6,force_z+vibration_x,Bias,315,0,0,0.311111111111111,0.688888888888889,0
18,2026081518,PHM2010,c1,force_z+vibration_x,Noise,315,0.00317460317460317,0.00317460317460317,0.26031746031746,0.736507936507937,0.0222222222222222
18,2026081518,PHM2010,c4,force_z+vibration_x,Noise,315,0,0,0.361904761904762,0.638095238095238,0.00317460317460317
18,2026081518,PHM2010,c6,force_z+vibration_x,Noise,315,0,0,0.0698412698412698,0.93015873015873,0
18,2026081518,PHM2010,c1,force_z+vibration_y,Saturation,315,0.971428571428571,1,0,0,0.0285714285714286
18,2026081518,PHM2010,c4,force_z+vibration_y,Saturation,315,0.987301587301587,1,0,0,0.0126984126984127
18,2026081518,PHM2010,c6,force_z+vibration_y,Saturation,315,1,1,0,0,0
18,2026081518,PHM2010,c1,force_z+vibration_y,Dropout,315,0.520634920634921,0.53968253968254,0.46031746031746,0,0.0285714285714286
18,2026081518,PHM2010,c4,force_z+vibration_y,Dropout,315,0.987301587301587,1,0,0,0.0126984126984127
18,2026081518,PHM2010,c6,force_z+vibration_y,Dropout,315,0.453968253968254,0.453968253968254,0.546031746031746,0,0
18,2026081518,PHM2010,c1,force_z+vibration_y,Bias,315,0.0158730158730159,0.0158730158730159,0.533333333333333,0.450793650793651,0.0285714285714286
18,2026081518,PHM2010,c4,force_z+vibration_y,Bias,315,0.117460317460317,0.120634920634921,0.552380952380952,0.326984126984127,0.0126984126984127
18,2026081518,PHM2010,c6,force_z+vibration_y,Bias,315,0,0,0.380952380952381,0.619047619047619,0
18,2026081518,PHM2010,c1,force_z+vibration_y,Noise,315,0.00317460317460317,0.00317460317460317,0.250793650793651,0.746031746031746,0.0285714285714286
18,2026081518,PHM2010,c4,force_z+vibration_y,Noise,315,0,0,0.425396825396825,0.574603174603175,0.0126984126984127
18,2026081518,PHM2010,c6,force_z+vibration_y,Noise,315,0,0,0.073015873015873,0.926984126984127,0
18,2026081518,PHM2010,c1,vibration_x+vibration_y,Saturation,315,0.990476190476191,1,0,0,0.00952380952380952
18,2026081518,PHM2010,c4,vibration_x+vibration_y,Saturation,315,0.987301587301587,1,0,0,0.0126984126984127
18,2026081518,PHM2010,c6,vibration_x+vibration_y,Saturation,315,0.993650793650794,1,0,0,0.00634920634920635
18,2026081518,PHM2010,c1,vibration_x+vibration_y,Dropout,315,0.53968253968254,0.542857142857143,0.457142857142857,0,0.00952380952380952
18,2026081518,PHM2010,c4,vibration_x+vibration_y,Dropout,315,0.987301587301587,1,0,0,0.0126984126984127
18,2026081518,PHM2010,c6,vibration_x+vibration_y,Dropout,315,0.219047619047619,0.219047619047619,0.501587301587302,0.279365079365079,0.00634920634920635
18,2026081518,PHM2010,c1,vibration_x+vibration_y,Bias,315,0.00317460317460317,0.00317460317460317,0.161904761904762,0.834920634920635,0.00952380952380952
18,2026081518,PHM2010,c4,vibration_x+vibration_y,Bias,315,0.0476190476190476,0.0476190476190476,0.314285714285714,0.638095238095238,0.0126984126984127
18,2026081518,PHM2010,c6,vibration_x+vibration_y,Bias,315,0,0,0.00952380952380952,0.990476190476191,0.00634920634920635
18,2026081518,PHM2010,c1,vibration_x+vibration_y,Noise,315,0,0,0.019047619047619,0.980952380952381,0.00952380952380952
18,2026081518,PHM2010,c4,vibration_x+vibration_y,Noise,315,0,0,0,1,0.0126984126984127
18,2026081518,PHM2010,c6,vibration_x+vibration_y,Noise,315,0,0,0,1,0.00634920634920635
19,2026081519,NUAA,W1,force_z+vibration_x,Saturation,29,0.931034482758621,1,0,0,0.0689655172413793
19,2026081519,NUAA,W2,force_z+vibration_x,Saturation,17,1,1,0,0,0
19,2026081519,NUAA,W3,force_z+vibration_x,Saturation,11,0.909090909090909,0.909090909090909,0.0909090909090909,0,0
19,2026081519,NUAA,W4,force_z+vibration_x,Saturation,28,0.928571428571429,0.964285714285714,0.0357142857142857,0,0.0357142857142857
19,2026081519,NUAA,W5,force_z+vibration_x,Saturation,7,1,1,0,0,0
19,2026081519,NUAA,W6,force_z+vibration_x,Saturation,14,1,1,0,0,0
19,2026081519,NUAA,W7,force_z+vibration_x,Saturation,8,1,1,0,0,0
19,2026081519,NUAA,W8,force_z+vibration_x,Saturation,31,0.935483870967742,0.935483870967742,0.0645161290322581,0,0
19,2026081519,NUAA,W9,force_z+vibration_x,Saturation,7,1,1,0,0,0
19,2026081519,NUAA,W1,force_z+vibration_x,Dropout,29,0.689655172413793,0.758620689655172,0.241379310344828,0,0.0689655172413793
19,2026081519,NUAA,W2,force_z+vibration_x,Dropout,17,1,1,0,0,0
19,2026081519,NUAA,W3,force_z+vibration_x,Dropout,11,1,1,0,0,0
19,2026081519,NUAA,W4,force_z+vibration_x,Dropout,28,0.821428571428571,0.857142857142857,0.142857142857143,0,0.0357142857142857
19,2026081519,NUAA,W5,force_z+vibration_x,Dropout,7,1,1,0,0,0
19,2026081519,NUAA,W6,force_z+vibration_x,Dropout,14,0.785714285714286,0.785714285714286,0.214285714285714,0,0
19,2026081519,NUAA,W7,force_z+vibration_x,Dropout,8,1,1,0,0,0
19,2026081519,NUAA,W8,force_z+vibration_x,Dropout,31,1,1,0,0,0
19,2026081519,NUAA,W9,force_z+vibration_x,Dropout,7,1,1,0,0,0
19,2026081519,NUAA,W1,force_z+vibration_x,Bias,29,0,0,0.551724137931034,0.448275862068966,0.0689655172413793
19,2026081519,NUAA,W2,force_z+vibration_x,Bias,17,0.0588235294117647,0.0588235294117647,0.705882352941177,0.235294117647059,0
19,2026081519,NUAA,W3,force_z+vibration_x,Bias,11,0.0909090909090909,0.0909090909090909,0.454545454545455,0.454545454545455,0
19,2026081519,NUAA,W4,force_z+vibration_x,Bias,28,0.0714285714285714,0.0714285714285714,0.642857142857143,0.285714285714286,0.0357142857142857
19,2026081519,NUAA,W5,force_z+vibration_x,Bias,7,0.428571428571429,0.428571428571429,0.285714285714286,0.285714285714286,0
19,2026081519,NUAA,W6,force_z+vibration_x,Bias,14,0,0,0.571428571428571,0.428571428571429,0
19,2026081519,NUAA,W7,force_z+vibration_x,Bias,8,0.375,0.375,0.25,0.375,0
19,2026081519,NUAA,W8,force_z+vibration_x,Bias,31,0,0,0.516129032258065,0.483870967741935,0
19,2026081519,NUAA,W9,force_z+vibration_x,Bias,7,0,0,0.714285714285714,0.285714285714286,0
19,2026081519,NUAA,W1,force_z+vibration_x,Noise,29,0,0,0.482758620689655,0.517241379310345,0.0689655172413793
19,2026081519,NUAA,W2,force_z+vibration_x,Noise,17,0,0,0.705882352941177,0.294117647058824,0
19,2026081519,NUAA,W3,force_z+vibration_x,Noise,11,0,0,0.818181818181818,0.181818181818182,0
19,2026081519,NUAA,W4,force_z+vibration_x,Noise,28,0,0,0.821428571428571,0.178571428571429,0.0357142857142857
19,2026081519,NUAA,W5,force_z+vibration_x,Noise,7,0.142857142857143,0.142857142857143,0.571428571428571,0.285714285714286,0
19,2026081519,NUAA,W6,force_z+vibration_x,Noise,14,0,0,0.571428571428571,0.428571428571429,0
19,2026081519,NUAA,W7,force_z+vibration_x,Noise,8,0,0,0.625,0.375,0
19,2026081519,NUAA,W8,force_z+vibration_x,Noise,31,0,0,0.548387096774194,0.451612903225806,0
19,2026081519,NUAA,W9,force_z+vibration_x,Noise,7,0,0,0.857142857142857,0.142857142857143,0
19,2026081519,NUAA,W1,force_z+vibration_y,Saturation,29,1,1,0,0,0
19,2026081519,NUAA,W2,force_z+vibration_y,Saturation,17,1,1,0,0,0
19,2026081519,NUAA,W3,force_z+vibration_y,Saturation,11,1,1,0,0,0
19,2026081519,NUAA,W4,force_z+vibration_y,Saturation,28,0.964285714285714,0.964285714285714,0.0357142857142857,0,0
19,2026081519,NUAA,W5,force_z+vibration_y,Saturation,7,0.857142857142857,1,0,0,0.142857142857143
19,2026081519,NUAA,W6,force_z+vibration_y,Saturation,14,1,1,0,0,0
19,2026081519,NUAA,W7,force_z+vibration_y,Saturation,8,0.875,0.875,0.125,0,0
19,2026081519,NUAA,W8,force_z+vibration_y,Saturation,31,1,1,0,0,0
19,2026081519,NUAA,W9,force_z+vibration_y,Saturation,7,1,1,0,0,0
19,2026081519,NUAA,W1,force_z+vibration_y,Dropout,29,0.862068965517241,0.862068965517241,0.137931034482759,0,0
19,2026081519,NUAA,W2,force_z+vibration_y,Dropout,17,0.823529411764706,0.823529411764706,0.176470588235294,0,0
19,2026081519,NUAA,W3,force_z+vibration_y,Dropout,11,0.909090909090909,0.909090909090909,0.0909090909090909,0,0
19,2026081519,NUAA,W4,force_z+vibration_y,Dropout,28,0.964285714285714,0.964285714285714,0.0357142857142857,0,0
19,2026081519,NUAA,W5,force_z+vibration_y,Dropout,7,0.571428571428571,0.714285714285714,0.285714285714286,0,0.142857142857143
19,2026081519,NUAA,W6,force_z+vibration_y,Dropout,14,1,1,0,0,0
19,2026081519,NUAA,W7,force_z+vibration_y,Dropout,8,1,1,0,0,0
19,2026081519,NUAA,W8,force_z+vibration_y,Dropout,31,0.903225806451613,0.903225806451613,0.0967741935483871,0,0
19,2026081519,NUAA,W9,force_z+vibration_y,Dropout,7,0.714285714285714,0.714285714285714,0.285714285714286,0,0
19,2026081519,NUAA,W1,force_z+vibration_y,Bias,29,0.379310344827586,0.379310344827586,0.379310344827586,0.241379310344828,0
19,2026081519,NUAA,W2,force_z+vibration_y,Bias,17,0.529411764705882,0.529411764705882,0.352941176470588,0.117647058823529,0
19,2026081519,NUAA,W3,force_z+vibration_y,Bias,11,0.545454545454545,0.545454545454545,0.454545454545455,0,0
19,2026081519,NUAA,W4,force_z+vibration_y,Bias,28,0.321428571428571,0.321428571428571,0.464285714285714,0.214285714285714,0
19,2026081519,NUAA,W5,force_z+vibration_y,Bias,7,0.142857142857143,0.142857142857143,0.571428571428571,0.285714285714286,0.142857142857143
19,2026081519,NUAA,W6,force_z+vibration_y,Bias,14,0.142857142857143,0.142857142857143,0.714285714285714,0.142857142857143,0
19,2026081519,NUAA,W7,force_z+vibration_y,Bias,8,0.375,0.375,0.5,0.125,0
19,2026081519,NUAA,W8,force_z+vibration_y,Bias,31,0.161290322580645,0.161290322580645,0.483870967741935,0.354838709677419,0
19,2026081519,NUAA,W9,force_z+vibration_y,Bias,7,0.142857142857143,0.142857142857143,0.571428571428571,0.285714285714286,0
19,2026081519,NUAA,W1,force_z+vibration_y,Noise,29,0.0689655172413793,0.0689655172413793,0.620689655172414,0.310344827586207,0
19,2026081519,NUAA,W2,force_z+vibration_y,Noise,17,0,0,0.882352941176471,0.117647058823529,0
19,2026081519,NUAA,W3,force_z+vibration_y,Noise,11,0,0,0.636363636363636,0.363636363636364,0
19,2026081519,NUAA,W4,force_z+vibration_y,Noise,28,0.107142857142857,0.107142857142857,0.607142857142857,0.285714285714286,0
19,2026081519,NUAA,W5,force_z+vibration_y,Noise,7,0,0,0.571428571428571,0.428571428571429,0.142857142857143
19,2026081519,NUAA,W6,force_z+vibration_y,Noise,14,0.0714285714285714,0.0714285714285714,0.785714285714286,0.142857142857143,0
19,2026081519,NUAA,W7,force_z+vibration_y,Noise,8,0,0,0.75,0.25,0
19,2026081519,NUAA,W8,force_z+vibration_y,Noise,31,0,0,0.580645161290323,0.419354838709677,0
19,2026081519,NUAA,W9,force_z+vibration_y,Noise,7,0,0,0.571428571428571,0.428571428571429,0
19,2026081519,NUAA,W1,vibration_x+vibration_y,Saturation,29,1,1,0,0,0
19,2026081519,NUAA,W2,vibration_x+vibration_y,Saturation,17,0.882352941176471,1,0,0,0.117647058823529
19,2026081519,NUAA,W3,vibration_x+vibration_y,Saturation,11,1,1,0,0,0
19,2026081519,NUAA,W4,vibration_x+vibration_y,Saturation,28,1,1,0,0,0
19,2026081519,NUAA,W5,vibration_x+vibration_y,Saturation,7,1,1,0,0,0
19,2026081519,NUAA,W6,vibration_x+vibration_y,Saturation,14,1,1,0,0,0
19,2026081519,NUAA,W7,vibration_x+vibration_y,Saturation,8,1,1,0,0,0
19,2026081519,NUAA,W8,vibration_x+vibration_y,Saturation,31,1,1,0,0,0
19,2026081519,NUAA,W9,vibration_x+vibration_y,Saturation,7,1,1,0,0,0
19,2026081519,NUAA,W1,vibration_x+vibration_y,Dropout,29,1,1,0,0,0
19,2026081519,NUAA,W2,vibration_x+vibration_y,Dropout,17,0.882352941176471,1,0,0,0.117647058823529
19,2026081519,NUAA,W3,vibration_x+vibration_y,Dropout,11,1,1,0,0,0
19,2026081519,NUAA,W4,vibration_x+vibration_y,Dropout,28,1,1,0,0,0
19,2026081519,NUAA,W5,vibration_x+vibration_y,Dropout,7,1,1,0,0,0
19,2026081519,NUAA,W6,vibration_x+vibration_y,Dropout,14,1,1,0,0,0
19,2026081519,NUAA,W7,vibration_x+vibration_y,Dropout,8,1,1,0,0,0
19,2026081519,NUAA,W8,vibration_x+vibration_y,Dropout,31,1,1,0,0,0
19,2026081519,NUAA,W9,vibration_x+vibration_y,Dropout,7,1,1,0,0,0
19,2026081519,NUAA,W1,vibration_x+vibration_y,Bias,29,0,0,0.620689655172414,0.379310344827586,0
19,2026081519,NUAA,W2,vibration_x+vibration_y,Bias,17,0,0,0.705882352941177,0.294117647058824,0.117647058823529
19,2026081519,NUAA,W3,vibration_x+vibration_y,Bias,11,0.0909090909090909,0.0909090909090909,0.454545454545455,0.454545454545455,0
19,2026081519,NUAA,W4,vibration_x+vibration_y,Bias,28,0.0357142857142857,0.0357142857142857,0.571428571428571,0.392857142857143,0
19,2026081519,NUAA,W5,vibration_x+vibration_y,Bias,7,0,0,0.714285714285714,0.285714285714286,0
19,2026081519,NUAA,W6,vibration_x+vibration_y,Bias,14,0.0714285714285714,0.0714285714285714,0.642857142857143,0.285714285714286,0
19,2026081519,NUAA,W7,vibration_x+vibration_y,Bias,8,0.125,0.125,0.375,0.5,0
19,2026081519,NUAA,W8,vibration_x+vibration_y,Bias,31,0,0,0.580645161290323,0.419354838709677,0
19,2026081519,NUAA,W9,vibration_x+vibration_y,Bias,7,0,0,0.857142857142857,0.142857142857143,0
19,2026081519,NUAA,W1,vibration_x+vibration_y,Noise,29,0,0,0.0689655172413793,0.931034482758621,0
19,2026081519,NUAA,W2,vibration_x+vibration_y,Noise,17,0,0,0,1,0.117647058823529
19,2026081519,NUAA,W3,vibration_x+vibration_y,Noise,11,0,0,0.0909090909090909,0.909090909090909,0
19,2026081519,NUAA,W4,vibration_x+vibration_y,Noise,28,0,0,0.107142857142857,0.892857142857143,0
19,2026081519,NUAA,W5,vibration_x+vibration_y,Noise,7,0,0,0.285714285714286,0.714285714285714,0
19,2026081519,NUAA,W6,vibration_x+vibration_y,Noise,14,0,0,0,1,0
19,2026081519,NUAA,W7,vibration_x+vibration_y,Noise,8,0,0,0,1,0
19,2026081519,NUAA,W8,vibration_x+vibration_y,Noise,31,0,0,0.032258064516129,0.967741935483871,0
19,2026081519,NUAA,W9,vibration_x+vibration_y,Noise,7,0,0,0,1,0
19,2026081519,PHM2010,c1,force_z+vibration_x,Saturation,315,0.977777777777778,1,0,0,0.0222222222222222
19,2026081519,PHM2010,c4,force_z+vibration_x,Saturation,315,0.996825396825397,1,0,0,0.00317460317460317
19,2026081519,PHM2010,c6,force_z+vibration_x,Saturation,315,1,1,0,0,0
19,2026081519,PHM2010,c1,force_z+vibration_x,Dropout,315,0.977777777777778,1,0,0,0.0222222222222222
19,2026081519,PHM2010,c4,force_z+vibration_x,Dropout,315,0.996825396825397,1,0,0,0.00317460317460317
19,2026081519,PHM2010,c6,force_z+vibration_x,Dropout,315,0.501587301587302,0.501587301587302,0.498412698412698,0,0
19,2026081519,PHM2010,c1,force_z+vibration_x,Bias,315,0.104761904761905,0.104761904761905,0.520634920634921,0.374603174603175,0.0222222222222222
19,2026081519,PHM2010,c4,force_z+vibration_x,Bias,315,0.219047619047619,0.219047619047619,0.476190476190476,0.304761904761905,0.00317460317460317
19,2026081519,PHM2010,c6,force_z+vibration_x,Bias,315,0.00634920634920635,0.00634920634920635,0.342857142857143,0.650793650793651,0
19,2026081519,PHM2010,c1,force_z+vibration_x,Noise,315,0.00317460317460317,0.00317460317460317,0.212698412698413,0.784126984126984,0.0222222222222222
19,2026081519,PHM2010,c4,force_z+vibration_x,Noise,315,0,0,0.4,0.6,0.00317460317460317
19,2026081519,PHM2010,c6,force_z+vibration_x,Noise,315,0.00317460317460317,0.00317460317460317,0.0857142857142857,0.911111111111111,0
19,2026081519,PHM2010,c1,force_z+vibration_y,Saturation,315,0.971428571428571,1,0,0,0.0285714285714286
19,2026081519,PHM2010,c4,force_z+vibration_y,Saturation,315,0.987301587301587,1,0,0,0.0126984126984127
19,2026081519,PHM2010,c6,force_z+vibration_y,Saturation,315,1,1,0,0,0
19,2026081519,PHM2010,c1,force_z+vibration_y,Dropout,315,0.558730158730159,0.580952380952381,0.419047619047619,0,0.0285714285714286
19,2026081519,PHM2010,c4,force_z+vibration_y,Dropout,315,0.987301587301587,1,0,0,0.0126984126984127
19,2026081519,PHM2010,c6,force_z+vibration_y,Dropout,315,0.46031746031746,0.46031746031746,0.53968253968254,0,0
19,2026081519,PHM2010,c1,force_z+vibration_y,Bias,315,0.00634920634920635,0.00634920634920635,0.53015873015873,0.463492063492064,0.0285714285714286
19,2026081519,PHM2010,c4,force_z+vibration_y,Bias,315,0.0761904761904762,0.0761904761904762,0.574603174603175,0.349206349206349,0.0126984126984127
19,2026081519,PHM2010,c6,force_z+vibration_y,Bias,315,0,0,0.33015873015873,0.66984126984127,0
19,2026081519,PHM2010,c1,force_z+vibration_y,Noise,315,0,0,0.203174603174603,0.796825396825397,0.0285714285714286
19,2026081519,PHM2010,c4,force_z+vibration_y,Noise,315,0,0,0.377777777777778,0.622222222222222,0.0126984126984127
19,2026081519,PHM2010,c6,force_z+vibration_y,Noise,315,0,0,0.0952380952380952,0.904761904761905,0
19,2026081519,PHM2010,c1,vibration_x+vibration_y,Saturation,315,0.990476190476191,1,0,0,0.00952380952380952
19,2026081519,PHM2010,c4,vibration_x+vibration_y,Saturation,315,0.987301587301587,1,0,0,0.0126984126984127
19,2026081519,PHM2010,c6,vibration_x+vibration_y,Saturation,315,0.993650793650794,1,0,0,0.00634920634920635
19,2026081519,PHM2010,c1,vibration_x+vibration_y,Dropout,315,0.574603174603175,0.580952380952381,0.419047619047619,0,0.00952380952380952
19,2026081519,PHM2010,c4,vibration_x+vibration_y,Dropout,315,0.987301587301587,1,0,0,0.0126984126984127
19,2026081519,PHM2010,c6,vibration_x+vibration_y,Dropout,315,0.203174603174603,0.203174603174603,0.488888888888889,0.307936507936508,0.00634920634920635
19,2026081519,PHM2010,c1,vibration_x+vibration_y,Bias,315,0,0,0.136507936507936,0.863492063492064,0.00952380952380952
19,2026081519,PHM2010,c4,vibration_x+vibration_y,Bias,315,0.0507936507936508,0.0507936507936508,0.285714285714286,0.663492063492063,0.0126984126984127
19,2026081519,PHM2010,c6,vibration_x+vibration_y,Bias,315,0,0,0.0126984126984127,0.987301587301587,0.00634920634920635
19,2026081519,PHM2010,c1,vibration_x+vibration_y,Noise,315,0,0,0.0158730158730159,0.984126984126984,0.00952380952380952
19,2026081519,PHM2010,c4,vibration_x+vibration_y,Noise,315,0,0,0.00317460317460317,0.996825396825397,0.0126984126984127
19,2026081519,PHM2010,c6,vibration_x+vibration_y,Noise,315,0,0,0,1,0.00634920634920635
20,2026081520,NUAA,W1,force_z+vibration_x,Saturation,29,0.931034482758621,1,0,0,0.0689655172413793
20,2026081520,NUAA,W2,force_z+vibration_x,Saturation,17,1,1,0,0,0
20,2026081520,NUAA,W3,force_z+vibration_x,Saturation,11,1,1,0,0,0
20,2026081520,NUAA,W4,force_z+vibration_x,Saturation,28,0.964285714285714,1,0,0,0.0357142857142857
20,2026081520,NUAA,W5,force_z+vibration_x,Saturation,7,1,1,0,0,0
20,2026081520,NUAA,W6,force_z+vibration_x,Saturation,14,1,1,0,0,0
20,2026081520,NUAA,W7,force_z+vibration_x,Saturation,8,1,1,0,0,0
20,2026081520,NUAA,W8,force_z+vibration_x,Saturation,31,0.967741935483871,0.967741935483871,0.032258064516129,0,0
20,2026081520,NUAA,W9,force_z+vibration_x,Saturation,7,1,1,0,0,0
20,2026081520,NUAA,W1,force_z+vibration_x,Dropout,29,0.793103448275862,0.862068965517241,0.137931034482759,0,0.0689655172413793
20,2026081520,NUAA,W2,force_z+vibration_x,Dropout,17,0.823529411764706,0.823529411764706,0.176470588235294,0,0
20,2026081520,NUAA,W3,force_z+vibration_x,Dropout,11,1,1,0,0,0
20,2026081520,NUAA,W4,force_z+vibration_x,Dropout,28,0.785714285714286,0.821428571428571,0.178571428571429,0,0.0357142857142857
20,2026081520,NUAA,W5,force_z+vibration_x,Dropout,7,0.857142857142857,0.857142857142857,0.142857142857143,0,0
20,2026081520,NUAA,W6,force_z+vibration_x,Dropout,14,0.857142857142857,0.857142857142857,0.142857142857143,0,0
20,2026081520,NUAA,W7,force_z+vibration_x,Dropout,8,1,1,0,0,0
20,2026081520,NUAA,W8,force_z+vibration_x,Dropout,31,0.935483870967742,0.935483870967742,0.0645161290322581,0,0
20,2026081520,NUAA,W9,force_z+vibration_x,Dropout,7,1,1,0,0,0
20,2026081520,NUAA,W1,force_z+vibration_x,Bias,29,0,0,0.620689655172414,0.379310344827586,0.0689655172413793
20,2026081520,NUAA,W2,force_z+vibration_x,Bias,17,0.0588235294117647,0.0588235294117647,0.647058823529412,0.294117647058824,0
20,2026081520,NUAA,W3,force_z+vibration_x,Bias,11,0.0909090909090909,0.0909090909090909,0.636363636363636,0.272727272727273,0
20,2026081520,NUAA,W4,force_z+vibration_x,Bias,28,0.0357142857142857,0.0357142857142857,0.714285714285714,0.25,0.0357142857142857
20,2026081520,NUAA,W5,force_z+vibration_x,Bias,7,0.142857142857143,0.142857142857143,0.142857142857143,0.714285714285714,0
20,2026081520,NUAA,W6,force_z+vibration_x,Bias,14,0.0714285714285714,0.0714285714285714,0.571428571428571,0.357142857142857,0
20,2026081520,NUAA,W7,force_z+vibration_x,Bias,8,0.25,0.25,0.5,0.25,0
20,2026081520,NUAA,W8,force_z+vibration_x,Bias,31,0,0,0.612903225806452,0.387096774193548,0
20,2026081520,NUAA,W9,force_z+vibration_x,Bias,7,0,0,0.857142857142857,0.142857142857143,0
20,2026081520,NUAA,W1,force_z+vibration_x,Noise,29,0,0,0.517241379310345,0.482758620689655,0.0689655172413793
20,2026081520,NUAA,W2,force_z+vibration_x,Noise,17,0,0,0.588235294117647,0.411764705882353,0
20,2026081520,NUAA,W3,force_z+vibration_x,Noise,11,0,0,0.727272727272727,0.272727272727273,0
20,2026081520,NUAA,W4,force_z+vibration_x,Noise,28,0,0,0.535714285714286,0.464285714285714,0.0357142857142857
20,2026081520,NUAA,W5,force_z+vibration_x,Noise,7,0.142857142857143,0.142857142857143,0.571428571428571,0.285714285714286,0
20,2026081520,NUAA,W6,force_z+vibration_x,Noise,14,0,0,0.642857142857143,0.357142857142857,0
20,2026081520,NUAA,W7,force_z+vibration_x,Noise,8,0,0,0.75,0.25,0
20,2026081520,NUAA,W8,force_z+vibration_x,Noise,31,0,0,0.516129032258065,0.483870967741935,0
20,2026081520,NUAA,W9,force_z+vibration_x,Noise,7,0,0,0.714285714285714,0.285714285714286,0
20,2026081520,NUAA,W1,force_z+vibration_y,Saturation,29,0.931034482758621,0.931034482758621,0.0689655172413793,0,0
20,2026081520,NUAA,W2,force_z+vibration_y,Saturation,17,0.941176470588235,0.941176470588235,0.0588235294117647,0,0
20,2026081520,NUAA,W3,force_z+vibration_y,Saturation,11,0.909090909090909,0.909090909090909,0.0909090909090909,0,0
20,2026081520,NUAA,W4,force_z+vibration_y,Saturation,28,1,1,0,0,0
20,2026081520,NUAA,W5,force_z+vibration_y,Saturation,7,0.714285714285714,0.857142857142857,0.142857142857143,0,0.142857142857143
20,2026081520,NUAA,W6,force_z+vibration_y,Saturation,14,1,1,0,0,0
20,2026081520,NUAA,W7,force_z+vibration_y,Saturation,8,0.875,0.875,0.125,0,0
20,2026081520,NUAA,W8,force_z+vibration_y,Saturation,31,0.870967741935484,0.870967741935484,0.129032258064516,0,0
20,2026081520,NUAA,W9,force_z+vibration_y,Saturation,7,1,1,0,0,0
20,2026081520,NUAA,W1,force_z+vibration_y,Dropout,29,0.862068965517241,0.862068965517241,0.137931034482759,0,0
20,2026081520,NUAA,W2,force_z+vibration_y,Dropout,17,0.764705882352941,0.764705882352941,0.235294117647059,0,0
20,2026081520,NUAA,W3,force_z+vibration_y,Dropout,11,1,1,0,0,0
20,2026081520,NUAA,W4,force_z+vibration_y,Dropout,28,0.928571428571429,0.928571428571429,0.0714285714285714,0,0
20,2026081520,NUAA,W5,force_z+vibration_y,Dropout,7,0.857142857142857,1,0,0,0.142857142857143
20,2026081520,NUAA,W6,force_z+vibration_y,Dropout,14,1,1,0,0,0
20,2026081520,NUAA,W7,force_z+vibration_y,Dropout,8,0.875,0.875,0.125,0,0
20,2026081520,NUAA,W8,force_z+vibration_y,Dropout,31,0.903225806451613,0.903225806451613,0.0967741935483871,0,0
20,2026081520,NUAA,W9,force_z+vibration_y,Dropout,7,1,1,0,0,0
20,2026081520,NUAA,W1,force_z+vibration_y,Bias,29,0.137931034482759,0.137931034482759,0.586206896551724,0.275862068965517,0
20,2026081520,NUAA,W2,force_z+vibration_y,Bias,17,0.294117647058824,0.294117647058824,0.588235294117647,0.117647058823529,0
20,2026081520,NUAA,W3,force_z+vibration_y,Bias,11,0.181818181818182,0.181818181818182,0.818181818181818,0,0
20,2026081520,NUAA,W4,force_z+vibration_y,Bias,28,0.142857142857143,0.142857142857143,0.571428571428571,0.285714285714286,0
20,2026081520,NUAA,W5,force_z+vibration_y,Bias,7,0.428571428571429,0.571428571428571,0.285714285714286,0.142857142857143,0.142857142857143
20,2026081520,NUAA,W6,force_z+vibration_y,Bias,14,0.142857142857143,0.142857142857143,0.714285714285714,0.142857142857143,0
20,2026081520,NUAA,W7,force_z+vibration_y,Bias,8,0.25,0.25,0.25,0.5,0
20,2026081520,NUAA,W8,force_z+vibration_y,Bias,31,0.258064516129032,0.258064516129032,0.419354838709677,0.32258064516129,0
20,2026081520,NUAA,W9,force_z+vibration_y,Bias,7,0.428571428571429,0.428571428571429,0.571428571428571,0,0
20,2026081520,NUAA,W1,force_z+vibration_y,Noise,29,0.0689655172413793,0.0689655172413793,0.448275862068966,0.482758620689655,0
20,2026081520,NUAA,W2,force_z+vibration_y,Noise,17,0,0,0.882352941176471,0.117647058823529,0
20,2026081520,NUAA,W3,force_z+vibration_y,Noise,11,0,0,0.727272727272727,0.272727272727273,0
20,2026081520,NUAA,W4,force_z+vibration_y,Noise,28,0.0357142857142857,0.0357142857142857,0.571428571428571,0.392857142857143,0
20,2026081520,NUAA,W5,force_z+vibration_y,Noise,7,0,0,0.857142857142857,0.142857142857143,0.142857142857143
20,2026081520,NUAA,W6,force_z+vibration_y,Noise,14,0,0,0.5,0.5,0
20,2026081520,NUAA,W7,force_z+vibration_y,Noise,8,0,0,0.75,0.25,0
20,2026081520,NUAA,W8,force_z+vibration_y,Noise,31,0,0,0.451612903225806,0.548387096774194,0
20,2026081520,NUAA,W9,force_z+vibration_y,Noise,7,0,0,1,0,0
20,2026081520,NUAA,W1,vibration_x+vibration_y,Saturation,29,1,1,0,0,0
20,2026081520,NUAA,W2,vibration_x+vibration_y,Saturation,17,0.882352941176471,1,0,0,0.117647058823529
20,2026081520,NUAA,W3,vibration_x+vibration_y,Saturation,11,1,1,0,0,0
20,2026081520,NUAA,W4,vibration_x+vibration_y,Saturation,28,1,1,0,0,0
20,2026081520,NUAA,W5,vibration_x+vibration_y,Saturation,7,1,1,0,0,0
20,2026081520,NUAA,W6,vibration_x+vibration_y,Saturation,14,1,1,0,0,0
20,2026081520,NUAA,W7,vibration_x+vibration_y,Saturation,8,1,1,0,0,0
20,2026081520,NUAA,W8,vibration_x+vibration_y,Saturation,31,1,1,0,0,0
20,2026081520,NUAA,W9,vibration_x+vibration_y,Saturation,7,1,1,0,0,0
20,2026081520,NUAA,W1,vibration_x+vibration_y,Dropout,29,1,1,0,0,0
20,2026081520,NUAA,W2,vibration_x+vibration_y,Dropout,17,0.882352941176471,1,0,0,0.117647058823529
20,2026081520,NUAA,W3,vibration_x+vibration_y,Dropout,11,1,1,0,0,0
20,2026081520,NUAA,W4,vibration_x+vibration_y,Dropout,28,1,1,0,0,0
20,2026081520,NUAA,W5,vibration_x+vibration_y,Dropout,7,1,1,0,0,0
20,2026081520,NUAA,W6,vibration_x+vibration_y,Dropout,14,1,1,0,0,0
20,2026081520,NUAA,W7,vibration_x+vibration_y,Dropout,8,1,1,0,0,0
20,2026081520,NUAA,W8,vibration_x+vibration_y,Dropout,31,1,1,0,0,0
20,2026081520,NUAA,W9,vibration_x+vibration_y,Dropout,7,1,1,0,0,0
20,2026081520,NUAA,W1,vibration_x+vibration_y,Bias,29,0.0344827586206897,0.0344827586206897,0.517241379310345,0.448275862068966,0
20,2026081520,NUAA,W2,vibration_x+vibration_y,Bias,17,0.0588235294117647,0.0588235294117647,0.470588235294118,0.470588235294118,0.117647058823529
20,2026081520,NUAA,W3,vibration_x+vibration_y,Bias,11,0,0,0.545454545454545,0.454545454545455,0
20,2026081520,NUAA,W4,vibration_x+vibration_y,Bias,28,0.107142857142857,0.107142857142857,0.357142857142857,0.535714285714286,0
20,2026081520,NUAA,W5,vibration_x+vibration_y,Bias,7,0.285714285714286,0.285714285714286,0.428571428571429,0.285714285714286,0
20,2026081520,NUAA,W6,vibration_x+vibration_y,Bias,14,0,0,0.571428571428571,0.428571428571429,0
20,2026081520,NUAA,W7,vibration_x+vibration_y,Bias,8,0.125,0.125,0.5,0.375,0
20,2026081520,NUAA,W8,vibration_x+vibration_y,Bias,31,0.032258064516129,0.032258064516129,0.354838709677419,0.612903225806452,0
20,2026081520,NUAA,W9,vibration_x+vibration_y,Bias,7,0,0,0.428571428571429,0.571428571428571,0
20,2026081520,NUAA,W1,vibration_x+vibration_y,Noise,29,0,0,0.0344827586206897,0.96551724137931,0
20,2026081520,NUAA,W2,vibration_x+vibration_y,Noise,17,0,0,0,1,0.117647058823529
20,2026081520,NUAA,W3,vibration_x+vibration_y,Noise,11,0,0,0,1,0
20,2026081520,NUAA,W4,vibration_x+vibration_y,Noise,28,0,0,0.0357142857142857,0.964285714285714,0
20,2026081520,NUAA,W5,vibration_x+vibration_y,Noise,7,0,0,0.142857142857143,0.857142857142857,0
20,2026081520,NUAA,W6,vibration_x+vibration_y,Noise,14,0,0,0,1,0
20,2026081520,NUAA,W7,vibration_x+vibration_y,Noise,8,0,0,0,1,0
20,2026081520,NUAA,W8,vibration_x+vibration_y,Noise,31,0,0,0.032258064516129,0.967741935483871,0
20,2026081520,NUAA,W9,vibration_x+vibration_y,Noise,7,0,0,0,1,0
20,2026081520,PHM2010,c1,force_z+vibration_x,Saturation,315,0.977777777777778,1,0,0,0.0222222222222222
20,2026081520,PHM2010,c4,force_z+vibration_x,Saturation,315,0.996825396825397,1,0,0,0.00317460317460317
20,2026081520,PHM2010,c6,force_z+vibration_x,Saturation,315,1,1,0,0,0
20,2026081520,PHM2010,c1,force_z+vibration_x,Dropout,315,0.977777777777778,1,0,0,0.0222222222222222
20,2026081520,PHM2010,c4,force_z+vibration_x,Dropout,315,0.996825396825397,1,0,0,0.00317460317460317
20,2026081520,PHM2010,c6,force_z+vibration_x,Dropout,315,0.473015873015873,0.473015873015873,0.526984126984127,0,0
20,2026081520,PHM2010,c1,force_z+vibration_x,Bias,315,0.117460317460317,0.120634920634921,0.463492063492064,0.415873015873016,0.0222222222222222
20,2026081520,PHM2010,c4,force_z+vibration_x,Bias,315,0.26031746031746,0.263492063492063,0.438095238095238,0.298412698412698,0.00317460317460317
20,2026081520,PHM2010,c6,force_z+vibration_x,Bias,315,0,0,0.336507936507937,0.663492063492063,0
20,2026081520,PHM2010,c1,force_z+vibration_x,Noise,315,0.00634920634920635,0.00634920634920635,0.225396825396825,0.768253968253968,0.0222222222222222
20,2026081520,PHM2010,c4,force_z+vibration_x,Noise,315,0.00317460317460317,0.00317460317460317,0.384126984126984,0.612698412698413,0.00317460317460317
20,2026081520,PHM2010,c6,force_z+vibration_x,Noise,315,0,0,0.0793650793650794,0.920634920634921,0
20,2026081520,PHM2010,c1,force_z+vibration_y,Saturation,315,0.971428571428571,1,0,0,0.0285714285714286
20,2026081520,PHM2010,c4,force_z+vibration_y,Saturation,315,0.987301587301587,1,0,0,0.0126984126984127
20,2026081520,PHM2010,c6,force_z+vibration_y,Saturation,315,1,1,0,0,0
20,2026081520,PHM2010,c1,force_z+vibration_y,Dropout,315,0.549206349206349,0.568253968253968,0.431746031746032,0,0.0285714285714286
20,2026081520,PHM2010,c4,force_z+vibration_y,Dropout,315,0.987301587301587,1,0,0,0.0126984126984127
20,2026081520,PHM2010,c6,force_z+vibration_y,Dropout,315,0.396825396825397,0.396825396825397,0.603174603174603,0,0
20,2026081520,PHM2010,c1,force_z+vibration_y,Bias,315,0.00317460317460317,0.00317460317460317,0.577777777777778,0.419047619047619,0.0285714285714286
20,2026081520,PHM2010,c4,force_z+vibration_y,Bias,315,0.0857142857142857,0.0857142857142857,0.526984126984127,0.387301587301587,0.0126984126984127
20,2026081520,PHM2010,c6,force_z+vibration_y,Bias,315,0,0,0.371428571428571,0.628571428571429,0
20,2026081520,PHM2010,c1,force_z+vibration_y,Noise,315,0.00317460317460317,0.00317460317460317,0.20952380952381,0.787301587301587,0.0285714285714286
20,2026081520,PHM2010,c4,force_z+vibration_y,Noise,315,0,0,0.457142857142857,0.542857142857143,0.0126984126984127
20,2026081520,PHM2010,c6,force_z+vibration_y,Noise,315,0,0,0.0888888888888889,0.911111111111111,0
20,2026081520,PHM2010,c1,vibration_x+vibration_y,Saturation,315,0.990476190476191,1,0,0,0.00952380952380952
20,2026081520,PHM2010,c4,vibration_x+vibration_y,Saturation,315,0.987301587301587,1,0,0,0.0126984126984127
20,2026081520,PHM2010,c6,vibration_x+vibration_y,Saturation,315,0.993650793650794,1,0,0,0.00634920634920635
20,2026081520,PHM2010,c1,vibration_x+vibration_y,Dropout,315,0.542857142857143,0.542857142857143,0.457142857142857,0,0.00952380952380952
20,2026081520,PHM2010,c4,vibration_x+vibration_y,Dropout,315,0.987301587301587,1,0,0,0.0126984126984127
20,2026081520,PHM2010,c6,vibration_x+vibration_y,Dropout,315,0.212698412698413,0.215873015873016,0.520634920634921,0.263492063492063,0.00634920634920635
20,2026081520,PHM2010,c1,vibration_x+vibration_y,Bias,315,0,0,0.155555555555556,0.844444444444444,0.00952380952380952
20,2026081520,PHM2010,c4,vibration_x+vibration_y,Bias,315,0.0571428571428571,0.0571428571428571,0.295238095238095,0.647619047619048,0.0126984126984127
20,2026081520,PHM2010,c6,vibration_x+vibration_y,Bias,315,0,0,0.00634920634920635,0.993650793650794,0.00634920634920635
20,2026081520,PHM2010,c1,vibration_x+vibration_y,Noise,315,0,0,0.0126984126984127,0.987301587301587,0.00952380952380952
20,2026081520,PHM2010,c4,vibration_x+vibration_y,Noise,315,0,0,0,1,0.0126984126984127
20,2026081520,PHM2010,c6,vibration_x+vibration_y,Noise,315,0,0,0,1,0.00634920634920635
21,2026081521,NUAA,W1,force_z+vibration_x,Saturation,29,0.896551724137931,0.96551724137931,0.0344827586206897,0,0.0689655172413793
21,2026081521,NUAA,W2,force_z+vibration_x,Saturation,17,1,1,0,0,0
21,2026081521,NUAA,W3,force_z+vibration_x,Saturation,11,1,1,0,0,0
21,2026081521,NUAA,W4,force_z+vibration_x,Saturation,28,0.928571428571429,0.964285714285714,0.0357142857142857,0,0.0357142857142857
21,2026081521,NUAA,W5,force_z+vibration_x,Saturation,7,1,1,0,0,0
21,2026081521,NUAA,W6,force_z+vibration_x,Saturation,14,1,1,0,0,0
21,2026081521,NUAA,W7,force_z+vibration_x,Saturation,8,1,1,0,0,0
21,2026081521,NUAA,W8,force_z+vibration_x,Saturation,31,0.967741935483871,0.967741935483871,0.032258064516129,0,0
21,2026081521,NUAA,W9,force_z+vibration_x,Saturation,7,1,1,0,0,0
21,2026081521,NUAA,W1,force_z+vibration_x,Dropout,29,0.862068965517241,0.896551724137931,0.103448275862069,0,0.0689655172413793
21,2026081521,NUAA,W2,force_z+vibration_x,Dropout,17,0.823529411764706,0.823529411764706,0.176470588235294,0,0
21,2026081521,NUAA,W3,force_z+vibration_x,Dropout,11,1,1,0,0,0
21,2026081521,NUAA,W4,force_z+vibration_x,Dropout,28,0.892857142857143,0.928571428571429,0.0714285714285714,0,0.0357142857142857
21,2026081521,NUAA,W5,force_z+vibration_x,Dropout,7,0.857142857142857,0.857142857142857,0.142857142857143,0,0
21,2026081521,NUAA,W6,force_z+vibration_x,Dropout,14,1,1,0,0,0
21,2026081521,NUAA,W7,force_z+vibration_x,Dropout,8,1,1,0,0,0
21,2026081521,NUAA,W8,force_z+vibration_x,Dropout,31,0.903225806451613,0.903225806451613,0.0967741935483871,0,0
21,2026081521,NUAA,W9,force_z+vibration_x,Dropout,7,1,1,0,0,0
21,2026081521,NUAA,W1,force_z+vibration_x,Bias,29,0.0344827586206897,0.0344827586206897,0.620689655172414,0.344827586206897,0.0689655172413793
21,2026081521,NUAA,W2,force_z+vibration_x,Bias,17,0.117647058823529,0.117647058823529,0.705882352941177,0.176470588235294,0
21,2026081521,NUAA,W3,force_z+vibration_x,Bias,11,0,0,0.818181818181818,0.181818181818182,0
21,2026081521,NUAA,W4,force_z+vibration_x,Bias,28,0,0,0.642857142857143,0.357142857142857,0.0357142857142857
21,2026081521,NUAA,W5,force_z+vibration_x,Bias,7,0.285714285714286,0.285714285714286,0.428571428571429,0.285714285714286,0
21,2026081521,NUAA,W6,force_z+vibration_x,Bias,14,0,0,0.714285714285714,0.285714285714286,0
21,2026081521,NUAA,W7,force_z+vibration_x,Bias,8,0.25,0.25,0.125,0.625,0
21,2026081521,NUAA,W8,force_z+vibration_x,Bias,31,0,0,0.612903225806452,0.387096774193548,0
21,2026081521,NUAA,W9,force_z+vibration_x,Bias,7,0,0,0.714285714285714,0.285714285714286,0
21,2026081521,NUAA,W1,force_z+vibration_x,Noise,29,0,0,0.586206896551724,0.413793103448276,0.0689655172413793
21,2026081521,NUAA,W2,force_z+vibration_x,Noise,17,0,0,0.823529411764706,0.176470588235294,0
21,2026081521,NUAA,W3,force_z+vibration_x,Noise,11,0,0,0.545454545454545,0.454545454545455,0
21,2026081521,NUAA,W4,force_z+vibration_x,Noise,28,0,0,0.678571428571429,0.321428571428571,0.0357142857142857
21,2026081521,NUAA,W5,force_z+vibration_x,Noise,7,0.142857142857143,0.142857142857143,0.857142857142857,0,0
21,2026081521,NUAA,W6,force_z+vibration_x,Noise,14,0,0,0.714285714285714,0.285714285714286,0
21,2026081521,NUAA,W7,force_z+vibration_x,Noise,8,0,0,0.5,0.5,0
21,2026081521,NUAA,W8,force_z+vibration_x,Noise,31,0,0,0.354838709677419,0.645161290322581,0
21,2026081521,NUAA,W9,force_z+vibration_x,Noise,7,0,0,0.857142857142857,0.142857142857143,0
21,2026081521,NUAA,W1,force_z+vibration_y,Saturation,29,1,1,0,0,0
21,2026081521,NUAA,W2,force_z+vibration_y,Saturation,17,1,1,0,0,0
21,2026081521,NUAA,W3,force_z+vibration_y,Saturation,11,1,1,0,0,0
21,2026081521,NUAA,W4,force_z+vibration_y,Saturation,28,1,1,0,0,0
21,2026081521,NUAA,W5,force_z+vibration_y,Saturation,7,0.857142857142857,1,0,0,0.142857142857143
21,2026081521,NUAA,W6,force_z+vibration_y,Saturation,14,0.857142857142857,0.857142857142857,0.142857142857143,0,0
21,2026081521,NUAA,W7,force_z+vibration_y,Saturation,8,1,1,0,0,0
21,2026081521,NUAA,W8,force_z+vibration_y,Saturation,31,0.935483870967742,0.935483870967742,0.0645161290322581,0,0
21,2026081521,NUAA,W9,force_z+vibration_y,Saturation,7,1,1,0,0,0
21,2026081521,NUAA,W1,force_z+vibration_y,Dropout,29,0.862068965517241,0.862068965517241,0.137931034482759,0,0
21,2026081521,NUAA,W2,force_z+vibration_y,Dropout,17,0.941176470588235,0.941176470588235,0.0588235294117647,0,0
21,2026081521,NUAA,W3,force_z+vibration_y,Dropout,11,0.636363636363636,0.636363636363636,0.363636363636364,0,0
21,2026081521,NUAA,W4,force_z+vibration_y,Dropout,28,0.892857142857143,0.892857142857143,0.107142857142857,0,0
21,2026081521,NUAA,W5,force_z+vibration_y,Dropout,7,0.857142857142857,1,0,0,0.142857142857143
21,2026081521,NUAA,W6,force_z+vibration_y,Dropout,14,1,1,0,0,0
21,2026081521,NUAA,W7,force_z+vibration_y,Dropout,8,1,1,0,0,0
21,2026081521,NUAA,W8,force_z+vibration_y,Dropout,31,1,1,0,0,0
21,2026081521,NUAA,W9,force_z+vibration_y,Dropout,7,1,1,0,0,0
21,2026081521,NUAA,W1,force_z+vibration_y,Bias,29,0.551724137931034,0.551724137931034,0.379310344827586,0.0689655172413793,0
21,2026081521,NUAA,W2,force_z+vibration_y,Bias,17,0.352941176470588,0.352941176470588,0.470588235294118,0.176470588235294,0
21,2026081521,NUAA,W3,force_z+vibration_y,Bias,11,0.0909090909090909,0.0909090909090909,0.545454545454545,0.363636363636364,0
21,2026081521,NUAA,W4,force_z+vibration_y,Bias,28,0.285714285714286,0.285714285714286,0.571428571428571,0.142857142857143,0
21,2026081521,NUAA,W5,force_z+vibration_y,Bias,7,0.285714285714286,0.285714285714286,0.428571428571429,0.285714285714286,0.142857142857143
21,2026081521,NUAA,W6,force_z+vibration_y,Bias,14,0.142857142857143,0.142857142857143,0.714285714285714,0.142857142857143,0
21,2026081521,NUAA,W7,force_z+vibration_y,Bias,8,0.25,0.25,0.5,0.25,0
21,2026081521,NUAA,W8,force_z+vibration_y,Bias,31,0.32258064516129,0.32258064516129,0.451612903225806,0.225806451612903,0
21,2026081521,NUAA,W9,force_z+vibration_y,Bias,7,0.285714285714286,0.285714285714286,0.428571428571429,0.285714285714286,0
21,2026081521,NUAA,W1,force_z+vibration_y,Noise,29,0.103448275862069,0.103448275862069,0.551724137931034,0.344827586206897,0
21,2026081521,NUAA,W2,force_z+vibration_y,Noise,17,0,0,0.823529411764706,0.176470588235294,0
21,2026081521,NUAA,W3,force_z+vibration_y,Noise,11,0,0,0.636363636363636,0.363636363636364,0
21,2026081521,NUAA,W4,force_z+vibration_y,Noise,28,0.0714285714285714,0.0714285714285714,0.678571428571429,0.25,0
21,2026081521,NUAA,W5,force_z+vibration_y,Noise,7,0.142857142857143,0.142857142857143,0.428571428571429,0.428571428571429,0.142857142857143
21,2026081521,NUAA,W6,force_z+vibration_y,Noise,14,0,0,0.714285714285714,0.285714285714286,0
21,2026081521,NUAA,W7,force_z+vibration_y,Noise,8,0,0,0.625,0.375,0
21,2026081521,NUAA,W8,force_z+vibration_y,Noise,31,0,0,0.451612903225806,0.548387096774194,0
21,2026081521,NUAA,W9,force_z+vibration_y,Noise,7,0,0,0.714285714285714,0.285714285714286,0
21,2026081521,NUAA,W1,vibration_x+vibration_y,Saturation,29,1,1,0,0,0
21,2026081521,NUAA,W2,vibration_x+vibration_y,Saturation,17,0.882352941176471,1,0,0,0.117647058823529
21,2026081521,NUAA,W3,vibration_x+vibration_y,Saturation,11,1,1,0,0,0
21,2026081521,NUAA,W4,vibration_x+vibration_y,Saturation,28,1,1,0,0,0
21,2026081521,NUAA,W5,vibration_x+vibration_y,Saturation,7,1,1,0,0,0
21,2026081521,NUAA,W6,vibration_x+vibration_y,Saturation,14,1,1,0,0,0
21,2026081521,NUAA,W7,vibration_x+vibration_y,Saturation,8,1,1,0,0,0
21,2026081521,NUAA,W8,vibration_x+vibration_y,Saturation,31,1,1,0,0,0
21,2026081521,NUAA,W9,vibration_x+vibration_y,Saturation,7,1,1,0,0,0
21,2026081521,NUAA,W1,vibration_x+vibration_y,Dropout,29,1,1,0,0,0
21,2026081521,NUAA,W2,vibration_x+vibration_y,Dropout,17,0.882352941176471,1,0,0,0.117647058823529
21,2026081521,NUAA,W3,vibration_x+vibration_y,Dropout,11,1,1,0,0,0
21,2026081521,NUAA,W4,vibration_x+vibration_y,Dropout,28,1,1,0,0,0
21,2026081521,NUAA,W5,vibration_x+vibration_y,Dropout,7,1,1,0,0,0
21,2026081521,NUAA,W6,vibration_x+vibration_y,Dropout,14,1,1,0,0,0
21,2026081521,NUAA,W7,vibration_x+vibration_y,Dropout,8,1,1,0,0,0
21,2026081521,NUAA,W8,vibration_x+vibration_y,Dropout,31,1,1,0,0,0
21,2026081521,NUAA,W9,vibration_x+vibration_y,Dropout,7,1,1,0,0,0
21,2026081521,NUAA,W1,vibration_x+vibration_y,Bias,29,0,0,0.586206896551724,0.413793103448276,0
21,2026081521,NUAA,W2,vibration_x+vibration_y,Bias,17,0,0,0.882352941176471,0.117647058823529,0.117647058823529
21,2026081521,NUAA,W3,vibration_x+vibration_y,Bias,11,0,0,0.545454545454545,0.454545454545455,0
21,2026081521,NUAA,W4,vibration_x+vibration_y,Bias,28,0.0714285714285714,0.0714285714285714,0.5,0.428571428571429,0
21,2026081521,NUAA,W5,vibration_x+vibration_y,Bias,7,0.142857142857143,0.142857142857143,0.428571428571429,0.428571428571429,0
21,2026081521,NUAA,W6,vibration_x+vibration_y,Bias,14,0.0714285714285714,0.0714285714285714,0.5,0.428571428571429,0
21,2026081521,NUAA,W7,vibration_x+vibration_y,Bias,8,0,0,0.5,0.5,0
21,2026081521,NUAA,W8,vibration_x+vibration_y,Bias,31,0,0,0.483870967741935,0.516129032258065,0
21,2026081521,NUAA,W9,vibration_x+vibration_y,Bias,7,0,0,0.571428571428571,0.428571428571429,0
21,2026081521,NUAA,W1,vibration_x+vibration_y,Noise,29,0,0,0.0344827586206897,0.96551724137931,0
21,2026081521,NUAA,W2,vibration_x+vibration_y,Noise,17,0,0,0,1,0.117647058823529
21,2026081521,NUAA,W3,vibration_x+vibration_y,Noise,11,0,0,0,1,0
21,2026081521,NUAA,W4,vibration_x+vibration_y,Noise,28,0,0,0.107142857142857,0.892857142857143,0
21,2026081521,NUAA,W5,vibration_x+vibration_y,Noise,7,0,0,0.142857142857143,0.857142857142857,0
21,2026081521,NUAA,W6,vibration_x+vibration_y,Noise,14,0,0,0,1,0
21,2026081521,NUAA,W7,vibration_x+vibration_y,Noise,8,0,0,0.125,0.875,0
21,2026081521,NUAA,W8,vibration_x+vibration_y,Noise,31,0,0,0.032258064516129,0.967741935483871,0
21,2026081521,NUAA,W9,vibration_x+vibration_y,Noise,7,0,0,0,1,0
21,2026081521,PHM2010,c1,force_z+vibration_x,Saturation,315,0.977777777777778,1,0,0,0.0222222222222222
21,2026081521,PHM2010,c4,force_z+vibration_x,Saturation,315,0.996825396825397,1,0,0,0.00317460317460317
21,2026081521,PHM2010,c6,force_z+vibration_x,Saturation,315,1,1,0,0,0
21,2026081521,PHM2010,c1,force_z+vibration_x,Dropout,315,0.977777777777778,1,0,0,0.0222222222222222
21,2026081521,PHM2010,c4,force_z+vibration_x,Dropout,315,0.996825396825397,1,0,0,0.00317460317460317
21,2026081521,PHM2010,c6,force_z+vibration_x,Dropout,315,0.444444444444444,0.444444444444444,0.555555555555556,0,0
21,2026081521,PHM2010,c1,force_z+vibration_x,Bias,315,0.104761904761905,0.107936507936508,0.501587301587302,0.39047619047619,0.0222222222222222
21,2026081521,PHM2010,c4,force_z+vibration_x,Bias,315,0.234920634920635,0.238095238095238,0.507936507936508,0.253968253968254,0.00317460317460317
21,2026081521,PHM2010,c6,force_z+vibration_x,Bias,315,0,0,0.333333333333333,0.666666666666667,0
21,2026081521,PHM2010,c1,force_z+vibration_x,Noise,315,0.00317460317460317,0.00317460317460317,0.266666666666667,0.73015873015873,0.0222222222222222
21,2026081521,PHM2010,c4,force_z+vibration_x,Noise,315,0,0,0.371428571428571,0.628571428571429,0.00317460317460317
21,2026081521,PHM2010,c6,force_z+vibration_x,Noise,315,0,0,0.0984126984126984,0.901587301587302,0
21,2026081521,PHM2010,c1,force_z+vibration_y,Saturation,315,0.971428571428571,1,0,0,0.0285714285714286
21,2026081521,PHM2010,c4,force_z+vibration_y,Saturation,315,0.987301587301587,1,0,0,0.0126984126984127
21,2026081521,PHM2010,c6,force_z+vibration_y,Saturation,315,1,1,0,0,0
21,2026081521,PHM2010,c1,force_z+vibration_y,Dropout,315,0.526984126984127,0.53968253968254,0.46031746031746,0,0.0285714285714286
21,2026081521,PHM2010,c4,force_z+vibration_y,Dropout,315,0.987301587301587,1,0,0,0.0126984126984127
21,2026081521,PHM2010,c6,force_z+vibration_y,Dropout,315,0.425396825396825,0.425396825396825,0.574603174603175,0,0
21,2026081521,PHM2010,c1,force_z+vibration_y,Bias,315,0.00317460317460317,0.00317460317460317,0.558730158730159,0.438095238095238,0.0285714285714286
21,2026081521,PHM2010,c4,force_z+vibration_y,Bias,315,0.0698412698412698,0.073015873015873,0.625396825396825,0.301587301587302,0.0126984126984127
21,2026081521,PHM2010,c6,force_z+vibration_y,Bias,315,0,0,0.26984126984127,0.73015873015873,0
21,2026081521,PHM2010,c1,force_z+vibration_y,Noise,315,0,0,0.203174603174603,0.796825396825397,0.0285714285714286
21,2026081521,PHM2010,c4,force_z+vibration_y,Noise,315,0,0,0.393650793650794,0.606349206349206,0.0126984126984127
21,2026081521,PHM2010,c6,force_z+vibration_y,Noise,315,0,0,0.0793650793650794,0.920634920634921,0
21,2026081521,PHM2010,c1,vibration_x+vibration_y,Saturation,315,0.990476190476191,1,0,0,0.00952380952380952
21,2026081521,PHM2010,c4,vibration_x+vibration_y,Saturation,315,0.987301587301587,1,0,0,0.0126984126984127
21,2026081521,PHM2010,c6,vibration_x+vibration_y,Saturation,315,0.993650793650794,1,0,0,0.00634920634920635
21,2026081521,PHM2010,c1,vibration_x+vibration_y,Dropout,315,0.495238095238095,0.501587301587302,0.498412698412698,0,0.00952380952380952
21,2026081521,PHM2010,c4,vibration_x+vibration_y,Dropout,315,0.987301587301587,1,0,0,0.0126984126984127
21,2026081521,PHM2010,c6,vibration_x+vibration_y,Dropout,315,0.241269841269841,0.241269841269841,0.495238095238095,0.263492063492063,0.00634920634920635
21,2026081521,PHM2010,c1,vibration_x+vibration_y,Bias,315,0.00317460317460317,0.00317460317460317,0.155555555555556,0.841269841269841,0.00952380952380952
21,2026081521,PHM2010,c4,vibration_x+vibration_y,Bias,315,0.0444444444444444,0.0444444444444444,0.282539682539683,0.673015873015873,0.0126984126984127
21,2026081521,PHM2010,c6,vibration_x+vibration_y,Bias,315,0,0,0.00317460317460317,0.996825396825397,0.00634920634920635
21,2026081521,PHM2010,c1,vibration_x+vibration_y,Noise,315,0,0,0.0222222222222222,0.977777777777778,0.00952380952380952
21,2026081521,PHM2010,c4,vibration_x+vibration_y,Noise,315,0,0,0.00317460317460317,0.996825396825397,0.0126984126984127
21,2026081521,PHM2010,c6,vibration_x+vibration_y,Noise,315,0,0,0,1,0.00634920634920635
22,2026081522,NUAA,W1,force_z+vibration_x,Saturation,29,0.793103448275862,0.862068965517241,0.137931034482759,0,0.0689655172413793
22,2026081522,NUAA,W2,force_z+vibration_x,Saturation,17,1,1,0,0,0
22,2026081522,NUAA,W3,force_z+vibration_x,Saturation,11,1,1,0,0,0
22,2026081522,NUAA,W4,force_z+vibration_x,Saturation,28,0.928571428571429,0.964285714285714,0.0357142857142857,0,0.0357142857142857
22,2026081522,NUAA,W5,force_z+vibration_x,Saturation,7,1,1,0,0,0
22,2026081522,NUAA,W6,force_z+vibration_x,Saturation,14,1,1,0,0,0
22,2026081522,NUAA,W7,force_z+vibration_x,Saturation,8,1,1,0,0,0
22,2026081522,NUAA,W8,force_z+vibration_x,Saturation,31,1,1,0,0,0
22,2026081522,NUAA,W9,force_z+vibration_x,Saturation,7,1,1,0,0,0
22,2026081522,NUAA,W1,force_z+vibration_x,Dropout,29,0.862068965517241,0.931034482758621,0.0689655172413793,0,0.0689655172413793
22,2026081522,NUAA,W2,force_z+vibration_x,Dropout,17,0.882352941176471,0.882352941176471,0.117647058823529,0,0
22,2026081522,NUAA,W3,force_z+vibration_x,Dropout,11,0.818181818181818,0.818181818181818,0.181818181818182,0,0
22,2026081522,NUAA,W4,force_z+vibration_x,Dropout,28,0.928571428571429,0.964285714285714,0.0357142857142857,0,0.0357142857142857
22,2026081522,NUAA,W5,force_z+vibration_x,Dropout,7,1,1,0,0,0
22,2026081522,NUAA,W6,force_z+vibration_x,Dropout,14,0.857142857142857,0.857142857142857,0.142857142857143,0,0
22,2026081522,NUAA,W7,force_z+vibration_x,Dropout,8,1,1,0,0,0
22,2026081522,NUAA,W8,force_z+vibration_x,Dropout,31,0.967741935483871,0.967741935483871,0.032258064516129,0,0
22,2026081522,NUAA,W9,force_z+vibration_x,Dropout,7,0.857142857142857,0.857142857142857,0.142857142857143,0,0
22,2026081522,NUAA,W1,force_z+vibration_x,Bias,29,0.0344827586206897,0.0344827586206897,0.517241379310345,0.448275862068966,0.0689655172413793
22,2026081522,NUAA,W2,force_z+vibration_x,Bias,17,0.0588235294117647,0.0588235294117647,0.705882352941177,0.235294117647059,0
22,2026081522,NUAA,W3,force_z+vibration_x,Bias,11,0.0909090909090909,0.0909090909090909,0.272727272727273,0.636363636363636,0
22,2026081522,NUAA,W4,force_z+vibration_x,Bias,28,0.0714285714285714,0.0714285714285714,0.535714285714286,0.392857142857143,0.0357142857142857
22,2026081522,NUAA,W5,force_z+vibration_x,Bias,7,0.428571428571429,0.428571428571429,0.142857142857143,0.428571428571429,0
22,2026081522,NUAA,W6,force_z+vibration_x,Bias,14,0,0,0.571428571428571,0.428571428571429,0
22,2026081522,NUAA,W7,force_z+vibration_x,Bias,8,0,0,0.5,0.5,0
22,2026081522,NUAA,W8,force_z+vibration_x,Bias,31,0.032258064516129,0.032258064516129,0.612903225806452,0.354838709677419,0
22,2026081522,NUAA,W9,force_z+vibration_x,Bias,7,0.285714285714286,0.285714285714286,0.428571428571429,0.285714285714286,0
22,2026081522,NUAA,W1,force_z+vibration_x,Noise,29,0,0,0.586206896551724,0.413793103448276,0.0689655172413793
22,2026081522,NUAA,W2,force_z+vibration_x,Noise,17,0,0,0.705882352941177,0.294117647058824,0
22,2026081522,NUAA,W3,force_z+vibration_x,Noise,11,0,0,0.636363636363636,0.363636363636364,0
22,2026081522,NUAA,W4,force_z+vibration_x,Noise,28,0,0,0.428571428571429,0.571428571428571,0.0357142857142857
22,2026081522,NUAA,W5,force_z+vibration_x,Noise,7,0,0,0.428571428571429,0.571428571428571,0
22,2026081522,NUAA,W6,force_z+vibration_x,Noise,14,0,0,0.357142857142857,0.642857142857143,0
22,2026081522,NUAA,W7,force_z+vibration_x,Noise,8,0,0,0.375,0.625,0
22,2026081522,NUAA,W8,force_z+vibration_x,Noise,31,0,0,0.612903225806452,0.387096774193548,0
22,2026081522,NUAA,W9,force_z+vibration_x,Noise,7,0,0,0.428571428571429,0.571428571428571,0
22,2026081522,NUAA,W1,force_z+vibration_y,Saturation,29,0.96551724137931,0.96551724137931,0.0344827586206897,0,0
22,2026081522,NUAA,W2,force_z+vibration_y,Saturation,17,1,1,0,0,0
22,2026081522,NUAA,W3,force_z+vibration_y,Saturation,11,0.909090909090909,0.909090909090909,0.0909090909090909,0,0
22,2026081522,NUAA,W4,force_z+vibration_y,Saturation,28,1,1,0,0,0
22,2026081522,NUAA,W5,force_z+vibration_y,Saturation,7,0.857142857142857,1,0,0,0.142857142857143
22,2026081522,NUAA,W6,force_z+vibration_y,Saturation,14,1,1,0,0,0
22,2026081522,NUAA,W7,force_z+vibration_y,Saturation,8,1,1,0,0,0
22,2026081522,NUAA,W8,force_z+vibration_y,Saturation,31,0.967741935483871,0.967741935483871,0.032258064516129,0,0
22,2026081522,NUAA,W9,force_z+vibration_y,Saturation,7,0.857142857142857,0.857142857142857,0.142857142857143,0,0
22,2026081522,NUAA,W1,force_z+vibration_y,Dropout,29,0.931034482758621,0.931034482758621,0.0689655172413793,0,0
22,2026081522,NUAA,W2,force_z+vibration_y,Dropout,17,0.823529411764706,0.823529411764706,0.176470588235294,0,0
22,2026081522,NUAA,W3,force_z+vibration_y,Dropout,11,1,1,0,0,0
22,2026081522,NUAA,W4,force_z+vibration_y,Dropout,28,0.964285714285714,0.964285714285714,0.0357142857142857,0,0
22,2026081522,NUAA,W5,force_z+vibration_y,Dropout,7,0.857142857142857,1,0,0,0.142857142857143
22,2026081522,NUAA,W6,force_z+vibration_y,Dropout,14,0.857142857142857,0.857142857142857,0.142857142857143,0,0
22,2026081522,NUAA,W7,force_z+vibration_y,Dropout,8,1,1,0,0,0
22,2026081522,NUAA,W8,force_z+vibration_y,Dropout,31,0.935483870967742,0.935483870967742,0.0645161290322581,0,0
22,2026081522,NUAA,W9,force_z+vibration_y,Dropout,7,0.857142857142857,0.857142857142857,0.142857142857143,0,0
22,2026081522,NUAA,W1,force_z+vibration_y,Bias,29,0.275862068965517,0.275862068965517,0.551724137931034,0.172413793103448,0
22,2026081522,NUAA,W2,force_z+vibration_y,Bias,17,0.235294117647059,0.235294117647059,0.588235294117647,0.176470588235294,0
22,2026081522,NUAA,W3,force_z+vibration_y,Bias,11,0.363636363636364,0.363636363636364,0.545454545454545,0.0909090909090909,0
22,2026081522,NUAA,W4,force_z+vibration_y,Bias,28,0.25,0.25,0.357142857142857,0.392857142857143,0
22,2026081522,NUAA,W5,force_z+vibration_y,Bias,7,0.285714285714286,0.285714285714286,0.571428571428571,0.142857142857143,0.142857142857143
22,2026081522,NUAA,W6,force_z+vibration_y,Bias,14,0.357142857142857,0.357142857142857,0.5,0.142857142857143,0
22,2026081522,NUAA,W7,force_z+vibration_y,Bias,8,0.125,0.125,0.625,0.25,0
22,2026081522,NUAA,W8,force_z+vibration_y,Bias,31,0.387096774193548,0.387096774193548,0.387096774193548,0.225806451612903,0
22,2026081522,NUAA,W9,force_z+vibration_y,Bias,7,0.428571428571429,0.428571428571429,0.428571428571429,0.142857142857143,0
22,2026081522,NUAA,W1,force_z+vibration_y,Noise,29,0.0344827586206897,0.0344827586206897,0.689655172413793,0.275862068965517,0
22,2026081522,NUAA,W2,force_z+vibration_y,Noise,17,0,0,0.823529411764706,0.176470588235294,0
22,2026081522,NUAA,W3,force_z+vibration_y,Noise,11,0,0,0.818181818181818,0.181818181818182,0
22,2026081522,NUAA,W4,force_z+vibration_y,Noise,28,0.0714285714285714,0.0714285714285714,0.571428571428571,0.357142857142857,0
22,2026081522,NUAA,W5,force_z+vibration_y,Noise,7,0,0,0.714285714285714,0.285714285714286,0.142857142857143
22,2026081522,NUAA,W6,force_z+vibration_y,Noise,14,0,0,0.571428571428571,0.428571428571429,0
22,2026081522,NUAA,W7,force_z+vibration_y,Noise,8,0,0,0.625,0.375,0
22,2026081522,NUAA,W8,force_z+vibration_y,Noise,31,0,0,0.580645161290323,0.419354838709677,0
22,2026081522,NUAA,W9,force_z+vibration_y,Noise,7,0,0,0.857142857142857,0.142857142857143,0
22,2026081522,NUAA,W1,vibration_x+vibration_y,Saturation,29,1,1,0,0,0
22,2026081522,NUAA,W2,vibration_x+vibration_y,Saturation,17,0.882352941176471,1,0,0,0.117647058823529
22,2026081522,NUAA,W3,vibration_x+vibration_y,Saturation,11,1,1,0,0,0
22,2026081522,NUAA,W4,vibration_x+vibration_y,Saturation,28,1,1,0,0,0
22,2026081522,NUAA,W5,vibration_x+vibration_y,Saturation,7,1,1,0,0,0
22,2026081522,NUAA,W6,vibration_x+vibration_y,Saturation,14,1,1,0,0,0
22,2026081522,NUAA,W7,vibration_x+vibration_y,Saturation,8,1,1,0,0,0
22,2026081522,NUAA,W8,vibration_x+vibration_y,Saturation,31,1,1,0,0,0
22,2026081522,NUAA,W9,vibration_x+vibration_y,Saturation,7,1,1,0,0,0
22,2026081522,NUAA,W1,vibration_x+vibration_y,Dropout,29,1,1,0,0,0
22,2026081522,NUAA,W2,vibration_x+vibration_y,Dropout,17,0.882352941176471,1,0,0,0.117647058823529
22,2026081522,NUAA,W3,vibration_x+vibration_y,Dropout,11,1,1,0,0,0
22,2026081522,NUAA,W4,vibration_x+vibration_y,Dropout,28,1,1,0,0,0
22,2026081522,NUAA,W5,vibration_x+vibration_y,Dropout,7,1,1,0,0,0
22,2026081522,NUAA,W6,vibration_x+vibration_y,Dropout,14,1,1,0,0,0
22,2026081522,NUAA,W7,vibration_x+vibration_y,Dropout,8,1,1,0,0,0
22,2026081522,NUAA,W8,vibration_x+vibration_y,Dropout,31,1,1,0,0,0
22,2026081522,NUAA,W9,vibration_x+vibration_y,Dropout,7,1,1,0,0,0
22,2026081522,NUAA,W1,vibration_x+vibration_y,Bias,29,0.0344827586206897,0.0344827586206897,0.413793103448276,0.551724137931034,0
22,2026081522,NUAA,W2,vibration_x+vibration_y,Bias,17,0.0588235294117647,0.0588235294117647,0.588235294117647,0.352941176470588,0.117647058823529
22,2026081522,NUAA,W3,vibration_x+vibration_y,Bias,11,0,0,0.727272727272727,0.272727272727273,0
22,2026081522,NUAA,W4,vibration_x+vibration_y,Bias,28,0,0,0.607142857142857,0.392857142857143,0
22,2026081522,NUAA,W5,vibration_x+vibration_y,Bias,7,0.142857142857143,0.142857142857143,0.285714285714286,0.571428571428571,0
22,2026081522,NUAA,W6,vibration_x+vibration_y,Bias,14,0.0714285714285714,0.0714285714285714,0.5,0.428571428571429,0
22,2026081522,NUAA,W7,vibration_x+vibration_y,Bias,8,0,0,0.5,0.5,0
22,2026081522,NUAA,W8,vibration_x+vibration_y,Bias,31,0,0,0.419354838709677,0.580645161290323,0
22,2026081522,NUAA,W9,vibration_x+vibration_y,Bias,7,0,0,0.285714285714286,0.714285714285714,0
22,2026081522,NUAA,W1,vibration_x+vibration_y,Noise,29,0,0,0.103448275862069,0.896551724137931,0
22,2026081522,NUAA,W2,vibration_x+vibration_y,Noise,17,0,0,0,1,0.117647058823529
22,2026081522,NUAA,W3,vibration_x+vibration_y,Noise,11,0,0,0,1,0
22,2026081522,NUAA,W4,vibration_x+vibration_y,Noise,28,0,0,0.142857142857143,0.857142857142857,0
22,2026081522,NUAA,W5,vibration_x+vibration_y,Noise,7,0,0,0.142857142857143,0.857142857142857,0
22,2026081522,NUAA,W6,vibration_x+vibration_y,Noise,14,0,0,0,1,0
22,2026081522,NUAA,W7,vibration_x+vibration_y,Noise,8,0,0,0,1,0
22,2026081522,NUAA,W8,vibration_x+vibration_y,Noise,31,0,0,0,1,0
22,2026081522,NUAA,W9,vibration_x+vibration_y,Noise,7,0,0,0,1,0
22,2026081522,PHM2010,c1,force_z+vibration_x,Saturation,315,0.977777777777778,1,0,0,0.0222222222222222
22,2026081522,PHM2010,c4,force_z+vibration_x,Saturation,315,0.996825396825397,1,0,0,0.00317460317460317
22,2026081522,PHM2010,c6,force_z+vibration_x,Saturation,315,1,1,0,0,0
22,2026081522,PHM2010,c1,force_z+vibration_x,Dropout,315,0.977777777777778,1,0,0,0.0222222222222222
22,2026081522,PHM2010,c4,force_z+vibration_x,Dropout,315,0.996825396825397,1,0,0,0.00317460317460317
22,2026081522,PHM2010,c6,force_z+vibration_x,Dropout,315,0.485714285714286,0.485714285714286,0.514285714285714,0,0
22,2026081522,PHM2010,c1,force_z+vibration_x,Bias,315,0.107936507936508,0.111111111111111,0.523809523809524,0.365079365079365,0.0222222222222222
22,2026081522,PHM2010,c4,force_z+vibration_x,Bias,315,0.2,0.203174603174603,0.533333333333333,0.263492063492063,0.00317460317460317
22,2026081522,PHM2010,c6,force_z+vibration_x,Bias,315,0,0,0.336507936507937,0.663492063492063,0
22,2026081522,PHM2010,c1,force_z+vibration_x,Noise,315,0.00952380952380952,0.00952380952380952,0.26031746031746,0.73015873015873,0.0222222222222222
22,2026081522,PHM2010,c4,force_z+vibration_x,Noise,315,0.00317460317460317,0.00317460317460317,0.396825396825397,0.6,0.00317460317460317
22,2026081522,PHM2010,c6,force_z+vibration_x,Noise,315,0,0,0.0857142857142857,0.914285714285714,0
22,2026081522,PHM2010,c1,force_z+vibration_y,Saturation,315,0.971428571428571,1,0,0,0.0285714285714286
22,2026081522,PHM2010,c4,force_z+vibration_y,Saturation,315,0.987301587301587,1,0,0,0.0126984126984127
22,2026081522,PHM2010,c6,force_z+vibration_y,Saturation,315,1,1,0,0,0
22,2026081522,PHM2010,c1,force_z+vibration_y,Dropout,315,0.542857142857143,0.565079365079365,0.434920634920635,0,0.0285714285714286
22,2026081522,PHM2010,c4,force_z+vibration_y,Dropout,315,0.987301587301587,1,0,0,0.0126984126984127
22,2026081522,PHM2010,c6,force_z+vibration_y,Dropout,315,0.431746031746032,0.431746031746032,0.568253968253968,0,0
22,2026081522,PHM2010,c1,force_z+vibration_y,Bias,315,0.00634920634920635,0.00634920634920635,0.552380952380952,0.441269841269841,0.0285714285714286
22,2026081522,PHM2010,c4,force_z+vibration_y,Bias,315,0.0888888888888889,0.0888888888888889,0.53015873015873,0.380952380952381,0.0126984126984127
22,2026081522,PHM2010,c6,force_z+vibration_y,Bias,315,0,0,0.365079365079365,0.634920634920635,0
22,2026081522,PHM2010,c1,force_z+vibration_y,Noise,315,0,0,0.266666666666667,0.733333333333333,0.0285714285714286
22,2026081522,PHM2010,c4,force_z+vibration_y,Noise,315,0,0,0.40952380952381,0.59047619047619,0.0126984126984127
22,2026081522,PHM2010,c6,force_z+vibration_y,Noise,315,0,0,0.0793650793650794,0.920634920634921,0
22,2026081522,PHM2010,c1,vibration_x+vibration_y,Saturation,315,0.990476190476191,1,0,0,0.00952380952380952
22,2026081522,PHM2010,c4,vibration_x+vibration_y,Saturation,315,0.987301587301587,1,0,0,0.0126984126984127
22,2026081522,PHM2010,c6,vibration_x+vibration_y,Saturation,315,0.993650793650794,1,0,0,0.00634920634920635
22,2026081522,PHM2010,c1,vibration_x+vibration_y,Dropout,315,0.561904761904762,0.568253968253968,0.431746031746032,0,0.00952380952380952
22,2026081522,PHM2010,c4,vibration_x+vibration_y,Dropout,315,0.987301587301587,1,0,0,0.0126984126984127
22,2026081522,PHM2010,c6,vibration_x+vibration_y,Dropout,315,0.228571428571429,0.231746031746032,0.492063492063492,0.276190476190476,0.00634920634920635
22,2026081522,PHM2010,c1,vibration_x+vibration_y,Bias,315,0,0,0.13968253968254,0.86031746031746,0.00952380952380952
22,2026081522,PHM2010,c4,vibration_x+vibration_y,Bias,315,0.0317460317460317,0.0317460317460317,0.288888888888889,0.679365079365079,0.0126984126984127
22,2026081522,PHM2010,c6,vibration_x+vibration_y,Bias,315,0,0,0.00634920634920635,0.993650793650794,0.00634920634920635
22,2026081522,PHM2010,c1,vibration_x+vibration_y,Noise,315,0,0,0.0158730158730159,0.984126984126984,0.00952380952380952
22,2026081522,PHM2010,c4,vibration_x+vibration_y,Noise,315,0,0,0.00317460317460317,0.996825396825397,0.0126984126984127
22,2026081522,PHM2010,c6,vibration_x+vibration_y,Noise,315,0,0,0,1,0.00634920634920635
23,2026081523,NUAA,W1,force_z+vibration_x,Saturation,29,0.931034482758621,0.96551724137931,0.0344827586206897,0,0.0689655172413793
23,2026081523,NUAA,W2,force_z+vibration_x,Saturation,17,1,1,0,0,0
23,2026081523,NUAA,W3,force_z+vibration_x,Saturation,11,1,1,0,0,0
23,2026081523,NUAA,W4,force_z+vibration_x,Saturation,28,0.928571428571429,0.964285714285714,0.0357142857142857,0,0.0357142857142857
23,2026081523,NUAA,W5,force_z+vibration_x,Saturation,7,1,1,0,0,0
23,2026081523,NUAA,W6,force_z+vibration_x,Saturation,14,0.928571428571429,0.928571428571429,0.0714285714285714,0,0
23,2026081523,NUAA,W7,force_z+vibration_x,Saturation,8,1,1,0,0,0
23,2026081523,NUAA,W8,force_z+vibration_x,Saturation,31,0.967741935483871,0.967741935483871,0.032258064516129,0,0
23,2026081523,NUAA,W9,force_z+vibration_x,Saturation,7,1,1,0,0,0
23,2026081523,NUAA,W1,force_z+vibration_x,Dropout,29,0.862068965517241,0.896551724137931,0.103448275862069,0,0.0689655172413793
23,2026081523,NUAA,W2,force_z+vibration_x,Dropout,17,1,1,0,0,0
23,2026081523,NUAA,W3,force_z+vibration_x,Dropout,11,0.909090909090909,0.909090909090909,0.0909090909090909,0,0
23,2026081523,NUAA,W4,force_z+vibration_x,Dropout,28,0.928571428571429,0.964285714285714,0.0357142857142857,0,0.0357142857142857
23,2026081523,NUAA,W5,force_z+vibration_x,Dropout,7,0.857142857142857,0.857142857142857,0.142857142857143,0,0
23,2026081523,NUAA,W6,force_z+vibration_x,Dropout,14,0.785714285714286,0.785714285714286,0.214285714285714,0,0
23,2026081523,NUAA,W7,force_z+vibration_x,Dropout,8,0.875,0.875,0.125,0,0
23,2026081523,NUAA,W8,force_z+vibration_x,Dropout,31,0.967741935483871,0.967741935483871,0.032258064516129,0,0
23,2026081523,NUAA,W9,force_z+vibration_x,Dropout,7,0.714285714285714,0.714285714285714,0.285714285714286,0,0
23,2026081523,NUAA,W1,force_z+vibration_x,Bias,29,0,0,0.620689655172414,0.379310344827586,0.0689655172413793
23,2026081523,NUAA,W2,force_z+vibration_x,Bias,17,0.0588235294117647,0.0588235294117647,0.764705882352941,0.176470588235294,0
23,2026081523,NUAA,W3,force_z+vibration_x,Bias,11,0,0,0.909090909090909,0.0909090909090909,0
23,2026081523,NUAA,W4,force_z+vibration_x,Bias,28,0,0,0.464285714285714,0.535714285714286,0.0357142857142857
23,2026081523,NUAA,W5,force_z+vibration_x,Bias,7,0.285714285714286,0.285714285714286,0.142857142857143,0.571428571428571,0
23,2026081523,NUAA,W6,force_z+vibration_x,Bias,14,0,0,0.714285714285714,0.285714285714286,0
23,2026081523,NUAA,W7,force_z+vibration_x,Bias,8,0,0,0.25,0.75,0
23,2026081523,NUAA,W8,force_z+vibration_x,Bias,31,0.032258064516129,0.032258064516129,0.580645161290323,0.387096774193548,0
23,2026081523,NUAA,W9,force_z+vibration_x,Bias,7,0.285714285714286,0.285714285714286,0.714285714285714,0,0
23,2026081523,NUAA,W1,force_z+vibration_x,Noise,29,0,0,0.551724137931034,0.448275862068966,0.0689655172413793
23,2026081523,NUAA,W2,force_z+vibration_x,Noise,17,0,0,0.647058823529412,0.352941176470588,0
23,2026081523,NUAA,W3,force_z+vibration_x,Noise,11,0,0,0.636363636363636,0.363636363636364,0
23,2026081523,NUAA,W4,force_z+vibration_x,Noise,28,0,0,0.678571428571429,0.321428571428571,0.0357142857142857
23,2026081523,NUAA,W5,force_z+vibration_x,Noise,7,0,0,0.571428571428571,0.428571428571429,0
23,2026081523,NUAA,W6,force_z+vibration_x,Noise,14,0,0,0.571428571428571,0.428571428571429,0
23,2026081523,NUAA,W7,force_z+vibration_x,Noise,8,0,0,0.75,0.25,0
23,2026081523,NUAA,W8,force_z+vibration_x,Noise,31,0,0,0.483870967741935,0.516129032258065,0
23,2026081523,NUAA,W9,force_z+vibration_x,Noise,7,0,0,0.714285714285714,0.285714285714286,0
23,2026081523,NUAA,W1,force_z+vibration_y,Saturation,29,0.96551724137931,0.96551724137931,0.0344827586206897,0,0
23,2026081523,NUAA,W2,force_z+vibration_y,Saturation,17,1,1,0,0,0
23,2026081523,NUAA,W3,force_z+vibration_y,Saturation,11,1,1,0,0,0
23,2026081523,NUAA,W4,force_z+vibration_y,Saturation,28,1,1,0,0,0
23,2026081523,NUAA,W5,force_z+vibration_y,Saturation,7,0.857142857142857,1,0,0,0.142857142857143
23,2026081523,NUAA,W6,force_z+vibration_y,Saturation,14,1,1,0,0,0
23,2026081523,NUAA,W7,force_z+vibration_y,Saturation,8,1,1,0,0,0
23,2026081523,NUAA,W8,force_z+vibration_y,Saturation,31,0.870967741935484,0.870967741935484,0.129032258064516,0,0
23,2026081523,NUAA,W9,force_z+vibration_y,Saturation,7,1,1,0,0,0
23,2026081523,NUAA,W1,force_z+vibration_y,Dropout,29,0.931034482758621,0.931034482758621,0.0689655172413793,0,0
23,2026081523,NUAA,W2,force_z+vibration_y,Dropout,17,0.941176470588235,0.941176470588235,0.0588235294117647,0,0
23,2026081523,NUAA,W3,force_z+vibration_y,Dropout,11,1,1,0,0,0
23,2026081523,NUAA,W4,force_z+vibration_y,Dropout,28,0.928571428571429,0.928571428571429,0.0714285714285714,0,0
23,2026081523,NUAA,W5,force_z+vibration_y,Dropout,7,0.857142857142857,1,0,0,0.142857142857143
23,2026081523,NUAA,W6,force_z+vibration_y,Dropout,14,0.928571428571429,0.928571428571429,0.0714285714285714,0,0
23,2026081523,NUAA,W7,force_z+vibration_y,Dropout,8,0.875,0.875,0.125,0,0
23,2026081523,NUAA,W8,force_z+vibration_y,Dropout,31,0.967741935483871,0.967741935483871,0.032258064516129,0,0
23,2026081523,NUAA,W9,force_z+vibration_y,Dropout,7,0.857142857142857,0.857142857142857,0.142857142857143,0,0
23,2026081523,NUAA,W1,force_z+vibration_y,Bias,29,0.241379310344828,0.241379310344828,0.482758620689655,0.275862068965517,0
23,2026081523,NUAA,W2,force_z+vibration_y,Bias,17,0.529411764705882,0.529411764705882,0.411764705882353,0.0588235294117647,0
23,2026081523,NUAA,W3,force_z+vibration_y,Bias,11,0.363636363636364,0.363636363636364,0.363636363636364,0.272727272727273,0
23,2026081523,NUAA,W4,force_z+vibration_y,Bias,28,0.25,0.25,0.285714285714286,0.464285714285714,0
23,2026081523,NUAA,W5,force_z+vibration_y,Bias,7,0,0,0.857142857142857,0.142857142857143,0.142857142857143
23,2026081523,NUAA,W6,force_z+vibration_y,Bias,14,0.214285714285714,0.214285714285714,0.428571428571429,0.357142857142857,0
23,2026081523,NUAA,W7,force_z+vibration_y,Bias,8,0.125,0.125,0.75,0.125,0
23,2026081523,NUAA,W8,force_z+vibration_y,Bias,31,0.290322580645161,0.290322580645161,0.451612903225806,0.258064516129032,0
23,2026081523,NUAA,W9,force_z+vibration_y,Bias,7,0.285714285714286,0.285714285714286,0.571428571428571,0.142857142857143,0
23,2026081523,NUAA,W1,force_z+vibration_y,Noise,29,0.0344827586206897,0.0344827586206897,0.724137931034483,0.241379310344828,0
23,2026081523,NUAA,W2,force_z+vibration_y,Noise,17,0,0,0.823529411764706,0.176470588235294,0
23,2026081523,NUAA,W3,force_z+vibration_y,Noise,11,0,0,0.545454545454545,0.454545454545455,0
23,2026081523,NUAA,W4,force_z+vibration_y,Noise,28,0.0714285714285714,0.0714285714285714,0.714285714285714,0.214285714285714,0
23,2026081523,NUAA,W5,force_z+vibration_y,Noise,7,0,0,0.571428571428571,0.428571428571429,0.142857142857143
23,2026081523,NUAA,W6,force_z+vibration_y,Noise,14,0.0714285714285714,0.0714285714285714,0.428571428571429,0.5,0
23,2026081523,NUAA,W7,force_z+vibration_y,Noise,8,0,0,0.375,0.625,0
23,2026081523,NUAA,W8,force_z+vibration_y,Noise,31,0,0,0.612903225806452,0.387096774193548,0
23,2026081523,NUAA,W9,force_z+vibration_y,Noise,7,0,0,0.714285714285714,0.285714285714286,0
23,2026081523,NUAA,W1,vibration_x+vibration_y,Saturation,29,1,1,0,0,0
23,2026081523,NUAA,W2,vibration_x+vibration_y,Saturation,17,0.882352941176471,1,0,0,0.117647058823529
23,2026081523,NUAA,W3,vibration_x+vibration_y,Saturation,11,1,1,0,0,0
23,2026081523,NUAA,W4,vibration_x+vibration_y,Saturation,28,1,1,0,0,0
23,2026081523,NUAA,W5,vibration_x+vibration_y,Saturation,7,1,1,0,0,0
23,2026081523,NUAA,W6,vibration_x+vibration_y,Saturation,14,1,1,0,0,0
23,2026081523,NUAA,W7,vibration_x+vibration_y,Saturation,8,1,1,0,0,0
23,2026081523,NUAA,W8,vibration_x+vibration_y,Saturation,31,1,1,0,0,0
23,2026081523,NUAA,W9,vibration_x+vibration_y,Saturation,7,1,1,0,0,0
23,2026081523,NUAA,W1,vibration_x+vibration_y,Dropout,29,1,1,0,0,0
23,2026081523,NUAA,W2,vibration_x+vibration_y,Dropout,17,0.882352941176471,1,0,0,0.117647058823529
23,2026081523,NUAA,W3,vibration_x+vibration_y,Dropout,11,1,1,0,0,0
23,2026081523,NUAA,W4,vibration_x+vibration_y,Dropout,28,1,1,0,0,0
23,2026081523,NUAA,W5,vibration_x+vibration_y,Dropout,7,1,1,0,0,0
23,2026081523,NUAA,W6,vibration_x+vibration_y,Dropout,14,1,1,0,0,0
23,2026081523,NUAA,W7,vibration_x+vibration_y,Dropout,8,1,1,0,0,0
23,2026081523,NUAA,W8,vibration_x+vibration_y,Dropout,31,1,1,0,0,0
23,2026081523,NUAA,W9,vibration_x+vibration_y,Dropout,7,1,1,0,0,0
23,2026081523,NUAA,W1,vibration_x+vibration_y,Bias,29,0.0344827586206897,0.0344827586206897,0.517241379310345,0.448275862068966,0
23,2026081523,NUAA,W2,vibration_x+vibration_y,Bias,17,0,0,0.705882352941177,0.294117647058824,0.117647058823529
23,2026081523,NUAA,W3,vibration_x+vibration_y,Bias,11,0,0,0.818181818181818,0.181818181818182,0
23,2026081523,NUAA,W4,vibration_x+vibration_y,Bias,28,0.0357142857142857,0.0357142857142857,0.428571428571429,0.535714285714286,0
23,2026081523,NUAA,W5,vibration_x+vibration_y,Bias,7,0.285714285714286,0.285714285714286,0.142857142857143,0.571428571428571,0
23,2026081523,NUAA,W6,vibration_x+vibration_y,Bias,14,0,0,0.357142857142857,0.642857142857143,0
23,2026081523,NUAA,W7,vibration_x+vibration_y,Bias,8,0,0,0.75,0.25,0
23,2026081523,NUAA,W8,vibration_x+vibration_y,Bias,31,0,0,0.483870967741935,0.516129032258065,0
23,2026081523,NUAA,W9,vibration_x+vibration_y,Bias,7,0.142857142857143,0.142857142857143,0.571428571428571,0.285714285714286,0
23,2026081523,NUAA,W1,vibration_x+vibration_y,Noise,29,0,0,0.103448275862069,0.896551724137931,0
23,2026081523,NUAA,W2,vibration_x+vibration_y,Noise,17,0,0,0,1,0.117647058823529
23,2026081523,NUAA,W3,vibration_x+vibration_y,Noise,11,0,0,0,1,0
23,2026081523,NUAA,W4,vibration_x+vibration_y,Noise,28,0,0,0.142857142857143,0.857142857142857,0
23,2026081523,NUAA,W5,vibration_x+vibration_y,Noise,7,0,0,0.142857142857143,0.857142857142857,0
23,2026081523,NUAA,W6,vibration_x+vibration_y,Noise,14,0,0,0,1,0
23,2026081523,NUAA,W7,vibration_x+vibration_y,Noise,8,0,0,0,1,0
23,2026081523,NUAA,W8,vibration_x+vibration_y,Noise,31,0,0,0,1,0
23,2026081523,NUAA,W9,vibration_x+vibration_y,Noise,7,0,0,0,1,0
23,2026081523,PHM2010,c1,force_z+vibration_x,Saturation,315,0.977777777777778,1,0,0,0.0222222222222222
23,2026081523,PHM2010,c4,force_z+vibration_x,Saturation,315,0.996825396825397,1,0,0,0.00317460317460317
23,2026081523,PHM2010,c6,force_z+vibration_x,Saturation,315,1,1,0,0,0
23,2026081523,PHM2010,c1,force_z+vibration_x,Dropout,315,0.977777777777778,1,0,0,0.0222222222222222
23,2026081523,PHM2010,c4,force_z+vibration_x,Dropout,315,0.996825396825397,1,0,0,0.00317460317460317
23,2026081523,PHM2010,c6,force_z+vibration_x,Dropout,315,0.511111111111111,0.511111111111111,0.488888888888889,0,0
23,2026081523,PHM2010,c1,force_z+vibration_x,Bias,315,0.0793650793650794,0.0793650793650794,0.498412698412698,0.422222222222222,0.0222222222222222
23,2026081523,PHM2010,c4,force_z+vibration_x,Bias,315,0.276190476190476,0.279365079365079,0.447619047619048,0.273015873015873,0.00317460317460317
23,2026081523,PHM2010,c6,force_z+vibration_x,Bias,315,0,0,0.352380952380952,0.647619047619048,0
23,2026081523,PHM2010,c1,force_z+vibration_x,Noise,315,0.00317460317460317,0.00317460317460317,0.257142857142857,0.73968253968254,0.0222222222222222
23,2026081523,PHM2010,c4,force_z+vibration_x,Noise,315,0,0,0.412698412698413,0.587301587301587,0.00317460317460317
23,2026081523,PHM2010,c6,force_z+vibration_x,Noise,315,0,0,0.0825396825396825,0.917460317460317,0
23,2026081523,PHM2010,c1,force_z+vibration_y,Saturation,315,0.971428571428571,1,0,0,0.0285714285714286
23,2026081523,PHM2010,c4,force_z+vibration_y,Saturation,315,0.987301587301587,1,0,0,0.0126984126984127
23,2026081523,PHM2010,c6,force_z+vibration_y,Saturation,315,1,1,0,0,0
23,2026081523,PHM2010,c1,force_z+vibration_y,Dropout,315,0.53015873015873,0.558730158730159,0.441269841269841,0,0.0285714285714286
23,2026081523,PHM2010,c4,force_z+vibration_y,Dropout,315,0.987301587301587,1,0,0,0.0126984126984127
23,2026081523,PHM2010,c6,force_z+vibration_y,Dropout,315,0.425396825396825,0.425396825396825,0.574603174603175,0,0
23,2026081523,PHM2010,c1,force_z+vibration_y,Bias,315,0.00634920634920635,0.00634920634920635,0.603174603174603,0.39047619047619,0.0285714285714286
23,2026081523,PHM2010,c4,force_z+vibration_y,Bias,315,0.0793650793650794,0.0793650793650794,0.650793650793651,0.26984126984127,0.0126984126984127
23,2026081523,PHM2010,c6,force_z+vibration_y,Bias,315,0,0,0.33968253968254,0.66031746031746,0
23,2026081523,PHM2010,c1,force_z+vibration_y,Noise,315,0,0,0.263492063492063,0.736507936507937,0.0285714285714286
23,2026081523,PHM2010,c4,force_z+vibration_y,Noise,315,0,0,0.419047619047619,0.580952380952381,0.0126984126984127
23,2026081523,PHM2010,c6,force_z+vibration_y,Noise,315,0,0,0.0793650793650794,0.920634920634921,0
23,2026081523,PHM2010,c1,vibration_x+vibration_y,Saturation,315,0.990476190476191,1,0,0,0.00952380952380952
23,2026081523,PHM2010,c4,vibration_x+vibration_y,Saturation,315,0.987301587301587,1,0,0,0.0126984126984127
23,2026081523,PHM2010,c6,vibration_x+vibration_y,Saturation,315,0.993650793650794,1,0,0,0.00634920634920635
23,2026081523,PHM2010,c1,vibration_x+vibration_y,Dropout,315,0.53968253968254,0.542857142857143,0.457142857142857,0,0.00952380952380952
23,2026081523,PHM2010,c4,vibration_x+vibration_y,Dropout,315,0.987301587301587,1,0,0,0.0126984126984127
23,2026081523,PHM2010,c6,vibration_x+vibration_y,Dropout,315,0.212698412698413,0.212698412698413,0.463492063492064,0.323809523809524,0.00634920634920635
23,2026081523,PHM2010,c1,vibration_x+vibration_y,Bias,315,0,0,0.171428571428571,0.828571428571429,0.00952380952380952
23,2026081523,PHM2010,c4,vibration_x+vibration_y,Bias,315,0.0476190476190476,0.0476190476190476,0.288888888888889,0.663492063492063,0.0126984126984127
23,2026081523,PHM2010,c6,vibration_x+vibration_y,Bias,315,0,0,0.00317460317460317,0.996825396825397,0.00634920634920635
23,2026081523,PHM2010,c1,vibration_x+vibration_y,Noise,315,0,0,0.0126984126984127,0.987301587301587,0.00952380952380952
23,2026081523,PHM2010,c4,vibration_x+vibration_y,Noise,315,0,0,0.00317460317460317,0.996825396825397,0.0126984126984127
23,2026081523,PHM2010,c6,vibration_x+vibration_y,Noise,315,0,0,0,1,0.00634920634920635
24,2026081524,NUAA,W1,force_z+vibration_x,Saturation,29,0.862068965517241,0.931034482758621,0.0689655172413793,0,0.0689655172413793
24,2026081524,NUAA,W2,force_z+vibration_x,Saturation,17,1,1,0,0,0
24,2026081524,NUAA,W3,force_z+vibration_x,Saturation,11,1,1,0,0,0
24,2026081524,NUAA,W4,force_z+vibration_x,Saturation,28,0.964285714285714,1,0,0,0.0357142857142857
24,2026081524,NUAA,W5,force_z+vibration_x,Saturation,7,1,1,0,0,0
24,2026081524,NUAA,W6,force_z+vibration_x,Saturation,14,1,1,0,0,0
24,2026081524,NUAA,W7,force_z+vibration_x,Saturation,8,1,1,0,0,0
24,2026081524,NUAA,W8,force_z+vibration_x,Saturation,31,1,1,0,0,0
24,2026081524,NUAA,W9,force_z+vibration_x,Saturation,7,0.857142857142857,0.857142857142857,0.142857142857143,0,0
24,2026081524,NUAA,W1,force_z+vibration_x,Dropout,29,0.896551724137931,0.96551724137931,0.0344827586206897,0,0.0689655172413793
24,2026081524,NUAA,W2,force_z+vibration_x,Dropout,17,0.941176470588235,0.941176470588235,0.0588235294117647,0,0
24,2026081524,NUAA,W3,force_z+vibration_x,Dropout,11,1,1,0,0,0
24,2026081524,NUAA,W4,force_z+vibration_x,Dropout,28,0.928571428571429,0.964285714285714,0.0357142857142857,0,0.0357142857142857
24,2026081524,NUAA,W5,force_z+vibration_x,Dropout,7,1,1,0,0,0
24,2026081524,NUAA,W6,force_z+vibration_x,Dropout,14,0.857142857142857,0.857142857142857,0.142857142857143,0,0
24,2026081524,NUAA,W7,force_z+vibration_x,Dropout,8,0.875,0.875,0.125,0,0
24,2026081524,NUAA,W8,force_z+vibration_x,Dropout,31,0.967741935483871,0.967741935483871,0.032258064516129,0,0
24,2026081524,NUAA,W9,force_z+vibration_x,Dropout,7,0.714285714285714,0.714285714285714,0.285714285714286,0,0
24,2026081524,NUAA,W1,force_z+vibration_x,Bias,29,0,0,0.758620689655172,0.241379310344828,0.0689655172413793
24,2026081524,NUAA,W2,force_z+vibration_x,Bias,17,0,0,0.705882352941177,0.294117647058824,0
24,2026081524,NUAA,W3,force_z+vibration_x,Bias,11,0,0,0.818181818181818,0.181818181818182,0
24,2026081524,NUAA,W4,force_z+vibration_x,Bias,28,0.0357142857142857,0.0357142857142857,0.5,0.464285714285714,0.0357142857142857
24,2026081524,NUAA,W5,force_z+vibration_x,Bias,7,0.285714285714286,0.285714285714286,0.571428571428571,0.142857142857143,0
24,2026081524,NUAA,W6,force_z+vibration_x,Bias,14,0,0,0.571428571428571,0.428571428571429,0
24,2026081524,NUAA,W7,force_z+vibration_x,Bias,8,0,0,0.375,0.625,0
24,2026081524,NUAA,W8,force_z+vibration_x,Bias,31,0,0,0.516129032258065,0.483870967741935,0
24,2026081524,NUAA,W9,force_z+vibration_x,Bias,7,0,0,0.714285714285714,0.285714285714286,0
24,2026081524,NUAA,W1,force_z+vibration_x,Noise,29,0,0,0.482758620689655,0.517241379310345,0.0689655172413793
24,2026081524,NUAA,W2,force_z+vibration_x,Noise,17,0,0,0.705882352941177,0.294117647058824,0
24,2026081524,NUAA,W3,force_z+vibration_x,Noise,11,0,0,0.727272727272727,0.272727272727273,0
24,2026081524,NUAA,W4,force_z+vibration_x,Noise,28,0,0,0.535714285714286,0.464285714285714,0.0357142857142857
24,2026081524,NUAA,W5,force_z+vibration_x,Noise,7,0.142857142857143,0.142857142857143,0.857142857142857,0,0
24,2026081524,NUAA,W6,force_z+vibration_x,Noise,14,0,0,0.214285714285714,0.785714285714286,0
24,2026081524,NUAA,W7,force_z+vibration_x,Noise,8,0,0,0.625,0.375,0
24,2026081524,NUAA,W8,force_z+vibration_x,Noise,31,0,0,0.419354838709677,0.580645161290323,0
24,2026081524,NUAA,W9,force_z+vibration_x,Noise,7,0,0,1,0,0
24,2026081524,NUAA,W1,force_z+vibration_y,Saturation,29,0.896551724137931,0.896551724137931,0.103448275862069,0,0
24,2026081524,NUAA,W2,force_z+vibration_y,Saturation,17,0.941176470588235,0.941176470588235,0.0588235294117647,0,0
24,2026081524,NUAA,W3,force_z+vibration_y,Saturation,11,1,1,0,0,0
24,2026081524,NUAA,W4,force_z+vibration_y,Saturation,28,0.964285714285714,0.964285714285714,0.0357142857142857,0,0
24,2026081524,NUAA,W5,force_z+vibration_y,Saturation,7,0.857142857142857,1,0,0,0.142857142857143
24,2026081524,NUAA,W6,force_z+vibration_y,Saturation,14,0.928571428571429,0.928571428571429,0.0714285714285714,0,0
24,2026081524,NUAA,W7,force_z+vibration_y,Saturation,8,1,1,0,0,0
24,2026081524,NUAA,W8,force_z+vibration_y,Saturation,31,0.967741935483871,0.967741935483871,0.032258064516129,0,0
24,2026081524,NUAA,W9,force_z+vibration_y,Saturation,7,1,1,0,0,0
24,2026081524,NUAA,W1,force_z+vibration_y,Dropout,29,0.96551724137931,0.96551724137931,0.0344827586206897,0,0
24,2026081524,NUAA,W2,force_z+vibration_y,Dropout,17,0.941176470588235,0.941176470588235,0.0588235294117647,0,0
24,2026081524,NUAA,W3,force_z+vibration_y,Dropout,11,1,1,0,0,0
24,2026081524,NUAA,W4,force_z+vibration_y,Dropout,28,0.964285714285714,0.964285714285714,0.0357142857142857,0,0
24,2026081524,NUAA,W5,force_z+vibration_y,Dropout,7,0.714285714285714,0.857142857142857,0.142857142857143,0,0.142857142857143
24,2026081524,NUAA,W6,force_z+vibration_y,Dropout,14,1,1,0,0,0
24,2026081524,NUAA,W7,force_z+vibration_y,Dropout,8,1,1,0,0,0
24,2026081524,NUAA,W8,force_z+vibration_y,Dropout,31,0.935483870967742,0.935483870967742,0.0645161290322581,0,0
24,2026081524,NUAA,W9,force_z+vibration_y,Dropout,7,1,1,0,0,0
24,2026081524,NUAA,W1,force_z+vibration_y,Bias,29,0.379310344827586,0.379310344827586,0.379310344827586,0.241379310344828,0
24,2026081524,NUAA,W2,force_z+vibration_y,Bias,17,0.411764705882353,0.411764705882353,0.470588235294118,0.117647058823529,0
24,2026081524,NUAA,W3,force_z+vibration_y,Bias,11,0.181818181818182,0.181818181818182,0.727272727272727,0.0909090909090909,0
24,2026081524,NUAA,W4,force_z+vibration_y,Bias,28,0.285714285714286,0.285714285714286,0.464285714285714,0.25,0
24,2026081524,NUAA,W5,force_z+vibration_y,Bias,7,0.285714285714286,0.285714285714286,0.571428571428571,0.142857142857143,0.142857142857143
24,2026081524,NUAA,W6,force_z+vibration_y,Bias,14,0.0714285714285714,0.0714285714285714,0.857142857142857,0.0714285714285714,0
24,2026081524,NUAA,W7,force_z+vibration_y,Bias,8,0.5,0.5,0.25,0.25,0
24,2026081524,NUAA,W8,force_z+vibration_y,Bias,31,0.129032258064516,0.129032258064516,0.580645161290323,0.290322580645161,0
24,2026081524,NUAA,W9,force_z+vibration_y,Bias,7,0.142857142857143,0.142857142857143,0.285714285714286,0.571428571428571,0
24,2026081524,NUAA,W1,force_z+vibration_y,Noise,29,0.0344827586206897,0.0344827586206897,0.689655172413793,0.275862068965517,0
24,2026081524,NUAA,W2,force_z+vibration_y,Noise,17,0,0,0.823529411764706,0.176470588235294,0
24,2026081524,NUAA,W3,force_z+vibration_y,Noise,11,0,0,0.818181818181818,0.181818181818182,0
24,2026081524,NUAA,W4,force_z+vibration_y,Noise,28,0.0714285714285714,0.0714285714285714,0.571428571428571,0.357142857142857,0
24,2026081524,NUAA,W5,force_z+vibration_y,Noise,7,0,0,0.571428571428571,0.428571428571429,0.142857142857143
24,2026081524,NUAA,W6,force_z+vibration_y,Noise,14,0,0,0.642857142857143,0.357142857142857,0
24,2026081524,NUAA,W7,force_z+vibration_y,Noise,8,0,0,0.625,0.375,0
24,2026081524,NUAA,W8,force_z+vibration_y,Noise,31,0,0,0.451612903225806,0.548387096774194,0
24,2026081524,NUAA,W9,force_z+vibration_y,Noise,7,0,0,0.285714285714286,0.714285714285714,0
24,2026081524,NUAA,W1,vibration_x+vibration_y,Saturation,29,1,1,0,0,0
24,2026081524,NUAA,W2,vibration_x+vibration_y,Saturation,17,0.882352941176471,1,0,0,0.117647058823529
24,2026081524,NUAA,W3,vibration_x+vibration_y,Saturation,11,1,1,0,0,0
24,2026081524,NUAA,W4,vibration_x+vibration_y,Saturation,28,1,1,0,0,0
24,2026081524,NUAA,W5,vibration_x+vibration_y,Saturation,7,1,1,0,0,0
24,2026081524,NUAA,W6,vibration_x+vibration_y,Saturation,14,1,1,0,0,0
24,2026081524,NUAA,W7,vibration_x+vibration_y,Saturation,8,1,1,0,0,0
24,2026081524,NUAA,W8,vibration_x+vibration_y,Saturation,31,1,1,0,0,0
24,2026081524,NUAA,W9,vibration_x+vibration_y,Saturation,7,1,1,0,0,0
24,2026081524,NUAA,W1,vibration_x+vibration_y,Dropout,29,1,1,0,0,0
24,2026081524,NUAA,W2,vibration_x+vibration_y,Dropout,17,0.882352941176471,1,0,0,0.117647058823529
24,2026081524,NUAA,W3,vibration_x+vibration_y,Dropout,11,1,1,0,0,0
24,2026081524,NUAA,W4,vibration_x+vibration_y,Dropout,28,1,1,0,0,0
24,2026081524,NUAA,W5,vibration_x+vibration_y,Dropout,7,1,1,0,0,0
24,2026081524,NUAA,W6,vibration_x+vibration_y,Dropout,14,1,1,0,0,0
24,2026081524,NUAA,W7,vibration_x+vibration_y,Dropout,8,1,1,0,0,0
24,2026081524,NUAA,W8,vibration_x+vibration_y,Dropout,31,1,1,0,0,0
24,2026081524,NUAA,W9,vibration_x+vibration_y,Dropout,7,1,1,0,0,0
24,2026081524,NUAA,W1,vibration_x+vibration_y,Bias,29,0,0,0.448275862068966,0.551724137931034,0
24,2026081524,NUAA,W2,vibration_x+vibration_y,Bias,17,0.0588235294117647,0.0588235294117647,0.117647058823529,0.823529411764706,0.117647058823529
24,2026081524,NUAA,W3,vibration_x+vibration_y,Bias,11,0.0909090909090909,0.0909090909090909,0.636363636363636,0.272727272727273,0
24,2026081524,NUAA,W4,vibration_x+vibration_y,Bias,28,0.0714285714285714,0.0714285714285714,0.428571428571429,0.5,0
24,2026081524,NUAA,W5,vibration_x+vibration_y,Bias,7,0.142857142857143,0.142857142857143,0.285714285714286,0.571428571428571,0
24,2026081524,NUAA,W6,vibration_x+vibration_y,Bias,14,0,0,0.642857142857143,0.357142857142857,0
24,2026081524,NUAA,W7,vibration_x+vibration_y,Bias,8,0,0,0.25,0.75,0
24,2026081524,NUAA,W8,vibration_x+vibration_y,Bias,31,0,0,0.548387096774194,0.451612903225806,0
24,2026081524,NUAA,W9,vibration_x+vibration_y,Bias,7,0,0,0.428571428571429,0.571428571428571,0
24,2026081524,NUAA,W1,vibration_x+vibration_y,Noise,29,0,0,0.103448275862069,0.896551724137931,0
24,2026081524,NUAA,W2,vibration_x+vibration_y,Noise,17,0,0,0,1,0.117647058823529
24,2026081524,NUAA,W3,vibration_x+vibration_y,Noise,11,0,0,0,1,0
24,2026081524,NUAA,W4,vibration_x+vibration_y,Noise,28,0,0,0.107142857142857,0.892857142857143,0
24,2026081524,NUAA,W5,vibration_x+vibration_y,Noise,7,0,0,0.142857142857143,0.857142857142857,0
24,2026081524,NUAA,W6,vibration_x+vibration_y,Noise,14,0,0,0,1,0
24,2026081524,NUAA,W7,vibration_x+vibration_y,Noise,8,0,0,0.125,0.875,0
24,2026081524,NUAA,W8,vibration_x+vibration_y,Noise,31,0,0,0.032258064516129,0.967741935483871,0
24,2026081524,NUAA,W9,vibration_x+vibration_y,Noise,7,0,0,0,1,0
24,2026081524,PHM2010,c1,force_z+vibration_x,Saturation,315,0.977777777777778,1,0,0,0.0222222222222222
24,2026081524,PHM2010,c4,force_z+vibration_x,Saturation,315,0.996825396825397,1,0,0,0.00317460317460317
24,2026081524,PHM2010,c6,force_z+vibration_x,Saturation,315,1,1,0,0,0
24,2026081524,PHM2010,c1,force_z+vibration_x,Dropout,315,0.977777777777778,1,0,0,0.0222222222222222
24,2026081524,PHM2010,c4,force_z+vibration_x,Dropout,315,0.996825396825397,1,0,0,0.00317460317460317
24,2026081524,PHM2010,c6,force_z+vibration_x,Dropout,315,0.520634920634921,0.520634920634921,0.479365079365079,0,0
24,2026081524,PHM2010,c1,force_z+vibration_x,Bias,315,0.101587301587302,0.101587301587302,0.501587301587302,0.396825396825397,0.0222222222222222
24,2026081524,PHM2010,c4,force_z+vibration_x,Bias,315,0.212698412698413,0.215873015873016,0.476190476190476,0.307936507936508,0.00317460317460317
24,2026081524,PHM2010,c6,force_z+vibration_x,Bias,315,0,0,0.333333333333333,0.666666666666667,0
24,2026081524,PHM2010,c1,force_z+vibration_x,Noise,315,0.00634920634920635,0.00634920634920635,0.2,0.793650793650794,0.0222222222222222
24,2026081524,PHM2010,c4,force_z+vibration_x,Noise,315,0,0,0.403174603174603,0.596825396825397,0.00317460317460317
24,2026081524,PHM2010,c6,force_z+vibration_x,Noise,315,0,0,0.0571428571428571,0.942857142857143,0
24,2026081524,PHM2010,c1,force_z+vibration_y,Saturation,315,0.971428571428571,1,0,0,0.0285714285714286
24,2026081524,PHM2010,c4,force_z+vibration_y,Saturation,315,0.987301587301587,1,0,0,0.0126984126984127
24,2026081524,PHM2010,c6,force_z+vibration_y,Saturation,315,1,1,0,0,0
24,2026081524,PHM2010,c1,force_z+vibration_y,Dropout,315,0.53015873015873,0.546031746031746,0.453968253968254,0,0.0285714285714286
24,2026081524,PHM2010,c4,force_z+vibration_y,Dropout,315,0.987301587301587,1,0,0,0.0126984126984127
24,2026081524,PHM2010,c6,force_z+vibration_y,Dropout,315,0.444444444444444,0.444444444444444,0.555555555555556,0,0
24,2026081524,PHM2010,c1,force_z+vibration_y,Bias,315,0.00634920634920635,0.00634920634920635,0.558730158730159,0.434920634920635,0.0285714285714286
24,2026081524,PHM2010,c4,force_z+vibration_y,Bias,315,0.0825396825396825,0.0825396825396825,0.638095238095238,0.279365079365079,0.0126984126984127
24,2026081524,PHM2010,c6,force_z+vibration_y,Bias,315,0,0,0.301587301587302,0.698412698412698,0
24,2026081524,PHM2010,c1,force_z+vibration_y,Noise,315,0,0,0.234920634920635,0.765079365079365,0.0285714285714286
24,2026081524,PHM2010,c4,force_z+vibration_y,Noise,315,0,0,0.371428571428571,0.628571428571429,0.0126984126984127
24,2026081524,PHM2010,c6,force_z+vibration_y,Noise,315,0,0,0.0761904761904762,0.923809523809524,0
24,2026081524,PHM2010,c1,vibration_x+vibration_y,Saturation,315,0.990476190476191,1,0,0,0.00952380952380952
24,2026081524,PHM2010,c4,vibration_x+vibration_y,Saturation,315,0.987301587301587,1,0,0,0.0126984126984127
24,2026081524,PHM2010,c6,vibration_x+vibration_y,Saturation,315,0.993650793650794,1,0,0,0.00634920634920635
24,2026081524,PHM2010,c1,vibration_x+vibration_y,Dropout,315,0.577777777777778,0.577777777777778,0.422222222222222,0,0.00952380952380952
24,2026081524,PHM2010,c4,vibration_x+vibration_y,Dropout,315,0.987301587301587,1,0,0,0.0126984126984127
24,2026081524,PHM2010,c6,vibration_x+vibration_y,Dropout,315,0.196825396825397,0.2,0.526984126984127,0.273015873015873,0.00634920634920635
24,2026081524,PHM2010,c1,vibration_x+vibration_y,Bias,315,0,0,0.146031746031746,0.853968253968254,0.00952380952380952
24,2026081524,PHM2010,c4,vibration_x+vibration_y,Bias,315,0.0634920634920635,0.0634920634920635,0.307936507936508,0.628571428571429,0.0126984126984127
24,2026081524,PHM2010,c6,vibration_x+vibration_y,Bias,315,0,0,0.00952380952380952,0.990476190476191,0.00634920634920635
24,2026081524,PHM2010,c1,vibration_x+vibration_y,Noise,315,0,0,0.019047619047619,0.980952380952381,0.00952380952380952
24,2026081524,PHM2010,c4,vibration_x+vibration_y,Noise,315,0,0,0.00634920634920635,0.993650793650794,0.0126984126984127
24,2026081524,PHM2010,c6,vibration_x+vibration_y,Noise,315,0,0,0,1,0.00634920634920635
25,2026081525,NUAA,W1,force_z+vibration_x,Saturation,29,0.862068965517241,0.931034482758621,0.0689655172413793,0,0.0689655172413793
25,2026081525,NUAA,W2,force_z+vibration_x,Saturation,17,1,1,0,0,0
25,2026081525,NUAA,W3,force_z+vibration_x,Saturation,11,1,1,0,0,0
25,2026081525,NUAA,W4,force_z+vibration_x,Saturation,28,0.964285714285714,1,0,0,0.0357142857142857
25,2026081525,NUAA,W5,force_z+vibration_x,Saturation,7,0.857142857142857,0.857142857142857,0.142857142857143,0,0
25,2026081525,NUAA,W6,force_z+vibration_x,Saturation,14,1,1,0,0,0
25,2026081525,NUAA,W7,force_z+vibration_x,Saturation,8,1,1,0,0,0
25,2026081525,NUAA,W8,force_z+vibration_x,Saturation,31,0.967741935483871,0.967741935483871,0.032258064516129,0,0
25,2026081525,NUAA,W9,force_z+vibration_x,Saturation,7,1,1,0,0,0
25,2026081525,NUAA,W1,force_z+vibration_x,Dropout,29,0.896551724137931,0.96551724137931,0.0344827586206897,0,0.0689655172413793
25,2026081525,NUAA,W2,force_z+vibration_x,Dropout,17,0.941176470588235,0.941176470588235,0.0588235294117647,0,0
25,2026081525,NUAA,W3,force_z+vibration_x,Dropout,11,0.909090909090909,0.909090909090909,0.0909090909090909,0,0
25,2026081525,NUAA,W4,force_z+vibration_x,Dropout,28,0.892857142857143,0.928571428571429,0.0714285714285714,0,0.0357142857142857
25,2026081525,NUAA,W5,force_z+vibration_x,Dropout,7,1,1,0,0,0
25,2026081525,NUAA,W6,force_z+vibration_x,Dropout,14,0.928571428571429,0.928571428571429,0.0714285714285714,0,0
25,2026081525,NUAA,W7,force_z+vibration_x,Dropout,8,1,1,0,0,0
25,2026081525,NUAA,W8,force_z+vibration_x,Dropout,31,0.967741935483871,0.967741935483871,0.032258064516129,0,0
25,2026081525,NUAA,W9,force_z+vibration_x,Dropout,7,0.857142857142857,0.857142857142857,0.142857142857143,0,0
25,2026081525,NUAA,W1,force_z+vibration_x,Bias,29,0,0,0.517241379310345,0.482758620689655,0.0689655172413793
25,2026081525,NUAA,W2,force_z+vibration_x,Bias,17,0,0,0.764705882352941,0.235294117647059,0
25,2026081525,NUAA,W3,force_z+vibration_x,Bias,11,0,0,0.636363636363636,0.363636363636364,0
25,2026081525,NUAA,W4,force_z+vibration_x,Bias,28,0,0,0.678571428571429,0.321428571428571,0.0357142857142857
25,2026081525,NUAA,W5,force_z+vibration_x,Bias,7,0.285714285714286,0.285714285714286,0.428571428571429,0.285714285714286,0
25,2026081525,NUAA,W6,force_z+vibration_x,Bias,14,0,0,0.571428571428571,0.428571428571429,0
25,2026081525,NUAA,W7,force_z+vibration_x,Bias,8,0.25,0.25,0.375,0.375,0
25,2026081525,NUAA,W8,force_z+vibration_x,Bias,31,0.032258064516129,0.032258064516129,0.451612903225806,0.516129032258065,0
25,2026081525,NUAA,W9,force_z+vibration_x,Bias,7,0.142857142857143,0.142857142857143,0.571428571428571,0.285714285714286,0
25,2026081525,NUAA,W1,force_z+vibration_x,Noise,29,0,0,0.620689655172414,0.379310344827586,0.0689655172413793
25,2026081525,NUAA,W2,force_z+vibration_x,Noise,17,0,0,0.941176470588235,0.0588235294117647,0
25,2026081525,NUAA,W3,force_z+vibration_x,Noise,11,0,0,0.272727272727273,0.727272727272727,0
25,2026081525,NUAA,W4,force_z+vibration_x,Noise,28,0,0,0.607142857142857,0.392857142857143,0.0357142857142857
25,2026081525,NUAA,W5,force_z+vibration_x,Noise,7,0.142857142857143,0.142857142857143,0.857142857142857,0,0
25,2026081525,NUAA,W6,force_z+vibration_x,Noise,14,0,0,0.571428571428571,0.428571428571429,0
25,2026081525,NUAA,W7,force_z+vibration_x,Noise,8,0,0,0.5,0.5,0
25,2026081525,NUAA,W8,force_z+vibration_x,Noise,31,0,0,0.516129032258065,0.483870967741935,0
25,2026081525,NUAA,W9,force_z+vibration_x,Noise,7,0,0,0.714285714285714,0.285714285714286,0
25,2026081525,NUAA,W1,force_z+vibration_y,Saturation,29,1,1,0,0,0
25,2026081525,NUAA,W2,force_z+vibration_y,Saturation,17,1,1,0,0,0
25,2026081525,NUAA,W3,force_z+vibration_y,Saturation,11,1,1,0,0,0
25,2026081525,NUAA,W4,force_z+vibration_y,Saturation,28,1,1,0,0,0
25,2026081525,NUAA,W5,force_z+vibration_y,Saturation,7,0.857142857142857,0.857142857142857,0.142857142857143,0,0.142857142857143
25,2026081525,NUAA,W6,force_z+vibration_y,Saturation,14,1,1,0,0,0
25,2026081525,NUAA,W7,force_z+vibration_y,Saturation,8,1,1,0,0,0
25,2026081525,NUAA,W8,force_z+vibration_y,Saturation,31,0.967741935483871,0.967741935483871,0.032258064516129,0,0
25,2026081525,NUAA,W9,force_z+vibration_y,Saturation,7,1,1,0,0,0
25,2026081525,NUAA,W1,force_z+vibration_y,Dropout,29,0.896551724137931,0.896551724137931,0.103448275862069,0,0
25,2026081525,NUAA,W2,force_z+vibration_y,Dropout,17,0.882352941176471,0.882352941176471,0.117647058823529,0,0
25,2026081525,NUAA,W3,force_z+vibration_y,Dropout,11,0.909090909090909,0.909090909090909,0.0909090909090909,0,0
25,2026081525,NUAA,W4,force_z+vibration_y,Dropout,28,1,1,0,0,0
25,2026081525,NUAA,W5,force_z+vibration_y,Dropout,7,0.857142857142857,1,0,0,0.142857142857143
25,2026081525,NUAA,W6,force_z+vibration_y,Dropout,14,0.857142857142857,0.857142857142857,0.142857142857143,0,0
25,2026081525,NUAA,W7,force_z+vibration_y,Dropout,8,1,1,0,0,0
25,2026081525,NUAA,W8,force_z+vibration_y,Dropout,31,0.967741935483871,0.967741935483871,0.032258064516129,0,0
25,2026081525,NUAA,W9,force_z+vibration_y,Dropout,7,0.857142857142857,0.857142857142857,0.142857142857143,0,0
25,2026081525,NUAA,W1,force_z+vibration_y,Bias,29,0.344827586206897,0.344827586206897,0.482758620689655,0.172413793103448,0
25,2026081525,NUAA,W2,force_z+vibration_y,Bias,17,0.470588235294118,0.470588235294118,0.470588235294118,0.0588235294117647,0
25,2026081525,NUAA,W3,force_z+vibration_y,Bias,11,0.363636363636364,0.363636363636364,0.363636363636364,0.272727272727273,0
25,2026081525,NUAA,W4,force_z+vibration_y,Bias,28,0.25,0.25,0.5,0.25,0
25,2026081525,NUAA,W5,force_z+vibration_y,Bias,7,0.428571428571429,0.428571428571429,0.428571428571429,0.142857142857143,0.142857142857143
25,2026081525,NUAA,W6,force_z+vibration_y,Bias,14,0.428571428571429,0.428571428571429,0.5,0.0714285714285714,0
25,2026081525,NUAA,W7,force_z+vibration_y,Bias,8,0.125,0.125,0.625,0.25,0
25,2026081525,NUAA,W8,force_z+vibration_y,Bias,31,0.290322580645161,0.290322580645161,0.548387096774194,0.161290322580645,0
25,2026081525,NUAA,W9,force_z+vibration_y,Bias,7,0.285714285714286,0.285714285714286,0.428571428571429,0.285714285714286,0
25,2026081525,NUAA,W1,force_z+vibration_y,Noise,29,0,0,0.689655172413793,0.310344827586207,0
25,2026081525,NUAA,W2,force_z+vibration_y,Noise,17,0,0,0.647058823529412,0.352941176470588,0
25,2026081525,NUAA,W3,force_z+vibration_y,Noise,11,0,0,0.636363636363636,0.363636363636364,0
25,2026081525,NUAA,W4,force_z+vibration_y,Noise,28,0.0714285714285714,0.0714285714285714,0.535714285714286,0.392857142857143,0
25,2026081525,NUAA,W5,force_z+vibration_y,Noise,7,0,0,0.714285714285714,0.285714285714286,0.142857142857143
25,2026081525,NUAA,W6,force_z+vibration_y,Noise,14,0,0,0.785714285714286,0.214285714285714,0
25,2026081525,NUAA,W7,force_z+vibration_y,Noise,8,0,0,0.375,0.625,0
25,2026081525,NUAA,W8,force_z+vibration_y,Noise,31,0,0,0.483870967741935,0.516129032258065,0
25,2026081525,NUAA,W9,force_z+vibration_y,Noise,7,0,0,0.857142857142857,0.142857142857143,0
25,2026081525,NUAA,W1,vibration_x+vibration_y,Saturation,29,1,1,0,0,0
25,2026081525,NUAA,W2,vibration_x+vibration_y,Saturation,17,0.882352941176471,1,0,0,0.117647058823529
25,2026081525,NUAA,W3,vibration_x+vibration_y,Saturation,11,1,1,0,0,0
25,2026081525,NUAA,W4,vibration_x+vibration_y,Saturation,28,1,1,0,0,0
25,2026081525,NUAA,W5,vibration_x+vibration_y,Saturation,7,1,1,0,0,0
25,2026081525,NUAA,W6,vibration_x+vibration_y,Saturation,14,1,1,0,0,0
25,2026081525,NUAA,W7,vibration_x+vibration_y,Saturation,8,1,1,0,0,0
25,2026081525,NUAA,W8,vibration_x+vibration_y,Saturation,31,1,1,0,0,0
25,2026081525,NUAA,W9,vibration_x+vibration_y,Saturation,7,1,1,0,0,0
25,2026081525,NUAA,W1,vibration_x+vibration_y,Dropout,29,1,1,0,0,0
25,2026081525,NUAA,W2,vibration_x+vibration_y,Dropout,17,0.882352941176471,1,0,0,0.117647058823529
25,2026081525,NUAA,W3,vibration_x+vibration_y,Dropout,11,1,1,0,0,0
25,2026081525,NUAA,W4,vibration_x+vibration_y,Dropout,28,1,1,0,0,0
25,2026081525,NUAA,W5,vibration_x+vibration_y,Dropout,7,1,1,0,0,0
25,2026081525,NUAA,W6,vibration_x+vibration_y,Dropout,14,1,1,0,0,0
25,2026081525,NUAA,W7,vibration_x+vibration_y,Dropout,8,1,1,0,0,0
25,2026081525,NUAA,W8,vibration_x+vibration_y,Dropout,31,1,1,0,0,0
25,2026081525,NUAA,W9,vibration_x+vibration_y,Dropout,7,1,1,0,0,0
25,2026081525,NUAA,W1,vibration_x+vibration_y,Bias,29,0,0,0.379310344827586,0.620689655172414,0
25,2026081525,NUAA,W2,vibration_x+vibration_y,Bias,17,0,0,0.470588235294118,0.529411764705882,0.117647058823529
25,2026081525,NUAA,W3,vibration_x+vibration_y,Bias,11,0,0,0.454545454545455,0.545454545454545,0
25,2026081525,NUAA,W4,vibration_x+vibration_y,Bias,28,0.0714285714285714,0.0714285714285714,0.392857142857143,0.535714285714286,0
25,2026081525,NUAA,W5,vibration_x+vibration_y,Bias,7,0.285714285714286,0.285714285714286,0.428571428571429,0.285714285714286,0
25,2026081525,NUAA,W6,vibration_x+vibration_y,Bias,14,0,0,0.5,0.5,0
25,2026081525,NUAA,W7,vibration_x+vibration_y,Bias,8,0.25,0.25,0.25,0.5,0
25,2026081525,NUAA,W8,vibration_x+vibration_y,Bias,31,0,0,0.483870967741935,0.516129032258065,0
25,2026081525,NUAA,W9,vibration_x+vibration_y,Bias,7,0,0,0.428571428571429,0.571428571428571,0
25,2026081525,NUAA,W1,vibration_x+vibration_y,Noise,29,0,0,0.0689655172413793,0.931034482758621,0
25,2026081525,NUAA,W2,vibration_x+vibration_y,Noise,17,0,0,0,1,0.117647058823529
25,2026081525,NUAA,W3,vibration_x+vibration_y,Noise,11,0,0,0,1,0
25,2026081525,NUAA,W4,vibration_x+vibration_y,Noise,28,0,0,0.107142857142857,0.892857142857143,0
25,2026081525,NUAA,W5,vibration_x+vibration_y,Noise,7,0,0,0.142857142857143,0.857142857142857,0
25,2026081525,NUAA,W6,vibration_x+vibration_y,Noise,14,0,0,0,1,0
25,2026081525,NUAA,W7,vibration_x+vibration_y,Noise,8,0,0,0,1,0
25,2026081525,NUAA,W8,vibration_x+vibration_y,Noise,31,0,0,0.0645161290322581,0.935483870967742,0
25,2026081525,NUAA,W9,vibration_x+vibration_y,Noise,7,0,0,0,1,0
25,2026081525,PHM2010,c1,force_z+vibration_x,Saturation,315,0.977777777777778,1,0,0,0.0222222222222222
25,2026081525,PHM2010,c4,force_z+vibration_x,Saturation,315,0.996825396825397,1,0,0,0.00317460317460317
25,2026081525,PHM2010,c6,force_z+vibration_x,Saturation,315,1,1,0,0,0
25,2026081525,PHM2010,c1,force_z+vibration_x,Dropout,315,0.977777777777778,1,0,0,0.0222222222222222
25,2026081525,PHM2010,c4,force_z+vibration_x,Dropout,315,0.996825396825397,1,0,0,0.00317460317460317
25,2026081525,PHM2010,c6,force_z+vibration_x,Dropout,315,0.501587301587302,0.501587301587302,0.498412698412698,0,0
25,2026081525,PHM2010,c1,force_z+vibration_x,Bias,315,0.0952380952380952,0.0952380952380952,0.46031746031746,0.444444444444444,0.0222222222222222
25,2026081525,PHM2010,c4,force_z+vibration_x,Bias,315,0.219047619047619,0.222222222222222,0.507936507936508,0.26984126984127,0.00317460317460317
25,2026081525,PHM2010,c6,force_z+vibration_x,Bias,315,0,0,0.342857142857143,0.657142857142857,0
25,2026081525,PHM2010,c1,force_z+vibration_x,Noise,315,0.00317460317460317,0.00317460317460317,0.26031746031746,0.736507936507937,0.0222222222222222
25,2026081525,PHM2010,c4,force_z+vibration_x,Noise,315,0,0,0.365079365079365,0.634920634920635,0.00317460317460317
25,2026081525,PHM2010,c6,force_z+vibration_x,Noise,315,0,0,0.0634920634920635,0.936507936507937,0
25,2026081525,PHM2010,c1,force_z+vibration_y,Saturation,315,0.971428571428571,1,0,0,0.0285714285714286
25,2026081525,PHM2010,c4,force_z+vibration_y,Saturation,315,0.987301587301587,1,0,0,0.0126984126984127
25,2026081525,PHM2010,c6,force_z+vibration_y,Saturation,315,1,1,0,0,0
25,2026081525,PHM2010,c1,force_z+vibration_y,Dropout,315,0.533333333333333,0.549206349206349,0.450793650793651,0,0.0285714285714286
25,2026081525,PHM2010,c4,force_z+vibration_y,Dropout,315,0.987301587301587,1,0,0,0.0126984126984127
25,2026081525,PHM2010,c6,force_z+vibration_y,Dropout,315,0.444444444444444,0.444444444444444,0.555555555555556,0,0
25,2026081525,PHM2010,c1,force_z+vibration_y,Bias,315,0.00952380952380952,0.00952380952380952,0.571428571428571,0.419047619047619,0.0285714285714286
25,2026081525,PHM2010,c4,force_z+vibration_y,Bias,315,0.0920634920634921,0.0920634920634921,0.6,0.307936507936508,0.0126984126984127
25,2026081525,PHM2010,c6,force_z+vibration_y,Bias,315,0,0,0.301587301587302,0.698412698412698,0
25,2026081525,PHM2010,c1,force_z+vibration_y,Noise,315,0,0,0.212698412698413,0.787301587301587,0.0285714285714286
25,2026081525,PHM2010,c4,force_z+vibration_y,Noise,315,0,0,0.428571428571429,0.571428571428571,0.0126984126984127
25,2026081525,PHM2010,c6,force_z+vibration_y,Noise,315,0,0,0.0666666666666667,0.933333333333333,0
25,2026081525,PHM2010,c1,vibration_x+vibration_y,Saturation,315,0.990476190476191,1,0,0,0.00952380952380952
25,2026081525,PHM2010,c4,vibration_x+vibration_y,Saturation,315,0.987301587301587,1,0,0,0.0126984126984127
25,2026081525,PHM2010,c6,vibration_x+vibration_y,Saturation,315,0.993650793650794,1,0,0,0.00634920634920635
25,2026081525,PHM2010,c1,vibration_x+vibration_y,Dropout,315,0.488888888888889,0.492063492063492,0.507936507936508,0,0.00952380952380952
25,2026081525,PHM2010,c4,vibration_x+vibration_y,Dropout,315,0.987301587301587,1,0,0,0.0126984126984127
25,2026081525,PHM2010,c6,vibration_x+vibration_y,Dropout,315,0.196825396825397,0.196825396825397,0.495238095238095,0.307936507936508,0.00634920634920635
25,2026081525,PHM2010,c1,vibration_x+vibration_y,Bias,315,0,0,0.174603174603175,0.825396825396825,0.00952380952380952
25,2026081525,PHM2010,c4,vibration_x+vibration_y,Bias,315,0.073015873015873,0.073015873015873,0.307936507936508,0.619047619047619,0.0126984126984127
25,2026081525,PHM2010,c6,vibration_x+vibration_y,Bias,315,0,0,0.00952380952380952,0.990476190476191,0.00634920634920635
25,2026081525,PHM2010,c1,vibration_x+vibration_y,Noise,315,0,0,0.0158730158730159,0.984126984126984,0.00952380952380952
25,2026081525,PHM2010,c4,vibration_x+vibration_y,Noise,315,0,0,0.00317460317460317,0.996825396825397,0.0126984126984127
25,2026081525,PHM2010,c6,vibration_x+vibration_y,Noise,315,0,0,0,1,0.00634920634920635
26,2026081526,NUAA,W1,force_z+vibration_x,Saturation,29,0.896551724137931,0.96551724137931,0.0344827586206897,0,0.0689655172413793
26,2026081526,NUAA,W2,force_z+vibration_x,Saturation,17,1,1,0,0,0
26,2026081526,NUAA,W3,force_z+vibration_x,Saturation,11,1,1,0,0,0
26,2026081526,NUAA,W4,force_z+vibration_x,Saturation,28,0.928571428571429,0.964285714285714,0.0357142857142857,0,0.0357142857142857
26,2026081526,NUAA,W5,force_z+vibration_x,Saturation,7,1,1,0,0,0
26,2026081526,NUAA,W6,force_z+vibration_x,Saturation,14,0.928571428571429,0.928571428571429,0.0714285714285714,0,0
26,2026081526,NUAA,W7,force_z+vibration_x,Saturation,8,1,1,0,0,0
26,2026081526,NUAA,W8,force_z+vibration_x,Saturation,31,0.935483870967742,0.935483870967742,0.0645161290322581,0,0
26,2026081526,NUAA,W9,force_z+vibration_x,Saturation,7,1,1,0,0,0
26,2026081526,NUAA,W1,force_z+vibration_x,Dropout,29,0.896551724137931,0.96551724137931,0.0344827586206897,0,0.0689655172413793
26,2026081526,NUAA,W2,force_z+vibration_x,Dropout,17,0.823529411764706,0.823529411764706,0.176470588235294,0,0
26,2026081526,NUAA,W3,force_z+vibration_x,Dropout,11,1,1,0,0,0
26,2026081526,NUAA,W4,force_z+vibration_x,Dropout,28,0.785714285714286,0.821428571428571,0.178571428571429,0,0.0357142857142857
26,2026081526,NUAA,W5,force_z+vibration_x,Dropout,7,0.714285714285714,0.714285714285714,0.285714285714286,0,0
26,2026081526,NUAA,W6,force_z+vibration_x,Dropout,14,0.928571428571429,0.928571428571429,0.0714285714285714,0,0
26,2026081526,NUAA,W7,force_z+vibration_x,Dropout,8,1,1,0,0,0
26,2026081526,NUAA,W8,force_z+vibration_x,Dropout,31,0.967741935483871,0.967741935483871,0.032258064516129,0,0
26,2026081526,NUAA,W9,force_z+vibration_x,Dropout,7,0.857142857142857,0.857142857142857,0.142857142857143,0,0
26,2026081526,NUAA,W1,force_z+vibration_x,Bias,29,0.0344827586206897,0.0344827586206897,0.517241379310345,0.448275862068966,0.0689655172413793
26,2026081526,NUAA,W2,force_z+vibration_x,Bias,17,0,0,0.705882352941177,0.294117647058824,0
26,2026081526,NUAA,W3,force_z+vibration_x,Bias,11,0,0,0.636363636363636,0.363636363636364,0
26,2026081526,NUAA,W4,force_z+vibration_x,Bias,28,0.0357142857142857,0.0357142857142857,0.607142857142857,0.357142857142857,0.0357142857142857
26,2026081526,NUAA,W5,force_z+vibration_x,Bias,7,0.285714285714286,0.285714285714286,0.428571428571429,0.285714285714286,0
26,2026081526,NUAA,W6,force_z+vibration_x,Bias,14,0,0,0.5,0.5,0
26,2026081526,NUAA,W7,force_z+vibration_x,Bias,8,0.125,0.125,0.5,0.375,0
26,2026081526,NUAA,W8,force_z+vibration_x,Bias,31,0,0,0.580645161290323,0.419354838709677,0
26,2026081526,NUAA,W9,force_z+vibration_x,Bias,7,0.142857142857143,0.142857142857143,0.571428571428571,0.285714285714286,0
26,2026081526,NUAA,W1,force_z+vibration_x,Noise,29,0,0,0.551724137931034,0.448275862068966,0.0689655172413793
26,2026081526,NUAA,W2,force_z+vibration_x,Noise,17,0,0,0.705882352941177,0.294117647058824,0
26,2026081526,NUAA,W3,force_z+vibration_x,Noise,11,0,0,0.545454545454545,0.454545454545455,0
26,2026081526,NUAA,W4,force_z+vibration_x,Noise,28,0,0,0.535714285714286,0.464285714285714,0.0357142857142857
26,2026081526,NUAA,W5,force_z+vibration_x,Noise,7,0.285714285714286,0.285714285714286,0.285714285714286,0.428571428571429,0
26,2026081526,NUAA,W6,force_z+vibration_x,Noise,14,0,0,0.785714285714286,0.214285714285714,0
26,2026081526,NUAA,W7,force_z+vibration_x,Noise,8,0,0,0.5,0.5,0
26,2026081526,NUAA,W8,force_z+vibration_x,Noise,31,0,0,0.580645161290323,0.419354838709677,0
26,2026081526,NUAA,W9,force_z+vibration_x,Noise,7,0,0,0.714285714285714,0.285714285714286,0
26,2026081526,NUAA,W1,force_z+vibration_y,Saturation,29,1,1,0,0,0
26,2026081526,NUAA,W2,force_z+vibration_y,Saturation,17,1,1,0,0,0
26,2026081526,NUAA,W3,force_z+vibration_y,Saturation,11,1,1,0,0,0
26,2026081526,NUAA,W4,force_z+vibration_y,Saturation,28,1,1,0,0,0
26,2026081526,NUAA,W5,force_z+vibration_y,Saturation,7,0.857142857142857,1,0,0,0.142857142857143
26,2026081526,NUAA,W6,force_z+vibration_y,Saturation,14,0.928571428571429,0.928571428571429,0.0714285714285714,0,0
26,2026081526,NUAA,W7,force_z+vibration_y,Saturation,8,1,1,0,0,0
26,2026081526,NUAA,W8,force_z+vibration_y,Saturation,31,0.935483870967742,0.935483870967742,0.0645161290322581,0,0
26,2026081526,NUAA,W9,force_z+vibration_y,Saturation,7,1,1,0,0,0
26,2026081526,NUAA,W1,force_z+vibration_y,Dropout,29,0.896551724137931,0.896551724137931,0.103448275862069,0,0
26,2026081526,NUAA,W2,force_z+vibration_y,Dropout,17,0.941176470588235,0.941176470588235,0.0588235294117647,0,0
26,2026081526,NUAA,W3,force_z+vibration_y,Dropout,11,1,1,0,0,0
26,2026081526,NUAA,W4,force_z+vibration_y,Dropout,28,0.892857142857143,0.892857142857143,0.107142857142857,0,0
26,2026081526,NUAA,W5,force_z+vibration_y,Dropout,7,0.857142857142857,1,0,0,0.142857142857143
26,2026081526,NUAA,W6,force_z+vibration_y,Dropout,14,0.928571428571429,0.928571428571429,0.0714285714285714,0,0
26,2026081526,NUAA,W7,force_z+vibration_y,Dropout,8,1,1,0,0,0
26,2026081526,NUAA,W8,force_z+vibration_y,Dropout,31,0.967741935483871,0.967741935483871,0.032258064516129,0,0
26,2026081526,NUAA,W9,force_z+vibration_y,Dropout,7,0.857142857142857,0.857142857142857,0.142857142857143,0,0
26,2026081526,NUAA,W1,force_z+vibration_y,Bias,29,0.241379310344828,0.241379310344828,0.551724137931034,0.206896551724138,0
26,2026081526,NUAA,W2,force_z+vibration_y,Bias,17,0.411764705882353,0.411764705882353,0.529411764705882,0.0588235294117647,0
26,2026081526,NUAA,W3,force_z+vibration_y,Bias,11,0.272727272727273,0.272727272727273,0.545454545454545,0.181818181818182,0
26,2026081526,NUAA,W4,force_z+vibration_y,Bias,28,0.178571428571429,0.178571428571429,0.642857142857143,0.178571428571429,0
26,2026081526,NUAA,W5,force_z+vibration_y,Bias,7,0.142857142857143,0.142857142857143,0.571428571428571,0.285714285714286,0.142857142857143
26,2026081526,NUAA,W6,force_z+vibration_y,Bias,14,0.142857142857143,0.142857142857143,0.857142857142857,0,0
26,2026081526,NUAA,W7,force_z+vibration_y,Bias,8,0.375,0.375,0.625,0,0
26,2026081526,NUAA,W8,force_z+vibration_y,Bias,31,0.258064516129032,0.258064516129032,0.580645161290323,0.161290322580645,0
26,2026081526,NUAA,W9,force_z+vibration_y,Bias,7,0.285714285714286,0.285714285714286,0.428571428571429,0.285714285714286,0
26,2026081526,NUAA,W1,force_z+vibration_y,Noise,29,0,0,0.724137931034483,0.275862068965517,0
26,2026081526,NUAA,W2,force_z+vibration_y,Noise,17,0,0,0.705882352941177,0.294117647058824,0
26,2026081526,NUAA,W3,force_z+vibration_y,Noise,11,0,0,0.636363636363636,0.363636363636364,0
26,2026081526,NUAA,W4,force_z+vibration_y,Noise,28,0.0357142857142857,0.0357142857142857,0.678571428571429,0.285714285714286,0
26,2026081526,NUAA,W5,force_z+vibration_y,Noise,7,0,0,0.714285714285714,0.285714285714286,0.142857142857143
26,2026081526,NUAA,W6,force_z+vibration_y,Noise,14,0.0714285714285714,0.0714285714285714,0.285714285714286,0.642857142857143,0
26,2026081526,NUAA,W7,force_z+vibration_y,Noise,8,0,0,0.625,0.375,0
26,2026081526,NUAA,W8,force_z+vibration_y,Noise,31,0,0,0.806451612903226,0.193548387096774,0
26,2026081526,NUAA,W9,force_z+vibration_y,Noise,7,0,0,0.714285714285714,0.285714285714286,0
26,2026081526,NUAA,W1,vibration_x+vibration_y,Saturation,29,1,1,0,0,0
26,2026081526,NUAA,W2,vibration_x+vibration_y,Saturation,17,0.882352941176471,1,0,0,0.117647058823529
26,2026081526,NUAA,W3,vibration_x+vibration_y,Saturation,11,1,1,0,0,0
26,2026081526,NUAA,W4,vibration_x+vibration_y,Saturation,28,1,1,0,0,0
26,2026081526,NUAA,W5,vibration_x+vibration_y,Saturation,7,1,1,0,0,0
26,2026081526,NUAA,W6,vibration_x+vibration_y,Saturation,14,1,1,0,0,0
26,2026081526,NUAA,W7,vibration_x+vibration_y,Saturation,8,1,1,0,0,0
26,2026081526,NUAA,W8,vibration_x+vibration_y,Saturation,31,1,1,0,0,0
26,2026081526,NUAA,W9,vibration_x+vibration_y,Saturation,7,1,1,0,0,0
26,2026081526,NUAA,W1,vibration_x+vibration_y,Dropout,29,1,1,0,0,0
26,2026081526,NUAA,W2,vibration_x+vibration_y,Dropout,17,0.882352941176471,1,0,0,0.117647058823529
26,2026081526,NUAA,W3,vibration_x+vibration_y,Dropout,11,1,1,0,0,0
26,2026081526,NUAA,W4,vibration_x+vibration_y,Dropout,28,1,1,0,0,0
26,2026081526,NUAA,W5,vibration_x+vibration_y,Dropout,7,1,1,0,0,0
26,2026081526,NUAA,W6,vibration_x+vibration_y,Dropout,14,1,1,0,0,0
26,2026081526,NUAA,W7,vibration_x+vibration_y,Dropout,8,1,1,0,0,0
26,2026081526,NUAA,W8,vibration_x+vibration_y,Dropout,31,1,1,0,0,0
26,2026081526,NUAA,W9,vibration_x+vibration_y,Dropout,7,1,1,0,0,0
26,2026081526,NUAA,W1,vibration_x+vibration_y,Bias,29,0.0344827586206897,0.0344827586206897,0.551724137931034,0.413793103448276,0
26,2026081526,NUAA,W2,vibration_x+vibration_y,Bias,17,0.0588235294117647,0.0588235294117647,0.352941176470588,0.588235294117647,0.117647058823529
26,2026081526,NUAA,W3,vibration_x+vibration_y,Bias,11,0,0,0.545454545454545,0.454545454545455,0
26,2026081526,NUAA,W4,vibration_x+vibration_y,Bias,28,0.0357142857142857,0.0357142857142857,0.714285714285714,0.25,0
26,2026081526,NUAA,W5,vibration_x+vibration_y,Bias,7,0.428571428571429,0.428571428571429,0.428571428571429,0.142857142857143,0
26,2026081526,NUAA,W6,vibration_x+vibration_y,Bias,14,0,0,0.642857142857143,0.357142857142857,0
26,2026081526,NUAA,W7,vibration_x+vibration_y,Bias,8,0,0,0.375,0.625,0
26,2026081526,NUAA,W8,vibration_x+vibration_y,Bias,31,0,0,0.516129032258065,0.483870967741935,0
26,2026081526,NUAA,W9,vibration_x+vibration_y,Bias,7,0,0,0.285714285714286,0.714285714285714,0
26,2026081526,NUAA,W1,vibration_x+vibration_y,Noise,29,0,0,0.137931034482759,0.862068965517241,0
26,2026081526,NUAA,W2,vibration_x+vibration_y,Noise,17,0,0,0,1,0.117647058823529
26,2026081526,NUAA,W3,vibration_x+vibration_y,Noise,11,0,0,0,1,0
26,2026081526,NUAA,W4,vibration_x+vibration_y,Noise,28,0,0,0.107142857142857,0.892857142857143,0
26,2026081526,NUAA,W5,vibration_x+vibration_y,Noise,7,0,0,0.142857142857143,0.857142857142857,0
26,2026081526,NUAA,W6,vibration_x+vibration_y,Noise,14,0,0,0,1,0
26,2026081526,NUAA,W7,vibration_x+vibration_y,Noise,8,0,0,0,1,0
26,2026081526,NUAA,W8,vibration_x+vibration_y,Noise,31,0,0,0.032258064516129,0.967741935483871,0
26,2026081526,NUAA,W9,vibration_x+vibration_y,Noise,7,0,0,0,1,0
26,2026081526,PHM2010,c1,force_z+vibration_x,Saturation,315,0.977777777777778,1,0,0,0.0222222222222222
26,2026081526,PHM2010,c4,force_z+vibration_x,Saturation,315,0.996825396825397,1,0,0,0.00317460317460317
26,2026081526,PHM2010,c6,force_z+vibration_x,Saturation,315,1,1,0,0,0
26,2026081526,PHM2010,c1,force_z+vibration_x,Dropout,315,0.977777777777778,1,0,0,0.0222222222222222
26,2026081526,PHM2010,c4,force_z+vibration_x,Dropout,315,0.996825396825397,1,0,0,0.00317460317460317
26,2026081526,PHM2010,c6,force_z+vibration_x,Dropout,315,0.450793650793651,0.450793650793651,0.549206349206349,0,0
26,2026081526,PHM2010,c1,force_z+vibration_x,Bias,315,0.133333333333333,0.133333333333333,0.444444444444444,0.422222222222222,0.0222222222222222
26,2026081526,PHM2010,c4,force_z+vibration_x,Bias,315,0.212698412698413,0.215873015873016,0.520634920634921,0.263492063492063,0.00317460317460317
26,2026081526,PHM2010,c6,force_z+vibration_x,Bias,315,0.00317460317460317,0.00317460317460317,0.323809523809524,0.673015873015873,0
26,2026081526,PHM2010,c1,force_z+vibration_x,Noise,315,0.00317460317460317,0.00317460317460317,0.273015873015873,0.723809523809524,0.0222222222222222
26,2026081526,PHM2010,c4,force_z+vibration_x,Noise,315,0,0,0.374603174603175,0.625396825396825,0.00317460317460317
26,2026081526,PHM2010,c6,force_z+vibration_x,Noise,315,0,0,0.0888888888888889,0.911111111111111,0
26,2026081526,PHM2010,c1,force_z+vibration_y,Saturation,315,0.971428571428571,1,0,0,0.0285714285714286
26,2026081526,PHM2010,c4,force_z+vibration_y,Saturation,315,0.987301587301587,1,0,0,0.0126984126984127
26,2026081526,PHM2010,c6,force_z+vibration_y,Saturation,315,1,1,0,0,0
26,2026081526,PHM2010,c1,force_z+vibration_y,Dropout,315,0.488888888888889,0.511111111111111,0.488888888888889,0,0.0285714285714286
26,2026081526,PHM2010,c4,force_z+vibration_y,Dropout,315,0.987301587301587,1,0,0,0.0126984126984127
26,2026081526,PHM2010,c6,force_z+vibration_y,Dropout,315,0.431746031746032,0.431746031746032,0.568253968253968,0,0
26,2026081526,PHM2010,c1,force_z+vibration_y,Bias,315,0.00952380952380952,0.00952380952380952,0.536507936507936,0.453968253968254,0.0285714285714286
26,2026081526,PHM2010,c4,force_z+vibration_y,Bias,315,0.0857142857142857,0.0857142857142857,0.625396825396825,0.288888888888889,0.0126984126984127
26,2026081526,PHM2010,c6,force_z+vibration_y,Bias,315,0,0,0.279365079365079,0.720634920634921,0
26,2026081526,PHM2010,c1,force_z+vibration_y,Noise,315,0,0,0.282539682539683,0.717460317460317,0.0285714285714286
26,2026081526,PHM2010,c4,force_z+vibration_y,Noise,315,0.00317460317460317,0.00317460317460317,0.393650793650794,0.603174603174603,0.0126984126984127
26,2026081526,PHM2010,c6,force_z+vibration_y,Noise,315,0,0,0.107936507936508,0.892063492063492,0
26,2026081526,PHM2010,c1,vibration_x+vibration_y,Saturation,315,0.990476190476191,1,0,0,0.00952380952380952
26,2026081526,PHM2010,c4,vibration_x+vibration_y,Saturation,315,0.987301587301587,1,0,0,0.0126984126984127
26,2026081526,PHM2010,c6,vibration_x+vibration_y,Saturation,315,0.993650793650794,1,0,0,0.00634920634920635
26,2026081526,PHM2010,c1,vibration_x+vibration_y,Dropout,315,0.526984126984127,0.526984126984127,0.473015873015873,0,0.00952380952380952
26,2026081526,PHM2010,c4,vibration_x+vibration_y,Dropout,315,0.987301587301587,1,0,0,0.0126984126984127
26,2026081526,PHM2010,c6,vibration_x+vibration_y,Dropout,315,0.238095238095238,0.241269841269841,0.482539682539683,0.276190476190476,0.00634920634920635
26,2026081526,PHM2010,c1,vibration_x+vibration_y,Bias,315,0,0,0.152380952380952,0.847619047619048,0.00952380952380952
26,2026081526,PHM2010,c4,vibration_x+vibration_y,Bias,315,0.0571428571428571,0.0571428571428571,0.33968253968254,0.603174603174603,0.0126984126984127
26,2026081526,PHM2010,c6,vibration_x+vibration_y,Bias,315,0,0,0.00317460317460317,0.996825396825397,0.00634920634920635
26,2026081526,PHM2010,c1,vibration_x+vibration_y,Noise,315,0,0,0.0158730158730159,0.984126984126984,0.00952380952380952
26,2026081526,PHM2010,c4,vibration_x+vibration_y,Noise,315,0,0,0.00317460317460317,0.996825396825397,0.0126984126984127
26,2026081526,PHM2010,c6,vibration_x+vibration_y,Noise,315,0,0,0,1,0.00634920634920635
27,2026081527,NUAA,W1,force_z+vibration_x,Saturation,29,0.896551724137931,0.96551724137931,0.0344827586206897,0,0.0689655172413793
27,2026081527,NUAA,W2,force_z+vibration_x,Saturation,17,1,1,0,0,0
27,2026081527,NUAA,W3,force_z+vibration_x,Saturation,11,1,1,0,0,0
27,2026081527,NUAA,W4,force_z+vibration_x,Saturation,28,0.964285714285714,1,0,0,0.0357142857142857
27,2026081527,NUAA,W5,force_z+vibration_x,Saturation,7,1,1,0,0,0
27,2026081527,NUAA,W6,force_z+vibration_x,Saturation,14,1,1,0,0,0
27,2026081527,NUAA,W7,force_z+vibration_x,Saturation,8,1,1,0,0,0
27,2026081527,NUAA,W8,force_z+vibration_x,Saturation,31,0.870967741935484,0.870967741935484,0.129032258064516,0,0
27,2026081527,NUAA,W9,force_z+vibration_x,Saturation,7,1,1,0,0,0
27,2026081527,NUAA,W1,force_z+vibration_x,Dropout,29,0.827586206896552,0.896551724137931,0.103448275862069,0,0.0689655172413793
27,2026081527,NUAA,W2,force_z+vibration_x,Dropout,17,0.882352941176471,0.882352941176471,0.117647058823529,0,0
27,2026081527,NUAA,W3,force_z+vibration_x,Dropout,11,0.909090909090909,0.909090909090909,0.0909090909090909,0,0
27,2026081527,NUAA,W4,force_z+vibration_x,Dropout,28,0.857142857142857,0.892857142857143,0.107142857142857,0,0.0357142857142857
27,2026081527,NUAA,W5,force_z+vibration_x,Dropout,7,1,1,0,0,0
27,2026081527,NUAA,W6,force_z+vibration_x,Dropout,14,0.857142857142857,0.857142857142857,0.142857142857143,0,0
27,2026081527,NUAA,W7,force_z+vibration_x,Dropout,8,0.875,0.875,0.125,0,0
27,2026081527,NUAA,W8,force_z+vibration_x,Dropout,31,1,1,0,0,0
27,2026081527,NUAA,W9,force_z+vibration_x,Dropout,7,0.857142857142857,0.857142857142857,0.142857142857143,0,0
27,2026081527,NUAA,W1,force_z+vibration_x,Bias,29,0.0689655172413793,0.0689655172413793,0.655172413793103,0.275862068965517,0.0689655172413793
27,2026081527,NUAA,W2,force_z+vibration_x,Bias,17,0,0,0.823529411764706,0.176470588235294,0
27,2026081527,NUAA,W3,force_z+vibration_x,Bias,11,0,0,0.545454545454545,0.454545454545455,0
27,2026081527,NUAA,W4,force_z+vibration_x,Bias,28,0.107142857142857,0.107142857142857,0.642857142857143,0.25,0.0357142857142857
27,2026081527,NUAA,W5,force_z+vibration_x,Bias,7,0.142857142857143,0.142857142857143,0.571428571428571,0.285714285714286,0
27,2026081527,NUAA,W6,force_z+vibration_x,Bias,14,0.0714285714285714,0.0714285714285714,0.571428571428571,0.357142857142857,0
27,2026081527,NUAA,W7,force_z+vibration_x,Bias,8,0,0,0.625,0.375,0
27,2026081527,NUAA,W8,force_z+vibration_x,Bias,31,0.032258064516129,0.032258064516129,0.483870967741935,0.483870967741935,0
27,2026081527,NUAA,W9,force_z+vibration_x,Bias,7,0,0,0.714285714285714,0.285714285714286,0
27,2026081527,NUAA,W1,force_z+vibration_x,Noise,29,0,0,0.586206896551724,0.413793103448276,0.0689655172413793
27,2026081527,NUAA,W2,force_z+vibration_x,Noise,17,0,0,0.529411764705882,0.470588235294118,0
27,2026081527,NUAA,W3,force_z+vibration_x,Noise,11,0,0,0.636363636363636,0.363636363636364,0
27,2026081527,NUAA,W4,force_z+vibration_x,Noise,28,0,0,0.642857142857143,0.357142857142857,0.0357142857142857
27,2026081527,NUAA,W5,force_z+vibration_x,Noise,7,0.142857142857143,0.142857142857143,0.571428571428571,0.285714285714286,0
27,2026081527,NUAA,W6,force_z+vibration_x,Noise,14,0,0,0.714285714285714,0.285714285714286,0
27,2026081527,NUAA,W7,force_z+vibration_x,Noise,8,0,0,0.625,0.375,0
27,2026081527,NUAA,W8,force_z+vibration_x,Noise,31,0,0,0.483870967741935,0.516129032258065,0
27,2026081527,NUAA,W9,force_z+vibration_x,Noise,7,0,0,0.571428571428571,0.428571428571429,0
27,2026081527,NUAA,W1,force_z+vibration_y,Saturation,29,0.96551724137931,0.96551724137931,0.0344827586206897,0,0
27,2026081527,NUAA,W2,force_z+vibration_y,Saturation,17,1,1,0,0,0
27,2026081527,NUAA,W3,force_z+vibration_y,Saturation,11,1,1,0,0,0
27,2026081527,NUAA,W4,force_z+vibration_y,Saturation,28,1,1,0,0,0
27,2026081527,NUAA,W5,force_z+vibration_y,Saturation,7,0.857142857142857,1,0,0,0.142857142857143
27,2026081527,NUAA,W6,force_z+vibration_y,Saturation,14,1,1,0,0,0
27,2026081527,NUAA,W7,force_z+vibration_y,Saturation,8,1,1,0,0,0
27,2026081527,NUAA,W8,force_z+vibration_y,Saturation,31,1,1,0,0,0
27,2026081527,NUAA,W9,force_z+vibration_y,Saturation,7,1,1,0,0,0
27,2026081527,NUAA,W1,force_z+vibration_y,Dropout,29,0.862068965517241,0.862068965517241,0.137931034482759,0,0
27,2026081527,NUAA,W2,force_z+vibration_y,Dropout,17,0.941176470588235,0.941176470588235,0.0588235294117647,0,0
27,2026081527,NUAA,W3,force_z+vibration_y,Dropout,11,0.909090909090909,0.909090909090909,0.0909090909090909,0,0
27,2026081527,NUAA,W4,force_z+vibration_y,Dropout,28,0.928571428571429,0.928571428571429,0.0714285714285714,0,0
27,2026081527,NUAA,W5,force_z+vibration_y,Dropout,7,0.857142857142857,0.857142857142857,0.142857142857143,0,0.142857142857143
27,2026081527,NUAA,W6,force_z+vibration_y,Dropout,14,1,1,0,0,0
27,2026081527,NUAA,W7,force_z+vibration_y,Dropout,8,1,1,0,0,0
27,2026081527,NUAA,W8,force_z+vibration_y,Dropout,31,1,1,0,0,0
27,2026081527,NUAA,W9,force_z+vibration_y,Dropout,7,1,1,0,0,0
27,2026081527,NUAA,W1,force_z+vibration_y,Bias,29,0.517241379310345,0.517241379310345,0.413793103448276,0.0689655172413793,0
27,2026081527,NUAA,W2,force_z+vibration_y,Bias,17,0.352941176470588,0.352941176470588,0.352941176470588,0.294117647058824,0
27,2026081527,NUAA,W3,force_z+vibration_y,Bias,11,0.272727272727273,0.272727272727273,0.545454545454545,0.181818181818182,0
27,2026081527,NUAA,W4,force_z+vibration_y,Bias,28,0.285714285714286,0.285714285714286,0.392857142857143,0.321428571428571,0
27,2026081527,NUAA,W5,force_z+vibration_y,Bias,7,0.428571428571429,0.428571428571429,0.571428571428571,0,0.142857142857143
27,2026081527,NUAA,W6,force_z+vibration_y,Bias,14,0.214285714285714,0.214285714285714,0.571428571428571,0.214285714285714,0
27,2026081527,NUAA,W7,force_z+vibration_y,Bias,8,0.25,0.25,0.375,0.375,0
27,2026081527,NUAA,W8,force_z+vibration_y,Bias,31,0.32258064516129,0.32258064516129,0.451612903225806,0.225806451612903,0
27,2026081527,NUAA,W9,force_z+vibration_y,Bias,7,0.285714285714286,0.285714285714286,0.285714285714286,0.428571428571429,0
27,2026081527,NUAA,W1,force_z+vibration_y,Noise,29,0.0344827586206897,0.0344827586206897,0.551724137931034,0.413793103448276,0
27,2026081527,NUAA,W2,force_z+vibration_y,Noise,17,0,0,0.647058823529412,0.352941176470588,0
27,2026081527,NUAA,W3,force_z+vibration_y,Noise,11,0,0,0.818181818181818,0.181818181818182,0
27,2026081527,NUAA,W4,force_z+vibration_y,Noise,28,0.107142857142857,0.107142857142857,0.535714285714286,0.357142857142857,0
27,2026081527,NUAA,W5,force_z+vibration_y,Noise,7,0,0,0.714285714285714,0.285714285714286,0.142857142857143
27,2026081527,NUAA,W6,force_z+vibration_y,Noise,14,0,0,0.642857142857143,0.357142857142857,0
27,2026081527,NUAA,W7,force_z+vibration_y,Noise,8,0,0,0.5,0.5,0
27,2026081527,NUAA,W8,force_z+vibration_y,Noise,31,0.032258064516129,0.032258064516129,0.580645161290323,0.387096774193548,0
27,2026081527,NUAA,W9,force_z+vibration_y,Noise,7,0,0,0.714285714285714,0.285714285714286,0
27,2026081527,NUAA,W1,vibration_x+vibration_y,Saturation,29,1,1,0,0,0
27,2026081527,NUAA,W2,vibration_x+vibration_y,Saturation,17,0.882352941176471,1,0,0,0.117647058823529
27,2026081527,NUAA,W3,vibration_x+vibration_y,Saturation,11,1,1,0,0,0
27,2026081527,NUAA,W4,vibration_x+vibration_y,Saturation,28,1,1,0,0,0
27,2026081527,NUAA,W5,vibration_x+vibration_y,Saturation,7,1,1,0,0,0
27,2026081527,NUAA,W6,vibration_x+vibration_y,Saturation,14,1,1,0,0,0
27,2026081527,NUAA,W7,vibration_x+vibration_y,Saturation,8,1,1,0,0,0
27,2026081527,NUAA,W8,vibration_x+vibration_y,Saturation,31,1,1,0,0,0
27,2026081527,NUAA,W9,vibration_x+vibration_y,Saturation,7,1,1,0,0,0
27,2026081527,NUAA,W1,vibration_x+vibration_y,Dropout,29,1,1,0,0,0
27,2026081527,NUAA,W2,vibration_x+vibration_y,Dropout,17,0.882352941176471,1,0,0,0.117647058823529
27,2026081527,NUAA,W3,vibration_x+vibration_y,Dropout,11,1,1,0,0,0
27,2026081527,NUAA,W4,vibration_x+vibration_y,Dropout,28,1,1,0,0,0
27,2026081527,NUAA,W5,vibration_x+vibration_y,Dropout,7,1,1,0,0,0
27,2026081527,NUAA,W6,vibration_x+vibration_y,Dropout,14,1,1,0,0,0
27,2026081527,NUAA,W7,vibration_x+vibration_y,Dropout,8,1,1,0,0,0
27,2026081527,NUAA,W8,vibration_x+vibration_y,Dropout,31,1,1,0,0,0
27,2026081527,NUAA,W9,vibration_x+vibration_y,Dropout,7,1,1,0,0,0
27,2026081527,NUAA,W1,vibration_x+vibration_y,Bias,29,0.0344827586206897,0.0344827586206897,0.689655172413793,0.275862068965517,0
27,2026081527,NUAA,W2,vibration_x+vibration_y,Bias,17,0,0,0.529411764705882,0.470588235294118,0.117647058823529
27,2026081527,NUAA,W3,vibration_x+vibration_y,Bias,11,0,0,0.272727272727273,0.727272727272727,0
27,2026081527,NUAA,W4,vibration_x+vibration_y,Bias,28,0,0,0.392857142857143,0.607142857142857,0
27,2026081527,NUAA,W5,vibration_x+vibration_y,Bias,7,0.285714285714286,0.285714285714286,0.571428571428571,0.142857142857143,0
27,2026081527,NUAA,W6,vibration_x+vibration_y,Bias,14,0,0,0.428571428571429,0.571428571428571,0
27,2026081527,NUAA,W7,vibration_x+vibration_y,Bias,8,0,0,0.375,0.625,0
27,2026081527,NUAA,W8,vibration_x+vibration_y,Bias,31,0,0,0.483870967741935,0.516129032258065,0
27,2026081527,NUAA,W9,vibration_x+vibration_y,Bias,7,0.142857142857143,0.142857142857143,0.428571428571429,0.428571428571429,0
27,2026081527,NUAA,W1,vibration_x+vibration_y,Noise,29,0,0,0.0689655172413793,0.931034482758621,0
27,2026081527,NUAA,W2,vibration_x+vibration_y,Noise,17,0,0,0,1,0.117647058823529
27,2026081527,NUAA,W3,vibration_x+vibration_y,Noise,11,0,0,0,1,0
27,2026081527,NUAA,W4,vibration_x+vibration_y,Noise,28,0,0,0.107142857142857,0.892857142857143,0
27,2026081527,NUAA,W5,vibration_x+vibration_y,Noise,7,0,0,0.142857142857143,0.857142857142857,0
27,2026081527,NUAA,W6,vibration_x+vibration_y,Noise,14,0,0,0,1,0
27,2026081527,NUAA,W7,vibration_x+vibration_y,Noise,8,0,0,0,1,0
27,2026081527,NUAA,W8,vibration_x+vibration_y,Noise,31,0,0,0.032258064516129,0.967741935483871,0
27,2026081527,NUAA,W9,vibration_x+vibration_y,Noise,7,0,0,0,1,0
27,2026081527,PHM2010,c1,force_z+vibration_x,Saturation,315,0.977777777777778,1,0,0,0.0222222222222222
27,2026081527,PHM2010,c4,force_z+vibration_x,Saturation,315,0.996825396825397,1,0,0,0.00317460317460317
27,2026081527,PHM2010,c6,force_z+vibration_x,Saturation,315,1,1,0,0,0
27,2026081527,PHM2010,c1,force_z+vibration_x,Dropout,315,0.977777777777778,1,0,0,0.0222222222222222
27,2026081527,PHM2010,c4,force_z+vibration_x,Dropout,315,0.996825396825397,1,0,0,0.00317460317460317
27,2026081527,PHM2010,c6,force_z+vibration_x,Dropout,315,0.53015873015873,0.53015873015873,0.46984126984127,0,0
27,2026081527,PHM2010,c1,force_z+vibration_x,Bias,315,0.0698412698412698,0.073015873015873,0.492063492063492,0.434920634920635,0.0222222222222222
27,2026081527,PHM2010,c4,force_z+vibration_x,Bias,315,0.212698412698413,0.212698412698413,0.514285714285714,0.273015873015873,0.00317460317460317
27,2026081527,PHM2010,c6,force_z+vibration_x,Bias,315,0,0,0.311111111111111,0.688888888888889,0
27,2026081527,PHM2010,c1,force_z+vibration_x,Noise,315,0.00317460317460317,0.00317460317460317,0.253968253968254,0.742857142857143,0.0222222222222222
27,2026081527,PHM2010,c4,force_z+vibration_x,Noise,315,0,0,0.393650793650794,0.606349206349206,0.00317460317460317
27,2026081527,PHM2010,c6,force_z+vibration_x,Noise,315,0,0,0.0825396825396825,0.917460317460317,0
27,2026081527,PHM2010,c1,force_z+vibration_y,Saturation,315,0.971428571428571,1,0,0,0.0285714285714286
27,2026081527,PHM2010,c4,force_z+vibration_y,Saturation,315,0.987301587301587,1,0,0,0.0126984126984127
27,2026081527,PHM2010,c6,force_z+vibration_y,Saturation,315,1,1,0,0,0
27,2026081527,PHM2010,c1,force_z+vibration_y,Dropout,315,0.555555555555556,0.565079365079365,0.434920634920635,0,0.0285714285714286
27,2026081527,PHM2010,c4,force_z+vibration_y,Dropout,315,0.987301587301587,1,0,0,0.0126984126984127
27,2026081527,PHM2010,c6,force_z+vibration_y,Dropout,315,0.380952380952381,0.380952380952381,0.619047619047619,0,0
27,2026081527,PHM2010,c1,force_z+vibration_y,Bias,315,0.0126984126984127,0.0126984126984127,0.53015873015873,0.457142857142857,0.0285714285714286
27,2026081527,PHM2010,c4,force_z+vibration_y,Bias,315,0.0952380952380952,0.0984126984126984,0.53015873015873,0.371428571428571,0.0126984126984127
27,2026081527,PHM2010,c6,force_z+vibration_y,Bias,315,0,0,0.349206349206349,0.650793650793651,0
27,2026081527,PHM2010,c1,force_z+vibration_y,Noise,315,0,0,0.20952380952381,0.79047619047619,0.0285714285714286
27,2026081527,PHM2010,c4,force_z+vibration_y,Noise,315,0,0,0.396825396825397,0.603174603174603,0.0126984126984127
27,2026081527,PHM2010,c6,force_z+vibration_y,Noise,315,0,0,0.0634920634920635,0.936507936507937,0
27,2026081527,PHM2010,c1,vibration_x+vibration_y,Saturation,315,0.990476190476191,1,0,0,0.00952380952380952
27,2026081527,PHM2010,c4,vibration_x+vibration_y,Saturation,315,0.987301587301587,1,0,0,0.0126984126984127
27,2026081527,PHM2010,c6,vibration_x+vibration_y,Saturation,315,0.993650793650794,1,0,0,0.00634920634920635
27,2026081527,PHM2010,c1,vibration_x+vibration_y,Dropout,315,0.555555555555556,0.561904761904762,0.438095238095238,0,0.00952380952380952
27,2026081527,PHM2010,c4,vibration_x+vibration_y,Dropout,315,0.987301587301587,1,0,0,0.0126984126984127
27,2026081527,PHM2010,c6,vibration_x+vibration_y,Dropout,315,0.263492063492063,0.263492063492063,0.447619047619048,0.288888888888889,0.00634920634920635
27,2026081527,PHM2010,c1,vibration_x+vibration_y,Bias,315,0,0,0.174603174603175,0.825396825396825,0.00952380952380952
27,2026081527,PHM2010,c4,vibration_x+vibration_y,Bias,315,0.0476190476190476,0.0476190476190476,0.279365079365079,0.673015873015873,0.0126984126984127
27,2026081527,PHM2010,c6,vibration_x+vibration_y,Bias,315,0,0,0.0126984126984127,0.987301587301587,0.00634920634920635
27,2026081527,PHM2010,c1,vibration_x+vibration_y,Noise,315,0,0,0.0126984126984127,0.987301587301587,0.00952380952380952
27,2026081527,PHM2010,c4,vibration_x+vibration_y,Noise,315,0,0,0,1,0.0126984126984127
27,2026081527,PHM2010,c6,vibration_x+vibration_y,Noise,315,0,0,0,1,0.00634920634920635
28,2026081528,NUAA,W1,force_z+vibration_x,Saturation,29,0.931034482758621,1,0,0,0.0689655172413793
28,2026081528,NUAA,W2,force_z+vibration_x,Saturation,17,0.941176470588235,0.941176470588235,0.0588235294117647,0,0
28,2026081528,NUAA,W3,force_z+vibration_x,Saturation,11,1,1,0,0,0
28,2026081528,NUAA,W4,force_z+vibration_x,Saturation,28,0.964285714285714,1,0,0,0.0357142857142857
28,2026081528,NUAA,W5,force_z+vibration_x,Saturation,7,1,1,0,0,0
28,2026081528,NUAA,W6,force_z+vibration_x,Saturation,14,0.857142857142857,0.857142857142857,0.142857142857143,0,0
28,2026081528,NUAA,W7,force_z+vibration_x,Saturation,8,0.875,0.875,0.125,0,0
28,2026081528,NUAA,W8,force_z+vibration_x,Saturation,31,0.838709677419355,0.838709677419355,0.161290322580645,0,0
28,2026081528,NUAA,W9,force_z+vibration_x,Saturation,7,1,1,0,0,0
28,2026081528,NUAA,W1,force_z+vibration_x,Dropout,29,0.862068965517241,0.931034482758621,0.0689655172413793,0,0.0689655172413793
28,2026081528,NUAA,W2,force_z+vibration_x,Dropout,17,0.882352941176471,0.882352941176471,0.117647058823529,0,0
28,2026081528,NUAA,W3,force_z+vibration_x,Dropout,11,1,1,0,0,0
28,2026081528,NUAA,W4,force_z+vibration_x,Dropout,28,0.964285714285714,1,0,0,0.0357142857142857
28,2026081528,NUAA,W5,force_z+vibration_x,Dropout,7,0.571428571428571,0.571428571428571,0.428571428571429,0,0
28,2026081528,NUAA,W6,force_z+vibration_x,Dropout,14,0.785714285714286,0.785714285714286,0.214285714285714,0,0
28,2026081528,NUAA,W7,force_z+vibration_x,Dropout,8,1,1,0,0,0
28,2026081528,NUAA,W8,force_z+vibration_x,Dropout,31,1,1,0,0,0
28,2026081528,NUAA,W9,force_z+vibration_x,Dropout,7,1,1,0,0,0
28,2026081528,NUAA,W1,force_z+vibration_x,Bias,29,0.0689655172413793,0.0689655172413793,0.551724137931034,0.379310344827586,0.0689655172413793
28,2026081528,NUAA,W2,force_z+vibration_x,Bias,17,0.0588235294117647,0.0588235294117647,0.647058823529412,0.294117647058824,0
28,2026081528,NUAA,W3,force_z+vibration_x,Bias,11,0.0909090909090909,0.0909090909090909,0.545454545454545,0.363636363636364,0
28,2026081528,NUAA,W4,force_z+vibration_x,Bias,28,0,0,0.607142857142857,0.392857142857143,0.0357142857142857
28,2026081528,NUAA,W5,force_z+vibration_x,Bias,7,0.428571428571429,0.428571428571429,0.428571428571429,0.142857142857143,0
28,2026081528,NUAA,W6,force_z+vibration_x,Bias,14,0.0714285714285714,0.0714285714285714,0.5,0.428571428571429,0
28,2026081528,NUAA,W7,force_z+vibration_x,Bias,8,0.25,0.25,0.375,0.375,0
28,2026081528,NUAA,W8,force_z+vibration_x,Bias,31,0,0,0.580645161290323,0.419354838709677,0
28,2026081528,NUAA,W9,force_z+vibration_x,Bias,7,0.142857142857143,0.142857142857143,0.428571428571429,0.428571428571429,0
28,2026081528,NUAA,W1,force_z+vibration_x,Noise,29,0,0,0.482758620689655,0.517241379310345,0.0689655172413793
28,2026081528,NUAA,W2,force_z+vibration_x,Noise,17,0,0,0.823529411764706,0.176470588235294,0
28,2026081528,NUAA,W3,force_z+vibration_x,Noise,11,0,0,0.545454545454545,0.454545454545455,0
28,2026081528,NUAA,W4,force_z+vibration_x,Noise,28,0,0,0.607142857142857,0.392857142857143,0.0357142857142857
28,2026081528,NUAA,W5,force_z+vibration_x,Noise,7,0.142857142857143,0.142857142857143,0.285714285714286,0.571428571428571,0
28,2026081528,NUAA,W6,force_z+vibration_x,Noise,14,0,0,0.357142857142857,0.642857142857143,0
28,2026081528,NUAA,W7,force_z+vibration_x,Noise,8,0,0,0.75,0.25,0
28,2026081528,NUAA,W8,force_z+vibration_x,Noise,31,0,0,0.645161290322581,0.354838709677419,0
28,2026081528,NUAA,W9,force_z+vibration_x,Noise,7,0,0,0.857142857142857,0.142857142857143,0
28,2026081528,NUAA,W1,force_z+vibration_y,Saturation,29,1,1,0,0,0
28,2026081528,NUAA,W2,force_z+vibration_y,Saturation,17,1,1,0,0,0
28,2026081528,NUAA,W3,force_z+vibration_y,Saturation,11,1,1,0,0,0
28,2026081528,NUAA,W4,force_z+vibration_y,Saturation,28,0.964285714285714,0.964285714285714,0.0357142857142857,0,0
28,2026081528,NUAA,W5,force_z+vibration_y,Saturation,7,0.857142857142857,1,0,0,0.142857142857143
28,2026081528,NUAA,W6,force_z+vibration_y,Saturation,14,0.928571428571429,0.928571428571429,0.0714285714285714,0,0
28,2026081528,NUAA,W7,force_z+vibration_y,Saturation,8,1,1,0,0,0
28,2026081528,NUAA,W8,force_z+vibration_y,Saturation,31,0.935483870967742,0.935483870967742,0.0645161290322581,0,0
28,2026081528,NUAA,W9,force_z+vibration_y,Saturation,7,0.857142857142857,0.857142857142857,0.142857142857143,0,0
28,2026081528,NUAA,W1,force_z+vibration_y,Dropout,29,0.896551724137931,0.896551724137931,0.103448275862069,0,0
28,2026081528,NUAA,W2,force_z+vibration_y,Dropout,17,0.941176470588235,0.941176470588235,0.0588235294117647,0,0
28,2026081528,NUAA,W3,force_z+vibration_y,Dropout,11,1,1,0,0,0
28,2026081528,NUAA,W4,force_z+vibration_y,Dropout,28,1,1,0,0,0
28,2026081528,NUAA,W5,force_z+vibration_y,Dropout,7,0.571428571428571,0.714285714285714,0.285714285714286,0,0.142857142857143
28,2026081528,NUAA,W6,force_z+vibration_y,Dropout,14,0.785714285714286,0.785714285714286,0.214285714285714,0,0
28,2026081528,NUAA,W7,force_z+vibration_y,Dropout,8,1,1,0,0,0
28,2026081528,NUAA,W8,force_z+vibration_y,Dropout,31,1,1,0,0,0
28,2026081528,NUAA,W9,force_z+vibration_y,Dropout,7,1,1,0,0,0
28,2026081528,NUAA,W1,force_z+vibration_y,Bias,29,0.379310344827586,0.379310344827586,0.344827586206897,0.275862068965517,0
28,2026081528,NUAA,W2,force_z+vibration_y,Bias,17,0.352941176470588,0.352941176470588,0.411764705882353,0.235294117647059,0
28,2026081528,NUAA,W3,force_z+vibration_y,Bias,11,0.181818181818182,0.181818181818182,0.727272727272727,0.0909090909090909,0
28,2026081528,NUAA,W4,force_z+vibration_y,Bias,28,0.321428571428571,0.321428571428571,0.571428571428571,0.107142857142857,0
28,2026081528,NUAA,W5,force_z+vibration_y,Bias,7,0.142857142857143,0.142857142857143,0.714285714285714,0.142857142857143,0.142857142857143
28,2026081528,NUAA,W6,force_z+vibration_y,Bias,14,0.214285714285714,0.214285714285714,0.5,0.285714285714286,0
28,2026081528,NUAA,W7,force_z+vibration_y,Bias,8,0.5,0.5,0.25,0.25,0
28,2026081528,NUAA,W8,force_z+vibration_y,Bias,31,0.354838709677419,0.354838709677419,0.419354838709677,0.225806451612903,0
28,2026081528,NUAA,W9,force_z+vibration_y,Bias,7,0.571428571428571,0.571428571428571,0.428571428571429,0,0
28,2026081528,NUAA,W1,force_z+vibration_y,Noise,29,0.0344827586206897,0.0344827586206897,0.724137931034483,0.241379310344828,0
28,2026081528,NUAA,W2,force_z+vibration_y,Noise,17,0,0,0.705882352941177,0.294117647058824,0
28,2026081528,NUAA,W3,force_z+vibration_y,Noise,11,0,0,0.818181818181818,0.181818181818182,0
28,2026081528,NUAA,W4,force_z+vibration_y,Noise,28,0.0714285714285714,0.0714285714285714,0.571428571428571,0.357142857142857,0
28,2026081528,NUAA,W5,force_z+vibration_y,Noise,7,0,0,0.571428571428571,0.428571428571429,0.142857142857143
28,2026081528,NUAA,W6,force_z+vibration_y,Noise,14,0,0,0.5,0.5,0
28,2026081528,NUAA,W7,force_z+vibration_y,Noise,8,0,0,0.125,0.875,0
28,2026081528,NUAA,W8,force_z+vibration_y,Noise,31,0.032258064516129,0.032258064516129,0.419354838709677,0.548387096774194,0
28,2026081528,NUAA,W9,force_z+vibration_y,Noise,7,0,0,0.571428571428571,0.428571428571429,0
28,2026081528,NUAA,W1,vibration_x+vibration_y,Saturation,29,1,1,0,0,0
28,2026081528,NUAA,W2,vibration_x+vibration_y,Saturation,17,0.882352941176471,1,0,0,0.117647058823529
28,2026081528,NUAA,W3,vibration_x+vibration_y,Saturation,11,1,1,0,0,0
28,2026081528,NUAA,W4,vibration_x+vibration_y,Saturation,28,1,1,0,0,0
28,2026081528,NUAA,W5,vibration_x+vibration_y,Saturation,7,1,1,0,0,0
28,2026081528,NUAA,W6,vibration_x+vibration_y,Saturation,14,1,1,0,0,0
28,2026081528,NUAA,W7,vibration_x+vibration_y,Saturation,8,1,1,0,0,0
28,2026081528,NUAA,W8,vibration_x+vibration_y,Saturation,31,1,1,0,0,0
28,2026081528,NUAA,W9,vibration_x+vibration_y,Saturation,7,1,1,0,0,0
28,2026081528,NUAA,W1,vibration_x+vibration_y,Dropout,29,1,1,0,0,0
28,2026081528,NUAA,W2,vibration_x+vibration_y,Dropout,17,0.882352941176471,1,0,0,0.117647058823529
28,2026081528,NUAA,W3,vibration_x+vibration_y,Dropout,11,1,1,0,0,0
28,2026081528,NUAA,W4,vibration_x+vibration_y,Dropout,28,1,1,0,0,0
28,2026081528,NUAA,W5,vibration_x+vibration_y,Dropout,7,1,1,0,0,0
28,2026081528,NUAA,W6,vibration_x+vibration_y,Dropout,14,1,1,0,0,0
28,2026081528,NUAA,W7,vibration_x+vibration_y,Dropout,8,1,1,0,0,0
28,2026081528,NUAA,W8,vibration_x+vibration_y,Dropout,31,1,1,0,0,0
28,2026081528,NUAA,W9,vibration_x+vibration_y,Dropout,7,1,1,0,0,0
28,2026081528,NUAA,W1,vibration_x+vibration_y,Bias,29,0.0689655172413793,0.0689655172413793,0.379310344827586,0.551724137931034,0
28,2026081528,NUAA,W2,vibration_x+vibration_y,Bias,17,0.117647058823529,0.117647058823529,0.470588235294118,0.411764705882353,0.117647058823529
28,2026081528,NUAA,W3,vibration_x+vibration_y,Bias,11,0,0,0.545454545454545,0.454545454545455,0
28,2026081528,NUAA,W4,vibration_x+vibration_y,Bias,28,0,0,0.607142857142857,0.392857142857143,0
28,2026081528,NUAA,W5,vibration_x+vibration_y,Bias,7,0.285714285714286,0.285714285714286,0.285714285714286,0.428571428571429,0
28,2026081528,NUAA,W6,vibration_x+vibration_y,Bias,14,0,0,0.714285714285714,0.285714285714286,0
28,2026081528,NUAA,W7,vibration_x+vibration_y,Bias,8,0,0,0.375,0.625,0
28,2026081528,NUAA,W8,vibration_x+vibration_y,Bias,31,0,0,0.419354838709677,0.580645161290323,0
28,2026081528,NUAA,W9,vibration_x+vibration_y,Bias,7,0,0,0.714285714285714,0.285714285714286,0
28,2026081528,NUAA,W1,vibration_x+vibration_y,Noise,29,0,0,0.103448275862069,0.896551724137931,0
28,2026081528,NUAA,W2,vibration_x+vibration_y,Noise,17,0,0,0,1,0.117647058823529
28,2026081528,NUAA,W3,vibration_x+vibration_y,Noise,11,0,0,0,1,0
28,2026081528,NUAA,W4,vibration_x+vibration_y,Noise,28,0,0,0.0357142857142857,0.964285714285714,0
28,2026081528,NUAA,W5,vibration_x+vibration_y,Noise,7,0,0,0.142857142857143,0.857142857142857,0
28,2026081528,NUAA,W6,vibration_x+vibration_y,Noise,14,0,0,0.0714285714285714,0.928571428571429,0
28,2026081528,NUAA,W7,vibration_x+vibration_y,Noise,8,0,0,0,1,0
28,2026081528,NUAA,W8,vibration_x+vibration_y,Noise,31,0,0,0,1,0
28,2026081528,NUAA,W9,vibration_x+vibration_y,Noise,7,0,0,0,1,0
28,2026081528,PHM2010,c1,force_z+vibration_x,Saturation,315,0.977777777777778,1,0,0,0.0222222222222222
28,2026081528,PHM2010,c4,force_z+vibration_x,Saturation,315,0.996825396825397,1,0,0,0.00317460317460317
28,2026081528,PHM2010,c6,force_z+vibration_x,Saturation,315,1,1,0,0,0
28,2026081528,PHM2010,c1,force_z+vibration_x,Dropout,315,0.977777777777778,1,0,0,0.0222222222222222
28,2026081528,PHM2010,c4,force_z+vibration_x,Dropout,315,0.996825396825397,1,0,0,0.00317460317460317
28,2026081528,PHM2010,c6,force_z+vibration_x,Dropout,315,0.514285714285714,0.514285714285714,0.485714285714286,0,0
28,2026081528,PHM2010,c1,force_z+vibration_x,Bias,315,0.104761904761905,0.107936507936508,0.473015873015873,0.419047619047619,0.0222222222222222
28,2026081528,PHM2010,c4,force_z+vibration_x,Bias,315,0.193650793650794,0.196825396825397,0.558730158730159,0.244444444444444,0.00317460317460317
28,2026081528,PHM2010,c6,force_z+vibration_x,Bias,315,0,0,0.346031746031746,0.653968253968254,0
28,2026081528,PHM2010,c1,force_z+vibration_x,Noise,315,0.00317460317460317,0.00317460317460317,0.231746031746032,0.765079365079365,0.0222222222222222
28,2026081528,PHM2010,c4,force_z+vibration_x,Noise,315,0,0,0.403174603174603,0.596825396825397,0.00317460317460317
28,2026081528,PHM2010,c6,force_z+vibration_x,Noise,315,0,0,0.0888888888888889,0.911111111111111,0
28,2026081528,PHM2010,c1,force_z+vibration_y,Saturation,315,0.971428571428571,1,0,0,0.0285714285714286
28,2026081528,PHM2010,c4,force_z+vibration_y,Saturation,315,0.987301587301587,1,0,0,0.0126984126984127
28,2026081528,PHM2010,c6,force_z+vibration_y,Saturation,315,1,1,0,0,0
28,2026081528,PHM2010,c1,force_z+vibration_y,Dropout,315,0.517460317460318,0.536507936507936,0.463492063492064,0,0.0285714285714286
28,2026081528,PHM2010,c4,force_z+vibration_y,Dropout,315,0.987301587301587,1,0,0,0.0126984126984127
28,2026081528,PHM2010,c6,force_z+vibration_y,Dropout,315,0.457142857142857,0.457142857142857,0.542857142857143,0,0
28,2026081528,PHM2010,c1,force_z+vibration_y,Bias,315,0.00634920634920635,0.00634920634920635,0.574603174603175,0.419047619047619,0.0285714285714286
28,2026081528,PHM2010,c4,force_z+vibration_y,Bias,315,0.073015873015873,0.073015873015873,0.549206349206349,0.377777777777778,0.0126984126984127
28,2026081528,PHM2010,c6,force_z+vibration_y,Bias,315,0,0,0.346031746031746,0.653968253968254,0
28,2026081528,PHM2010,c1,force_z+vibration_y,Noise,315,0,0,0.241269841269841,0.758730158730159,0.0285714285714286
28,2026081528,PHM2010,c4,force_z+vibration_y,Noise,315,0,0,0.342857142857143,0.657142857142857,0.0126984126984127
28,2026081528,PHM2010,c6,force_z+vibration_y,Noise,315,0,0,0.114285714285714,0.885714285714286,0
28,2026081528,PHM2010,c1,vibration_x+vibration_y,Saturation,315,0.990476190476191,1,0,0,0.00952380952380952
28,2026081528,PHM2010,c4,vibration_x+vibration_y,Saturation,315,0.987301587301587,1,0,0,0.0126984126984127
28,2026081528,PHM2010,c6,vibration_x+vibration_y,Saturation,315,0.993650793650794,1,0,0,0.00634920634920635
28,2026081528,PHM2010,c1,vibration_x+vibration_y,Dropout,315,0.558730158730159,0.561904761904762,0.438095238095238,0,0.00952380952380952
28,2026081528,PHM2010,c4,vibration_x+vibration_y,Dropout,315,0.987301587301587,1,0,0,0.0126984126984127
28,2026081528,PHM2010,c6,vibration_x+vibration_y,Dropout,315,0.222222222222222,0.222222222222222,0.492063492063492,0.285714285714286,0.00634920634920635
28,2026081528,PHM2010,c1,vibration_x+vibration_y,Bias,315,0.00317460317460317,0.00317460317460317,0.158730158730159,0.838095238095238,0.00952380952380952
28,2026081528,PHM2010,c4,vibration_x+vibration_y,Bias,315,0.0412698412698413,0.0412698412698413,0.314285714285714,0.644444444444444,0.0126984126984127
28,2026081528,PHM2010,c6,vibration_x+vibration_y,Bias,315,0,0,0.0126984126984127,0.987301587301587,0.00634920634920635
28,2026081528,PHM2010,c1,vibration_x+vibration_y,Noise,315,0,0,0.0253968253968254,0.974603174603175,0.00952380952380952
28,2026081528,PHM2010,c4,vibration_x+vibration_y,Noise,315,0,0,0.00634920634920635,0.993650793650794,0.0126984126984127
28,2026081528,PHM2010,c6,vibration_x+vibration_y,Noise,315,0,0,0,1,0.00634920634920635
29,2026081529,NUAA,W1,force_z+vibration_x,Saturation,29,0.931034482758621,0.96551724137931,0.0344827586206897,0,0.0689655172413793
29,2026081529,NUAA,W2,force_z+vibration_x,Saturation,17,1,1,0,0,0
29,2026081529,NUAA,W3,force_z+vibration_x,Saturation,11,1,1,0,0,0
29,2026081529,NUAA,W4,force_z+vibration_x,Saturation,28,0.892857142857143,0.928571428571429,0.0714285714285714,0,0.0357142857142857
29,2026081529,NUAA,W5,force_z+vibration_x,Saturation,7,1,1,0,0,0
29,2026081529,NUAA,W6,force_z+vibration_x,Saturation,14,0.928571428571429,0.928571428571429,0.0714285714285714,0,0
29,2026081529,NUAA,W7,force_z+vibration_x,Saturation,8,0.875,0.875,0.125,0,0
29,2026081529,NUAA,W8,force_z+vibration_x,Saturation,31,0.935483870967742,0.935483870967742,0.0645161290322581,0,0
29,2026081529,NUAA,W9,force_z+vibration_x,Saturation,7,1,1,0,0,0
29,2026081529,NUAA,W1,force_z+vibration_x,Dropout,29,0.896551724137931,0.931034482758621,0.0689655172413793,0,0.0689655172413793
29,2026081529,NUAA,W2,force_z+vibration_x,Dropout,17,0.882352941176471,0.882352941176471,0.117647058823529,0,0
29,2026081529,NUAA,W3,force_z+vibration_x,Dropout,11,1,1,0,0,0
29,2026081529,NUAA,W4,force_z+vibration_x,Dropout,28,0.892857142857143,0.928571428571429,0.0714285714285714,0,0.0357142857142857
29,2026081529,NUAA,W5,force_z+vibration_x,Dropout,7,0.857142857142857,0.857142857142857,0.142857142857143,0,0
29,2026081529,NUAA,W6,force_z+vibration_x,Dropout,14,0.785714285714286,0.785714285714286,0.214285714285714,0,0
29,2026081529,NUAA,W7,force_z+vibration_x,Dropout,8,1,1,0,0,0
29,2026081529,NUAA,W8,force_z+vibration_x,Dropout,31,0.967741935483871,0.967741935483871,0.032258064516129,0,0
29,2026081529,NUAA,W9,force_z+vibration_x,Dropout,7,1,1,0,0,0
29,2026081529,NUAA,W1,force_z+vibration_x,Bias,29,0.0344827586206897,0.0344827586206897,0.655172413793103,0.310344827586207,0.0689655172413793
29,2026081529,NUAA,W2,force_z+vibration_x,Bias,17,0,0,0.823529411764706,0.176470588235294,0
29,2026081529,NUAA,W3,force_z+vibration_x,Bias,11,0.181818181818182,0.181818181818182,0.363636363636364,0.454545454545455,0
29,2026081529,NUAA,W4,force_z+vibration_x,Bias,28,0.0714285714285714,0.0714285714285714,0.535714285714286,0.392857142857143,0.0357142857142857
29,2026081529,NUAA,W5,force_z+vibration_x,Bias,7,0.285714285714286,0.285714285714286,0.285714285714286,0.428571428571429,0
29,2026081529,NUAA,W6,force_z+vibration_x,Bias,14,0,0,0.857142857142857,0.142857142857143,0
29,2026081529,NUAA,W7,force_z+vibration_x,Bias,8,0,0,0.5,0.5,0
29,2026081529,NUAA,W8,force_z+vibration_x,Bias,31,0,0,0.354838709677419,0.645161290322581,0
29,2026081529,NUAA,W9,force_z+vibration_x,Bias,7,0,0,1,0,0
29,2026081529,NUAA,W1,force_z+vibration_x,Noise,29,0,0,0.620689655172414,0.379310344827586,0.0689655172413793
29,2026081529,NUAA,W2,force_z+vibration_x,Noise,17,0,0,0.823529411764706,0.176470588235294,0
29,2026081529,NUAA,W3,force_z+vibration_x,Noise,11,0,0,0.454545454545455,0.545454545454545,0
29,2026081529,NUAA,W4,force_z+vibration_x,Noise,28,0,0,0.607142857142857,0.392857142857143,0.0357142857142857
29,2026081529,NUAA,W5,force_z+vibration_x,Noise,7,0,0,0.571428571428571,0.428571428571429,0
29,2026081529,NUAA,W6,force_z+vibration_x,Noise,14,0,0,0.571428571428571,0.428571428571429,0
29,2026081529,NUAA,W7,force_z+vibration_x,Noise,8,0,0,0.625,0.375,0
29,2026081529,NUAA,W8,force_z+vibration_x,Noise,31,0,0,0.645161290322581,0.354838709677419,0
29,2026081529,NUAA,W9,force_z+vibration_x,Noise,7,0,0,1,0,0
29,2026081529,NUAA,W1,force_z+vibration_y,Saturation,29,0.96551724137931,0.96551724137931,0.0344827586206897,0,0
29,2026081529,NUAA,W2,force_z+vibration_y,Saturation,17,1,1,0,0,0
29,2026081529,NUAA,W3,force_z+vibration_y,Saturation,11,1,1,0,0,0
29,2026081529,NUAA,W4,force_z+vibration_y,Saturation,28,0.964285714285714,0.964285714285714,0.0357142857142857,0,0
29,2026081529,NUAA,W5,force_z+vibration_y,Saturation,7,0.857142857142857,1,0,0,0.142857142857143
29,2026081529,NUAA,W6,force_z+vibration_y,Saturation,14,1,1,0,0,0
29,2026081529,NUAA,W7,force_z+vibration_y,Saturation,8,1,1,0,0,0
29,2026081529,NUAA,W8,force_z+vibration_y,Saturation,31,0.838709677419355,0.838709677419355,0.161290322580645,0,0
29,2026081529,NUAA,W9,force_z+vibration_y,Saturation,7,1,1,0,0,0
29,2026081529,NUAA,W1,force_z+vibration_y,Dropout,29,0.896551724137931,0.896551724137931,0.103448275862069,0,0
29,2026081529,NUAA,W2,force_z+vibration_y,Dropout,17,0.882352941176471,0.882352941176471,0.117647058823529,0,0
29,2026081529,NUAA,W3,force_z+vibration_y,Dropout,11,1,1,0,0,0
29,2026081529,NUAA,W4,force_z+vibration_y,Dropout,28,0.964285714285714,0.964285714285714,0.0357142857142857,0,0
29,2026081529,NUAA,W5,force_z+vibration_y,Dropout,7,0.714285714285714,0.857142857142857,0.142857142857143,0,0.142857142857143
29,2026081529,NUAA,W6,force_z+vibration_y,Dropout,14,1,1,0,0,0
29,2026081529,NUAA,W7,force_z+vibration_y,Dropout,8,1,1,0,0,0
29,2026081529,NUAA,W8,force_z+vibration_y,Dropout,31,0.967741935483871,0.967741935483871,0.032258064516129,0,0
29,2026081529,NUAA,W9,force_z+vibration_y,Dropout,7,1,1,0,0,0
29,2026081529,NUAA,W1,force_z+vibration_y,Bias,29,0.344827586206897,0.344827586206897,0.448275862068966,0.206896551724138,0
29,2026081529,NUAA,W2,force_z+vibration_y,Bias,17,0.470588235294118,0.470588235294118,0.529411764705882,0,0
29,2026081529,NUAA,W3,force_z+vibration_y,Bias,11,0.363636363636364,0.363636363636364,0.363636363636364,0.272727272727273,0
29,2026081529,NUAA,W4,force_z+vibration_y,Bias,28,0.285714285714286,0.285714285714286,0.535714285714286,0.178571428571429,0
29,2026081529,NUAA,W5,force_z+vibration_y,Bias,7,0.142857142857143,0.142857142857143,0.571428571428571,0.285714285714286,0.142857142857143
29,2026081529,NUAA,W6,force_z+vibration_y,Bias,14,0.142857142857143,0.142857142857143,0.642857142857143,0.214285714285714,0
29,2026081529,NUAA,W7,force_z+vibration_y,Bias,8,0.5,0.5,0.125,0.375,0
29,2026081529,NUAA,W8,force_z+vibration_y,Bias,31,0.225806451612903,0.225806451612903,0.483870967741935,0.290322580645161,0
29,2026081529,NUAA,W9,force_z+vibration_y,Bias,7,0.142857142857143,0.142857142857143,0.571428571428571,0.285714285714286,0
29,2026081529,NUAA,W1,force_z+vibration_y,Noise,29,0.0344827586206897,0.0344827586206897,0.586206896551724,0.379310344827586,0
29,2026081529,NUAA,W2,force_z+vibration_y,Noise,17,0,0,0.588235294117647,0.411764705882353,0
29,2026081529,NUAA,W3,force_z+vibration_y,Noise,11,0,0,0.818181818181818,0.181818181818182,0
29,2026081529,NUAA,W4,force_z+vibration_y,Noise,28,0.107142857142857,0.107142857142857,0.428571428571429,0.464285714285714,0
29,2026081529,NUAA,W5,force_z+vibration_y,Noise,7,0,0,0.428571428571429,0.571428571428571,0.142857142857143
29,2026081529,NUAA,W6,force_z+vibration_y,Noise,14,0,0,0.642857142857143,0.357142857142857,0
29,2026081529,NUAA,W7,force_z+vibration_y,Noise,8,0,0,0.75,0.25,0
29,2026081529,NUAA,W8,force_z+vibration_y,Noise,31,0,0,0.612903225806452,0.387096774193548,0
29,2026081529,NUAA,W9,force_z+vibration_y,Noise,7,0,0,0.714285714285714,0.285714285714286,0
29,2026081529,NUAA,W1,vibration_x+vibration_y,Saturation,29,1,1,0,0,0
29,2026081529,NUAA,W2,vibration_x+vibration_y,Saturation,17,0.882352941176471,1,0,0,0.117647058823529
29,2026081529,NUAA,W3,vibration_x+vibration_y,Saturation,11,1,1,0,0,0
29,2026081529,NUAA,W4,vibration_x+vibration_y,Saturation,28,1,1,0,0,0
29,2026081529,NUAA,W5,vibration_x+vibration_y,Saturation,7,1,1,0,0,0
29,2026081529,NUAA,W6,vibration_x+vibration_y,Saturation,14,1,1,0,0,0
29,2026081529,NUAA,W7,vibration_x+vibration_y,Saturation,8,1,1,0,0,0
29,2026081529,NUAA,W8,vibration_x+vibration_y,Saturation,31,1,1,0,0,0
29,2026081529,NUAA,W9,vibration_x+vibration_y,Saturation,7,1,1,0,0,0
29,2026081529,NUAA,W1,vibration_x+vibration_y,Dropout,29,1,1,0,0,0
29,2026081529,NUAA,W2,vibration_x+vibration_y,Dropout,17,0.882352941176471,1,0,0,0.117647058823529
29,2026081529,NUAA,W3,vibration_x+vibration_y,Dropout,11,1,1,0,0,0
29,2026081529,NUAA,W4,vibration_x+vibration_y,Dropout,28,1,1,0,0,0
29,2026081529,NUAA,W5,vibration_x+vibration_y,Dropout,7,1,1,0,0,0
29,2026081529,NUAA,W6,vibration_x+vibration_y,Dropout,14,1,1,0,0,0
29,2026081529,NUAA,W7,vibration_x+vibration_y,Dropout,8,1,1,0,0,0
29,2026081529,NUAA,W8,vibration_x+vibration_y,Dropout,31,1,1,0,0,0
29,2026081529,NUAA,W9,vibration_x+vibration_y,Dropout,7,1,1,0,0,0
29,2026081529,NUAA,W1,vibration_x+vibration_y,Bias,29,0,0,0.448275862068966,0.551724137931034,0
29,2026081529,NUAA,W2,vibration_x+vibration_y,Bias,17,0.0588235294117647,0.0588235294117647,0.470588235294118,0.470588235294118,0.117647058823529
29,2026081529,NUAA,W3,vibration_x+vibration_y,Bias,11,0,0,0.636363636363636,0.363636363636364,0
29,2026081529,NUAA,W4,vibration_x+vibration_y,Bias,28,0,0,0.357142857142857,0.642857142857143,0
29,2026081529,NUAA,W5,vibration_x+vibration_y,Bias,7,0.142857142857143,0.142857142857143,0.571428571428571,0.285714285714286,0
29,2026081529,NUAA,W6,vibration_x+vibration_y,Bias,14,0,0,0.642857142857143,0.357142857142857,0
29,2026081529,NUAA,W7,vibration_x+vibration_y,Bias,8,0.125,0.125,0.75,0.125,0
29,2026081529,NUAA,W8,vibration_x+vibration_y,Bias,31,0,0,0.451612903225806,0.548387096774194,0
29,2026081529,NUAA,W9,vibration_x+vibration_y,Bias,7,0,0,0.571428571428571,0.428571428571429,0
29,2026081529,NUAA,W1,vibration_x+vibration_y,Noise,29,0,0,0.103448275862069,0.896551724137931,0
29,2026081529,NUAA,W2,vibration_x+vibration_y,Noise,17,0,0,0,1,0.117647058823529
29,2026081529,NUAA,W3,vibration_x+vibration_y,Noise,11,0,0,0,1,0
29,2026081529,NUAA,W4,vibration_x+vibration_y,Noise,28,0,0,0.107142857142857,0.892857142857143,0
29,2026081529,NUAA,W5,vibration_x+vibration_y,Noise,7,0,0,0.285714285714286,0.714285714285714,0
29,2026081529,NUAA,W6,vibration_x+vibration_y,Noise,14,0,0,0,1,0
29,2026081529,NUAA,W7,vibration_x+vibration_y,Noise,8,0,0,0.125,0.875,0
29,2026081529,NUAA,W8,vibration_x+vibration_y,Noise,31,0,0,0,1,0
29,2026081529,NUAA,W9,vibration_x+vibration_y,Noise,7,0,0,0,1,0
29,2026081529,PHM2010,c1,force_z+vibration_x,Saturation,315,0.977777777777778,1,0,0,0.0222222222222222
29,2026081529,PHM2010,c4,force_z+vibration_x,Saturation,315,0.996825396825397,1,0,0,0.00317460317460317
29,2026081529,PHM2010,c6,force_z+vibration_x,Saturation,315,1,1,0,0,0
29,2026081529,PHM2010,c1,force_z+vibration_x,Dropout,315,0.977777777777778,1,0,0,0.0222222222222222
29,2026081529,PHM2010,c4,force_z+vibration_x,Dropout,315,0.996825396825397,1,0,0,0.00317460317460317
29,2026081529,PHM2010,c6,force_z+vibration_x,Dropout,315,0.46031746031746,0.46031746031746,0.53968253968254,0,0
29,2026081529,PHM2010,c1,force_z+vibration_x,Bias,315,0.104761904761905,0.104761904761905,0.488888888888889,0.406349206349206,0.0222222222222222
29,2026081529,PHM2010,c4,force_z+vibration_x,Bias,315,0.212698412698413,0.212698412698413,0.533333333333333,0.253968253968254,0.00317460317460317
29,2026081529,PHM2010,c6,force_z+vibration_x,Bias,315,0,0,0.352380952380952,0.647619047619048,0
29,2026081529,PHM2010,c1,force_z+vibration_x,Noise,315,0.00634920634920635,0.00634920634920635,0.241269841269841,0.752380952380952,0.0222222222222222
29,2026081529,PHM2010,c4,force_z+vibration_x,Noise,315,0,0,0.406349206349206,0.593650793650794,0.00317460317460317
29,2026081529,PHM2010,c6,force_z+vibration_x,Noise,315,0,0,0.0761904761904762,0.923809523809524,0
29,2026081529,PHM2010,c1,force_z+vibration_y,Saturation,315,0.971428571428571,1,0,0,0.0285714285714286
29,2026081529,PHM2010,c4,force_z+vibration_y,Saturation,315,0.987301587301587,1,0,0,0.0126984126984127
29,2026081529,PHM2010,c6,force_z+vibration_y,Saturation,315,1,1,0,0,0
29,2026081529,PHM2010,c1,force_z+vibration_y,Dropout,315,0.523809523809524,0.542857142857143,0.457142857142857,0,0.0285714285714286
29,2026081529,PHM2010,c4,force_z+vibration_y,Dropout,315,0.987301587301587,1,0,0,0.0126984126984127
29,2026081529,PHM2010,c6,force_z+vibration_y,Dropout,315,0.441269841269841,0.441269841269841,0.558730158730159,0,0
29,2026081529,PHM2010,c1,force_z+vibration_y,Bias,315,0.00317460317460317,0.00317460317460317,0.571428571428571,0.425396825396825,0.0285714285714286
29,2026081529,PHM2010,c4,force_z+vibration_y,Bias,315,0.0952380952380952,0.0952380952380952,0.587301587301587,0.317460317460317,0.0126984126984127
29,2026081529,PHM2010,c6,force_z+vibration_y,Bias,315,0,0,0.336507936507937,0.663492063492063,0
29,2026081529,PHM2010,c1,force_z+vibration_y,Noise,315,0,0,0.257142857142857,0.742857142857143,0.0285714285714286
29,2026081529,PHM2010,c4,force_z+vibration_y,Noise,315,0,0,0.412698412698413,0.587301587301587,0.0126984126984127
29,2026081529,PHM2010,c6,force_z+vibration_y,Noise,315,0,0,0.0825396825396825,0.917460317460317,0
29,2026081529,PHM2010,c1,vibration_x+vibration_y,Saturation,315,0.990476190476191,1,0,0,0.00952380952380952
29,2026081529,PHM2010,c4,vibration_x+vibration_y,Saturation,315,0.987301587301587,1,0,0,0.0126984126984127
29,2026081529,PHM2010,c6,vibration_x+vibration_y,Saturation,315,0.993650793650794,1,0,0,0.00634920634920635
29,2026081529,PHM2010,c1,vibration_x+vibration_y,Dropout,315,0.533333333333333,0.53968253968254,0.46031746031746,0,0.00952380952380952
29,2026081529,PHM2010,c4,vibration_x+vibration_y,Dropout,315,0.987301587301587,1,0,0,0.0126984126984127
29,2026081529,PHM2010,c6,vibration_x+vibration_y,Dropout,315,0.203174603174603,0.203174603174603,0.463492063492064,0.333333333333333,0.00634920634920635
29,2026081529,PHM2010,c1,vibration_x+vibration_y,Bias,315,0.00634920634920635,0.00634920634920635,0.168253968253968,0.825396825396825,0.00952380952380952
29,2026081529,PHM2010,c4,vibration_x+vibration_y,Bias,315,0.0444444444444444,0.0444444444444444,0.279365079365079,0.676190476190476,0.0126984126984127
29,2026081529,PHM2010,c6,vibration_x+vibration_y,Bias,315,0,0,0,1,0.00634920634920635
29,2026081529,PHM2010,c1,vibration_x+vibration_y,Noise,315,0,0,0.019047619047619,0.980952380952381,0.00952380952380952
29,2026081529,PHM2010,c4,vibration_x+vibration_y,Noise,315,0,0,0,1,0.0126984126984127
29,2026081529,PHM2010,c6,vibration_x+vibration_y,Noise,315,0,0,0,1,0.00634920634920635
30,2026081530,NUAA,W1,force_z+vibration_x,Saturation,29,0.896551724137931,0.96551724137931,0.0344827586206897,0,0.0689655172413793
30,2026081530,NUAA,W2,force_z+vibration_x,Saturation,17,1,1,0,0,0
30,2026081530,NUAA,W3,force_z+vibration_x,Saturation,11,1,1,0,0,0
30,2026081530,NUAA,W4,force_z+vibration_x,Saturation,28,0.892857142857143,0.928571428571429,0.0714285714285714,0,0.0357142857142857
30,2026081530,NUAA,W5,force_z+vibration_x,Saturation,7,1,1,0,0,0
30,2026081530,NUAA,W6,force_z+vibration_x,Saturation,14,0.928571428571429,0.928571428571429,0.0714285714285714,0,0
30,2026081530,NUAA,W7,force_z+vibration_x,Saturation,8,1,1,0,0,0
30,2026081530,NUAA,W8,force_z+vibration_x,Saturation,31,0.935483870967742,0.935483870967742,0.0645161290322581,0,0
30,2026081530,NUAA,W9,force_z+vibration_x,Saturation,7,1,1,0,0,0
30,2026081530,NUAA,W1,force_z+vibration_x,Dropout,29,0.827586206896552,0.896551724137931,0.103448275862069,0,0.0689655172413793
30,2026081530,NUAA,W2,force_z+vibration_x,Dropout,17,0.823529411764706,0.823529411764706,0.176470588235294,0,0
30,2026081530,NUAA,W3,force_z+vibration_x,Dropout,11,1,1,0,0,0
30,2026081530,NUAA,W4,force_z+vibration_x,Dropout,28,0.892857142857143,0.928571428571429,0.0714285714285714,0,0.0357142857142857
30,2026081530,NUAA,W5,force_z+vibration_x,Dropout,7,1,1,0,0,0
30,2026081530,NUAA,W6,force_z+vibration_x,Dropout,14,0.857142857142857,0.857142857142857,0.142857142857143,0,0
30,2026081530,NUAA,W7,force_z+vibration_x,Dropout,8,1,1,0,0,0
30,2026081530,NUAA,W8,force_z+vibration_x,Dropout,31,0.967741935483871,0.967741935483871,0.032258064516129,0,0
30,2026081530,NUAA,W9,force_z+vibration_x,Dropout,7,0.714285714285714,0.714285714285714,0.285714285714286,0,0
30,2026081530,NUAA,W1,force_z+vibration_x,Bias,29,0,0,0.655172413793103,0.344827586206897,0.0689655172413793
30,2026081530,NUAA,W2,force_z+vibration_x,Bias,17,0.0588235294117647,0.0588235294117647,0.705882352941177,0.235294117647059,0
30,2026081530,NUAA,W3,force_z+vibration_x,Bias,11,0.0909090909090909,0.0909090909090909,0.545454545454545,0.363636363636364,0
30,2026081530,NUAA,W4,force_z+vibration_x,Bias,28,0.0357142857142857,0.0357142857142857,0.571428571428571,0.392857142857143,0.0357142857142857
30,2026081530,NUAA,W5,force_z+vibration_x,Bias,7,0.285714285714286,0.285714285714286,0.571428571428571,0.142857142857143,0
30,2026081530,NUAA,W6,force_z+vibration_x,Bias,14,0,0,0.714285714285714,0.285714285714286,0
30,2026081530,NUAA,W7,force_z+vibration_x,Bias,8,0,0,0.625,0.375,0
30,2026081530,NUAA,W8,force_z+vibration_x,Bias,31,0.032258064516129,0.032258064516129,0.516129032258065,0.451612903225806,0
30,2026081530,NUAA,W9,force_z+vibration_x,Bias,7,0.142857142857143,0.142857142857143,0.571428571428571,0.285714285714286,0
30,2026081530,NUAA,W1,force_z+vibration_x,Noise,29,0,0,0.517241379310345,0.482758620689655,0.0689655172413793
30,2026081530,NUAA,W2,force_z+vibration_x,Noise,17,0,0,0.823529411764706,0.176470588235294,0
30,2026081530,NUAA,W3,force_z+vibration_x,Noise,11,0,0,1,0,0
30,2026081530,NUAA,W4,force_z+vibration_x,Noise,28,0,0,0.571428571428571,0.428571428571429,0.0357142857142857
30,2026081530,NUAA,W5,force_z+vibration_x,Noise,7,0.142857142857143,0.142857142857143,0.714285714285714,0.142857142857143,0
30,2026081530,NUAA,W6,force_z+vibration_x,Noise,14,0,0,0.642857142857143,0.357142857142857,0
30,2026081530,NUAA,W7,force_z+vibration_x,Noise,8,0,0,0.75,0.25,0
30,2026081530,NUAA,W8,force_z+vibration_x,Noise,31,0,0,0.580645161290323,0.419354838709677,0
30,2026081530,NUAA,W9,force_z+vibration_x,Noise,7,0,0,0.857142857142857,0.142857142857143,0
30,2026081530,NUAA,W1,force_z+vibration_y,Saturation,29,1,1,0,0,0
30,2026081530,NUAA,W2,force_z+vibration_y,Saturation,17,1,1,0,0,0
30,2026081530,NUAA,W3,force_z+vibration_y,Saturation,11,1,1,0,0,0
30,2026081530,NUAA,W4,force_z+vibration_y,Saturation,28,0.964285714285714,0.964285714285714,0.0357142857142857,0,0
30,2026081530,NUAA,W5,force_z+vibration_y,Saturation,7,0.857142857142857,1,0,0,0.142857142857143
30,2026081530,NUAA,W6,force_z+vibration_y,Saturation,14,1,1,0,0,0
30,2026081530,NUAA,W7,force_z+vibration_y,Saturation,8,1,1,0,0,0
30,2026081530,NUAA,W8,force_z+vibration_y,Saturation,31,1,1,0,0,0
30,2026081530,NUAA,W9,force_z+vibration_y,Saturation,7,1,1,0,0,0
30,2026081530,NUAA,W1,force_z+vibration_y,Dropout,29,0.96551724137931,0.96551724137931,0.0344827586206897,0,0
30,2026081530,NUAA,W2,force_z+vibration_y,Dropout,17,0.882352941176471,0.882352941176471,0.117647058823529,0,0
30,2026081530,NUAA,W3,force_z+vibration_y,Dropout,11,0.909090909090909,0.909090909090909,0.0909090909090909,0,0
30,2026081530,NUAA,W4,force_z+vibration_y,Dropout,28,0.928571428571429,0.928571428571429,0.0714285714285714,0,0
30,2026081530,NUAA,W5,force_z+vibration_y,Dropout,7,0.857142857142857,1,0,0,0.142857142857143
30,2026081530,NUAA,W6,force_z+vibration_y,Dropout,14,1,1,0,0,0
30,2026081530,NUAA,W7,force_z+vibration_y,Dropout,8,0.875,0.875,0.125,0,0
30,2026081530,NUAA,W8,force_z+vibration_y,Dropout,31,1,1,0,0,0
30,2026081530,NUAA,W9,force_z+vibration_y,Dropout,7,0.857142857142857,0.857142857142857,0.142857142857143,0,0
30,2026081530,NUAA,W1,force_z+vibration_y,Bias,29,0.241379310344828,0.241379310344828,0.482758620689655,0.275862068965517,0
30,2026081530,NUAA,W2,force_z+vibration_y,Bias,17,0.588235294117647,0.588235294117647,0.352941176470588,0.0588235294117647,0
30,2026081530,NUAA,W3,force_z+vibration_y,Bias,11,0.545454545454545,0.545454545454545,0.272727272727273,0.181818181818182,0
30,2026081530,NUAA,W4,force_z+vibration_y,Bias,28,0.285714285714286,0.285714285714286,0.5,0.214285714285714,0
30,2026081530,NUAA,W5,force_z+vibration_y,Bias,7,0.142857142857143,0.142857142857143,0.714285714285714,0.142857142857143,0.142857142857143
30,2026081530,NUAA,W6,force_z+vibration_y,Bias,14,0.357142857142857,0.357142857142857,0.5,0.142857142857143,0
30,2026081530,NUAA,W7,force_z+vibration_y,Bias,8,0.375,0.375,0.25,0.375,0
30,2026081530,NUAA,W8,force_z+vibration_y,Bias,31,0.193548387096774,0.193548387096774,0.548387096774194,0.258064516129032,0
30,2026081530,NUAA,W9,force_z+vibration_y,Bias,7,0.285714285714286,0.285714285714286,0.285714285714286,0.428571428571429,0
30,2026081530,NUAA,W1,force_z+vibration_y,Noise,29,0.0344827586206897,0.0344827586206897,0.586206896551724,0.379310344827586,0
30,2026081530,NUAA,W2,force_z+vibration_y,Noise,17,0.0588235294117647,0.0588235294117647,0.705882352941177,0.235294117647059,0
30,2026081530,NUAA,W3,force_z+vibration_y,Noise,11,0,0,0.545454545454545,0.454545454545455,0
30,2026081530,NUAA,W4,force_z+vibration_y,Noise,28,0.0357142857142857,0.0357142857142857,0.535714285714286,0.428571428571429,0
30,2026081530,NUAA,W5,force_z+vibration_y,Noise,7,0,0,0.714285714285714,0.285714285714286,0.142857142857143
30,2026081530,NUAA,W6,force_z+vibration_y,Noise,14,0,0,0.5,0.5,0
30,2026081530,NUAA,W7,force_z+vibration_y,Noise,8,0,0,0.75,0.25,0
30,2026081530,NUAA,W8,force_z+vibration_y,Noise,31,0.032258064516129,0.032258064516129,0.548387096774194,0.419354838709677,0
30,2026081530,NUAA,W9,force_z+vibration_y,Noise,7,0,0,0.857142857142857,0.142857142857143,0
30,2026081530,NUAA,W1,vibration_x+vibration_y,Saturation,29,1,1,0,0,0
30,2026081530,NUAA,W2,vibration_x+vibration_y,Saturation,17,0.882352941176471,1,0,0,0.117647058823529
30,2026081530,NUAA,W3,vibration_x+vibration_y,Saturation,11,1,1,0,0,0
30,2026081530,NUAA,W4,vibration_x+vibration_y,Saturation,28,1,1,0,0,0
30,2026081530,NUAA,W5,vibration_x+vibration_y,Saturation,7,1,1,0,0,0
30,2026081530,NUAA,W6,vibration_x+vibration_y,Saturation,14,1,1,0,0,0
30,2026081530,NUAA,W7,vibration_x+vibration_y,Saturation,8,1,1,0,0,0
30,2026081530,NUAA,W8,vibration_x+vibration_y,Saturation,31,1,1,0,0,0
30,2026081530,NUAA,W9,vibration_x+vibration_y,Saturation,7,1,1,0,0,0
30,2026081530,NUAA,W1,vibration_x+vibration_y,Dropout,29,1,1,0,0,0
30,2026081530,NUAA,W2,vibration_x+vibration_y,Dropout,17,0.882352941176471,1,0,0,0.117647058823529
30,2026081530,NUAA,W3,vibration_x+vibration_y,Dropout,11,1,1,0,0,0
30,2026081530,NUAA,W4,vibration_x+vibration_y,Dropout,28,1,1,0,0,0
30,2026081530,NUAA,W5,vibration_x+vibration_y,Dropout,7,1,1,0,0,0
30,2026081530,NUAA,W6,vibration_x+vibration_y,Dropout,14,1,1,0,0,0
30,2026081530,NUAA,W7,vibration_x+vibration_y,Dropout,8,1,1,0,0,0
30,2026081530,NUAA,W8,vibration_x+vibration_y,Dropout,31,1,1,0,0,0
30,2026081530,NUAA,W9,vibration_x+vibration_y,Dropout,7,1,1,0,0,0
30,2026081530,NUAA,W1,vibration_x+vibration_y,Bias,29,0.0344827586206897,0.0344827586206897,0.310344827586207,0.655172413793103,0
30,2026081530,NUAA,W2,vibration_x+vibration_y,Bias,17,0.0588235294117647,0.0588235294117647,0.294117647058824,0.647058823529412,0.117647058823529
30,2026081530,NUAA,W3,vibration_x+vibration_y,Bias,11,0,0,0.636363636363636,0.363636363636364,0
30,2026081530,NUAA,W4,vibration_x+vibration_y,Bias,28,0.0357142857142857,0.0357142857142857,0.607142857142857,0.357142857142857,0
30,2026081530,NUAA,W5,vibration_x+vibration_y,Bias,7,0,0,0.714285714285714,0.285714285714286,0
30,2026081530,NUAA,W6,vibration_x+vibration_y,Bias,14,0,0,0.285714285714286,0.714285714285714,0
30,2026081530,NUAA,W7,vibration_x+vibration_y,Bias,8,0.125,0.125,0.125,0.75,0
30,2026081530,NUAA,W8,vibration_x+vibration_y,Bias,31,0,0,0.709677419354839,0.290322580645161,0
30,2026081530,NUAA,W9,vibration_x+vibration_y,Bias,7,0,0,0.571428571428571,0.428571428571429,0
30,2026081530,NUAA,W1,vibration_x+vibration_y,Noise,29,0,0,0.137931034482759,0.862068965517241,0
30,2026081530,NUAA,W2,vibration_x+vibration_y,Noise,17,0,0,0,1,0.117647058823529
30,2026081530,NUAA,W3,vibration_x+vibration_y,Noise,11,0,0,0,1,0
30,2026081530,NUAA,W4,vibration_x+vibration_y,Noise,28,0,0,0.142857142857143,0.857142857142857,0
30,2026081530,NUAA,W5,vibration_x+vibration_y,Noise,7,0,0,0.285714285714286,0.714285714285714,0
30,2026081530,NUAA,W6,vibration_x+vibration_y,Noise,14,0,0,0.0714285714285714,0.928571428571429,0
30,2026081530,NUAA,W7,vibration_x+vibration_y,Noise,8,0,0,0,1,0
30,2026081530,NUAA,W8,vibration_x+vibration_y,Noise,31,0,0,0.0645161290322581,0.935483870967742,0
30,2026081530,NUAA,W9,vibration_x+vibration_y,Noise,7,0,0,0,1,0
30,2026081530,PHM2010,c1,force_z+vibration_x,Saturation,315,0.977777777777778,1,0,0,0.0222222222222222
30,2026081530,PHM2010,c4,force_z+vibration_x,Saturation,315,0.996825396825397,1,0,0,0.00317460317460317
30,2026081530,PHM2010,c6,force_z+vibration_x,Saturation,315,1,1,0,0,0
30,2026081530,PHM2010,c1,force_z+vibration_x,Dropout,315,0.977777777777778,1,0,0,0.0222222222222222
30,2026081530,PHM2010,c4,force_z+vibration_x,Dropout,315,0.996825396825397,1,0,0,0.00317460317460317
30,2026081530,PHM2010,c6,force_z+vibration_x,Dropout,315,0.533333333333333,0.533333333333333,0.466666666666667,0,0
30,2026081530,PHM2010,c1,force_z+vibration_x,Bias,315,0.123809523809524,0.126984126984127,0.492063492063492,0.380952380952381,0.0222222222222222
30,2026081530,PHM2010,c4,force_z+vibration_x,Bias,315,0.20952380952381,0.212698412698413,0.488888888888889,0.298412698412698,0.00317460317460317
30,2026081530,PHM2010,c6,force_z+vibration_x,Bias,315,0,0,0.346031746031746,0.653968253968254,0
30,2026081530,PHM2010,c1,force_z+vibration_x,Noise,315,0.00317460317460317,0.00317460317460317,0.222222222222222,0.774603174603175,0.0222222222222222
30,2026081530,PHM2010,c4,force_z+vibration_x,Noise,315,0,0,0.33968253968254,0.66031746031746,0.00317460317460317
30,2026081530,PHM2010,c6,force_z+vibration_x,Noise,315,0,0,0.0698412698412698,0.93015873015873,0
30,2026081530,PHM2010,c1,force_z+vibration_y,Saturation,315,0.971428571428571,1,0,0,0.0285714285714286
30,2026081530,PHM2010,c4,force_z+vibration_y,Saturation,315,0.987301587301587,1,0,0,0.0126984126984127
30,2026081530,PHM2010,c6,force_z+vibration_y,Saturation,315,1,1,0,0,0
30,2026081530,PHM2010,c1,force_z+vibration_y,Dropout,315,0.549206349206349,0.565079365079365,0.434920634920635,0,0.0285714285714286
30,2026081530,PHM2010,c4,force_z+vibration_y,Dropout,315,0.987301587301587,1,0,0,0.0126984126984127
30,2026081530,PHM2010,c6,force_z+vibration_y,Dropout,315,0.415873015873016,0.415873015873016,0.584126984126984,0,0
30,2026081530,PHM2010,c1,force_z+vibration_y,Bias,315,0.00952380952380952,0.00952380952380952,0.568253968253968,0.422222222222222,0.0285714285714286
30,2026081530,PHM2010,c4,force_z+vibration_y,Bias,315,0.107936507936508,0.107936507936508,0.555555555555556,0.336507936507937,0.0126984126984127
30,2026081530,PHM2010,c6,force_z+vibration_y,Bias,315,0,0,0.4,0.6,0
30,2026081530,PHM2010,c1,force_z+vibration_y,Noise,315,0,0,0.285714285714286,0.714285714285714,0.0285714285714286
30,2026081530,PHM2010,c4,force_z+vibration_y,Noise,315,0,0,0.406349206349206,0.593650793650794,0.0126984126984127
30,2026081530,PHM2010,c6,force_z+vibration_y,Noise,315,0,0,0.0857142857142857,0.914285714285714,0
30,2026081530,PHM2010,c1,vibration_x+vibration_y,Saturation,315,0.990476190476191,1,0,0,0.00952380952380952
30,2026081530,PHM2010,c4,vibration_x+vibration_y,Saturation,315,0.987301587301587,1,0,0,0.0126984126984127
30,2026081530,PHM2010,c6,vibration_x+vibration_y,Saturation,315,0.993650793650794,1,0,0,0.00634920634920635
30,2026081530,PHM2010,c1,vibration_x+vibration_y,Dropout,315,0.574603174603175,0.580952380952381,0.419047619047619,0,0.00952380952380952
30,2026081530,PHM2010,c4,vibration_x+vibration_y,Dropout,315,0.987301587301587,1,0,0,0.0126984126984127
30,2026081530,PHM2010,c6,vibration_x+vibration_y,Dropout,315,0.19047619047619,0.193650793650794,0.53968253968254,0.266666666666667,0.00634920634920635
30,2026081530,PHM2010,c1,vibration_x+vibration_y,Bias,315,0,0,0.13968253968254,0.86031746031746,0.00952380952380952
30,2026081530,PHM2010,c4,vibration_x+vibration_y,Bias,315,0.0698412698412698,0.0698412698412698,0.279365079365079,0.650793650793651,0.0126984126984127
30,2026081530,PHM2010,c6,vibration_x+vibration_y,Bias,315,0,0,0.00634920634920635,0.993650793650794,0.00634920634920635
30,2026081530,PHM2010,c1,vibration_x+vibration_y,Noise,315,0,0,0.0158730158730159,0.984126984126984,0.00952380952380952
30,2026081530,PHM2010,c4,vibration_x+vibration_y,Noise,315,0,0,0,1,0.0126984126984127
30,2026081530,PHM2010,c6,vibration_x+vibration_y,Noise,315,0,0,0,1,0.00634920634920635
