Repeat,Seed,Dataset,Experiment,RunLevelN,CleanFullMAE,CleanMedianMAE,CleanSingleMaskTrainMAE,CleanMultiMaskTrainMAE,CleanSingleSQTR_MAE,CleanSubsetRoutingMAE,CleanAnyTriggerRate,FullRelativeMAE,MedianRelativeMAE,SingleMaskTrainRelativeMAE,MultiMaskTrainRelativeMAE,SingleSQTR_RelativeMAE,SubsetRoutingRelativeMAE,OraclePairExclusionRelativeMAE,SubsetImprovementPercent,SingleImprovementPercent,SingleMaskImprovementPercent,MultiMaskImprovementPercent
1,2026081501,NUAA,W1,29,0.0189662457220917,0.0188031553844995,0.0177798419110346,0.0201138592636131,0.01855793107983,0.01855793107983,0.0689655172413793,3.39992854219172,1.09894273466533,1.05877819984732,1.15540101853593,2.18212519698149,1.0426247508396,0.897245235256814,69.333921642733,35.8184982448246,68.8588102159115,66.0169028790495
1,2026081501,NUAA,W2,17,0.0148476120149696,0.0144463930649372,0.0163762517608315,0.0148363214522624,0.0139356538370896,0.0139356538370896,0.117647058823529,3.38911999554163,1.27386776419873,1.39136351326655,1.29054624798114,2.18585927227873,1.32433828507685,1.30145579841828,60.9238301736436,35.5036329444157,58.946171422172,61.9209042560061
1,2026081501,NUAA,W3,11,0.0295033416448534,0.0295033416448534,0.0270618023104883,0.0266176293360615,0.0295033416448534,0.0295033416448534,0,1.35093965871914,0.98405099808476,0.924565157272777,0.916546775743708,1.22350506698046,0.940481229264436,0.884640170041743,30.3831800928746,9.43303358637817,31.5613283461244,32.1548694030707
1,2026081501,NUAA,W4,28,0.0499947737234601,0.0498829239877363,0.0521321782101146,0.0522364016436155,0.0498742564749862,0.0498742564749862,0.0357142857142857,1.47013135887711,0.948868337156398,0.903297193005327,0.94091606150283,1.15493789529452,0.958161268471949,0.940176092670744,34.824785371302,21.4398163592218,38.556701919802,35.9978238800711
1,2026081501,NUAA,W5,7,0.0243134056071281,0.0289433481729886,0.0302825821173788,0.0422390021731151,0.0308928557556908,0.0308928557556908,0.142857142857143,2.52245802703064,1.2749602182443,1.252377260974,1.76213685864265,2.13566427835009,1.58316531643631,1.61660246794397,37.2371988167444,15.3340013802282,50.3509177336736,30.1420741292975
1,2026081501,NUAA,W6,14,0.0360025923619169,0.0360025923619169,0.0351111199096593,0.033797960303312,0.0360025923619169,0.0360025923619169,0,1.40704777975477,1.06440370077948,1.05256998527912,1.03314796496535,1.31252679824476,1.03753736125917,0.984256071863097,26.2613980713573,6.71768101055364,25.1930175773727,26.5733559420836
1,2026081501,NUAA,W7,8,0.0769839701819179,0.0769839701819179,0.0746590918411004,0.0758485932239532,0.0769839701819179,0.0769839701819179,0,1.13665291477328,1.01004294328152,0.984409569822868,0.996064889972112,1.06853184512655,0.996510988460863,0.987694639914898,12.3293508942767,5.99312848815593,13.3940047108209,12.3685975704566
1,2026081501,NUAA,W8,31,0.0589604040915583,0.0589604040915583,0.0600727855055994,0.0581625450719606,0.0589604040915583,0.0589604040915583,0,1.52825099442238,1.07887640810485,1.0432991337758,1.03568150518076,1.25381120803038,1.29770613111687,1.48740138951196,15.0855366132213,17.9577692011075,31.7324747319976,32.2309287570785
1,2026081501,NUAA,W9,7,0.052176046086479,0.052176046086479,0.0557387638430218,0.0530167926313985,0.052176046086479,0.052176046086479,0,0.935692184666019,1.17026538731439,1.22125712641379,1.24507918495572,1.10095671354838,1.19910132532412,1.20304456592544,-28.151260101859,-17.6622752215618,-30.5191115654879,-33.0650405507165
1,2026081501,PHM2010,c1,315,0.00801215564201792,0.00798163864359124,0.0103794962693196,0.010633107932084,0.00819049407155347,0.00816423872305722,0.053968253968254,1.34041763787599,1.02723482619545,1.15132280209816,1.29694857764398,1.16200739685618,1.22294093859029,1.26832012139733,8.76418632269366,13.310048747383,14.1071581300188,3.24294898871174
1,2026081501,PHM2010,c4,315,0.0150087833008585,0.0151961149394473,0.0152299404997609,0.0159954368581373,0.0150591275367102,0.0150591275367102,0.0285714285714286,1.05884921028544,1.23298941042071,1.23020039121522,1.26057392038442,1.03943250970116,1.08161203301114,1.08627253308084,-2.14977000545412,1.83375502344172,-16.1827745882333,-19.051316102375
1,2026081501,PHM2010,c6,315,0.0145958561471217,0.0146218544703782,0.0113497478958077,0.0122375457113948,0.0145758642916344,0.0145758642916344,0.00634920634920635,1.79511960245638,1.16565628025547,0.956705064987318,1.0454897890733,1.19181103611457,1.0701376146869,0.747324708690607,40.3862777041397,33.6082657398571,46.7052187676968,41.7593241340194
2,2026081502,NUAA,W1,29,0.0189662457220917,0.0188031553844995,0.0177798419110346,0.0201138592636131,0.01855793107983,0.01855793107983,0.0689655172413793,3.15690428015864,1.13296906221208,1.0734162515736,1.17193213543336,2.25724809432829,1.08995384696322,0.897245235256814,65.4739659414555,28.49805081151,65.9978207663724,62.8771723362336
2,2026081502,NUAA,W2,17,0.0148476120149696,0.0144463930649372,0.0163762517608315,0.0148363214522624,0.0139356538370896,0.0139356538370896,0.117647058823529,3.27554748559263,1.27622237943523,1.38896098237704,1.29388523022859,2.14388070783816,1.31175371497672,1.30145579841828,59.9531461306419,34.548935185097,57.5960663526836,60.498657524591
2,2026081502,NUAA,W3,11,0.0295033416448534,0.0295033416448534,0.0270618023104883,0.0266176293360615,0.0295033416448534,0.0295033416448534,0,1.43839148470929,1.00515694025462,0.950126629321148,0.938219226875294,1.27023308103313,0.948197131932428,0.884640170041743,34.0793419585584,11.6907257491273,33.9451992436416,34.7730268950449
2,2026081502,NUAA,W4,28,0.0499947737234601,0.0498829239877363,0.0521321782101146,0.0522364016436155,0.0498742564749862,0.0498742564749862,0.0357142857142857,1.51558269924375,0.98567471054497,0.939572880031906,0.974855480197629,1.15692876823323,0.997199037285586,0.940176092670744,34.2035879808358,23.6644249891132,38.0058323111804,35.6778432028771
2,2026081502,NUAA,W5,7,0.0243134056071281,0.0289433481729886,0.0302825821173788,0.0422390021731151,0.0308928557556908,0.0308928557556908,0.142857142857143,2.39644057781755,1.30715056283414,1.2918768220149,1.80812026261361,2.34774486322347,1.6242189670783,1.61660246794397,32.2236911646071,2.03200175480373,46.091848303144,24.5497560277386
2,2026081502,NUAA,W6,14,0.0360025923619169,0.0360025923619169,0.0351111199096593,0.033797960303312,0.0360025923619169,0.0360025923619169,0,1.45343287657005,1.03604572040607,1.0244446876027,1.00341555764609,1.27891068978438,1.0023279110161,0.984256071863097,31.0372066592101,12.0075849114906,29.5155143304392,30.9623737138762
2,2026081502,NUAA,W7,8,0.0769839701819179,0.0769839701819179,0.0746590918411004,0.0758485932239532,0.0769839701819179,0.0769839701819179,0,1.06864206475262,1.01156729833885,0.985184348184465,0.995254626526665,1.05426401459922,0.992362772190924,0.987694639914898,7.13796462610312,1.34545051403455,7.80969786992979,6.86735443480296
2,2026081502,NUAA,W8,31,0.0589604040915583,0.0589604040915583,0.0600727855055994,0.0581625450719606,0.0589604040915583,0.0589604040915583,0,1.5141534093193,1.08196709209631,1.04274765291244,1.0430132227012,1.21450380937014,1.31499112220099,1.48740138951196,13.1533757340904,19.7899101970039,31.1332889722701,31.1157498122931
2,2026081502,NUAA,W9,7,0.052176046086479,0.052176046086479,0.0557387638430218,0.0530167926313985,0.052176046086479,0.052176046086479,0,0.910473536661204,1.09234515199959,1.14132885571788,1.14125060020035,1.00613392139901,1.12583770671627,1.20304456592544,-23.6540834393526,-10.5066628392736,-25.3555221278856,-25.346927093063
2,2026081502,PHM2010,c1,315,0.00801215564201792,0.00798163864359124,0.0103794962693196,0.010633107932084,0.00819049407155347,0.00816423872305722,0.053968253968254,1.35298248510469,1.04242762929179,1.16757249186756,1.3055549759405,1.17326650490641,1.23700898739914,1.26832012139733,8.57169246330509,13.2829494968947,13.7037984806425,3.50540451826523
2,2026081502,PHM2010,c4,315,0.0150087833008585,0.0151961149394473,0.0152299404997609,0.0159954368581373,0.0150591275367102,0.0150591275367102,0.0285714285714286,1.0598551730663,1.22731144271204,1.22627810096899,1.25594304119272,1.03709303411409,1.08030992853295,1.08627253308084,-1.9299576004782,2.14766503298278,-15.7024216262693,-18.5013833125065
2,2026081502,PHM2010,c6,315,0.0145958561471217,0.0146218544703782,0.0113497478958077,0.0122375457113948,0.0145758642916344,0.0145758642916344,0.00634920634920635,1.7856770713661,1.15230737961936,0.944237031550107,1.03329318939887,1.18024042636146,1.05589219826455,0.747324708690607,40.8688046010045,33.9051587049532,47.1216242459934,42.1343754720238
3,2026081503,NUAA,W1,29,0.0189662457220917,0.0188031553844995,0.0177798419110346,0.0201138592636131,0.01855793107983,0.01855793107983,0.0689655172413793,3.20607420162345,1.10041293197047,1.0640996893557,1.16298553954678,2.11159680667034,1.04847076420222,0.897245235256814,67.2973643694424,34.1376189733508,66.8098857844002,63.7255576006979
3,2026081503,NUAA,W2,17,0.0148476120149696,0.0144463930649372,0.0163762517608315,0.0148363214522624,0.0139356538370896,0.0139356538370896,0.117647058823529,3.33142207116598,1.34202655190866,1.45476589890591,1.31689234449076,2.31054947732625,1.3844540657432,1.30145579841828,58.4425498730442,30.6437482862214,56.3319847251673,60.4705643308098
3,2026081503,NUAA,W3,11,0.0295033416448534,0.0295033416448534,0.0270618023104883,0.0266176293360615,0.0295033416448534,0.0295033416448534,0,1.61919832869822,0.984349505314564,0.914806467120823,0.911069760359123,1.27278077159051,0.942227227653819,0.884640170041743,41.8090291378118,21.3943870227572,43.5025067092123,43.7332818215301
3,2026081503,NUAA,W4,28,0.0499947737234601,0.0498829239877363,0.0521321782101146,0.0522364016436155,0.0498742564749862,0.0498742564749862,0.0357142857142857,1.60428005366124,0.967730094213436,0.927399582313847,0.960461302708261,1.12098938616244,0.988067132267552,0.940176092670744,38.4105580560818,30.1250811163455,42.1921640054452,40.1313193094733
3,2026081503,NUAA,W5,7,0.0243134056071281,0.0289433481729886,0.0302825821173788,0.0422390021731151,0.0308928557556908,0.0308928557556908,0.142857142857143,2.34646301698337,1.37122472861199,1.34533405409208,1.87310462295091,2.32231370309221,1.68809327138964,1.61660246794397,28.0579638727969,1.02917939538634,42.6654481935259,20.173273160768
3,2026081503,NUAA,W6,14,0.0360025923619169,0.0360025923619169,0.0351111199096593,0.033797960303312,0.0360025923619169,0.0360025923619169,0,1.40955342165938,1.01693309832803,0.996873422254854,0.977587842430963,1.25006456348051,0.980805579573783,0.984256071863097,30.4172822042358,11.3148502020669,29.2773578541423,30.6455628137803
3,2026081503,NUAA,W7,8,0.0769839701819179,0.0769839701819179,0.0746590918411004,0.0758485932239532,0.0769839701819179,0.0769839701819179,0,1.04717169046911,1.00887092881124,0.987583445775572,1.00028302081335,1.0669738873327,0.995329689752614,0.987694639914898,4.95066866191434,-1.89101720795359,5.69039874128381,4.47764870675157
3,2026081503,NUAA,W8,31,0.0589604040915583,0.0589604040915583,0.0600727855055994,0.0581625450719606,0.0589604040915583,0.0589604040915583,0,1.49774979046203,1.10035436942726,1.06608732518626,1.05569515638028,1.24978024754696,1.31780244069617,1.48740138951196,12.0145134328713,16.5561393828389,28.820732810292,29.514584939143
3,2026081503,NUAA,W9,7,0.052176046086479,0.052176046086479,0.0557387638430218,0.0530167926313985,0.052176046086479,0.052176046086479,0,0.871748189353905,1.07853728375191,1.1371598223709,1.13410210460053,1.03794370006697,1.11287460771612,1.20304456592544,-27.6600997061921,-19.0646235624809,-30.4459058542699,-30.0951488572708
3,2026081503,PHM2010,c1,315,0.00801215564201792,0.00798163864359124,0.0103794962693196,0.010633107932084,0.00819049407155347,0.00816423872305722,0.053968253968254,1.34652111461469,1.02693804002983,1.153864366129,1.29566733270662,1.17021121499082,1.22938912375664,1.26832012139733,8.6988603139406,13.093734491815,14.3077406209716,3.77667912935935
3,2026081503,PHM2010,c4,315,0.0150087833008585,0.0151961149394473,0.0152299404997609,0.0159954368581373,0.0150591275367102,0.0150591275367102,0.0285714285714286,1.05748978209247,1.22816785844351,1.22650568302198,1.25659585016029,1.03813691105334,1.08020282206333,1.08627253308084,-2.14782595118078,1.83007640989527,-15.9827455349099,-18.8281789043723
3,2026081503,PHM2010,c6,315,0.0145958561471217,0.0146218544703782,0.0113497478958077,0.0122375457113948,0.0145758642916344,0.0145758642916344,0.00634920634920635,1.76625740578915,1.15398351061405,0.941054065068164,1.02845964453475,1.16097858611449,1.05100386452508,0.747324708690607,40.4954305595397,34.2690039226888,46.7204461827745,41.7718141668462
4,2026081504,NUAA,W1,29,0.0189662457220917,0.0188031553844995,0.0177798419110346,0.0201138592636131,0.01855793107983,0.01855793107983,0.0689655172413793,3.30894997014243,1.13000046192523,1.08080986505179,1.17714311524166,2.2390336087708,1.0802946235483,0.897245235256814,67.3523433930373,32.3340144464492,67.3367722448438,64.4254786000592
4,2026081504,NUAA,W2,17,0.0148476120149696,0.0144463930649372,0.0163762517608315,0.0148363214522624,0.0139356538370896,0.0139356538370896,0.117647058823529,3.6806073059757,1.29429240297999,1.41448245136305,1.30264343420698,2.31901567374513,1.35375897309333,1.30145579841828,63.2191412842274,36.9936675944738,61.5693190342108,64.6079213043985
4,2026081504,NUAA,W3,11,0.0295033416448534,0.0295033416448534,0.0270618023104883,0.0266176293360615,0.0295033416448534,0.0295033416448534,0,1.30992607591639,0.945182097677466,0.902231181619183,0.896483462838944,1.19835387538798,0.902940357036166,0.884640170041743,31.0693653911351,8.51744251677336,31.1235039742217,31.5622858937448
4,2026081504,NUAA,W4,28,0.0499947737234601,0.0498829239877363,0.0521321782101146,0.0522364016436155,0.0498742564749862,0.0498742564749862,0.0357142857142857,1.54836423532551,0.989175562001887,0.939925208037332,0.977934490005621,1.14614908498784,1.00882796811696,0.940176092670744,34.8455650743655,25.9767786649443,39.2956006995516,36.8407983280477
4,2026081504,NUAA,W5,7,0.0243134056071281,0.0289433481729886,0.0302825821173788,0.0422390021731151,0.0308928557556908,0.0308928557556908,0.142857142857143,2.35525713852528,1.31991199297606,1.30904875901057,1.81458257694051,2.2934891101167,1.60927017340801,1.61660246794397,31.6732705280905,2.62255986398403,44.4201341077258,22.9560735743405
4,2026081504,NUAA,W6,14,0.0360025923619169,0.0360025923619169,0.0351111199096593,0.033797960303312,0.0360025923619169,0.0360025923619169,0,1.45555015482354,1.02942424785979,1.01185342772395,0.989291191859909,1.28527409462074,0.994868151977102,0.984256071863097,31.6500260276013,11.6983986871584,30.4830943564004,32.0331773809718
4,2026081504,NUAA,W7,8,0.0769839701819179,0.0769839701819179,0.0746590918411004,0.0758485932239532,0.0769839701819179,0.0769839701819179,0,1.04836971426237,1.02285579633258,0.997053067139016,1.00956881294587,1.06320321862864,1.00585242339876,0.987694639914898,4.05556267843242,-1.41491156835842,4.89489980731279,3.70107041329368
4,2026081504,NUAA,W8,31,0.0589604040915583,0.0589604040915583,0.0600727855055994,0.0581625450719606,0.0589604040915583,0.0589604040915583,0,1.49721302954953,1.08313303399977,1.04636163249514,1.04441093813166,1.24753051193005,1.30066722684139,1.48740138951196,13.1274440463076,16.6764857566469,30.1127086230366,30.2429969871495
4,2026081504,NUAA,W9,7,0.052176046086479,0.052176046086479,0.0557387638430218,0.0530167926313985,0.052176046086479,0.052176046086479,0,0.862670952468919,1.11213106951741,1.15528170582274,1.16426598511818,0.971300795013077,1.14965918196423,1.20304456592544,-33.2674038315498,-12.5922684927857,-33.9191614736052,-34.9606106228697
4,2026081504,PHM2010,c1,315,0.00801215564201792,0.00798163864359124,0.0103794962693196,0.010633107932084,0.00819049407155347,0.00816423872305722,0.053968253968254,1.34269359221188,1.02639269929322,1.15592067964647,1.30061820644683,1.17146732334264,1.23138924366749,1.26832012139733,8.2896313194611,12.7524455216308,13.9103153279917,3.13365506539323
4,2026081504,PHM2010,c4,315,0.0150087833008585,0.0151961149394473,0.0152299404997609,0.0159954368581373,0.0150591275367102,0.0150591275367102,0.0285714285714286,1.06220743254422,1.23210485485934,1.23003140074281,1.25976122697883,1.04163162173683,1.08312710118801,1.08627253308084,-1.96945229367136,1.9370802893092,-15.7995475325016,-18.5984195159908
4,2026081504,PHM2010,c6,315,0.0145958561471217,0.0146218544703782,0.0113497478958077,0.0122375457113948,0.0145758642916344,0.0145758642916344,0.00634920634920635,1.82801302317974,1.17204857091296,0.953179046189432,1.04695260743785,1.19285891987681,1.07066030177298,0.747324708690607,41.4303788760421,34.7456005646015,47.8570976189534,42.7272894578877
5,2026081505,NUAA,W1,29,0.0189662457220917,0.0188031553844995,0.0177798419110346,0.0201138592636131,0.01855793107983,0.01855793107983,0.0689655172413793,3.47151779998512,1.12133462024094,1.08355647801569,1.17965914362996,2.31722549569079,1.07550456191792,0.897245235256814,69.019183426842,33.2503639848622,68.7872411882683,66.0189227998481
5,2026081505,NUAA,W2,17,0.0148476120149696,0.0144463930649372,0.0163762517608315,0.0148363214522624,0.0139356538370896,0.0139356538370896,0.117647058823529,3.31017908139669,1.32232559361946,1.45073889286608,1.30506867290434,2.34478407829869,1.37237950456307,1.30145579841828,58.5406266302664,29.164434290687,56.17340158364,60.5740764830863
5,2026081505,NUAA,W3,11,0.0295033416448534,0.0295033416448534,0.0270618023104883,0.0266176293360615,0.0295033416448534,0.0295033416448534,0,1.34810383604214,0.979766031276443,0.929941853160491,0.916520057055019,1.22793241686344,0.937049113043539,0.884640170041743,30.4913250751816,8.91410705658354,31.0185292632443,32.0141347757156
5,2026081505,NUAA,W4,28,0.0499947737234601,0.0498829239877363,0.0521321782101146,0.0522364016436155,0.0498742564749862,0.0498742564749862,0.0357142857142857,1.62613978916098,0.972625086450715,0.921782953107856,0.953404878838319,1.15034321430762,0.98455434869435,0.940176092670744,39.4545072166066,29.2592665172315,43.3146547884756,41.3700540880169
5,2026081505,NUAA,W5,7,0.0243134056071281,0.0289433481729886,0.0302825821173788,0.0422390021731151,0.0308928557556908,0.0308928557556908,0.142857142857143,2.09306858409728,1.30253734144978,1.29038094183324,1.78350171337102,2.25202514478766,1.60064918189511,1.61660246794397,23.5261952686825,-7.59442676165062,38.3498012613011,14.7900968500645
5,2026081505,NUAA,W6,14,0.0360025923619169,0.0360025923619169,0.0351111199096593,0.033797960303312,0.0360025923619169,0.0360025923619169,0,1.42386273630589,1.05093530022122,1.03659501325611,1.01286976295041,1.24463128611827,1.01276806351828,0.984256071863097,28.8717909602838,12.5876916094188,27.1983888035808,28.8646484577418
5,2026081505,NUAA,W7,8,0.0769839701819179,0.0769839701819179,0.0746590918411004,0.0758485932239532,0.0769839701819179,0.0769839701819179,0,1.07596264531639,1.01218513980895,0.988764153686545,0.998529454880581,1.07093355890929,1.00195386023978,0.987694639914898,6.87837866851244,0.467403439049664,8.10423038470843,7.19664300362754
5,2026081505,NUAA,W8,31,0.0589604040915583,0.0589604040915583,0.0600727855055994,0.0581625450719606,0.0589604040915583,0.0589604040915583,0,1.5064926441033,1.07312375683071,1.03580612118778,1.03398613636337,1.21921569527339,1.29806403624226,1.48740138951196,13.835355165979,19.0692566574664,31.2438646652461,31.3646740718855
5,2026081505,NUAA,W9,7,0.052176046086479,0.052176046086479,0.0557387638430218,0.0530167926313985,0.052176046086479,0.052176046086479,0,0.877888435540866,1.13830306451632,1.19806908113457,1.18973516266915,1.03604648364747,1.18077921079853,1.20304456592544,-34.5021944697394,-18.0157343124317,-36.4716782487795,-35.5223641755977
5,2026081505,PHM2010,c1,315,0.00801215564201792,0.00798163864359124,0.0103794962693196,0.010633107932084,0.00819049407155347,0.00816423872305722,0.053968253968254,1.33451200092702,1.03043693693448,1.15555404598617,1.29819664437695,1.17781259363689,1.23649623067499,1.26832012139733,7.34469005778495,11.7420755438152,13.4099921781548,2.72124615776021
5,2026081505,PHM2010,c4,315,0.0150087833008585,0.0151961149394473,0.0152299404997609,0.0159954368581373,0.0150591275367102,0.0150591275367102,0.0285714285714286,1.06421637616777,1.23314773214002,1.23142710672821,1.26009859828358,1.04395942897224,1.08505747038307,1.08627253308084,-1.95835120394868,1.90346133071866,-15.7120989964992,-18.4062401690508
5,2026081505,PHM2010,c6,315,0.0145958561471217,0.0146218544703782,0.0113497478958077,0.0122375457113948,0.0145758642916344,0.0145758642916344,0.00634920634920635,1.78363837402753,1.15207065745382,0.95548359003478,1.03308254852852,1.16786560090079,1.04917268175015,0.747324708690607,41.1779485669467,34.5234091222372,46.4306440168553,42.0800447236521
6,2026081506,NUAA,W1,29,0.0189662457220917,0.0188031553844995,0.0177798419110346,0.0201138592636131,0.01855793107983,0.01855793107983,0.0689655172413793,3.13413734358498,1.16986684626493,1.11874809990373,1.21324673059227,2.22178045798098,1.11705266553259,0.897245235256814,64.3585285814293,29.11030326962,64.3044328547499,61.2892927913459
6,2026081506,NUAA,W2,17,0.0148476120149696,0.0144463930649372,0.0163762517608315,0.0148363214522624,0.0139356538370896,0.0139356538370896,0.117647058823529,3.06010563005217,1.37125600072005,1.48344144541006,1.35403323076786,2.28036030089026,1.40660512088646,1.30145579841828,54.0340991149877,25.4809939076716,51.5231947929597,55.7520754358805
6,2026081506,NUAA,W3,11,0.0295033416448534,0.0295033416448534,0.0270618023104883,0.0266176293360615,0.0295033416448534,0.0295033416448534,0,1.53250887604395,0.997906938970995,0.965921243449014,0.960837012280202,1.28359999785855,0.951301551898657,0.884640170041743,37.9252174803474,16.2419208186212,36.9712463954884,37.3030050722757
6,2026081506,NUAA,W4,28,0.0499947737234601,0.0498829239877363,0.0521321782101146,0.0522364016436155,0.0498742564749862,0.0498742564749862,0.0357142857142857,1.51518985769299,0.948476610982243,0.911250415333808,0.947411327217331,1.1559330661963,0.969947380719468,0.940176092670744,35.9850928387089,23.7103482228751,39.8589945209067,37.4724347310609
6,2026081506,NUAA,W5,7,0.0243134056071281,0.0289433481729886,0.0302825821173788,0.0422390021731151,0.0308928557556908,0.0308928557556908,0.142857142857143,2.52319882287612,1.29679738195617,1.25930905842147,1.8030469236932,2.25659219690651,1.61225568321025,1.61660246794397,36.1027094419582,10.5662155337295,50.0907718010895,28.5412268210415
6,2026081506,NUAA,W6,14,0.0360025923619169,0.0360025923619169,0.0351111199096593,0.033797960303312,0.0360025923619169,0.0360025923619169,0,1.49776700582648,1.03130195899479,1.01609576265243,0.992456192886058,1.27352771359888,0.989597217477116,0.984256071863097,33.9284939762011,14.9715737731762,32.1592905505527,33.7376114559012
6,2026081506,NUAA,W7,8,0.0769839701819179,0.0769839701819179,0.0746590918411004,0.0758485932239532,0.0769839701819179,0.0769839701819179,0,1.05617405483448,1.01433944915034,1.00038435878454,1.00099125038088,1.08582904604534,1.0062522398289,0.987694639914898,4.72666553179102,-2.80777501351388,5.28224451212132,5.22478318805668
6,2026081506,NUAA,W8,31,0.0589604040915583,0.0589604040915583,0.0600727855055994,0.0581625450719606,0.0589604040915583,0.0589604040915583,0,1.56030364076098,1.06558221917498,1.02750131790999,1.02256334298456,1.2347674739095,1.28145342548641,1.48740138951196,17.8715352569819,20.8636420724306,34.1473485629461,34.4638238179175
6,2026081506,NUAA,W9,7,0.052176046086479,0.052176046086479,0.0557387638430218,0.0530167926313985,0.052176046086479,0.052176046086479,0,0.840355727320979,1.12627974476315,1.18235973051211,1.18190717018588,1.00885056381098,1.15808424887275,1.20304456592544,-37.8088125328393,-20.0504180565478,-40.6975274960549,-40.6436740728545
6,2026081506,PHM2010,c1,315,0.00801215564201792,0.00798163864359124,0.0103794962693196,0.010633107932084,0.00819049407155347,0.00816423872305722,0.053968253968254,1.33759627795728,1.0293056839353,1.15685747286615,1.30022450929576,1.17804266046625,1.23673545682156,1.26832012139733,7.54045318440548,11.9283837821896,13.5122090326946,2.7939498096239
6,2026081506,PHM2010,c4,315,0.0150087833008585,0.0151961149394473,0.0152299404997609,0.0159954368581373,0.0150591275367102,0.0150591275367102,0.0285714285714286,1.05328050407169,1.22800611681011,1.22571774635701,1.25605231864407,1.03581154189967,1.07866166544642,1.08627253308084,-2.40972478619111,1.6585289582873,-16.371445366996,-19.2514542696384
6,2026081506,PHM2010,c6,315,0.0145958561471217,0.0146218544703782,0.0113497478958077,0.0122375457113948,0.0145758642916344,0.0145758642916344,0.00634920634920635,1.77271065179319,1.13654104907843,0.946767341630914,1.03880563192299,1.15586984875354,1.04313977141527,0.747324708690607,41.1556663034613,34.7964741124383,46.5921107500986,41.400158515876
7,2026081507,NUAA,W1,29,0.0189662457220917,0.0188031553844995,0.0177798419110346,0.0201138592636131,0.01855793107983,0.01855793107983,0.0689655172413793,3.42102291812427,1.11061148441346,1.06906326352453,1.16468280569165,2.24231917007241,1.06288713355776,0.897245235256814,68.9307216292916,34.4547165062004,68.7501870314656,65.9551299840388
7,2026081507,NUAA,W2,17,0.0148476120149696,0.0144463930649372,0.0163762517608315,0.0148363214522624,0.0139356538370896,0.0139356538370896,0.117647058823529,3.32900520373396,1.27612200705831,1.38853236787138,1.26958860174844,2.22070332968972,1.33212281582908,1.30145579841828,59.9843576593117,33.2922842175529,58.289870910567,61.8628231543641
7,2026081507,NUAA,W3,11,0.0295033416448534,0.0295033416448534,0.0270618023104883,0.0266176293360615,0.0295033416448534,0.0295033416448534,0,1.41123925077735,0.973906455729219,0.929716250231126,0.921964981501854,1.2371999250649,0.928689424820372,0.884640170041743,34.1933393427922,12.332375649032,34.1205787949128,34.6698314269525
7,2026081507,NUAA,W4,28,0.0499947737234601,0.0498829239877363,0.0521321782101146,0.0522364016436155,0.0498742564749862,0.0498742564749862,0.0357142857142857,1.53147458883238,0.969612603078882,0.933585014391182,0.97031694700233,1.14931793388914,0.991856616330833,0.940176092670744,35.2351894335355,24.9535093647621,39.0401237344094,36.6416554294829
7,2026081507,NUAA,W5,7,0.0243134056071281,0.0289433481729886,0.0302825821173788,0.0422390021731151,0.0308928557556908,0.0308928557556908,0.142857142857143,2.67122573926941,1.406036288683,1.40647206165287,1.92839182651423,2.51310879959664,1.68897630089782,1.61660246794397,36.7714874835042,5.91926535254243,47.3473154673352,27.8087284737811
7,2026081507,NUAA,W6,14,0.0360025923619169,0.0360025923619169,0.0351111199096593,0.033797960303312,0.0360025923619169,0.0360025923619169,0,1.45730776776347,1.04929904212362,1.0295747054851,1.00701693103669,1.26540211757099,1.01693009119804,0.984256071863097,30.2185774554181,13.1685052696175,29.350908005851,30.8988153832354
7,2026081507,NUAA,W7,8,0.0769839701819179,0.0769839701819179,0.0746590918411004,0.0758485932239532,0.0769839701819179,0.0769839701819179,0,1.07069921815054,0.997615231990311,0.979028083104545,0.981946457681096,1.05695389774623,0.988244844318327,0.987694639914898,7.7009838462979,1.28377047179014,8.56180087665891,8.28923370493795
7,2026081507,NUAA,W8,31,0.0589604040915583,0.0589604040915583,0.0600727855055994,0.0581625450719606,0.0589604040915583,0.0589604040915583,0,1.4742902857686,1.05874936276539,1.02147109842902,1.02515244267631,1.20972631192562,1.27657302872114,1.48740138951196,13.4110126720656,17.9451751393084,30.7143845218724,30.4646817134888
7,2026081507,NUAA,W9,7,0.052176046086479,0.052176046086479,0.0557387638430218,0.0530167926313985,0.052176046086479,0.052176046086479,0,0.934217322007214,1.13058569544586,1.18005064281878,1.17997305722157,0.996565887228745,1.16026626306518,1.20304456592544,-24.1966120444315,-6.67388237755779,-26.3143612327139,-26.3060563559601
7,2026081507,PHM2010,c1,315,0.00801215564201792,0.00798163864359124,0.0103794962693196,0.010633107932084,0.00819049407155347,0.00816423872305722,0.053968253968254,1.32036508856869,1.03134559227041,1.16204203578479,1.30387794973557,1.16854370426194,1.23311944422296,1.26832012139733,6.60769094101882,11.4984397589098,11.9908542080227,1.24868030636845
7,2026081507,PHM2010,c4,315,0.0150087833008585,0.0151961149394473,0.0152299404997609,0.0159954368581373,0.0150591275367102,0.0150591275367102,0.0285714285714286,1.05901610771221,1.23304802666445,1.23079807570555,1.26023239781272,1.04032459023303,1.08322323358173,1.08627253308084,-2.28581281183926,1.76498896882255,-16.2209022830105,-19.0003049656346
7,2026081507,PHM2010,c6,315,0.0145958561471217,0.0146218544703782,0.0113497478958077,0.0122375457113948,0.0145758642916344,0.0145758642916344,0.00634920634920635,1.76944695275633,1.15328848846237,0.935633725101968,1.02859169592034,1.16408254734045,1.04952822243236,0.747324708690607,40.6860872094824,34.212068605554,47.1228157676895,41.8693115202995
8,2026081508,NUAA,W1,29,0.0189662457220917,0.0188031553844995,0.0177798419110346,0.0201138592636131,0.01855793107983,0.01855793107983,0.0689655172413793,3.23218611472241,1.1579830440191,1.10462038913695,1.19670304610623,2.15765030758265,1.0982052796628,0.897245235256814,66.0228328232541,33.2448618056157,65.8243569544009,62.975428900727
8,2026081508,NUAA,W2,17,0.0148476120149696,0.0144463930649372,0.0163762517608315,0.0148363214522624,0.0139356538370896,0.0139356538370896,0.117647058823529,3.56412404565952,1.23311767485182,1.34232668974672,1.25580916988032,2.18147402994197,1.2692256301706,1.30145579841828,64.3888480336061,38.7935436029892,62.3378234721814,64.7652788232868
8,2026081508,NUAA,W3,11,0.0295033416448534,0.0295033416448534,0.0270618023104883,0.0266176293360615,0.0295033416448534,0.0295033416448534,0,1.45540324118472,0.995803307571685,0.941950822832585,0.931829818183928,1.27777936131466,0.94932486833318,0.884640170041743,34.7723818753892,12.2044444346212,35.2790487077781,35.9744576750151
8,2026081508,NUAA,W4,28,0.0499947737234601,0.0498829239877363,0.0521321782101146,0.0522364016436155,0.0498742564749862,0.0498742564749862,0.0357142857142857,1.59703417579545,0.926151603832075,0.899170666335681,0.930641367972601,1.10427713834953,0.938386703871329,0.940176092670744,41.2419146632264,30.8545079945133,43.6974687227452,41.7268971398769
8,2026081508,NUAA,W5,7,0.0243134056071281,0.0289433481729886,0.0302825821173788,0.0422390021731151,0.0308928557556908,0.0308928557556908,0.142857142857143,2.35991134262958,1.31344599278722,1.28646701855233,1.82385434257237,2.2909855258004,1.5953463685222,1.61660246794397,32.3980380235577,2.92069517969191,45.4866377683977,22.7151329956277
8,2026081508,NUAA,W6,14,0.0360025923619169,0.0360025923619169,0.0351111199096593,0.033797960303312,0.0360025923619169,0.0360025923619169,0,1.35753087275706,1.05376756947638,1.04111903367664,1.01369008128167,1.26206279588417,1.0143718020853,0.984256071863097,25.27817801851,7.03247924513141,23.3078926918111,25.3283957201702
8,2026081508,NUAA,W7,8,0.0769839701819179,0.0769839701819179,0.0746590918411004,0.0758485932239532,0.0769839701819179,0.0769839701819179,0,1.09892842956222,1.01836231187262,0.98801988485883,1.00310464639418,1.10920300936825,1.00336536902129,0.987694639914898,8.69602223131067,-0.934963508963685,10.09242656026,8.71974740031124
8,2026081508,NUAA,W8,31,0.0589604040915583,0.0589604040915583,0.0600727855055994,0.0581625450719606,0.0589604040915583,0.0589604040915583,0,1.51586421249831,1.08308128322287,1.04685453338692,1.04973723880813,1.23783104326731,1.2987382549366,1.48740138951196,14.3235756719838,18.3415616609076,30.9400852163672,30.7499161103592
8,2026081508,NUAA,W9,7,0.052176046086479,0.052176046086479,0.0557387638430218,0.0530167926313985,0.052176046086479,0.052176046086479,0,0.935718744375416,1.11622024461719,1.16849821872848,1.1505885396257,1.04069775849383,1.15518038125573,1.20304456592544,-23.4538036348521,-11.2190778211339,-24.8770771935794,-22.9630748065982
8,2026081508,PHM2010,c1,315,0.00801215564201792,0.00798163864359124,0.0103794962693196,0.010633107932084,0.00819049407155347,0.00816423872305722,0.053968253968254,1.34446094606179,1.03350077606382,1.16275348124483,1.30499976651103,1.17224193511502,1.23862007094401,1.26832012139733,7.87236516075905,12.8095212770021,13.5152653819529,2.93509303236763
8,2026081508,PHM2010,c4,315,0.0150087833008585,0.0151961149394473,0.0152299404997609,0.0159954368581373,0.0150591275367102,0.0150591275367102,0.0285714285714286,1.05416501525948,1.23158353295361,1.22938889205479,1.25887364545511,1.04073239127742,1.08274180504824,1.08627253308084,-2.71084596577429,1.27424300632372,-16.622053877607,-19.4190309137938
8,2026081508,PHM2010,c6,315,0.0145958561471217,0.0146218544703782,0.0113497478958077,0.0122375457113948,0.0145758642916344,0.0145758642916344,0.00634920634920635,1.78079364064384,1.15006606222941,0.942393530029179,1.0262232006375,1.1698394123574,1.05222448820356,0.747324708690607,40.9126097382553,34.3079745088011,47.0801383989412,42.3727052244821
9,2026081509,NUAA,W1,29,0.0189662457220917,0.0188031553844995,0.0177798419110346,0.0201138592636131,0.01855793107983,0.01855793107983,0.0689655172413793,3.45261988658543,1.14280500316782,1.09689902069688,1.19030597659256,2.24221435938692,1.08530402036119,0.897245235256814,68.5657832019692,35.0575958825162,68.2299512622662,65.5245577071111
9,2026081509,NUAA,W2,17,0.0148476120149696,0.0144463930649372,0.0163762517608315,0.0148363214522624,0.0139356538370896,0.0139356538370896,0.117647058823529,3.37313019217211,1.26643609979891,1.38514900682918,1.28936416226252,2.35488678834296,1.3172141761694,1.30145579841828,60.9497973358336,30.1868989875383,58.9357976741116,61.7754403534528
9,2026081509,NUAA,W3,11,0.0295033416448534,0.0295033416448534,0.0270618023104883,0.0266176293360615,0.0295033416448534,0.0295033416448534,0,1.47985752212326,0.971334942668891,0.928843911209093,0.92584927086234,1.25488823373033,0.927259479801923,0.884640170041743,37.3413003657599,15.2020910817247,37.2342338824341,37.4365939273698
9,2026081509,NUAA,W4,28,0.0499947737234601,0.0498829239877363,0.0521321782101146,0.0522364016436155,0.0498742564749862,0.0498742564749862,0.0357142857142857,1.5518139137349,0.991215516338017,0.944656057991702,0.982746236069982,1.16184374450505,0.995041367043023,0.940176092670744,35.878821665662,25.1299569992431,39.1256870665562,36.6711287112567
9,2026081509,NUAA,W5,7,0.0243134056071281,0.0289433481729886,0.0302825821173788,0.0422390021731151,0.0308928557556908,0.0308928557556908,0.142857142857143,2.57374606081975,1.35344564807386,1.33725290261797,1.82773142815294,2.17223333687708,1.65994826659516,1.61660246794397,35.5045825279883,15.600323981255,48.0425468939989,28.9855570455621
9,2026081509,NUAA,W6,14,0.0360025923619169,0.0360025923619169,0.0351111199096593,0.033797960303312,0.0360025923619169,0.0360025923619169,0,1.44240934308853,1.05009725951381,1.03686510005665,1.01299730197462,1.26382687905833,1.00945667507273,0.984256071863097,30.0159361897049,12.3808449304562,28.115752645051,29.7704700244412
9,2026081509,NUAA,W7,8,0.0769839701819179,0.0769839701819179,0.0746590918411004,0.0758485932239532,0.0769839701819179,0.0769839701819179,0,1.06611307179377,0.993407485019472,0.973106380106119,0.98318688262515,1.06074771118724,0.988943665796957,0.987694639914898,7.23838850104079,0.503263748328556,8.72390501048491,7.77836716973126
9,2026081509,NUAA,W8,31,0.0589604040915583,0.0589604040915583,0.0600727855055994,0.0581625450719606,0.0589604040915583,0.0589604040915583,0,1.52217451468813,1.08384761834946,1.04664600748499,1.04251247495319,1.2383203723497,1.3041127047504,1.48740138951196,14.3256773670531,18.6479368560833,31.2400780997551,31.5116325432115
9,2026081509,NUAA,W9,7,0.052176046086479,0.052176046086479,0.0557387638430218,0.0530167926313985,0.052176046086479,0.052176046086479,0,0.864452985566488,1.14085795469884,1.19130807292915,1.19939881393367,1.0301616138326,1.1720561636222,1.20304456592544,-35.5835636167233,-19.1691891904942,-37.8106262364833,-38.7465638918099
9,2026081509,PHM2010,c1,315,0.00801215564201792,0.00798163864359124,0.0103794962693196,0.010633107932084,0.00819049407155347,0.00816423872305722,0.053968253968254,1.33726593231386,1.02488486901352,1.15586365644205,1.29704625704661,1.16729251471273,1.2347937078175,1.26832012139733,7.66281575116852,12.7105172945692,13.5651609368329,3.00760486716792
9,2026081509,PHM2010,c4,315,0.0150087833008585,0.0151961149394473,0.0152299404997609,0.0159954368581373,0.0150591275367102,0.0150591275367102,0.0285714285714286,1.06067912667733,1.23027625782712,1.22804608760677,1.2580137657129,1.03848917958883,1.08072451845096,1.08627253308084,-1.88986388715166,2.09205088800139,-15.7792264144699,-18.6045557108055
9,2026081509,PHM2010,c6,315,0.0145958561471217,0.0146218544703782,0.0113497478958077,0.0122375457113948,0.0145758642916344,0.0145758642916344,0.00634920634920635,1.75977446353561,1.15827056507645,0.953741336588944,1.03594731552048,1.1659656221325,1.05575073568017,0.747324708690607,40.0064748320629,33.7434627963672,45.8032062431026,41.1318133666327
10,2026081510,NUAA,W1,29,0.0189662457220917,0.0188031553844995,0.0177798419110346,0.0201138592636131,0.01855793107983,0.01855793107983,0.0689655172413793,3.38287572236972,1.0485157887309,1.02023443612848,1.1124024941812,2.1638174800711,1.0028775992605,0.897245235256814,70.3542878436581,36.0361521482281,69.8412084906919,67.1166609277045
10,2026081510,NUAA,W2,17,0.0148476120149696,0.0144463930649372,0.0163762517608315,0.0148363214522624,0.0139356538370896,0.0139356538370896,0.117647058823529,3.43642493615306,1.26959901899241,1.37574734966709,1.2547050393183,2.2992341670151,1.30405349099219,1.30145579841828,62.0520303739844,33.0922627517364,59.9657383697378,63.4880708110886
10,2026081510,NUAA,W3,11,0.0295033416448534,0.0295033416448534,0.0270618023104883,0.0266176293360615,0.0295033416448534,0.0295033416448534,0,1.4615034262134,0.975594037835474,0.916979639320889,0.909823346194026,1.24881176785897,0.928578685145789,0.884640170041743,36.464145858923,14.5529360068275,37.2577838085069,37.747436654919
10,2026081510,NUAA,W4,28,0.0499947737234601,0.0498829239877363,0.0521321782101146,0.0522364016436155,0.0498742564749862,0.0498742564749862,0.0357142857142857,1.57777574730703,0.972667341545819,0.9355240794904,0.976054239646777,1.14418293094349,0.983569438402695,0.940176092670744,37.6610117070524,27.4812702060863,40.7061440076534,38.1373277341396
10,2026081510,NUAA,W5,7,0.0243134056071281,0.0289433481729886,0.0302825821173788,0.0422390021731151,0.0308928557556908,0.0308928557556908,0.142857142857143,2.22604766938078,1.39739539978706,1.38487382730208,1.89210396037203,2.27467487545279,1.684934826935,1.61660246794397,24.3082324735796,-2.18446382532005,37.7877730854115,15.0016423099173
10,2026081510,NUAA,W6,14,0.0360025923619169,0.0360025923619169,0.0351111199096593,0.033797960303312,0.0360025923619169,0.0360025923619169,0,1.48861360793157,1.07179652362924,1.05802370408462,1.03755324183858,1.31210809189246,1.04107706271384,0.984256071863097,30.0639832145285,11.8570403426825,28.9255654760038,30.3007015178194
10,2026081510,NUAA,W7,8,0.0769839701819179,0.0769839701819179,0.0746590918411004,0.0758485932239532,0.0769839701819179,0.0769839701819179,0,1.03448149313632,1.02278131241669,1.00081799063085,1.00387712609831,1.06904457862942,1.01069856883493,0.987694639914898,2.29901882819413,-3.34110235150877,3.25414255632621,2.95842576605476
10,2026081510,NUAA,W8,31,0.0589604040915583,0.0589604040915583,0.0600727855055994,0.0581625450719606,0.0589604040915583,0.0589604040915583,0,1.54666468016969,1.11346671771305,1.08420508758296,1.06953027586246,1.28687894324209,1.3331305739124,1.48740138951196,13.8061021884755,16.7965131846868,29.9004430964309,30.8492467969773
10,2026081510,NUAA,W9,7,0.052176046086479,0.052176046086479,0.0557387638430218,0.0530167926313985,0.052176046086479,0.052176046086479,0,0.904793752073682,1.12015175793415,1.17410853493673,1.16926422340954,1.02629355495792,1.1567130180159,1.20304456592544,-27.842728286402,-13.4284529049605,-29.7653230082338,-29.2299179486731
10,2026081510,PHM2010,c1,315,0.00801215564201792,0.00798163864359124,0.0103794962693196,0.010633107932084,0.00819049407155347,0.00816423872305722,0.053968253968254,1.34224659285666,1.02725327961161,1.15527869938667,1.30241918402407,1.17748175054113,1.23873498610672,1.26832012139733,7.71181743360888,12.2753034496343,13.9294742460156,2.96721996126105
10,2026081510,PHM2010,c4,315,0.0150087833008585,0.0151961149394473,0.0152299404997609,0.0159954368581373,0.0150591275367102,0.0150591275367102,0.0285714285714286,1.05897682678637,1.2308896847035,1.22889638406817,1.25860829953128,1.03723659040152,1.08298010148288,1.08627253308084,-2.26664777635886,2.05294731999216,-16.0456350869777,-18.8513542218592
10,2026081510,PHM2010,c6,315,0.0145958561471217,0.0146218544703782,0.0113497478958077,0.0122375457113948,0.0145758642916344,0.0145758642916344,0.00634920634920635,1.78975262653249,1.15994633803094,0.943596790085122,1.02528129450619,1.17814901885902,1.05885103894763,0.747324708690607,40.8381346533306,34.17252186736,47.277809452736,42.7137985827354
11,2026081511,NUAA,W1,29,0.0189662457220917,0.0188031553844995,0.0177798419110346,0.0201138592636131,0.01855793107983,0.01855793107983,0.0689655172413793,3.18536303460644,1.11251984030251,1.06176702198525,1.15047843801148,2.19387757266115,1.06265575682249,0.897245235256814,66.6394145572237,31.1262939631554,66.6673151395936,63.8823447904543
11,2026081511,NUAA,W2,17,0.0148476120149696,0.0144463930649372,0.0163762517608315,0.0148363214522624,0.0139356538370896,0.0139356538370896,0.117647058823529,3.40223149510332,1.26238121124058,1.37585182435179,1.25566394966473,2.20959663614758,1.30048449104926,1.30145579841828,61.7755437006274,35.0544888163034,59.5603113329592,63.0929302879021
11,2026081511,NUAA,W3,11,0.0295033416448534,0.0295033416448534,0.0270618023104883,0.0266176293360615,0.0295033416448534,0.0295033416448534,0,1.48511287302617,0.980260783799912,0.930802067566851,0.921775060395733,1.30193487107612,0.937171115489322,0.884640170041743,36.8956304594092,12.3342814729495,37.3244899783152,37.9323230484524
11,2026081511,NUAA,W4,28,0.0499947737234601,0.0498829239877363,0.0521321782101146,0.0522364016436155,0.0498742564749862,0.0498742564749862,0.0357142857142857,1.67227323542309,0.979200022536002,0.929904815365549,0.96172234123054,1.14200898986933,0.987785212990902,0.940176092670744,40.9315898821409,31.709186891316,44.3927705312894,42.490119386069
11,2026081511,NUAA,W5,7,0.0243134056071281,0.0289433481729886,0.0302825821173788,0.0422390021731151,0.0308928557556908,0.0308928557556908,0.142857142857143,2.30917541217412,1.31497281659073,1.29139020496479,1.84442226255929,2.29042392352994,1.62422791176527,1.61660246794397,29.6619952212279,0.812042625489976,44.0756991367353,20.1263683635563
11,2026081511,NUAA,W6,14,0.0360025923619169,0.0360025923619169,0.0351111199096593,0.033797960303312,0.0360025923619169,0.0360025923619169,0,1.45439717112828,1.05540069851704,1.04520476496562,1.02249076272313,1.27387233203941,1.0284194442624,0.984256071863097,29.2889545800904,12.4123480623128,28.1348461263317,29.6965929925513
11,2026081511,NUAA,W7,8,0.0769839701819179,0.0769839701819179,0.0746590918411004,0.0758485932239532,0.0769839701819179,0.0769839701819179,0,1.08594716095578,0.99708619911806,0.976500452522777,0.982997111465056,1.08869800568556,0.987471634029714,0.987694639914898,9.06816928729726,-0.253312944559571,10.0784561503599,9.48020798729438
11,2026081511,NUAA,W8,31,0.0589604040915583,0.0589604040915583,0.0600727855055994,0.0581625450719606,0.0589604040915583,0.0589604040915583,0,1.50644568601016,1.0750642685789,1.0351047861144,1.03797838399909,1.22349511068021,1.31034378916585,1.48740138951196,13.0175218838253,18.7826602683137,31.2882770532615,31.0975235523964
11,2026081511,NUAA,W9,7,0.052176046086479,0.052176046086479,0.0557387638430218,0.0530167926313985,0.052176046086479,0.052176046086479,0,0.872990515540496,1.12007841239555,1.17689776764824,1.18574939133509,1.0823321701983,1.14985720251441,1.20304456592544,-31.7147416890895,-23.9798315023149,-34.8122054819335,-35.8261481914221
11,2026081511,PHM2010,c1,315,0.00801215564201792,0.00798163864359124,0.0103794962693196,0.010633107932084,0.00819049407155347,0.00816423872305722,0.053968253968254,1.34867414118949,1.03102634635183,1.16302322096636,1.30609071338487,1.17130985499828,1.2344169698658,1.26832012139733,8.47181449055674,13.1510111133869,13.7654392972488,3.15742895219038
11,2026081511,PHM2010,c4,315,0.0150087833008585,0.0151961149394473,0.0152299404997609,0.0159954368581373,0.0150591275367102,0.0150591275367102,0.0285714285714286,1.05770428902587,1.23057817976925,1.22828679718924,1.25785663475064,1.04031490781449,1.0826320057974,1.08627253308084,-2.35677561584757,1.64406832720629,-16.127618081276,-18.9232801456361
11,2026081511,PHM2010,c6,315,0.0145958561471217,0.0146218544703782,0.0113497478958077,0.0122375457113948,0.0145758642916344,0.0145758642916344,0.00634920634920635,1.76820619650058,1.15155930745025,0.93528647593058,1.02659100890794,1.16803080627327,1.05187861151596,0.747324708690607,40.5115413803146,33.942613220964,47.1053501689121,41.9416688540258
12,2026081512,NUAA,W1,29,0.0189662457220917,0.0188031553844995,0.0177798419110346,0.0201138592636131,0.01855793107983,0.01855793107983,0.0689655172413793,3.29015527175529,1.12154997669288,1.08166143394682,1.16992999821925,2.21326647336674,1.05727772906152,0.897245235256814,67.8654154064448,32.7306375973568,67.124304338082,64.4414958691267
12,2026081512,NUAA,W2,17,0.0148476120149696,0.0144463930649372,0.0163762517608315,0.0148363214522624,0.0139356538370896,0.0139356538370896,0.117647058823529,3.57226170129012,1.25620866861337,1.37458012897478,1.2809142260291,2.3420462897471,1.30936937843054,1.30145579841828,63.3462078671989,34.437997952354,61.5207326921667,64.1427663161828
12,2026081512,NUAA,W3,11,0.0295033416448534,0.0295033416448534,0.0270618023104883,0.0266176293360615,0.0295033416448534,0.0295033416448534,0,1.49810131080181,0.997383030562264,0.948751001178797,0.94057652069225,1.29206118748157,0.956460572006725,0.884640170041743,36.1551475116986,13.7534171977973,36.6697703060543,37.2154263593269
12,2026081512,NUAA,W4,28,0.0499947737234601,0.0498829239877363,0.0521321782101146,0.0522364016436155,0.0498742564749862,0.0498742564749862,0.0357142857142857,1.54375399647337,0.941376081467835,0.892715602624781,0.925873567759201,1.11304505785605,0.95746632754109,0.940176092670744,37.9780502768982,27.9001019334204,42.1724183604289,40.0245395396992
12,2026081512,NUAA,W5,7,0.0243134056071281,0.0289433481729886,0.0302825821173788,0.0422390021731151,0.0308928557556908,0.0308928557556908,0.142857142857143,2.67261117911276,1.28696499614466,1.26315608301245,1.74281433763329,2.42640926238033,1.58593650487457,1.61660246794397,40.6596620836908,9.21203647790487,52.7370051848774,34.7898283426374
12,2026081512,NUAA,W6,14,0.0360025923619169,0.0360025923619169,0.0351111199096593,0.033797960303312,0.0360025923619169,0.0360025923619169,0,1.49640190060859,1.00562305298133,0.992134121108988,0.976336756807811,1.26095829022975,0.970579363562003,0.984256071863097,35.1391251797216,15.7339823133803,33.6986861146403,34.7543760529351
12,2026081512,NUAA,W7,8,0.0769839701819179,0.0769839701819179,0.0746590918411004,0.0758485932239532,0.0769839701819179,0.0769839701819179,0,1.07102590785188,1.00958429669305,0.979060775375939,0.998320007653947,1.05630599134114,0.994539139996584,0.987694639914898,7.1414488944253,1.37437539118559,8.58663938955441,6.78843524371486
12,2026081512,NUAA,W8,31,0.0589604040915583,0.0589604040915583,0.0600727855055994,0.0581625450719606,0.0589604040915583,0.0589604040915583,0,1.50084610547679,1.06821846878772,1.03092659437613,1.03217510490716,1.2057920472719,1.29836004408232,1.48740138951196,13.4914606271469,19.659181386299,31.3103061923446,31.2271190803234
12,2026081512,NUAA,W9,7,0.052176046086479,0.052176046086479,0.0557387638430218,0.0530167926313985,0.052176046086479,0.052176046086479,0,0.932064011672453,1.11538775910105,1.17881841711236,1.17705485553578,1.03354413060731,1.15202814198452,1.20304456592544,-23.5996806611352,-10.8876769904206,-26.473976288082,-26.28476593831
12,2026081512,PHM2010,c1,315,0.00801215564201792,0.00798163864359124,0.0103794962693196,0.010633107932084,0.00819049407155347,0.00816423872305722,0.053968253968254,1.34631169978523,1.02621456716658,1.15568415578793,1.30264379414852,1.16728253808772,1.23144636931543,1.26832012139733,8.53185265255664,13.2977498246558,14.1592429173504,3.24352121753679
12,2026081512,PHM2010,c4,315,0.0150087833008585,0.0151961149394473,0.0152299404997609,0.0159954368581373,0.0150591275367102,0.0150591275367102,0.0285714285714286,1.06561327064411,1.23360116052782,1.23070204571251,1.26051136839076,1.04386945414834,1.08375981054982,1.08627253308084,-1.70291984959414,2.04049790808461,-15.492372290804,-18.2897588755483
12,2026081512,PHM2010,c6,315,0.0145958561471217,0.0146218544703782,0.0113497478958077,0.0122375457113948,0.0145758642916344,0.0145758642916344,0.00634920634920635,1.80924519357238,1.16327886589497,0.94932160573913,1.03503865941587,1.18804915163217,1.07006808681757,0.747324708690607,40.8555517726867,34.3345415064306,47.5294112090644,42.7916866606581
13,2026081513,NUAA,W1,29,0.0189662457220917,0.0188031553844995,0.0177798419110346,0.0201138592636131,0.01855793107983,0.01855793107983,0.0689655172413793,3.24191173450113,1.05621538023136,1.03747844771834,1.13763539091725,2.1615171792321,1.01314636157864,0.897245235256814,68.7484902566434,33.3258473317221,67.9979427978478,64.9085020171806
13,2026081513,NUAA,W2,17,0.0148476120149696,0.0144463930649372,0.0163762517608315,0.0148363214522624,0.0139356538370896,0.0139356538370896,0.117647058823529,3.40529470045169,1.30441568886698,1.4249907881912,1.28169642318408,2.32905144257723,1.35614778399245,1.30145579841828,60.1753180477283,31.6049961177136,58.1536720448253,62.36165924159
13,2026081513,NUAA,W3,11,0.0295033416448534,0.0295033416448534,0.0270618023104883,0.0266176293360615,0.0295033416448534,0.0295033416448534,0,1.31461981486878,0.964528048310785,0.923982386057254,0.917653930579314,1.22729976678996,0.913646427692608,0.884640170041743,30.5010910866422,6.64222820097522,29.714859337528,30.1962498814984
13,2026081513,NUAA,W4,28,0.0499947737234601,0.0498829239877363,0.0521321782101146,0.0522364016436155,0.0498742564749862,0.0498742564749862,0.0357142857142857,1.56025931139354,0.935007112991934,0.914303629847367,0.948867337314386,1.12020492835673,0.952358682138553,0.940176092670744,38.9615126675349,28.2039260925019,41.4005336695757,39.1852796272108
13,2026081513,NUAA,W5,7,0.0243134056071281,0.0289433481729886,0.0302825821173788,0.0422390021731151,0.0308928557556908,0.0308928557556908,0.142857142857143,2.4555773281493,1.39878912184916,1.38774918775319,1.89660440201547,2.39393113088086,1.69335606674871,1.61660246794397,31.0404096284376,2.51045636241042,43.4858282879202,22.7634014912129
13,2026081513,NUAA,W6,14,0.0360025923619169,0.0360025923619169,0.0351111199096593,0.033797960303312,0.0360025923619169,0.0360025923619169,0,1.46342890113479,1.03841835836826,1.02208804155169,0.998129038025104,1.2812736462023,1.00812881326214,0.984256071863097,31.1118693582992,12.4471544050581,30.1579980579088,31.7951806711539
13,2026081513,NUAA,W7,8,0.0769839701819179,0.0769839701819179,0.0746590918411004,0.0758485932239532,0.0769839701819179,0.0769839701819179,0,1.10034785959013,1.01960901892666,0.994335885402443,1.00496467150404,1.08920822825825,0.999201109407668,0.987694639914898,9.19225218651698,1.0123736084728,9.63440545312461,8.66845763862583
13,2026081513,NUAA,W8,31,0.0589604040915583,0.0589604040915583,0.0600727855055994,0.0581625450719606,0.0589604040915583,0.0589604040915583,0,1.48020659809546,1.10721982147519,1.07623195788742,1.06219854594189,1.26490491644613,1.33055934915766,1.48740138951196,10.109889331013,14.5453804844778,27.2917740488273,28.2398452142703
13,2026081513,NUAA,W9,7,0.052176046086479,0.052176046086479,0.0557387638430218,0.0530167926313985,0.052176046086479,0.052176046086479,0,0.900291889371958,1.0929980237979,1.15179071770627,1.14836762491313,1.03704066974594,1.1276414047116,1.20304456592544,-25.2528672115706,-15.189382686695,-27.9352542551236,-27.5550339250784
13,2026081513,PHM2010,c1,315,0.00801215564201792,0.00798163864359124,0.0103794962693196,0.010633107932084,0.00819049407155347,0.00816423872305722,0.053968253968254,1.34511834100238,1.02943508238132,1.15307878191917,1.29323934109894,1.16648342088959,1.2283305445839,1.26832012139733,8.68234361680426,13.2802382264504,14.2767779777729,3.85683536697489
13,2026081513,PHM2010,c4,315,0.0150087833008585,0.0151961149394473,0.0152299404997609,0.0159954368581373,0.0150591275367102,0.0150591275367102,0.0285714285714286,1.06674594490226,1.23088791635978,1.229567334255,1.25924742377475,1.04184455146324,1.08274863916249,1.08627253308084,-1.50014109139069,2.33433213953363,-15.2633708270304,-18.0456724295425
13,2026081513,PHM2010,c6,315,0.0145958561471217,0.0146218544703782,0.0113497478958077,0.0122375457113948,0.0145758642916344,0.0145758642916344,0.00634920634920635,1.76528331788431,1.14306938392778,0.94490960092503,1.02819472164416,1.17721408647418,1.04768369417851,0.747324708690607,40.6506772275986,33.3130226435791,46.4726374881566,41.7546910896743
14,2026081514,NUAA,W1,29,0.0189662457220917,0.0188031553844995,0.0177798419110346,0.0201138592636131,0.01855793107983,0.01855793107983,0.0689655172413793,3.25946547473005,1.09321900680949,1.05533671546239,1.1451625965724,2.23485389270628,1.03209368850033,0.897245235256814,68.3354925369838,31.4349573562711,67.6223993276139,64.8665523396211
14,2026081514,NUAA,W2,17,0.0148476120149696,0.0144463930649372,0.0163762517608315,0.0148363214522624,0.0139356538370896,0.0139356538370896,0.117647058823529,3.29364922557568,1.35876993002198,1.49439653337903,1.33383274497812,2.33363426449279,1.40686316947882,1.30145579841828,57.2855798196628,29.1474560687348,54.6279390721144,59.5028901492998
14,2026081514,NUAA,W3,11,0.0295033416448534,0.0295033416448534,0.0270618023104883,0.0266176293360615,0.0295033416448534,0.0295033416448534,0,1.50623689046919,0.958099400312685,0.900592159424434,0.896438448187455,1.20842655718357,0.91165605364963,0.884640170041743,39.4745899919067,19.7718124665536,40.2091287816019,40.484896243099
14,2026081514,NUAA,W4,28,0.0499947737234601,0.0498829239877363,0.0521321782101146,0.0522364016436155,0.0498742564749862,0.0498742564749862,0.0357142857142857,1.67233294389083,0.982313694775287,0.929360172569115,0.966996963800197,1.14698857068231,1.00293488862562,0.940176092670744,40.0277981553001,31.4138626000072,44.427323759653,42.1767676506813
14,2026081514,NUAA,W5,7,0.0243134056071281,0.0289433481729886,0.0302825821173788,0.0422390021731151,0.0308928557556908,0.0308928557556908,0.142857142857143,2.59184810989157,1.31239342275472,1.29460056793974,1.76305539267998,2.30431772778853,1.63687216045826,1.61660246794397,36.8453670486602,11.0936432195124,50.0510634477769,31.9769015031619
14,2026081514,NUAA,W6,14,0.0360025923619169,0.0360025923619169,0.0351111199096593,0.033797960303312,0.0360025923619169,0.0360025923619169,0,1.35979083887782,1.04664784477442,1.03081106576745,1.01156231400509,1.28480884857578,1.01194332564629,0.984256071863097,25.5809572535876,5.51422970049732,24.1934100234025,25.6089771247551
14,2026081514,NUAA,W7,8,0.0769839701819179,0.0769839701819179,0.0746590918411004,0.0758485932239532,0.0769839701819179,0.0769839701819179,0,1.02678824387722,1.00424969208525,0.984591046815252,0.990537707986098,1.03170814656975,0.981627589998208,0.987694639914898,4.39824415095416,-0.479154560043814,4.10962993719439,3.53047827605037
14,2026081514,NUAA,W8,31,0.0589604040915583,0.0589604040915583,0.0600727855055994,0.0581625450719606,0.0589604040915583,0.0589604040915583,0,1.55763377848721,1.08591433832984,1.04827675392791,1.0441090450374,1.26114254183411,1.32080372168847,1.48740138951196,15.2044761785247,19.0347205323869,32.7006920108009,32.968258684564
14,2026081514,NUAA,W9,7,0.052176046086479,0.052176046086479,0.0557387638430218,0.0530167926313985,0.052176046086479,0.052176046086479,0,0.825768762079267,1.07479566513833,1.12891359763676,1.12024564872666,0.967154281791966,1.10457629727089,1.20304456592544,-33.7633909146173,-17.1216842057205,-36.7106203913772,-35.6609380458895
14,2026081514,PHM2010,c1,315,0.00801215564201792,0.00798163864359124,0.0103794962693196,0.010633107932084,0.00819049407155347,0.00816423872305722,0.053968253968254,1.32839069064681,1.0265479302134,1.15180496739614,1.29262114734888,1.16323737177032,1.22757642486903,1.26832012139733,7.58920297225888,12.4325862895111,13.2932069227832,2.69269752865514
14,2026081514,PHM2010,c4,315,0.0150087833008585,0.0151961149394473,0.0152299404997609,0.0159954368581373,0.0150591275367102,0.0150591275367102,0.0285714285714286,1.05462069626422,1.23314149590043,1.23072919978679,1.26031976283752,1.04233529686167,1.08433538583048,1.08627253308084,-2.81757125301267,1.16491165459486,-16.6987528451124,-19.5045543200462
14,2026081514,PHM2010,c6,315,0.0145958561471217,0.0146218544703782,0.0113497478958077,0.0122375457113948,0.0145758642916344,0.0145758642916344,0.00634920634920635,1.76764336928675,1.15938711797968,0.948122811264876,1.04352168581662,1.18301801831988,1.06692489748201,0.747324708690607,39.6413939587532,33.0737161762879,46.362324678227,40.9653720909959
15,2026081515,NUAA,W1,29,0.0189662457220917,0.0188031553844995,0.0177798419110346,0.0201138592636131,0.01855793107983,0.01855793107983,0.0689655172413793,3.35739608584554,1.12773694496815,1.08531063370401,1.17601539265458,2.29849167246798,1.08514273239186,0.897245235256814,67.6790374252618,31.5394545743887,67.6740364868008,64.9723963874101
15,2026081515,NUAA,W2,17,0.0148476120149696,0.0144463930649372,0.0163762517608315,0.0148363214522624,0.0139356538370896,0.0139356538370896,0.117647058823529,3.3886401229631,1.32184361564627,1.44593926805552,1.30187768142425,2.36361385453408,1.37116904500879,1.30145579841828,59.5363037899165,30.2488972341128,57.3298073685334,61.5811170799141
15,2026081515,NUAA,W3,11,0.0295033416448534,0.0295033416448534,0.0270618023104883,0.0266176293360615,0.0295033416448534,0.0295033416448534,0,1.48986339584384,0.996027169708455,0.942965716459826,0.93208844962789,1.26426717287901,0.955448482546275,0.884640170041743,35.8700612947725,15.1420743401148,36.7079076450668,37.4379924878973
15,2026081515,NUAA,W4,28,0.0499947737234601,0.0498829239877363,0.0521321782101146,0.0522364016436155,0.0498742564749862,0.0498742564749862,0.0357142857142857,1.5651749229727,0.980653482581154,0.931312384622112,0.974593516028554,1.18999890729524,1.00313608459281,0.940176092670744,35.9090111993629,23.9702291527196,40.4978720938556,37.7326136699447
15,2026081515,NUAA,W5,7,0.0243134056071281,0.0289433481729886,0.0302825821173788,0.0422390021731151,0.0308928557556908,0.0308928557556908,0.142857142857143,2.24768333874692,1.35182781928408,1.3341619443405,1.82716195611386,2.30112032711673,1.63298410289872,1.61660246794397,27.3481244111056,-2.37742512250899,40.6427977935584,18.7091026295322
15,2026081515,NUAA,W6,14,0.0360025923619169,0.0360025923619169,0.0351111199096593,0.033797960303312,0.0360025923619169,0.0360025923619169,0,1.45974761143194,1.04269885094464,1.03057666238416,1.01104555221042,1.2274722121925,0.997262259497782,0.984256071863097,31.6825558276123,15.9120246144192,29.4003528888658,30.7383314558994
15,2026081515,NUAA,W7,8,0.0769839701819179,0.0769839701819179,0.0746590918411004,0.0758485932239532,0.0769839701819179,0.0769839701819179,0,1.07633634390536,1.00742747807524,0.983364569197046,0.99025257374721,1.06614785892102,1.00163529405857,0.987694639914898,6.94030729983089,0.946589329815965,8.63779944203876,7.99785036021441
15,2026081515,NUAA,W8,31,0.0589604040915583,0.0589604040915583,0.0600727855055994,0.0581625450719606,0.0589604040915583,0.0589604040915583,0,1.52057137419246,1.06086707345836,1.02075408126547,1.02431338618625,1.23086788017482,1.28242369640196,1.48740138951196,15.6617230754442,19.0522785667653,32.870360537494,32.6362837304994
15,2026081515,NUAA,W9,7,0.052176046086479,0.052176046086479,0.0557387638430218,0.0530167926313985,0.052176046086479,0.052176046086479,0,0.982898356632178,1.1451628004454,1.20410983746588,1.20378423406337,1.01537191993383,1.17980459616423,1.20304456592544,-20.0332250230572,-3.30385772674649,-22.5060383244166,-22.4729114603511
15,2026081515,PHM2010,c1,315,0.00801215564201792,0.00798163864359124,0.0103794962693196,0.010633107932084,0.00819049407155347,0.00816423872305722,0.053968253968254,1.33191859589595,1.02991330509494,1.15500104193592,1.30131196809127,1.1677681844103,1.2323066657803,1.26832012139733,7.47883019447206,12.3243576590533,13.2829104199889,2.29793531669245
15,2026081515,PHM2010,c4,315,0.0150087833008585,0.0151961149394473,0.0152299404997609,0.0159954368581373,0.0150591275367102,0.0150591275367102,0.0285714285714286,1.06314569688629,1.23615529159514,1.23413320808314,1.26352429318465,1.04196514594122,1.08408847172833,1.08627253308084,-1.96988756135442,1.99225289695551,-16.0831682522559,-18.8477079750422
15,2026081515,PHM2010,c6,315,0.0145958561471217,0.0146218544703782,0.0113497478958077,0.0122375457113948,0.0145758642916344,0.0145758642916344,0.00634920634920635,1.79003681590508,1.16919594461697,0.956295389909493,1.0614512091041,1.19635277927526,1.07260259029656,0.747324708690607,40.0793000028755,33.1660238132944,46.5767753259325,40.7022693794481
16,2026081516,NUAA,W1,29,0.0189662457220917,0.0188031553844995,0.0177798419110346,0.0201138592636131,0.01855793107983,0.01855793107983,0.0689655172413793,3.33105492055707,1.0974167871481,1.06025831042801,1.15453131496686,2.13100462460653,1.03422417117851,0.897245235256814,68.9520528528077,36.0261335994379,68.1704944615355,65.34036986776
16,2026081516,NUAA,W2,17,0.0148476120149696,0.0144463930649372,0.0163762517608315,0.0148363214522624,0.0139356538370896,0.0139356538370896,0.117647058823529,3.55718004917908,1.29125680802278,1.41847900540786,1.28296929614711,2.26694471796917,1.31021459575957,1.30145579841828,63.167043060923,36.2712967398899,60.1234971017221,63.9329671703518
16,2026081516,NUAA,W3,11,0.0295033416448534,0.0295033416448534,0.0270618023104883,0.0266176293360615,0.0295033416448534,0.0295033416448534,0,1.5476490540059,0.9911799261743,0.948031263024777,0.943460403534328,1.25540425966325,0.949344375172174,0.884640170041743,38.6589373918516,18.8831436678885,38.7437829932493,39.0391251109354
16,2026081516,NUAA,W4,28,0.0499947737234601,0.0498829239877363,0.0521321782101146,0.0522364016436155,0.0498742564749862,0.0498742564749862,0.0357142857142857,1.49181753188344,0.983998871789003,0.936739352709376,0.977023393944119,1.15831940180646,0.989085560991558,0.940176092670744,33.6992936567235,22.355155570262,37.2081817856955,34.5078487775505
16,2026081516,NUAA,W5,7,0.0243134056071281,0.0289433481729886,0.0302825821173788,0.0422390021731151,0.0308928557556908,0.0308928557556908,0.142857142857143,2.80673489863439,1.30006722643359,1.2655694336129,1.83750708495308,2.39352438998088,1.63022435571852,1.61660246794397,41.9174088542632,14.7221067744787,54.9095486635143,34.5322179929742
16,2026081516,NUAA,W6,14,0.0360025923619169,0.0360025923619169,0.0351111199096593,0.033797960303312,0.0360025923619169,0.0360025923619169,0,1.32937376356159,0.998029484521546,0.97909581388413,0.964803919208159,1.20381540462117,0.972251144355717,0.984256071863097,26.8639737743195,9.44492530106968,26.3490945344829,27.4241792900058
16,2026081516,NUAA,W7,8,0.0769839701819179,0.0769839701819179,0.0746590918411004,0.0758485932239532,0.0769839701819179,0.0769839701819179,0,1.11930899339324,1.01920671271717,0.990753845000408,1.00609708313178,1.08941309984748,1.00394068537338,0.987694639914898,10.30710096147,2.67092408997141,11.4852242903104,10.1144465853215
16,2026081516,NUAA,W8,31,0.0589604040915583,0.0589604040915583,0.0600727855055994,0.0581625450719606,0.0589604040915583,0.0589604040915583,0,1.54526004266325,1.09643839444536,1.06390375804177,1.05196317340445,1.28502197277861,1.32291870440758,1.48740138951196,14.3886033494058,16.8410534602397,31.1505035613207,31.9232268769859
16,2026081516,NUAA,W9,7,0.052176046086479,0.052176046086479,0.0557387638430218,0.0530167926313985,0.052176046086479,0.052176046086479,0,0.937197929256085,1.10842720044032,1.16982340972598,1.15250388326091,0.990642248596911,1.13953700841551,1.20304456592544,-21.5897915310202,-5.70256481288303,-24.8213822510836,-22.9733706492214
16,2026081516,PHM2010,c1,315,0.00801215564201792,0.00798163864359124,0.0103794962693196,0.010633107932084,0.00819049407155347,0.00816423872305722,0.053968253968254,1.33892780253425,1.02912444784966,1.16092856036399,1.30274084914161,1.17062521273402,1.23702102777869,1.26832012139733,7.61107317083725,12.5699525756111,13.2941628244143,2.70268145333524
16,2026081516,PHM2010,c4,315,0.0150087833008585,0.0151961149394473,0.0152299404997609,0.0159954368581373,0.0150591275367102,0.0150591275367102,0.0285714285714286,1.05257012372051,1.22734457782849,1.2258916069504,1.25526648354768,1.03276708043642,1.07739294621232,1.08627253308084,-2.3583058204301,1.88139895269825,-16.4665022618397,-19.257278470978
16,2026081516,PHM2010,c6,315,0.0145958561471217,0.0146218544703782,0.0113497478958077,0.0122375457113948,0.0145758642916344,0.0145758642916344,0.00634920634920635,1.78813917659672,1.15444678635531,0.949381181432239,1.02963362144656,1.16758987946151,1.04926383856111,0.747324708690607,41.3209076623374,34.7036352235329,46.9067512273205,42.4187090735177
17,2026081517,NUAA,W1,29,0.0189662457220917,0.0188031553844995,0.0177798419110346,0.0201138592636131,0.01855793107983,0.01855793107983,0.0689655172413793,3.30292971607883,1.12671212241488,1.07424360057809,1.17290614099022,2.25887526576363,1.07820062116123,0.897245235256814,67.3562348023182,31.6099505609428,67.4760381564095,64.4889161497911
17,2026081517,NUAA,W2,17,0.0148476120149696,0.0144463930649372,0.0163762517608315,0.0148363214522624,0.0139356538370896,0.0139356538370896,0.117647058823529,3.4025371335669,1.30069566448162,1.40338168463742,1.30119542936782,2.22476342208889,1.35360993731861,1.30145579841828,60.2176292518633,34.6145733387881,58.754845882718,61.7580829160926
17,2026081517,NUAA,W3,11,0.0295033416448534,0.0295033416448534,0.0270618023104883,0.0266176293360615,0.0295033416448534,0.0295033416448534,0,1.4329507202437,0.982297915726639,0.90824183582545,0.901823513408582,1.21951287310382,0.932108873279391,0.884640170041743,34.9517844465112,14.8949886499644,36.6173712051321,37.0652807058703
17,2026081517,NUAA,W4,28,0.0499947737234601,0.0498829239877363,0.0521321782101146,0.0522364016436155,0.0498742564749862,0.0498742564749862,0.0357142857142857,1.64802046168801,0.944031198946813,0.909895379771423,0.947623440414049,1.14137801497859,0.96007182387372,0.940176092670744,41.743937882279,30.7424852110444,44.7885872218207,42.4992915777617
17,2026081517,NUAA,W5,7,0.0243134056071281,0.0289433481729886,0.0302825821173788,0.0422390021731151,0.0308928557556908,0.0308928557556908,0.142857142857143,2.59700953777027,1.34902696097537,1.33103783761296,1.85924038015777,2.33253838821503,1.67849059631825,1.61660246794397,35.3683314632966,10.183680333431,48.7472872835207,28.4084115550044
17,2026081517,NUAA,W6,14,0.0360025923619169,0.0360025923619169,0.0351111199096593,0.033797960303312,0.0360025923619169,0.0360025923619169,0,1.38029954423586,1.05027248122869,1.03782144972874,1.01151854535314,1.2490980198039,1.01127958473746,0.984256071863097,26.7347736974505,9.50529361397364,24.8118675353699,26.7174614686178
17,2026081517,NUAA,W7,8,0.0769839701819179,0.0769839701819179,0.0746590918411004,0.0758485932239532,0.0769839701819179,0.0769839701819179,0,1.04918561667653,0.996991334617171,0.977182613729449,0.981442951347295,1.05690562987584,0.986245613942796,0.987694639914898,5.99893877053933,-0.735810048918898,6.86275162398429,6.45669024169605
17,2026081517,NUAA,W8,31,0.0589604040915583,0.0589604040915583,0.0600727855055994,0.0581625450719606,0.0589604040915583,0.0589604040915583,0,1.5195398695448,1.09532452477106,1.06315936546978,1.05133654840819,1.23936054813053,1.31150776098047,1.48740138951196,13.6904672745871,18.438431727244,30.0341250152086,30.8121774571715
17,2026081517,NUAA,W9,7,0.052176046086479,0.052176046086479,0.0557387638430218,0.0530167926313985,0.052176046086479,0.052176046086479,0,0.928580496366085,1.13787153210471,1.19292773994626,1.19367788633514,1.07457634869043,1.17718267488018,1.20304456592544,-26.7722808617001,-15.7224767153399,-28.4678866953027,-28.5486709021448
17,2026081517,PHM2010,c1,315,0.00801215564201792,0.00798163864359124,0.0103794962693196,0.010633107932084,0.00819049407155347,0.00816423872305722,0.053968253968254,1.33619619877243,1.02452415665113,1.1509277096812,1.2933942424062,1.16329765391811,1.22907821329771,1.26832012139733,8.01663599800162,12.9396075975338,13.8653656746995,3.20326883174416
17,2026081517,PHM2010,c4,315,0.0150087833008585,0.0151961149394473,0.0152299404997609,0.0159954368581373,0.0150591275367102,0.0150591275367102,0.0285714285714286,1.06135054354896,1.23107498312776,1.22897754406931,1.25869394592165,1.03728235013302,1.0808289758621,1.08627253308084,-1.83524966671279,2.26769501954222,-15.7937451993791,-18.5936120325347
17,2026081517,PHM2010,c6,315,0.0145958561471217,0.0146218544703782,0.0113497478958077,0.0122375457113948,0.0145758642916344,0.0145758642916344,0.00634920634920635,1.7426360408513,1.15095554325214,0.948522645993303,1.03051877383229,1.16067872282278,1.0522728562879,0.747324708690607,39.6160281538852,33.395230236615,45.5696643614728,40.8643715799157
18,2026081518,NUAA,W1,29,0.0189662457220917,0.0188031553844995,0.0177798419110346,0.0201138592636131,0.01855793107983,0.01855793107983,0.0689655172413793,3.18648594627986,1.20162245690443,1.14970493455003,1.23857650842845,2.28384135009231,1.16014614714204,0.897245235256814,63.5916753847141,28.3272737242531,63.9193470822529,61.13033199238
18,2026081518,NUAA,W2,17,0.0148476120149696,0.0144463930649372,0.0163762517608315,0.0148363214522624,0.0139356538370896,0.0139356538370896,0.117647058823529,3.6054705693424,1.36648814990172,1.49273034355399,1.3441763358364,2.27793323620543,1.40340233741452,1.30145579841828,61.075751128084,36.8200851346597,58.5981825438601,62.7184216322263
18,2026081518,NUAA,W3,11,0.0295033416448534,0.0295033416448534,0.0270618023104883,0.0266176293360615,0.0295033416448534,0.0295033416448534,0,1.42216002457822,0.967278478123532,0.917631514484555,0.912571731651942,1.25869100171624,0.919993395274809,0.884640170041743,35.3101353311028,11.4944183521444,35.4762123371665,35.8319938768784
18,2026081518,NUAA,W4,28,0.0499947737234601,0.0498829239877363,0.0521321782101146,0.0522364016436155,0.0498742564749862,0.0498742564749862,0.0357142857142857,1.58645774644378,0.967173700169577,0.933195083676305,0.970125231015517,1.14629839719775,0.984246755939637,0.940176092670744,37.9594724066282,27.7447886798556,41.177438493514,38.8496016871448
18,2026081518,NUAA,W5,7,0.0243134056071281,0.0289433481729886,0.0302825821173788,0.0422390021731151,0.0308928557556908,0.0308928557556908,0.142857142857143,2.42071149369978,1.27955205426415,1.25207637543357,1.77734944238134,2.37370731594392,1.58989182799031,1.61660246794397,34.3213004883807,1.9417505092282,48.276513798019,26.5773948276313
18,2026081518,NUAA,W6,14,0.0360025923619169,0.0360025923619169,0.0351111199096593,0.033797960303312,0.0360025923619169,0.0360025923619169,0,1.39633840021304,1.03180789297059,1.01249915345361,0.991822033765737,1.25173097671131,0.989052095395837,0.984256071863097,29.1681661662432,10.3561875459178,27.4889845255893,28.9697945989012
18,2026081518,NUAA,W7,8,0.0769839701819179,0.0769839701819179,0.0746590918411004,0.0758485932239532,0.0769839701819179,0.0769839701819179,0,1.11444665815422,1.00950030936275,0.982779140501759,0.995595710350864,1.07243408198078,0.990270610674059,0.987694639914898,11.1423948891217,3.76981490016104,11.8146092223502,10.6645703438334
18,2026081518,NUAA,W8,31,0.0589604040915583,0.0589604040915583,0.0600727855055994,0.0581625450719606,0.0589604040915583,0.0589604040915583,0,1.49419246433542,1.09668879204268,1.06113368007067,1.04835466543619,1.23223440118687,1.31421002822662,1.48740138951196,12.0454653871414,17.5317483792202,28.9827980398339,29.8380435948413
18,2026081518,NUAA,W9,7,0.052176046086479,0.052176046086479,0.0557387638430218,0.0530167926313985,0.052176046086479,0.052176046086479,0,0.887517089678889,1.13006928905158,1.1869976939879,1.19185543661456,1.00686391796835,1.15871301476725,1.20304456592544,-30.5566989348323,-13.4472710077779,-33.7436436764694,-34.2909844187657
18,2026081518,PHM2010,c1,315,0.00801215564201792,0.00798163864359124,0.0103794962693196,0.010633107932084,0.00819049407155347,0.00816423872305722,0.053968253968254,1.32307305658735,1.02407129296201,1.15420616266917,1.29455863724931,1.16311483360494,1.22914268645716,1.26832012139733,7.09940918700834,12.0899010214148,12.7632327691521,2.15516589927337
18,2026081518,PHM2010,c4,315,0.0150087833008585,0.0151961149394473,0.0152299404997609,0.0159954368581373,0.0150591275367102,0.0150591275367102,0.0285714285714286,1.05538954061366,1.22434453421052,1.22296026146615,1.25375444706232,1.0367647504561,1.07673438739046,1.08627253308084,-2.02246146616008,1.76473135660738,-15.8776181119869,-18.795420914757
18,2026081518,PHM2010,c6,315,0.0145958561471217,0.0146218544703782,0.0113497478958077,0.0122375457113948,0.0145758642916344,0.0145758642916344,0.00634920634920635,1.79875758572973,1.16712285295204,0.936539554206892,1.02852927710793,1.18913470970349,1.07027627898167,0.747324708690607,40.4991374339376,33.8913303750668,47.9340873035455,42.8200172570408
19,2026081519,NUAA,W1,29,0.0189662457220917,0.0188031553844995,0.0177798419110346,0.0201138592636131,0.01855793107983,0.01855793107983,0.0689655172413793,3.24539666676725,1.12699082648602,1.06914424324508,1.17204922870916,2.26181889821683,1.0621082781539,0.897245235256814,67.2733909839172,30.3068582839879,67.0565926750009,63.8857942786808
19,2026081519,NUAA,W2,17,0.0148476120149696,0.0144463930649372,0.0163762517608315,0.0148363214522624,0.0139356538370896,0.0139356538370896,0.117647058823529,3.70260798588493,1.35092166944779,1.47611840577196,1.29917458476765,2.45154022647451,1.39688444753438,1.30145579841828,62.272958604865,33.7888257190536,60.1330086414979,64.9119056157078
19,2026081519,NUAA,W3,11,0.0295033416448534,0.0295033416448534,0.0270618023104883,0.0266176293360615,0.0295033416448534,0.0295033416448534,0,1.50818429205456,0.983767299721015,0.940069438358043,0.935431625396537,1.23598654494305,0.9363222642089,0.884640170041743,37.9172512841005,18.0480428383654,37.6687952983908,37.9763049963726
19,2026081519,NUAA,W4,28,0.0499947737234601,0.0498829239877363,0.0521321782101146,0.0522364016436155,0.0498742564749862,0.0498742564749862,0.0357142857142857,1.61000355783671,1.00088343348408,0.949921248386513,0.986483999202683,1.19863439013204,1.01334017999736,0.940176092670744,37.0597552368802,25.550823518515,40.99881060742,38.7278373143363
19,2026081519,NUAA,W5,7,0.0243134056071281,0.0289433481729886,0.0302825821173788,0.0422390021731151,0.0308928557556908,0.0308928557556908,0.142857142857143,2.43138170252947,1.30941244790984,1.28400450053188,1.79853751019295,2.40169754549733,1.58565757236926,1.61660246794397,34.7836840789075,1.22087605583532,47.190336293307,26.0281712113794
19,2026081519,NUAA,W6,14,0.0360025923619169,0.0360025923619169,0.0351111199096593,0.033797960303312,0.0360025923619169,0.0360025923619169,0,1.41665396029506,1.04049615920725,1.02915432009989,1.01116559327661,1.28765571005681,1.00808738707757,0.984256071863097,28.8402520776773,9.10584051248391,27.3531611145505,28.6229649853235
19,2026081519,NUAA,W7,8,0.0769839701819179,0.0769839701819179,0.0746590918411004,0.0758485932239532,0.0769839701819179,0.0769839701819179,0,1.10451631542114,1.00767537567706,0.980662265713594,0.993866994555966,1.08694022876302,0.988906054051324,0.987694639914898,10.4670487665669,1.59129262399571,11.2134196641835,10.0178982709719
19,2026081519,NUAA,W8,31,0.0589604040915583,0.0589604040915583,0.0600727855055994,0.0581625450719606,0.0589604040915583,0.0589604040915583,0,1.47969090935286,1.10535669767292,1.07299701743201,1.06091340996303,1.22809028391529,1.33140682333902,1.48740138951196,10.0212878971251,17.0035933752953,27.485057139313,28.3016876526583
19,2026081519,NUAA,W9,7,0.052176046086479,0.052176046086479,0.0557387638430218,0.0530167926313985,0.052176046086479,0.052176046086479,0,0.89714517783202,1.08414273038537,1.14753761388699,1.12785319881949,1.02385616216782,1.12348294088945,1.20304456592544,-25.2286662905974,-14.1237992987937,-27.9099127144673,-25.7157956915047
19,2026081519,PHM2010,c1,315,0.00801215564201792,0.00798163864359124,0.0103794962693196,0.010633107932084,0.00819049407155347,0.00816423872305722,0.053968253968254,1.35910675562293,1.03098393257206,1.15985706449316,1.30221618684196,1.16977481197452,1.23513589712033,1.26832012139733,9.12149527545981,13.9306160362388,14.6603414562855,4.1858793318184
19,2026081519,PHM2010,c4,315,0.0150087833008585,0.0151961149394473,0.0152299404997609,0.0159954368581373,0.0150591275367102,0.0150591275367102,0.0285714285714286,1.06096441114086,1.22951811304094,1.22733321253874,1.25664735955234,1.03934429537255,1.08154636893055,1.08627253308084,-1.93992914121937,2.03777954672961,-15.6809031152125,-18.4438748705116
19,2026081519,PHM2010,c6,315,0.0145958561471217,0.0146218544703782,0.0113497478958077,0.0122375457113948,0.0145758642916344,0.0145758642916344,0.00634920634920635,1.7741854371735,1.15691495008797,0.947407770258741,1.04802445041165,1.16909637883536,1.05478768860478,0.747324708690607,40.5480584777433,34.1051755729728,46.6004088181401,40.9292609186736
20,2026081520,NUAA,W1,29,0.0189662457220917,0.0188031553844995,0.0177798419110346,0.0201138592636131,0.01855793107983,0.01855793107983,0.0689655172413793,3.07812925525948,1.22927257236993,1.1632553344776,1.24930046515986,2.31244130533933,1.18216985721759,0.897245235256814,61.5945348884338,24.8751071324196,62.2090159959986,59.4136450564827
20,2026081520,NUAA,W2,17,0.0148476120149696,0.0144463930649372,0.0163762517608315,0.0148363214522624,0.0139356538370896,0.0139356538370896,0.117647058823529,3.34496973665922,1.27372529666646,1.37988299522942,1.27423543796031,2.29011241802289,1.30701040272607,1.30145579841828,60.926091844662,31.5356311620883,58.7475192942231,61.9059202839619
20,2026081520,NUAA,W3,11,0.0295033416448534,0.0295033416448534,0.0270618023104883,0.0266176293360615,0.0295033416448534,0.0295033416448534,0,1.41889118547177,0.974742726737251,0.903072401753968,0.899713545837623,1.21591032295357,0.929745682766349,0.884640170041743,34.4737854258209,14.3055975395825,36.3536534019907,36.5903773982166
20,2026081520,NUAA,W4,28,0.0499947737234601,0.0498829239877363,0.0521321782101146,0.0522364016436155,0.0498742564749862,0.0498742564749862,0.0357142857142857,1.58812520576928,0.959714620846336,0.905230332443439,0.940731153061396,1.12548921289985,0.967103821571256,0.940176092670744,39.1040569057149,29.130952092995,43.0000651614271,40.7646733617761
20,2026081520,NUAA,W5,7,0.0243134056071281,0.0289433481729886,0.0302825821173788,0.0422390021731151,0.0308928557556908,0.0308928557556908,0.142857142857143,2.37278596452353,1.28998587416752,1.26898740751387,1.82219441023126,2.27276115109003,1.59408120358852,1.61660246794397,32.8181628085183,4.21550088920836,46.5190950011082,23.2044340502843
20,2026081520,NUAA,W6,14,0.0360025923619169,0.0360025923619169,0.0351111199096593,0.033797960303312,0.0360025923619169,0.0360025923619169,0,1.41909982313705,1.06819387188767,1.05697267314857,1.03929252797497,1.32746785470923,1.02985733315765,0.984256071863097,27.4288308428469,6.45704882305272,25.5180885857604,26.7639590231556
20,2026081520,NUAA,W7,8,0.0769839701819179,0.0769839701819179,0.0746590918411004,0.0758485932239532,0.0769839701819179,0.0769839701819179,0,1.09506009252265,1.01211906831688,0.985845040447083,0.996206590786422,1.04036219343276,0.996323629846825,0.987694639914898,9.01653373636978,4.99496780709878,9.97343002647227,9.02722164849457
20,2026081520,NUAA,W8,31,0.0589604040915583,0.0589604040915583,0.0600727855055994,0.0581625450719606,0.0589604040915583,0.0589604040915583,0,1.4961474362749,1.06854265795236,1.03408781654262,1.03240503716428,1.20218111537744,1.28556808463052,1.48740138951196,14.0747727489133,19.6482187363416,30.8832945556967,30.9957687235186
20,2026081520,NUAA,W9,7,0.052176046086479,0.052176046086479,0.0557387638430218,0.0530167926313985,0.052176046086479,0.052176046086479,0,0.798833873643082,1.1289961210882,1.18087292780568,1.19046539854447,1.06801924493431,1.16419293795363,1.20304456592544,-45.7365512862305,-33.6972905347156,-47.8245936693077,-49.0254028807452
20,2026081520,PHM2010,c1,315,0.00801215564201792,0.00798163864359124,0.0103794962693196,0.010633107932084,0.00819049407155347,0.00816423872305722,0.053968253968254,1.35756670155032,1.03462516078201,1.16178003555603,1.30045599349862,1.17277954764201,1.23765670206685,1.26832012139733,8.83271513263682,13.611644547357,14.4218818692819,4.20684361118176
20,2026081520,PHM2010,c4,315,0.0150087833008585,0.0151961149394473,0.0152299404997609,0.0159954368581373,0.0150591275367102,0.0150591275367102,0.0285714285714286,1.05497531404224,1.23202863273985,1.22942067649053,1.25913705749836,1.03850402751327,1.08143450084703,1.08627253308084,-2.50803847754652,1.56129591941366,-16.5354923595219,-19.3522768484375
20,2026081520,PHM2010,c6,315,0.0145958561471217,0.0146218544703782,0.0113497478958077,0.0122375457113948,0.0145758642916344,0.0145758642916344,0.00634920634920635,1.80485851183285,1.15679212956974,0.938667437845709,1.02836256291583,1.18225547508672,1.05979301269069,0.747324708690607,41.2811028818841,34.4959470597988,47.9921871054322,43.0225385439485
21,2026081521,NUAA,W1,29,0.0189662457220917,0.0188031553844995,0.0177798419110346,0.0201138592636131,0.01855793107983,0.01855793107983,0.0689655172413793,3.38590658636754,1.12916786679064,1.08483195464374,1.16917021112485,2.26891516638237,1.07489978398003,0.897245235256814,68.2537082296412,32.9894340405741,67.9603696389164,65.4695077580639
21,2026081521,NUAA,W2,17,0.0148476120149696,0.0144463930649372,0.0163762517608315,0.0148363214522624,0.0139356538370896,0.0139356538370896,0.117647058823529,3.55993106812361,1.30468688488089,1.42276563430109,1.30860411206467,2.2972855517428,1.35379595796161,1.30145579841828,61.9712873071112,35.4682574527021,60.0338993347136,63.2407457610011
21,2026081521,NUAA,W3,11,0.0295033416448534,0.0295033416448534,0.0270618023104883,0.0266176293360615,0.0295033416448534,0.0295033416448534,0,1.38965644851151,0.968569888083916,0.899757730931251,0.894987926163243,1.18822554159133,0.923767074976553,0.884640170041743,33.5255072600125,14.4950147308668,35.2532252201615,35.5964614763683
21,2026081521,NUAA,W4,28,0.0499947737234601,0.0498829239877363,0.0521321782101146,0.0522364016436155,0.0498742564749862,0.0498742564749862,0.0357142857142857,1.56962471137936,0.954832923535058,0.920789662802015,0.957840188003747,1.09713332410164,0.972204770384135,0.940176092670744,38.0613236185754,30.1021883672123,41.3369542332933,38.9764839289507
21,2026081521,NUAA,W5,7,0.0243134056071281,0.0289433481729886,0.0302825821173788,0.0422390021731151,0.0308928557556908,0.0308928557556908,0.142857142857143,2.58943444927639,1.32643559545063,1.30222594266804,1.85050194930129,2.32448389914312,1.62475425833027,1.61660246794397,37.2544742816603,10.2319852200665,49.7100247881562,28.5364435535948
21,2026081521,NUAA,W6,14,0.0360025923619169,0.0360025923619169,0.0351111199096593,0.033797960303312,0.0360025923619169,0.0360025923619169,0,1.38774638603519,1.03106141463473,1.01133923363015,0.994080257155345,1.23388210750725,1.01118767024673,0.984256071863097,27.1345484720945,11.0873485296933,27.1236269244007,28.3672962755504
21,2026081521,NUAA,W7,8,0.0769839701819179,0.0769839701819179,0.0746590918411004,0.0758485932239532,0.0769839701819179,0.0769839701819179,0,1.05981485279136,1.00816384912458,0.982123390116512,0.993288229816753,1.0647550962965,0.991524033072873,0.987694639914898,6.4436556572706,-0.466142127762313,7.33066369755255,6.27719292661216
21,2026081521,NUAA,W8,31,0.0589604040915583,0.0589604040915583,0.0600727855055994,0.0581625450719606,0.0589604040915583,0.0589604040915583,0,1.46195882883601,1.11271184776493,1.08150233077939,1.0683728216135,1.2579532431022,1.3265474068751,1.48740138951196,9.26232800062654,13.9542633971596,26.023749133861,26.9218256669973
21,2026081521,NUAA,W9,7,0.052176046086479,0.052176046086479,0.0557387638430218,0.0530167926313985,0.052176046086479,0.052176046086479,0,0.839627344067539,1.12982216806708,1.17789794888096,1.19001883645258,1.04905398908601,1.16753978032717,1.20304456592544,-39.0545208629195,-24.9428090328632,-40.2881834665704,-41.7317867099927
21,2026081521,PHM2010,c1,315,0.00801215564201792,0.00798163864359124,0.0103794962693196,0.010633107932084,0.00819049407155347,0.00816423872305722,0.053968253968254,1.34764294786226,1.03769281481055,1.16325330143421,1.30231807096664,1.18228778461097,1.24446884995469,1.26832012139733,7.6558926881359,12.2699535150311,13.6823812806314,3.36327043951204
21,2026081521,PHM2010,c4,315,0.0150087833008585,0.0151961149394473,0.0152299404997609,0.0159954368581373,0.0150591275367102,0.0150591275367102,0.0285714285714286,1.06049211273129,1.2288994566534,1.22686219891817,1.25718911412516,1.04027201648718,1.08045382395987,1.08627253308084,-1.88230643009413,1.90667106349654,-15.6880078776257,-18.5477099765768
21,2026081521,PHM2010,c6,315,0.0145958561471217,0.0146218544703782,0.0113497478958077,0.0122375457113948,0.0145758642916344,0.0145758642916344,0.00634920634920635,1.75988090012059,1.14069156398778,0.943714991058675,1.02887556642035,1.16153688882304,1.04427125796802,0.747324708690607,40.6623903983241,33.9991195572697,46.3762013103267,41.5372047989239
22,2026081522,NUAA,W1,29,0.0189662457220917,0.0188031553844995,0.0177798419110346,0.0201138592636131,0.01855793107983,0.01855793107983,0.0689655172413793,3.26261435329699,1.14618880754418,1.10252342175906,1.18862151077515,2.21095766799987,1.07757372248423,0.897245235256814,66.9720780393396,32.2335578593401,66.2073631029998,63.5684337140856
22,2026081522,NUAA,W2,17,0.0148476120149696,0.0144463930649372,0.0163762517608315,0.0148363214522624,0.0139356538370896,0.0139356538370896,0.117647058823529,3.36293052441737,1.31860974118282,1.44104648856483,1.29846744265596,2.31063665707927,1.35920824878629,1.30145579841828,59.5826247697529,31.290978499189,57.149085355711,61.3888115371957
22,2026081522,NUAA,W3,11,0.0295033416448534,0.0295033416448534,0.0270618023104883,0.0266176293360615,0.0295033416448534,0.0295033416448534,0,1.36046220040791,0.978154401287891,0.907390429029037,0.90416116062745,1.21833984222934,0.930739819867769,0.884640170041743,31.5864990891549,10.4466230767719,33.3027827780168,33.5401483145689
22,2026081522,NUAA,W4,28,0.0499947737234601,0.0498829239877363,0.0521321782101146,0.0522364016436155,0.0498742564749862,0.0498742564749862,0.0357142857142857,1.43909102818096,0.932320765774315,0.896915587425679,0.932897094188083,1.07500253416033,0.940862428542422,0.940176092670744,34.6210621761926,25.2998932583749,37.6748537888254,35.1745597797741
22,2026081522,NUAA,W5,7,0.0243134056071281,0.0289433481729886,0.0302825821173788,0.0422390021731151,0.0308928557556908,0.0308928557556908,0.142857142857143,2.39564469064263,1.37060567520058,1.32613186311625,1.89869814827059,2.27261016401018,1.65307990660164,1.61660246794397,30.9964489701431,5.13575853351813,44.6440505849588,20.7437498687975
22,2026081522,NUAA,W6,14,0.0360025923619169,0.0360025923619169,0.0351111199096593,0.033797960303312,0.0360025923619169,0.0360025923619169,0,1.39764165679279,1.02121710903133,1.00631994140584,0.991948074942562,1.25132558025297,0.986638515204329,0.984256071863097,29.406904093829,10.4687833128535,27.9987157999373,29.0270098832903
22,2026081522,NUAA,W7,8,0.0769839701819179,0.0769839701819179,0.0746590918411004,0.0758485932239532,0.0769839701819179,0.0769839701819179,0,1.10775821720168,1.02916928441803,1.00288900486068,1.01442606288507,1.11486667122954,1.01850370911688,0.987694639914898,8.05721922878318,-0.641697251031561,9.46679615755105,8.42531816666472
22,2026081522,NUAA,W8,31,0.0589604040915583,0.0589604040915583,0.0600727855055994,0.0581625450719606,0.0589604040915583,0.0589604040915583,0,1.5080420505281,1.06190403213493,1.02134672666955,1.02777898306821,1.23702293973035,1.29856145286215,1.48740138951196,13.8908989701314,17.9715884383224,32.2733257794846,31.8467954717646
22,2026081522,NUAA,W9,7,0.052176046086479,0.052176046086479,0.0557387638430218,0.0530167926313985,0.052176046086479,0.052176046086479,0,0.878793725158786,1.10529779267905,1.15692088926291,1.14434551598423,1.00484605655003,1.13189532012517,1.20304456592544,-28.8010243724318,-14.343790560005,-31.6487426049689,-30.2177613725517
22,2026081522,PHM2010,c1,315,0.00801215564201792,0.00798163864359124,0.0103794962693196,0.010633107932084,0.00819049407155347,0.00816423872305722,0.053968253968254,1.34651673453634,1.03862095949155,1.15831296478752,1.30211029086444,1.17403725054032,1.24102995453179,1.26832012139733,7.8340489426495,12.809308608809,13.9770836055465,3.29787536485304
22,2026081522,PHM2010,c4,315,0.0150087833008585,0.0151961149394473,0.0152299404997609,0.0159954368581373,0.0150591275367102,0.0150591275367102,0.0285714285714286,1.05972139886339,1.2292514733075,1.22755528454742,1.25731024065562,1.03902787316639,1.08176585769394,1.08627253308084,-2.08021267233088,1.95273264456001,-15.8375480446133,-18.6453573556368
22,2026081522,PHM2010,c6,315,0.0145958561471217,0.0146218544703782,0.0113497478958077,0.0122375457113948,0.0145758642916344,0.0145758642916344,0.00634920634920635,1.80299618097586,1.15823907649852,0.945558247753138,1.02468087787321,1.17071027329925,1.05582212805447,0.747324708690607,41.4406897144388,35.0686215726974,47.5562811652013,43.1678841760714
23,2026081523,NUAA,W1,29,0.0189662457220917,0.0188031553844995,0.0177798419110346,0.0201138592636131,0.01855793107983,0.01855793107983,0.0689655172413793,3.2297583058893,1.13337957426563,1.08730999170745,1.17578375822946,2.32317661331521,1.08496876033036,0.897245235256814,66.4071222186509,28.069645054275,66.3346328508608,63.5953019739749
23,2026081523,NUAA,W2,17,0.0148476120149696,0.0144463930649372,0.0163762517608315,0.0148363214522624,0.0139356538370896,0.0139356538370896,0.117647058823529,3.4732735238235,1.24469222332338,1.35613431115405,1.26841065383625,2.24776566793775,1.29983697668368,1.30145579841828,62.576026110009,35.2839431585183,60.9551536367004,63.4808302560653
23,2026081523,NUAA,W3,11,0.0295033416448534,0.0295033416448534,0.0270618023104883,0.0266176293360615,0.0295033416448534,0.0295033416448534,0,1.45856601661038,0.969542320204469,0.920327511194147,0.910201515530886,1.21931691407691,0.927261685565777,0.884640170041743,36.4264849855286,16.4030355711611,36.9018953744081,37.5961385932918
23,2026081523,NUAA,W4,28,0.0499947737234601,0.0498829239877363,0.0521321782101146,0.0522364016436155,0.0498742564749862,0.0498742564749862,0.0357142857142857,1.61690558560525,0.962875455666273,0.922725993431009,0.956710589765542,1.10586022679344,0.979882794582924,0.940176092670744,39.3976492315643,31.6063821760201,42.9325990555219,40.8307696947302
23,2026081523,NUAA,W5,7,0.0243134056071281,0.0289433481729886,0.0302825821173788,0.0422390021731151,0.0308928557556908,0.0308928557556908,0.142857142857143,2.26685760992326,1.29916945931668,1.27773033456919,1.84182976415239,2.2678565774592,1.56465202680922,1.61660246794397,30.9770485821477,-0.0440683848677843,43.634292291855,18.7496490256068
23,2026081523,NUAA,W6,14,0.0360025923619169,0.0360025923619169,0.0351111199096593,0.033797960303312,0.0360025923619169,0.0360025923619169,0,1.30272162599981,1.02336519459324,1.01599906377458,1.00187439578829,1.25849463738708,0.996148416528369,0.984256071863097,23.5332862641437,3.3949684821413,22.0095035272929,23.0937465232166
23,2026081523,NUAA,W7,8,0.0769839701819179,0.0769839701819179,0.0746590918411004,0.0758485932239532,0.0769839701819179,0.0769839701819179,0,1.08199529233293,0.998267749879469,0.97087368949976,0.983317761107749,1.07075921907461,0.990282916835883,0.987694639914898,8.47622685116312,1.03845860864094,10.2700634300889,9.11995938655302
23,2026081523,NUAA,W8,31,0.0589604040915583,0.0589604040915583,0.0600727855055994,0.0581625450719606,0.0589604040915583,0.0589604040915583,0,1.5112547400695,1.07185903809586,1.03526239424007,1.03316478224547,1.22120197564131,1.29544572755341,1.48740138951196,14.2801214642454,19.1928439817404,31.4964997765727,31.6352991423568
23,2026081523,NUAA,W9,7,0.052176046086479,0.052176046086479,0.0557387638430218,0.0530167926313985,0.052176046086479,0.052176046086479,0,0.972379459628855,1.13764335959803,1.20020746705129,1.18391292151715,1.06628030499,1.17666724357485,1.20304456592544,-21.0090599840491,-9.65681087062271,-23.4299485829736,-21.7542092023454
23,2026081523,PHM2010,c1,315,0.00801215564201792,0.00798163864359124,0.0103794962693196,0.010633107932084,0.00819049407155347,0.00816423872305722,0.053968253968254,1.34192383624848,1.02630222991434,1.14995644104672,1.29495112247368,1.16500639730937,1.23052778505359,1.26832012139733,8.30122009802816,13.1838658916516,14.305386789941,3.50040088013647
23,2026081523,PHM2010,c4,315,0.0150087833008585,0.0151961149394473,0.0152299404997609,0.0159954368581373,0.0150591275367102,0.0150591275367102,0.0285714285714286,1.0637403622394,1.23428324374804,1.23153072257735,1.26148129271433,1.04319993090355,1.08314418855338,1.08627253308084,-1.8241130075321,1.93096286133275,-15.7736197942809,-18.5892100642531
23,2026081523,PHM2010,c6,315,0.0145958561471217,0.0146218544703782,0.0113497478958077,0.0122375457113948,0.0145758642916344,0.0145758642916344,0.00634920634920635,1.77965288541559,1.15468171219783,0.950445622346796,1.04167093359746,1.171241092831,1.05550158231921,0.747324708690607,40.6905924762553,34.1871045511504,46.5937638662135,41.4677467648863
24,2026081524,NUAA,W1,29,0.0189662457220917,0.0188031553844995,0.0177798419110346,0.0201138592636131,0.01855793107983,0.01855793107983,0.0689655172413793,3.33226819434653,1.20435080985875,1.15563302999256,1.23766837125663,2.2551714525979,1.15363777530397,0.897245235256814,65.3798041447802,32.3232308724734,65.3199273709965,62.8580804703404
24,2026081524,NUAA,W2,17,0.0148476120149696,0.0144463930649372,0.0163762517608315,0.0148363214522624,0.0139356538370896,0.0139356538370896,0.117647058823529,3.17657585064771,1.27078080812196,1.38212509438553,1.29371388619786,2.31271349108154,1.31728358670062,1.30145579841828,58.5313353549538,27.1947656905478,56.4900962744613,59.2733198568494
24,2026081524,NUAA,W3,11,0.0295033416448534,0.0295033416448534,0.0270618023104883,0.0266176293360615,0.0295033416448534,0.0295033416448534,0,1.4312996231807,1.00561606500698,0.94966910277401,0.938641358872369,1.23472502508777,0.962385544421628,0.884640170041743,32.76141984283,13.7339935614664,33.6498740449879,34.4203447223387
24,2026081524,NUAA,W4,28,0.0499947737234601,0.0498829239877363,0.0521321782101146,0.0522364016436155,0.0498742564749862,0.0498742564749862,0.0357142857142857,1.43178663966104,0.959960236913512,0.916201547472197,0.950826441581799,1.10722381398217,0.97043168423968,0.940176092670744,32.222325774082,22.6683792604535,36.0099108279781,33.5916109814451
24,2026081524,NUAA,W5,7,0.0243134056071281,0.0289433481729886,0.0302825821173788,0.0422390021731151,0.0308928557556908,0.0308928557556908,0.142857142857143,2.51077581316306,1.28099493208922,1.24780755341678,1.79009337139051,2.09952641124847,1.58504175383445,1.61660246794397,36.8704387892909,16.3793756399341,50.301912784288,28.7035759224015
24,2026081524,NUAA,W6,14,0.0360025923619169,0.0360025923619169,0.0351111199096593,0.033797960303312,0.0360025923619169,0.0360025923619169,0,1.42255956368845,1.06250309338152,1.05305008720781,1.03349646390709,1.30447645705755,1.03348448701982,0.984256071863097,27.3503540097699,8.30074955348309,25.9749739773681,27.3495120845826
24,2026081524,NUAA,W7,8,0.0769839701819179,0.0769839701819179,0.0746590918411004,0.0758485932239532,0.0769839701819179,0.0769839701819179,0,1.13072394903146,1.01856614805568,0.992761816005264,1.00200996950475,1.10150352075956,1.01156332089954,0.987694639914898,10.5384367452364,2.58422299243955,12.201221451475,11.383324783822
24,2026081524,NUAA,W8,31,0.0589604040915583,0.0589604040915583,0.0600727855055994,0.0581625450719606,0.0589604040915583,0.0589604040915583,0,1.5101073082274,1.10812835201044,1.07792599859726,1.06738701504691,1.2513972244991,1.33315333535119,1.48740138951196,11.717973412361,17.1319006483044,28.619244955343,29.3171412897909
24,2026081524,NUAA,W9,7,0.052176046086479,0.052176046086479,0.0557387638430218,0.0530167926313985,0.052176046086479,0.052176046086479,0,0.836453678664003,1.10521094956328,1.15731759905139,1.15629855601799,1.0187583612847,1.13621510407712,1.20304456592544,-35.8371817901383,-21.7949525802644,-38.3600345807408,-38.2382055949412
24,2026081524,PHM2010,c1,315,0.00801215564201792,0.00798163864359124,0.0103794962693196,0.010633107932084,0.00819049407155347,0.00816423872305722,0.053968253968254,1.33952267868014,1.02589167992931,1.14957854335336,1.2899320267951,1.16160226383534,1.23128870723335,1.26832012139733,8.08004023891855,13.2823742125898,14.1799865242998,3.70211364647476
24,2026081524,PHM2010,c4,315,0.0150087833008585,0.0151961149394473,0.0152299404997609,0.0159954368581373,0.0150591275367102,0.0150591275367102,0.0285714285714286,1.06642648593348,1.23424816678657,1.2319733039394,1.2617565174321,1.04283891554057,1.08427187023469,1.08627253308084,-1.67338157262558,2.21183276147392,-15.523509607979,-18.3163147272767
24,2026081524,PHM2010,c6,315,0.0145958561471217,0.0146218544703782,0.0113497478958077,0.0122375457113948,0.0145758642916344,0.0145758642916344,0.00634920634920635,1.78476190643328,1.15292550427195,0.95510685309186,1.04156073531895,1.17594819162586,1.05755421929755,0.747324708690607,40.745361300825,34.1117609364539,46.485475197049,41.6414743297365
25,2026081525,NUAA,W1,29,0.0189662457220917,0.0188031553844995,0.0177798419110346,0.0201138592636131,0.01855793107983,0.01855793107983,0.0689655172413793,3.25702159208435,1.15371515132359,1.10260616021297,1.19493274641573,2.26847032706944,1.11913446025747,0.897245235256814,65.639329411345,30.3513881337914,66.1467961129679,63.312102403011
25,2026081525,NUAA,W2,17,0.0148476120149696,0.0144463930649372,0.0163762517608315,0.0148363214522624,0.0139356538370896,0.0139356538370896,0.117647058823529,3.7264607015702,1.29105463041255,1.41603139893031,1.30682651821627,2.34753909460606,1.35005934024736,1.30145579841828,63.7710028800654,37.0035193550576,62.0006351245395,64.9311606139946
25,2026081525,NUAA,W3,11,0.0295033416448534,0.0295033416448534,0.0270618023104883,0.0266176293360615,0.0295033416448534,0.0295033416448534,0,1.44728659031647,0.989606548183164,0.957613793300518,0.953421604312155,1.28525790132955,0.945089715883769,0.884640170041743,34.6992004066652,11.1953423786986,33.8338515876721,34.1235101125567
25,2026081525,NUAA,W4,28,0.0499947737234601,0.0498829239877363,0.0521321782101146,0.0522364016436155,0.0498742564749862,0.0498742564749862,0.0357142857142857,1.63104140180196,0.984896631533423,0.930754753622013,0.971912493987919,1.17611284707089,0.994456607453651,0.940176092670744,39.0293461370763,27.8919072335299,42.9349400577003,40.4115375051694
25,2026081525,NUAA,W5,7,0.0243134056071281,0.0289433481729886,0.0302825821173788,0.0422390021731151,0.0308928557556908,0.0308928557556908,0.142857142857143,2.52007721202556,1.3445676370496,1.31457498999559,1.84950336345588,2.28877644616131,1.66898284749824,1.61660246794397,33.7725511133538,9.17832059908727,47.8359240850807,26.6092580564504
25,2026081525,NUAA,W6,14,0.0360025923619169,0.0360025923619169,0.0351111199096593,0.033797960303312,0.0360025923619169,0.0360025923619169,0,1.47904856414218,1.06287305308857,1.05259280370784,1.03799835779298,1.31008895329686,1.02518638508134,0.984256071863097,30.6860903735146,11.4235336784439,28.8331141230427,29.8198596747904
25,2026081525,NUAA,W7,8,0.0769839701819179,0.0769839701819179,0.0746590918411004,0.0758485932239532,0.0769839701819179,0.0769839701819179,0,1.0848588724142,1.01143226418357,0.984689484591807,0.999280361889101,1.06265433164899,0.997935717675236,0.987694639914898,8.01239285120339,2.04676767917256,9.23340264521934,7.88844638700824
25,2026081525,NUAA,W8,31,0.0589604040915583,0.0589604040915583,0.0600727855055994,0.0581625450719606,0.0589604040915583,0.0589604040915583,0,1.50015442103673,1.08170760874988,1.04472915886682,1.03714482781594,1.25390598129785,1.31224137335313,1.48740138951196,12.5262469682118,16.4148727814772,30.3585588112439,30.8641288342046
25,2026081525,NUAA,W9,7,0.052176046086479,0.052176046086479,0.0557387638430218,0.0530167926313985,0.052176046086479,0.052176046086479,0,0.876432426568952,1.13154926236994,1.18860305046743,1.18677964819458,1.04892319249124,1.15723643017504,1.20304456592544,-32.0394356819241,-19.6810114155125,-35.6183334202453,-35.4102851762994
25,2026081525,PHM2010,c1,315,0.00801215564201792,0.00798163864359124,0.0103794962693196,0.010633107932084,0.00819049407155347,0.00816423872305722,0.053968253968254,1.33615111788386,1.03609962052026,1.15858781438055,1.29904029345596,1.1661814058848,1.23493178016769,1.26832012139733,7.57544085855148,12.7208449496531,13.2891632635481,2.77744215689299
25,2026081525,PHM2010,c4,315,0.0150087833008585,0.0151961149394473,0.0152299404997609,0.0159954368581373,0.0150591275367102,0.0150591275367102,0.0285714285714286,1.05830552528038,1.23125750230114,1.22903159124813,1.25911641314734,1.03893263278889,1.08165353284535,1.08627253308084,-2.20616891882752,1.83055762525267,-16.1320206584495,-18.9747556891716
25,2026081525,PHM2010,c6,315,0.0145958561471217,0.0146218544703782,0.0113497478958077,0.0122375457113948,0.0145758642916344,0.0145758642916344,0.00634920634920635,1.79111755373299,1.15734701720396,0.949152811441367,1.03656486807879,1.18896324337252,1.06540621093441,0.747324708690607,40.5172369220587,33.6189162517827,47.0077879889473,42.1274798006185
26,2026081526,NUAA,W1,29,0.0189662457220917,0.0188031553844995,0.0177798419110346,0.0201138592636131,0.01855793107983,0.01855793107983,0.0689655172413793,3.12233824980638,1.12680933851753,1.09086460867736,1.17763741691831,2.20427621778265,1.07711365649012,0.897245235256814,65.5029798082603,29.4030293508611,65.062574218376,62.2834772308433
26,2026081526,NUAA,W2,17,0.0148476120149696,0.0144463930649372,0.0163762517608315,0.0148363214522624,0.0139356538370896,0.0139356538370896,0.117647058823529,3.19407134974926,1.26401133234315,1.39229429016807,1.26628045311388,2.2870391818026,1.31520357091775,1.30145579841828,58.8236007620494,28.3973671414031,56.4100441814688,60.3552859514774
26,2026081526,NUAA,W3,11,0.0295033416448534,0.0295033416448534,0.0270618023104883,0.0266176293360615,0.0295033416448534,0.0295033416448534,0,1.43074369802141,0.956610849517269,0.925098960773457,0.92399934792388,1.24722579519191,0.919398249692013,0.884640170041743,35.7398357956453,12.8267489895838,35.3413918892121,35.4182479222736
26,2026081526,NUAA,W4,28,0.0499947737234601,0.0498829239877363,0.0521321782101146,0.0522364016436155,0.0498742564749862,0.0498742564749862,0.0357142857142857,1.50786818024744,0.953993913012968,0.915176093997566,0.947939899942848,1.12891986650076,0.985239981593611,0.940176092670744,34.6600721137351,25.1313953507851,39.3066246780678,37.1337685640867
26,2026081526,NUAA,W5,7,0.0243134056071281,0.0289433481729886,0.0302825821173788,0.0422390021731151,0.0308928557556908,0.0308928557556908,0.142857142857143,2.30789645745495,1.29523797536475,1.26712403379768,1.77577011442885,2.34013320950267,1.60558862979419,1.61660246794397,30.4306471545623,-1.39680235409098,45.0961489323048,23.0567684831454
26,2026081526,NUAA,W6,14,0.0360025923619169,0.0360025923619169,0.0351111199096593,0.033797960303312,0.0360025923619169,0.0360025923619169,0,1.42172047688792,1.06042414951742,1.04812436004793,1.02990315091519,1.28995744287985,1.02596382266241,0.984256071863097,27.8364601663332,9.26785793340323,26.2777474836528,27.559378396969
26,2026081526,NUAA,W7,8,0.0769839701819179,0.0769839701819179,0.0746590918411004,0.0758485932239532,0.0769839701819179,0.0769839701819179,0,1.10575097462429,1.00631402328203,0.982242864369629,0.990255317388524,1.07650692588318,1.00060470663919,0.987694639914898,9.50903688064405,2.64472285462392,11.1696135105491,10.4449971002748
26,2026081526,NUAA,W8,31,0.0589604040915583,0.0589604040915583,0.0600727855055994,0.0581625450719606,0.0589604040915583,0.0589604040915583,0,1.55777580164084,1.08350076824619,1.0463332033222,1.03843329469519,1.25571372837709,1.31184978295536,1.48740138951196,15.7869969752027,19.3905999146718,32.8315921829012,33.3387196282424
26,2026081526,NUAA,W9,7,0.052176046086479,0.052176046086479,0.0557387638430218,0.0530167926313985,0.052176046086479,0.052176046086479,0,0.912634346977439,1.12638121444898,1.18172513216894,1.17478374758088,1.06697114562292,1.15917763422933,1.20304456592544,-27.0144651106351,-16.9111319507786,-29.4850600443321,-28.7244723444455
26,2026081526,PHM2010,c1,315,0.00801215564201792,0.00798163864359124,0.0103794962693196,0.010633107932084,0.00819049407155347,0.00816423872305722,0.053968253968254,1.35041113242048,1.02343752339252,1.14771953325569,1.29402595574517,1.16739122892998,1.22285865677184,1.26832012139733,9.44545498673586,13.5529024529339,15.0096214625754,4.17540816434509
26,2026081526,PHM2010,c4,315,0.0150087833008585,0.0151961149394473,0.0152299404997609,0.0159954368581373,0.0150591275367102,0.0150591275367102,0.0285714285714286,1.05464524238052,1.23224958065,1.23029153560028,1.25996738123064,1.035598181333,1.08137296986031,1.08627253308084,-2.53428607134865,1.80601592669476,-16.6545380533167,-19.4683606012072
26,2026081526,PHM2010,c6,315,0.0145958561471217,0.0146218544703782,0.0113497478958077,0.0122375457113948,0.0145758642916344,0.0145758642916344,0.00634920634920635,1.7780056966681,1.16880055133996,0.970261037613168,1.03901919627989,1.18416606837157,1.07035383167118,0.747324708690607,39.8003148315566,33.3991971684544,45.4298127710505,41.5626621316812
27,2026081527,NUAA,W1,29,0.0189662457220917,0.0188031553844995,0.0177798419110346,0.0201138592636131,0.01855793107983,0.01855793107983,0.0689655172413793,3.27925736811871,1.13013864881389,1.0890957187823,1.17303680252999,2.20267912527882,1.06454770393628,0.897245235256814,67.5369272846369,32.8299405013615,66.7883427092182,64.2285837661181
27,2026081527,NUAA,W2,17,0.0148476120149696,0.0144463930649372,0.0163762517608315,0.0148363214522624,0.0139356538370896,0.0139356538370896,0.117647058823529,3.08153659091702,1.31879852239229,1.43975812434104,1.29100058796326,2.2896399368335,1.3771390858457,1.30145579841828,55.3099875592949,25.6981097163562,53.277915680612,58.1052974750146
27,2026081527,NUAA,W3,11,0.0295033416448534,0.0295033416448534,0.0270618023104883,0.0266176293360615,0.0295033416448534,0.0295033416448534,0,1.38455164575729,1.00729152097764,0.934230346239879,0.922386824017885,1.26009146148418,0.959885207952329,0.884640170041743,30.6717657738715,8.98920489203073,32.524702194919,33.3801070661122
27,2026081527,NUAA,W4,28,0.0499947737234601,0.0498829239877363,0.0521321782101146,0.0522364016436155,0.0498742564749862,0.0498742564749862,0.0357142857142857,1.44330571799522,0.975855909095454,0.935346769602883,0.977516652132621,1.14048115201468,0.98429398327835,0.940176092670744,31.8028071941991,20.9813182477491,35.1941339980211,32.2723772278537
27,2026081527,NUAA,W5,7,0.0243134056071281,0.0289433481729886,0.0302825821173788,0.0422390021731151,0.0308928557556908,0.0308928557556908,0.142857142857143,2.80459327684071,1.30901089730297,1.28746283345676,1.84321789859188,2.37795214164387,1.620665078087,1.61660246794397,42.213899909486,15.2122284083002,54.0944904885801,34.2786023979845
27,2026081527,NUAA,W6,14,0.0360025923619169,0.0360025923619169,0.0351111199096593,0.033797960303312,0.0360025923619169,0.0360025923619169,0,1.44097926586948,1.02709760656922,1.01586257734166,0.997184407420574,1.26479849172521,0.990213614114049,0.984256071863097,31.2818971398203,12.2264614291975,29.5019295972526,30.7981432460876
27,2026081527,NUAA,W7,8,0.0769839701819179,0.0769839701819179,0.0746590918411004,0.0758485932239532,0.0769839701819179,0.0769839701819179,0,1.06706457096774,1.00587094752747,0.983145332955696,0.98914201714361,1.08631434629776,0.986238843943986,0.987694639914898,7.57458632053087,-1.80399348397092,7.86449482958057,7.30251532514667
27,2026081527,NUAA,W8,31,0.0589604040915583,0.0589604040915583,0.0600727855055994,0.0581625450719606,0.0589604040915583,0.0589604040915583,0,1.46138220859904,1.06329248914323,1.02846709888548,1.02548753476558,1.2441549374864,1.28844555706095,1.48740138951196,11.8337728843623,14.8645077129336,29.623674570979,29.827561281955
27,2026081527,NUAA,W9,7,0.052176046086479,0.052176046086479,0.0557387638430218,0.0530167926313985,0.052176046086479,0.052176046086479,0,0.956524286701624,1.13061266012129,1.19171445909839,1.19182165788722,1.06877456651141,1.15693083199539,1.20304456592544,-20.9515375699264,-11.735225270323,-24.5879979909101,-24.5992051071665
27,2026081527,PHM2010,c1,315,0.00801215564201792,0.00798163864359124,0.0103794962693196,0.010633107932084,0.00819049407155347,0.00816423872305722,0.053968253968254,1.34094514125857,1.03063902769013,1.15669795456186,1.30209423202337,1.16774036281094,1.23409835672458,1.26832012139733,7.96802055852206,12.916619264906,13.7400987577895,2.89727804962464
27,2026081527,PHM2010,c4,315,0.0150087833008585,0.0151961149394473,0.0152299404997609,0.0159954368581373,0.0150591275367102,0.0150591275367102,0.0285714285714286,1.05615707679935,1.22937511605821,1.22693603304972,1.25741130801467,1.03954648912041,1.08019223380751,1.08627253308084,-2.27571802870431,1.57273837801436,-16.1698444295721,-19.0553314119925
27,2026081527,PHM2010,c6,315,0.0145958561471217,0.0146218544703782,0.0113497478958077,0.0122375457113948,0.0145758642916344,0.0145758642916344,0.00634920634920635,1.76945895114111,1.14959372522629,0.954096493066129,1.03434214527655,1.17630143785003,1.05158509777766,0.747324708690607,40.5702462269889,33.5219708209987,46.0797611354113,41.5447222096047
28,2026081528,NUAA,W1,29,0.0189662457220917,0.0188031553844995,0.0177798419110346,0.0201138592636131,0.01855793107983,0.01855793107983,0.0689655172413793,3.31897858309535,1.1121537578554,1.06914935586589,1.15844317106355,2.30397719610528,1.0667604775147,0.897245235256814,67.8587718839748,30.5817395797553,67.7867955728482,65.0963951089084
28,2026081528,NUAA,W2,17,0.0148476120149696,0.0144463930649372,0.0163762517608315,0.0148363214522624,0.0139356538370896,0.0139356538370896,0.117647058823529,3.35552619468759,1.31858866716659,1.43958950228282,1.32452155563263,2.2518254354366,1.36038107975401,1.30145579841828,59.458487258787,32.8920322838891,57.0979507010868,60.5271579244534
28,2026081528,NUAA,W3,11,0.0295033416448534,0.0295033416448534,0.0270618023104883,0.0266176293360615,0.0295033416448534,0.0295033416448534,0,1.48286201559194,0.947128325585408,0.912468075127787,0.906487962735913,1.20021441832265,0.905212912942748,0.884640170041743,38.9550137892365,19.0609506681885,38.4657462708328,38.8690280549094
28,2026081528,NUAA,W4,28,0.0499947737234601,0.0498829239877363,0.0521321782101146,0.0522364016436155,0.0498742564749862,0.0498742564749862,0.0357142857142857,1.50896469319866,0.955067055400909,0.913898745055638,0.954336264046646,1.13696267020226,0.974345856263893,0.940176092670744,35.4295126548985,24.6527983506254,39.4353791593109,36.7555603952754
28,2026081528,NUAA,W5,7,0.0243134056071281,0.0289433481729886,0.0302825821173788,0.0422390021731151,0.0308928557556908,0.0308928557556908,0.142857142857143,2.49606906833859,1.30155300218636,1.28194745915512,1.76449063506984,2.23448583248302,1.59334124818095,1.61660246794397,36.1659792033922,10.4798075972186,48.6413466912437,29.3092223507939
28,2026081528,NUAA,W6,14,0.0360025923619169,0.0360025923619169,0.0351111199096593,0.033797960303312,0.0360025923619169,0.0360025923619169,0,1.39010965774617,1.00623569138637,0.992420681236745,0.979719019821008,1.22680307048154,0.976042578042635,0.984256071863097,29.7866486572632,11.7477485574341,28.6084607997193,29.5221773072595
28,2026081528,NUAA,W7,8,0.0769839701819179,0.0769839701819179,0.0746590918411004,0.0758485932239532,0.0769839701819179,0.0769839701819179,0,1.07887670515466,1.00836662033247,0.984268148446333,0.991697536642113,1.06776274867518,0.992021250663008,0.987694639914898,8.05054498597211,1.03014148200391,8.76917225632029,8.08054971397744
28,2026081528,NUAA,W8,31,0.0589604040915583,0.0589604040915583,0.0600727855055994,0.0581625450719606,0.0589604040915583,0.0589604040915583,0,1.56361395851407,1.10002871979065,1.06570696728736,1.05247448697183,1.27263702830476,1.31584162533898,1.48740138951196,15.8461320856046,18.6092563720674,31.8433452525511,32.6896206547034
28,2026081528,NUAA,W9,7,0.052176046086479,0.052176046086479,0.0557387638430218,0.0530167926313985,0.052176046086479,0.052176046086479,0,0.881321873372501,1.11339196169588,1.17056284324205,1.16120272857607,1.00199665396455,1.14820246783772,1.20304456592544,-30.2818530355957,-13.6924753870309,-32.8189936739825,-31.7569396221348
28,2026081528,PHM2010,c1,315,0.00801215564201792,0.00798163864359124,0.0103794962693196,0.010633107932084,0.00819049407155347,0.00816423872305722,0.053968253968254,1.36103413414742,1.03442031542653,1.1646082140289,1.30498650971983,1.17223126222349,1.23689683586777,1.26832012139733,9.12080712490108,13.8720159316355,14.4321082910658,4.11801754426253
28,2026081528,PHM2010,c4,315,0.0150087833008585,0.0151961149394473,0.0152299404997609,0.0159954368581373,0.0150591275367102,0.0150591275367102,0.0285714285714286,1.05914578475406,1.23302235473117,1.23128823850144,1.2607773851474,1.04153558210607,1.083732518737,1.08627253308084,-2.32137391630639,1.66267976528588,-16.2529517867415,-19.0371904695031
28,2026081528,PHM2010,c6,315,0.0145958561471217,0.0146218544703782,0.0113497478958077,0.0122375457113948,0.0145758642916344,0.0145758642916344,0.00634920634920635,1.79084633585415,1.15872756985013,0.960863717453195,1.04054743868058,1.17637926328178,1.06155017601775,0.747324708690607,40.7235475895013,34.3115464610369,46.3458311181732,41.896330363583
29,2026081529,NUAA,W1,29,0.0189662457220917,0.0188031553844995,0.0177798419110346,0.0201138592636131,0.01855793107983,0.01855793107983,0.0689655172413793,3.12527233933192,1.11557640196561,1.07745461776486,1.17076962284706,2.23224203912728,1.06887803789756,0.897245235256814,65.7988833662395,28.5744793810686,65.5244567263797,62.5386367737369
29,2026081529,NUAA,W2,17,0.0148476120149696,0.0144463930649372,0.0163762517608315,0.0148363214522624,0.0139356538370896,0.0139356538370896,0.117647058823529,3.30900880093736,1.2403001470505,1.348682602596,1.25722338960094,2.25821089006797,1.28132958424387,1.30145579841828,61.2775407584016,31.7556698722509,59.2420968413878,62.0060427386955
29,2026081529,NUAA,W3,11,0.0295033416448534,0.0295033416448534,0.0270618023104883,0.0266176293360615,0.0295033416448534,0.0295033416448534,0,1.56933361126639,0.998036722792365,0.94894541347761,0.94085612558017,1.2647662677155,0.952945151027132,0.884640170041743,39.2770826938355,19.4074313685997,39.5319512266196,40.0474112817262
29,2026081529,NUAA,W4,28,0.0499947737234601,0.0498829239877363,0.0521321782101146,0.0522364016436155,0.0498742564749862,0.0498742564749862,0.0357142857142857,1.59034755165105,0.990906664477188,0.93769685475208,0.973019686944182,1.17717817747374,1.00179485230542,0.940176092670744,37.0078036549063,25.9798164085809,41.0382432582995,38.8171669812662
29,2026081529,NUAA,W5,7,0.0243134056071281,0.0289433481729886,0.0302825821173788,0.0422390021731151,0.0308928557556908,0.0308928557556908,0.142857142857143,2.27710876971828,1.42551111622466,1.41210146522187,1.96032919891558,2.21885865954809,1.72689980291092,1.61660246794397,24.1626124375002,2.5580732437913,37.9870876613166,13.9114817445411
29,2026081529,NUAA,W6,14,0.0360025923619169,0.0360025923619169,0.0351111199096593,0.033797960303312,0.0360025923619169,0.0360025923619169,0,1.45755180555879,1.02313454670868,1.00986920247608,0.988841065858817,1.2528736728989,0.987745192439469,0.984256071863097,32.2325842091908,14.0425974486317,30.7146957916242,32.1573983108119
29,2026081529,NUAA,W7,8,0.0769839701819179,0.0769839701819179,0.0746590918411004,0.0758485932239532,0.0769839701819179,0.0769839701819179,0,1.09570155209704,1.02213618381748,0.99352965800052,1.00587564595673,1.09003102724239,1.01296945470095,0.987694639914898,7.55060511119602,0.517524579918762,9.32479231237543,8.19802673167669
29,2026081529,NUAA,W8,31,0.0589604040915583,0.0589604040915583,0.0600727855055994,0.0581625450719606,0.0589604040915583,0.0589604040915583,0,1.54743856331467,1.11067301605489,1.08062790706654,1.06909985253394,1.27017497245726,1.32777096821615,1.48740138951196,14.1955616401327,17.9175831228805,30.1666681518011,30.9116447089253
29,2026081529,NUAA,W9,7,0.052176046086479,0.052176046086479,0.0557387638430218,0.0530167926313985,0.052176046086479,0.052176046086479,0,0.938624406869824,1.13164331388288,1.18811928601245,1.1971322650389,1.03539899868632,1.17020495860117,1.20304456592544,-24.6723343263189,-10.3102573412965,-26.5809068373429,-27.5411395950334
29,2026081529,PHM2010,c1,315,0.00801215564201792,0.00798163864359124,0.0103794962693196,0.010633107932084,0.00819049407155347,0.00816423872305722,0.053968253968254,1.32594674718225,1.02501285455524,1.14934039842138,1.29444782773361,1.16882962861898,1.23257915817392,1.26832012139733,7.04157909861351,11.8494290134318,13.3192640757381,2.37557952576724
29,2026081529,PHM2010,c4,315,0.0150087833008585,0.0151961149394473,0.0152299404997609,0.0159954368581373,0.0150591275367102,0.0150591275367102,0.0285714285714286,1.06194391679931,1.23349976646351,1.23065087226357,1.26049990213155,1.04209850439374,1.08364908080048,1.08627253308084,-2.0439086902625,1.86878158927424,-15.8866163076432,-18.6974078565927
29,2026081529,PHM2010,c6,315,0.0145958561471217,0.0146218544703782,0.0113497478958077,0.0122375457113948,0.0145758642916344,0.0145758642916344,0.00634920634920635,1.79438628574932,1.15784839859598,0.956707905238692,1.04321042797835,1.17259064165993,1.05830492174507,0.747324708690607,41.0213436120234,34.6522735392916,46.6832803596034,41.8625500950751
30,2026081530,NUAA,W1,29,0.0189662457220917,0.0188031553844995,0.0177798419110346,0.0201138592636131,0.01855793107983,0.01855793107983,0.0689655172413793,3.25361653652672,1.1886493429217,1.12206321868589,1.22419617064257,2.32521287103528,1.12398015712395,0.897245235256814,65.4544367934699,28.5345139806343,65.5133539527768,62.3742946687439
30,2026081530,NUAA,W2,17,0.0148476120149696,0.0144463930649372,0.0163762517608315,0.0148363214522624,0.0139356538370896,0.0139356538370896,0.117647058823529,3.6387391874799,1.26724187454599,1.37905597642991,1.29166166695789,2.28435845163225,1.31989471350274,1.30145579841828,63.7265919457979,37.2211545281337,62.1007193597459,64.5024938472587
30,2026081530,NUAA,W3,11,0.0295033416448534,0.0295033416448534,0.0270618023104883,0.0266176293360615,0.0295033416448534,0.0295033416448534,0,1.43258488632357,0.986616527200357,0.912354734691338,0.904537964953099,1.22371760451955,0.936075293458875,0.884640170041743,34.6583017596176,14.579749081399,36.3140890706516,36.8597300175067
30,2026081530,NUAA,W4,28,0.0499947737234601,0.0498829239877363,0.0521321782101146,0.0522364016436155,0.0498742564749862,0.0498742564749862,0.0357142857142857,1.48751980983611,0.931545901332364,0.907821386050113,0.941165226275907,1.1059012461156,0.960030645496955,0.940176092670744,35.4609841731972,25.6546878365648,38.9708036123477,36.7292307603217
30,2026081530,NUAA,W5,7,0.0243134056071281,0.0289433481729886,0.0302825821173788,0.0422390021731151,0.0308928557556908,0.0308928557556908,0.142857142857143,2.59500876675487,1.30706514924552,1.2790808507047,1.79056089505687,2.24914355901793,1.61038727134226,1.61660246794397,37.9428966879332,13.3280939998305,50.7099603249422,30.9998132570464
30,2026081530,NUAA,W6,14,0.0360025923619169,0.0360025923619169,0.0351111199096593,0.033797960303312,0.0360025923619169,0.0360025923619169,0,1.40061514207504,1.02253931849663,1.00461090047471,0.984437880235537,1.25738136645811,0.979355658352171,0.984256071863097,30.0767477851744,10.2264905836106,28.2735942018762,29.7138913708251
30,2026081530,NUAA,W7,8,0.0769839701819179,0.0769839701819179,0.0746590918411004,0.0758485932239532,0.0769839701819179,0.0769839701819179,0,1.06701541122492,1.02033298587257,0.994683442439309,1.00380690786927,1.09907746300261,1.01077578890057,0.987694639914898,5.27074133444677,-3.00483492931774,6.77890572382424,5.92386039514537
30,2026081530,NUAA,W8,31,0.0589604040915583,0.0589604040915583,0.0600727855055994,0.0581625450719606,0.0589604040915583,0.0589604040915583,0,1.51343664236752,1.08970079569479,1.05288113370771,1.04861811618278,1.2428626214217,1.31390784486148,1.48740138951196,13.1838222969091,17.8781201255015,30.4311059853387,30.7127839496216
30,2026081530,NUAA,W9,7,0.052176046086479,0.052176046086479,0.0557387638430218,0.0530167926313985,0.052176046086479,0.052176046086479,0,0.898320904284354,1.11862158856607,1.17810323737821,1.16033521914356,1.01478069717742,1.15336106450647,1.20304456592544,-28.3907631455253,-12.964163734545,-31.145031999088,-29.1671176313034
30,2026081530,PHM2010,c1,315,0.00801215564201792,0.00798163864359124,0.0103794962693196,0.010633107932084,0.00819049407155347,0.00816423872305722,0.053968253968254,1.3531558503801,1.03013771369779,1.15548627082232,1.30025416909249,1.17511831168799,1.23805291973901,1.26832012139733,8.50625821177652,13.157208657236,14.6080423405964,3.9095039401963
30,2026081530,PHM2010,c4,315,0.0150087833008585,0.0151961149394473,0.0152299404997609,0.0159954368581373,0.0150591275367102,0.0150591275367102,0.0285714285714286,1.06244884040776,1.23282832395335,1.2301387483849,1.25975775323829,1.04201295313886,1.08378093161445,1.08627253308084,-2.00782290830134,1.92347024079372,-15.7833395453456,-18.5711448237643
30,2026081530,PHM2010,c6,315,0.0145958561471217,0.0146218544703782,0.0113497478958077,0.0122375457113948,0.0145758642916344,0.0145758642916344,0.00634920634920635,1.78563702009245,1.13944771257034,0.949593901708529,1.04195844716746,1.15980926214083,1.04411785489521,0.747324708690607,41.5268700667313,35.0478709227937,46.8204404913511,41.6478021320643
