Repeat,Seed,Dataset,TargetSensor,FaultType,RunLevelN,FullMAE,MedianReplacementMAE,MaskDropoutMAE,AutoMAE,MedianImprovementPercent,MaskDropoutImprovementPercent,AutoImprovementPercent,CorrectDetectionRate,MeanDurationFraction,MeanSeverity
1,2026071801,NUAA,force_z,Saturation,152,0.0960904859008732,0.0413005364123825,0.0404983891623085,0.0429067725080095,57.0191200250688,57.8539032427346,55.3475329989776,0.993421052631579,0.419309585983234,0.419309585983234
1,2026071801,NUAA,force_z,Dropout,152,0.0541804286687371,0.0414161160396537,0.0404903782912169,0.0431420696923167,23.558899297614,25.2675194971641,20.3733326731497,0.914473684210526,0.405049293902675,0.405049293902675
1,2026071801,NUAA,force_z,Bias,152,0.0635470731746169,0.0433911633724402,0.0430541202244865,0.0443698837125778,31.7180773169389,32.248460749434,30.1779271711591,0.625,0.613628120588837,1.72079938500812
1,2026071801,NUAA,force_z,Noise,152,0.0902443362911333,0.0436522665521412,0.0431314580411638,0.044273184365005,51.6288020432479,52.2059114025514,50.9407612881354,0.625,0.616484322739211,1.10417046287773
1,2026071801,NUAA,vibration_x,Saturation,152,0.0393534336214625,0.0395381377630809,0.0395176528204299,0.0401040677128648,-0.469346953038696,-0.417293191102483,-1.90741702140311,1,0.414227657365456,0.414227657365456
1,2026071801,NUAA,vibration_x,Dropout,152,0.0394922523714091,0.0395381377630809,0.0395176528204299,0.0401040677128648,-0.116188338006896,-0.0643175496345623,-1.54920346325618,1,0.402224415151834,0.402224415151834
1,2026071801,NUAA,vibration_x,Bias,152,0.0395807129639349,0.0396586645435607,0.0397748471007434,0.0396399945207572,-0.196943343837218,-0.490476604060666,-0.149773847874718,0.539473684210526,0.588279649133209,1.81732091873455
1,2026071801,NUAA,vibration_x,Noise,152,0.0401511673498522,0.0402738338572653,0.0408740951680809,0.0401265262942741,-0.305511683743271,-1.80051506829062,0.0613707077639087,0.0921052631578947,0.586636359279844,1.07448974345539
1,2026071801,NUAA,vibration_y,Saturation,152,0.0537696619898312,0.0381670474217936,0.0380965929566498,0.0380944885855088,29.0175053936333,29.1485355369083,29.1524492143672,1,0.416709501112774,0.416709501112774
1,2026071801,NUAA,vibration_y,Dropout,152,0.041654234351607,0.0381670474217936,0.0380965929566498,0.0380944885855088,8.37174655613107,8.54088774007179,8.54593973820307,1,0.399319207443247,0.399319207443247
1,2026071801,NUAA,vibration_y,Bias,152,0.0496001818253437,0.0390044842797814,0.0392996733044171,0.0390228446556975,21.3622151283088,20.76707814741,21.3251983770785,0.697368421052632,0.630755362715336,1.76716859318271
1,2026071801,NUAA,vibration_y,Noise,152,0.0399961375058289,0.0381982272837634,0.0379984346962815,0.0379105932095073,4.49520962318803,4.9947393276571,5.21436425209235,0.125,0.584455940672517,1.14109963296269
1,2026071801,PHM2010,force_z,Saturation,945,0.018661928455378,0.0132185972114446,0.0112049374226772,0.0109959153803692,29.1681069132207,39.9583089739678,41.0783542190654,1,0.400787299339733,0.400787299339733
1,2026071801,PHM2010,force_z,Dropout,945,0.0215438783279252,0.0132185972114446,0.0112049374226772,0.0109959153803692,38.643372329528,47.9901564048782,48.9603718838482,1,0.398381933572295,0.398381933572295
1,2026071801,PHM2010,force_z,Bias,945,0.014121124612518,0.0126534553208041,0.011603705739457,0.0114444795559283,10.3934306366284,17.8273256708556,18.9549000524854,0.711111111111111,0.608223981560233,1.71613602866086
1,2026071801,PHM2010,force_z,Noise,945,0.0133247743472455,0.0126286442323935,0.0118392913131347,0.0116132435427218,5.2243294836424,11.148279103262,12.8447263715013,0.602116402116402,0.603012915380967,1.10727592384493
1,2026071801,PHM2010,vibration_x,Saturation,945,0.0149756927191576,0.0120398101287495,0.0124170466189279,0.0129484263922632,19.6043191154187,17.0853271912867,13.5370454302993,0.998941798941799,0.40361336739702,0.40361336739702
1,2026071801,PHM2010,vibration_x,Dropout,945,0.0127432402405541,0.0120343868151936,0.012411633083283,0.012942617788988,5.56258386391081,2.60222008697394,-1.56457497991328,0.998941798941799,0.398478210264789,0.398478210264789
1,2026071801,PHM2010,vibration_x,Bias,945,0.0153236321477599,0.0126517208671891,0.0129708710101461,0.0130379393042456,17.4365402066991,15.3538085156772,14.9161296843614,0.393650793650794,0.592901625530451,1.7754037093256
1,2026071801,PHM2010,vibration_x,Noise,945,0.0137667299299453,0.0130350982249613,0.0131948847219937,0.0132110652355379,5.31449159464159,4.15382019449446,4.03628673791783,0.13015873015873,0.588986882766347,1.12658174890618
1,2026071801,PHM2010,vibration_y,Saturation,945,0.014130047137843,0.0124332760605846,0.0130952703342575,0.013044103703886,12.0082478190332,7.3232367414692,7.68534898265518,0.998941798941799,0.400609017702784,0.400609017702784
1,2026071801,PHM2010,vibration_y,Dropout,945,0.0117771990135213,0.0126311542572702,0.0130037859988227,0.0129854597447452,-7.25091970313546,-10.4149295931327,-10.2593216760343,0.793650793650794,0.409675797260443,0.409675797260443
1,2026071801,PHM2010,vibration_y,Bias,945,0.0141299485075843,0.0139132666419428,0.0155415273091314,0.0138563530335216,1.53349366790068,-9.98997838378136,1.93628075796476,0.104761904761905,0.603691716767983,1.74632178867428
1,2026071801,PHM2010,vibration_y,Noise,945,0.0142704712244052,0.0137522270816928,0.0129074836379155,0.0139545874843799,3.63158395096411,9.55110427018516,2.21354806760077,0.00105820105820106,0.59482942007694,1.10397120836324
2,2026071802,NUAA,force_z,Saturation,152,0.0910496464853221,0.0412685600392954,0.0400778212756704,0.0430820646817242,54.6746619758175,55.9824526258526,52.6828863759846,0.973684210526316,0.375200980858882,0.375200980858882
2,2026071802,NUAA,force_z,Dropout,152,0.0571211414638822,0.0416232366631551,0.0406746444872144,0.0432045837708814,27.1316440875511,28.7923114895505,24.36323458592,0.940789473684211,0.413703667254674,0.413703667254674
2,2026071802,NUAA,force_z,Bias,152,0.068855707523002,0.0432102476478813,0.0427784988817011,0.0443971510204795,37.2452201824424,37.8722542827543,35.5214656596939,0.710526315789474,0.609313417937053,1.82583705433526
2,2026071802,NUAA,force_z,Noise,152,0.0847676049916552,0.0484062207682664,0.0475422352712478,0.0504403511743508,42.8953775761015,43.9146177647369,40.4957221814675,0.565789473684211,0.595403163137453,1.09605312915161
2,2026071802,NUAA,vibration_x,Saturation,152,0.039588920920547,0.0395381377630809,0.0395176528204299,0.0401040677128648,0.128276185067099,0.180020314926445,-1.30123979219256,1,0.398958785831643,0.398958785831643
2,2026071802,NUAA,vibration_x,Dropout,152,0.0394591371700549,0.0395381377630809,0.0395176528204299,0.0401040677128648,-0.200208617551655,-0.148294297776342,-1.63442636880393,1,0.422968568170348,0.422968568170348
2,2026071802,NUAA,vibration_x,Bias,152,0.0403533299926729,0.039573056672225,0.0397620229224251,0.0397121464380854,1.93360330012305,1.4653241017659,1.58892352800604,0.526315789473684,0.603896447176841,1.70635471934917
2,2026071802,NUAA,vibration_x,Noise,152,0.0402141820540088,0.0400900774360918,0.0405835164766182,0.0399172764997996,0.308609081617821,-0.918418338369606,0.738310563697271,0.0986842105263158,0.622078105594151,1.06629752854967
2,2026071802,NUAA,vibration_y,Saturation,152,0.0485725886350056,0.0381670474217936,0.0380965929566498,0.0380944885855088,21.4226614344226,21.5677112806912,21.5720437060368,1,0.413858571784701,0.413858571784701
2,2026071802,NUAA,vibration_y,Dropout,152,0.0424803215945334,0.0381670474217936,0.0380965929566498,0.0380944885855088,10.1535817311112,10.319433736226,10.3243874914286,1,0.408617444382707,0.408617444382707
2,2026071802,NUAA,vibration_y,Bias,152,0.0460092767667944,0.0368746726958657,0.0368078216468692,0.0369296633388952,19.8538310376599,19.9991301027492,19.7343102651249,0.618421052631579,0.604844545922645,1.72298489320216
2,2026071802,NUAA,vibration_y,Noise,152,0.0401564061342117,0.0383634189520339,0.038153131323028,0.0384217125958555,4.46500908518875,4.98868052207747,4.31984259885845,0.177631578947368,0.611450179798384,1.12898146174177
2,2026071802,PHM2010,force_z,Saturation,945,0.0188385312571467,0.0132185972114446,0.0112049374226772,0.0109959153803692,29.8321242191858,40.5211729633836,41.6307182854409,1,0.395094904669679,0.395094904669679
2,2026071802,PHM2010,force_z,Dropout,945,0.0219763126091898,0.0132185972114446,0.0112049374226772,0.0109959153803692,39.8507044993665,49.0135691918049,49.9646934592153,1,0.400621924074399,0.400621924074399
2,2026071802,PHM2010,force_z,Bias,945,0.0144556375932798,0.0125923060500395,0.0113780518377846,0.0113041084292765,12.8899990139943,21.2898651867557,21.8013847100625,0.740740740740741,0.609365880780524,1.74647038678415
2,2026071802,PHM2010,force_z,Noise,945,0.0131616619046657,0.0128147810576525,0.0120572192416432,0.0119347596591739,2.6355398697047,8.39136175220402,9.32178819345702,0.580952380952381,0.606084387648301,1.10777961518804
2,2026071802,PHM2010,vibration_x,Saturation,945,0.0150911064079273,0.0120365032104259,0.0124135687634924,0.0129449080412498,20.2410818327866,17.7424873435948,14.2216104549509,0.998941798941799,0.406853427169461,0.406853427169461
2,2026071802,PHM2010,vibration_x,Dropout,945,0.0127247674269336,0.012034210817721,0.0124115821876814,0.0129422630991088,5.42687018193274,2.46122564558059,-1.70923102071715,0.998941798941799,0.396246540732191,0.396246540732191
2,2026071802,PHM2010,vibration_x,Bias,945,0.0151393687365243,0.0125820829443819,0.012856948675398,0.0130254341908821,16.8916276275962,15.0760583274512,13.9631617568196,0.422222222222222,0.6039212456124,1.77004739387481
2,2026071802,PHM2010,vibration_x,Noise,945,0.013827226169603,0.0130117146492284,0.0131973309751063,0.0132146915339549,5.89786780350357,4.55547039420974,4.42991694888648,0.136507936507936,0.612179151230911,1.09830320284528
2,2026071802,PHM2010,vibration_y,Saturation,945,0.0140051081717606,0.0124337958311898,0.0130965240320262,0.0130446596147047,11.2195658990993,6.48751961492472,6.85784461838329,0.998941798941799,0.393192779465636,0.393192779465636
2,2026071802,PHM2010,vibration_y,Dropout,945,0.0117810474631129,0.0125124894694848,0.0130444430670752,0.01291755653215,-6.20863304949851,-10.723966675443,-9.64692717345894,0.794708994708995,0.399378933030254,0.399378933030254
2,2026071802,PHM2010,vibration_y,Bias,945,0.0139374819377197,0.0138431527555406,0.0157036714416249,0.0136782497050547,0.676802184215217,-12.6722281097649,1.8599646178805,0.118518518518519,0.593493620587927,1.76115763323123
2,2026071802,PHM2010,vibration_y,Noise,945,0.0141654704443527,0.0136832467232843,0.0129132262047587,0.0138992189708182,3.40421959837322,8.84011755566677,1.87958087647265,0.00105820105820106,0.608284691373054,1.10105114166319
3,2026071803,NUAA,force_z,Saturation,152,0.0935914982407196,0.0416142699748429,0.0407870395121268,0.0433833189136395,55.5362711815874,56.4201446938893,53.6460899449899,0.993421052631579,0.408136989266563,0.408136989266563
3,2026071803,NUAA,force_z,Dropout,152,0.0497011411405309,0.0417724346149728,0.0410144450495401,0.0431329324290279,15.952765557514,17.4778604507871,13.2154082598048,0.921052631578947,0.376101734617204,0.376101734617204
3,2026071803,NUAA,force_z,Bias,152,0.0674606421507779,0.0450809374668223,0.0444205661099993,0.0458743949745683,33.1744613902961,34.1533601018546,31.9982829810058,0.598684210526316,0.596821294305799,1.78392659452768
3,2026071803,NUAA,force_z,Noise,152,0.102662042500369,0.0443844004056809,0.0437106741236462,0.045830168457482,56.7664939010724,57.4227503573301,55.3582148364942,0.743421052631579,0.623012080085227,1.22231119623801
3,2026071803,NUAA,vibration_x,Saturation,152,0.038226446435983,0.0395381377630809,0.0395176528204299,0.0401040677128648,-3.43137133945883,-3.37778293519701,-4.91183840492791,1,0.40121043653729,0.40121043653729
3,2026071803,NUAA,vibration_x,Dropout,152,0.0394426428525521,0.0395381377630809,0.0395176528204299,0.0401040677128648,-0.242110831380665,-0.190174801820932,-1.67692835083422,1,0.403774551640927,0.403774551640927
3,2026071803,NUAA,vibration_x,Bias,152,0.0399211230410389,0.0396393367174392,0.0398505257397911,0.0395874637581669,0.705857706733483,0.17684197204383,0.83579633400867,0.486842105263158,0.568946664615631,1.67059463366117
3,2026071803,NUAA,vibration_x,Noise,152,0.0401293810389991,0.0402891972725978,0.0408633253641157,0.0401956747637227,-0.398252426179786,-1.82894504254472,-0.165199968220697,0.0855263157894737,0.578483842730251,1.06238461808375
3,2026071803,NUAA,vibration_y,Saturation,152,0.0515849700898398,0.0381670474217936,0.0380965929566498,0.0380944885855088,26.0113026036028,26.1478820472296,26.1519614741196,1,0.390278815052219,0.390278815052219
3,2026071803,NUAA,vibration_y,Dropout,152,0.0418991538427677,0.0381670474217936,0.0380965929566498,0.0380944885855088,8.90735511027122,9.07550758754591,9.08053005446479,1,0.398114195202703,0.398114195202703
3,2026071803,NUAA,vibration_y,Bias,152,0.0444731713001441,0.0381995233303927,0.0385346022892553,0.0385895054030272,14.1065900774453,13.3531494095847,13.2296971974603,0.651315789473684,0.608361864697048,1.77427676685809
3,2026071803,NUAA,vibration_y,Noise,152,0.0399603756955451,0.038306575365276,0.0380143280735727,0.0378628502323873,4.13860055488304,4.86994325778921,5.24901337049157,0.217105263157895,0.60282299024532,1.20245456914411
3,2026071803,PHM2010,force_z,Saturation,945,0.0188222521624809,0.0132185972114446,0.0112049374226772,0.0109959153803692,29.7714370345453,40.4697305829723,41.5802355347901,1,0.39971129045716,0.39971129045716
3,2026071803,PHM2010,force_z,Dropout,945,0.0223182491272594,0.0132185972114446,0.0112049374226772,0.0109959153803692,40.7722481451314,49.7947291528726,50.7312813040567,1,0.40738749712364,0.40738749712364
3,2026071803,PHM2010,force_z,Bias,945,0.0139823757199689,0.0126765766491882,0.0115659920874193,0.0113107353353013,9.33889273849125,17.2816385494393,19.1071992211749,0.742857142857143,0.597465207423654,1.75864094012011
3,2026071803,PHM2010,force_z,Noise,945,0.013425875517881,0.0127905457751825,0.012123102275011,0.0118587968993894,4.73212895391639,9.70345093051762,11.6720776712434,0.588359788359788,0.596504731378876,1.12646548016104
3,2026071803,PHM2010,vibration_x,Saturation,945,0.0149095640663578,0.0120365175441585,0.0124136152570225,0.012944913798517,19.2698224402287,16.7405887806422,13.1771140933214,0.998941798941799,0.41327030485312,0.41327030485312
3,2026071803,PHM2010,vibration_x,Dropout,945,0.0127491993952554,0.012033454333357,0.0124106969618433,0.0129415098223241,5.61403927971097,2.6550877660447,-1.50841179203997,0.998941798941799,0.418115479867185,0.418115479867185
3,2026071803,PHM2010,vibration_x,Bias,945,0.0152126780858145,0.0127081100908298,0.0128732428704733,0.0129998443572739,16.4636889103713,15.3781944385102,14.5459840539455,0.419047619047619,0.587687811618022,1.78295020155696
3,2026071803,PHM2010,vibration_x,Noise,945,0.0139023572256072,0.0131906435830564,0.0133747102956389,0.0133990858793878,5.11937386589319,3.79537744143431,3.62004326354436,0.126984126984127,0.603479615902178,1.13739279836491
3,2026071803,PHM2010,vibration_y,Saturation,945,0.0138043217553277,0.0124344488868633,0.0130972397709015,0.0130453374381044,9.92350723740327,5.12217837977671,5.49816449280002,0.998941798941799,0.398244157426437,0.398244157426437
3,2026071803,PHM2010,vibration_y,Dropout,945,0.011779626063371,0.0125688356406917,0.012990140811907,0.012888853258415,-6.69978463726178,-10.2763427465667,-9.41648902160962,0.778835978835979,0.40917882777845,0.40917882777845
3,2026071803,PHM2010,vibration_y,Bias,945,0.0138236616703328,0.0137282633211476,0.0153213520888801,0.0138788437167879,0.690109114793278,-10.8342525610382,-0.39918545296517,0.115343915343915,0.6067346215131,1.76808094449389
3,2026071803,PHM2010,vibration_y,Noise,945,0.0141001972133141,0.0136167795085882,0.0128100532234837,0.0138155151532311,3.42844640690131,9.14982939821686,2.01899346353896,0.00211640211640212,0.593100814943191,1.13599750969938
4,2026071804,NUAA,force_z,Saturation,152,0.093995462264972,0.0417993033039804,0.0409524203588894,0.0436866358574865,55.5305093493251,56.4314921464559,53.522611831692,0.980263157894737,0.385849546078786,0.385849546078786
4,2026071804,NUAA,force_z,Dropout,152,0.0540232182554421,0.0417597526831456,0.0408374807682493,0.0434512085523949,22.7003610083174,24.4075379309054,19.5693815445403,0.953947368421053,0.392372897868565,0.392372897868565
4,2026071804,NUAA,force_z,Bias,152,0.0654335414848615,0.0470488821110496,0.0470334999507714,0.0481963706790432,28.0966901020714,28.1201981683157,26.3430198253999,0.565789473684211,0.637229172561418,1.72495338307648
4,2026071804,NUAA,force_z,Noise,152,0.0887802101658435,0.0444436567723426,0.0434895586636923,0.0456341348082458,49.9396806007546,51.0143549080896,48.5987533449176,0.651315789473684,0.601795904712739,1.1133730571697
4,2026071804,NUAA,vibration_x,Saturation,152,0.0396190059189493,0.0395381377630809,0.0395176528204299,0.0401040677128648,0.20411455056154,0.255819388115891,-1.22431591269052,1,0.377696511186241,0.377696511186241
4,2026071804,NUAA,vibration_x,Dropout,152,0.0395413200830913,0.0395381377630809,0.0395176528204299,0.0401040677128648,0.00804808742768755,0.0598545081743776,-1.42318877718553,1,0.389870748643746,0.389870748643746
4,2026071804,NUAA,vibration_x,Bias,152,0.0400721356797747,0.0396954683386024,0.0399969323174062,0.0394526859575036,0.939973212763904,0.187669963411735,1.5458365564073,0.434210526315789,0.589257715720058,1.66362454036822
4,2026071804,NUAA,vibration_x,Noise,152,0.0402519561870559,0.0401887193225708,0.0407188332900036,0.0400055879002181,0.157102586992718,-1.15988674135004,0.612065375637481,0.0921052631578947,0.596968636220224,1.15992560865956
4,2026071804,NUAA,vibration_y,Saturation,152,0.0525335693251714,0.0381670474217936,0.0380965929566498,0.0380944885855088,27.3473173209538,27.4814305480747,27.4854363127087,1,0.41496796403309,0.41496796403309
4,2026071804,NUAA,vibration_y,Dropout,152,0.0421554449178869,0.0381670474217936,0.0380965929566498,0.0380944885855088,9.46116807416501,9.62829824034161,9.63329017233318,1,0.435379442871072,0.435379442871072
4,2026071804,NUAA,vibration_y,Bias,152,0.0496664062635141,0.0389079916972631,0.0390942208708387,0.0389486154938721,21.6613509525338,21.2863909190103,21.5795576446115,0.697368421052632,0.602693811974263,1.91092065810479
4,2026071804,NUAA,vibration_y,Noise,152,0.0396783264606575,0.0384155470810207,0.0382071013241903,0.0380608895118856,3.18254193731908,3.70788102145888,4.07637391253293,0.131578947368421,0.621800780934772,1.16638560698875
4,2026071804,PHM2010,force_z,Saturation,945,0.0185265943731584,0.0132185972114446,0.0112049374226772,0.0109959153803692,28.6506902175399,39.5197131378278,40.6479401508336,1,0.396074066828053,0.396074066828053
4,2026071804,PHM2010,force_z,Dropout,945,0.0217841885626961,0.0132185972114446,0.0112049374226772,0.0109959153803692,39.3202222180519,48.5638981207458,49.5234107585767,1,0.387848766101238,0.387848766101238
4,2026071804,PHM2010,force_z,Bias,945,0.0142232459938033,0.0127934519870131,0.0115491649378921,0.0113754101968488,10.052515490579,18.8007790702365,20.0224041558109,0.760846560846561,0.603601382794434,1.80577896616907
4,2026071804,PHM2010,force_z,Noise,945,0.0137383705994387,0.0129237503785899,0.011978888812541,0.0118323432466652,5.92952573926126,12.8070630659036,13.8737511772421,0.602116402116402,0.606669003179745,1.14675393492551
4,2026071804,PHM2010,vibration_x,Saturation,945,0.0146290948771249,0.0120319356753811,0.0124089976778037,0.0129399527082719,17.7533827181945,15.1759026649878,11.5464571324521,0.998941798941799,0.404835699752364,0.404835699752364
4,2026071804,PHM2010,vibration_x,Dropout,945,0.0128365512070219,0.01203555780886,0.0124131176019554,0.0129436739549,6.23994237427075,3.29865552076705,-0.83451346199235,0.998941798941799,0.395205954684464,0.395205954684464
4,2026071804,PHM2010,vibration_x,Bias,945,0.015686807677849,0.0126811852851893,0.012961624193976,0.0130914084727837,19.1601915085876,17.372454229302,16.5451075729715,0.428571428571429,0.613283519188923,1.76253354625508
4,2026071804,PHM2010,vibration_x,Noise,945,0.0138151567727529,0.0129137294596892,0.0131310255846305,0.0131101340565078,6.5249155539192,4.95203347581055,5.1032552713092,0.129100529100529,0.59965933676503,1.1176265659762
4,2026071804,PHM2010,vibration_y,Saturation,945,0.0136904882548505,0.012434612162076,0.0130974842120892,0.0130455224290679,9.17334772431944,4.33150397357976,4.7110505759655,0.998941798941799,0.404247339185318,0.404247339185318
4,2026071804,PHM2010,vibration_y,Dropout,945,0.0117951943590016,0.0124676139513562,0.0130469266063396,0.0129375156473779,-5.7007928134848,-10.6122223105436,-9.68463302602994,0.77037037037037,0.39739762515151,0.39739762515151
4,2026071804,PHM2010,vibration_y,Bias,945,0.0143445377245476,0.0141687904340198,0.0152972026594576,0.0140190530986344,1.22518615728559,-6.64130802402732,2.2690492518009,0.113227513227513,0.597102769949849,1.73601501119506
4,2026071804,PHM2010,vibration_y,Noise,945,0.0143463862977907,0.0138388871264485,0.012981411042077,0.0140367828492506,3.53747041804072,9.51441866530431,2.15805877601208,0.00317460317460317,0.607619235368263,1.13758576241198
5,2026071805,NUAA,force_z,Saturation,152,0.0937235467075041,0.0421895632634052,0.0413603482436263,0.0440431336610548,54.9850974002596,55.8698430686739,53.0073975982725,0.973684210526316,0.393956737794651,0.393956737794651
5,2026071805,NUAA,force_z,Dropout,152,0.0537131575625166,0.0412933621152349,0.0402766561354086,0.043062444538623,23.1224452459834,25.0152886868908,19.8288715600034,0.934210526315789,0.387825705180473,0.387825705180473
5,2026071805,NUAA,force_z,Bias,152,0.0618657571787584,0.045825117082981,0.0450626626671693,0.0472535590916094,25.9281399392375,27.1605735997658,23.6192018872858,0.585526315789474,0.648194304174382,1.73442280556439
5,2026071805,NUAA,force_z,Noise,152,0.0848350336414738,0.0445449692074277,0.0437653067450512,0.0458550179048667,47.4922478422278,48.4112814406248,45.9480170672682,0.631578947368421,0.580382360301457,1.08489685055977
5,2026071805,NUAA,vibration_x,Saturation,152,0.039050779028372,0.0395381377630809,0.0395176528204299,0.0401040677128648,-1.24801283568451,-1.19555564235641,-2.69722835420909,1,0.409454194380138,0.409454194380138
5,2026071805,NUAA,vibration_x,Dropout,152,0.0393853726270332,0.0395381377630809,0.0395176528204299,0.0401040677128648,-0.387872770671362,-0.335861220990145,-1.82477665664722,1,0.408935841690885,0.408935841690885
5,2026071805,NUAA,vibration_x,Bias,152,0.0405860709682623,0.0397720307555353,0.0398691810395566,0.0398855654109935,2.00571327380652,1.76634473749949,1.72597529289441,0.506578947368421,0.606060655124848,1.7227340193449
5,2026071805,NUAA,vibration_x,Noise,152,0.0402354553487756,0.0402676977180317,0.0409260585757549,0.0400503546166294,-0.0801342223585136,-1.7164046510544,0.460043835819947,0.118421052631579,0.590730861792616,1.13105143020935
5,2026071805,NUAA,vibration_y,Saturation,152,0.0499092325703165,0.0381670474217936,0.0380965929566498,0.0380944885855088,23.5270801489073,23.6682453432318,23.6724617397434,1,0.385569820212393,0.385569820212393
5,2026071805,NUAA,vibration_y,Dropout,152,0.0417547112218523,0.0381670474217936,0.0380965929566498,0.0380944885855088,8.59223712743848,8.76097129678624,8.76601113799089,1,0.411691996209645,0.411691996209645
5,2026071805,NUAA,vibration_y,Bias,152,0.0408523003619545,0.0370875314482465,0.0371524320759788,0.0370966867730587,9.21556162162669,9.05669510209855,9.19315082778887,0.611842105263158,0.568845274391258,1.63031008676786
5,2026071805,NUAA,vibration_y,Noise,152,0.0401755584648007,0.0381297526831168,0.0379498872508579,0.0374393538769315,5.09216513686138,5.53986378532326,6.81061992023455,0.177631578947368,0.592097124350642,1.11368530404047
5,2026071805,PHM2010,force_z,Saturation,945,0.0190002453488998,0.0132185972114446,0.0112049374226772,0.0109959153803692,30.429334102204,41.0274066627983,42.127508469221,1,0.395895641292108,0.395895641292108
5,2026071805,PHM2010,force_z,Dropout,945,0.0222942773097422,0.0132185972114446,0.0112049374226772,0.0109959153803692,40.7085637816647,49.7407461699559,50.678305344465,1,0.411811457976632,0.411811457976632
5,2026071805,PHM2010,force_z,Bias,945,0.0141585492982963,0.0127114925673067,0.0114639636713756,0.0113800044070717,10.2203742806036,19.031509303322,19.6245027134165,0.728042328042328,0.610472336595413,1.73070290556148
5,2026071805,PHM2010,force_z,Noise,945,0.0133147280766943,0.0125323846708277,0.0117868034683641,0.0116517251011608,5.87577456603086,11.4754473356813,12.4899507218955,0.593650793650794,0.595983330730693,1.14327427583457
5,2026071805,PHM2010,vibration_x,Saturation,945,0.0151030012929814,0.0120378319533378,0.0124149976772695,0.0129463032784128,20.2951008225632,17.7978109355064,14.2799300134532,0.998941798941799,0.407363908119522,0.407363908119522
5,2026071805,PHM2010,vibration_x,Dropout,945,0.0127150001343344,0.0120344575764046,0.0124118429257465,0.0129425357908663,5.3522811697986,2.3842485677154,-1.78950573439244,0.998941798941799,0.406193023854796,0.406193023854796
5,2026071805,PHM2010,vibration_x,Bias,945,0.0156125107762625,0.0127065612792588,0.0129289125495369,0.0130657025191673,18.6129543072726,17.1887678105293,16.3126116842614,0.404232804232804,0.612964660276546,1.74473261680485
5,2026071805,PHM2010,vibration_x,Noise,945,0.0138842063708673,0.0130656518956001,0.0133307691153434,0.0132845807885473,5.89557986536966,3.98609211604018,4.31876022513006,0.131216931216931,0.594401678628352,1.1217268260412
5,2026071805,PHM2010,vibration_y,Saturation,945,0.0141262682108605,0.0124342461045356,0.0130970090459379,0.0130451143984275,11.9778421382655,7.2861363635392,7.65349911452032,0.998941798941799,0.399674448253581,0.399674448253581
5,2026071805,PHM2010,vibration_y,Dropout,945,0.0117822821128741,0.012473084847713,0.0129752578019702,0.0127693601261142,-5.8630639482316,-10.1251665650798,-8.37764707875717,0.794708994708995,0.401791196642457,0.401791196642457
5,2026071805,PHM2010,vibration_y,Bias,945,0.0140139442425546,0.0139866103471167,0.0159266381466586,0.0138386696513134,0.195047839243214,-13.6485051674176,1.25071563156992,0.106878306878307,0.601326362528651,1.74083812790597
5,2026071805,PHM2010,vibration_y,Noise,945,0.0143800454997853,0.0138548144445869,0.0129642349306768,0.0140670512216505,3.65249925812992,9.84566126115243,2.17658753680177,0.00105820105820106,0.607247174962821,1.12303054385361
6,2026071806,NUAA,force_z,Saturation,152,0.0898227305959331,0.041530617763931,0.040715411713155,0.0433126859787434,53.763799554529,54.6713716639133,51.77981598713,1,0.38094749627809,0.38094749627809
6,2026071806,NUAA,force_z,Dropout,152,0.0545683265020045,0.0419903217591592,0.0411999351132234,0.0433589339390469,23.0500100500302,24.4984448777075,20.5419394024221,0.927631578947368,0.409323221365967,0.409323221365967
6,2026071806,NUAA,force_z,Bias,152,0.0647431674420931,0.0424906161078261,0.0421874891484737,0.0431879809708851,34.3705014960381,34.838700645583,33.2933764639909,0.644736842105263,0.601459421342192,1.77564829306283
6,2026071806,NUAA,force_z,Noise,152,0.0920713300594214,0.0446226807737699,0.0444335594162697,0.0455034817794447,51.5346625871798,51.7400700222393,50.5780119065539,0.651315789473684,0.601407530132474,1.13676341399775
6,2026071806,NUAA,vibration_x,Saturation,152,0.0397145519139725,0.0395381377630809,0.0395176528204299,0.0401040677128648,0.444205316161567,0.495785761272506,-0.980788602968622,1,0.392237210485089,0.392237210485089
6,2026071806,NUAA,vibration_x,Dropout,152,0.0392262205795413,0.0395381377630809,0.0395176528204299,0.0401040677128648,-0.795175214260484,-0.742952638778089,-2.23790903215748,1,0.40445599282023,0.40445599282023
6,2026071806,NUAA,vibration_x,Bias,152,0.0406759229816399,0.0397964001862142,0.0399532751207351,0.0397108930647214,2.16226880905136,1.77659855740955,2.3724843744888,0.467105263157895,0.577674096733514,1.73197919140956
6,2026071806,NUAA,vibration_x,Noise,152,0.0401517767931614,0.0401637988490179,0.0407318902640832,0.0399775588457007,-0.0299415289103288,-1.44480149386724,0.433898475671746,0.105263157894737,0.586340374000071,1.11538730533326
6,2026071806,NUAA,vibration_y,Saturation,152,0.0461434664832644,0.0381670474217936,0.0380965929566498,0.0380944885855088,17.2861288268488,17.438814505913,17.4433750023417,1,0.397722977295507,0.397722977295507
6,2026071806,NUAA,vibration_y,Dropout,152,0.0422108102493251,0.0381670474217936,0.0380965929566498,0.0380944885855088,9.5799223081633,9.74683325994934,9.75181864432982,1,0.39258415846686,0.39258415846686
6,2026071806,NUAA,vibration_y,Bias,152,0.0446660727905169,0.0377614210872978,0.0376975929672955,0.0379544958302748,15.4583809855004,15.6012816615945,15.0261183509893,0.697368421052632,0.611521730884293,1.70164146726341
6,2026071806,NUAA,vibration_y,Noise,152,0.0399541438322958,0.0390646857988216,0.038710211476369,0.0385058874667751,2.22619720549529,3.11340010475038,3.62479639558678,0.144736842105263,0.617900510955381,1.1726649987412
6,2026071806,PHM2010,force_z,Saturation,945,0.0188417367410478,0.0132185972114446,0.0112049374226772,0.0109959153803692,29.8440616535785,40.531291904389,41.6406484630793,1,0.408900709227286,0.408900709227286
6,2026071806,PHM2010,force_z,Dropout,945,0.0214270012775439,0.0132185972114446,0.0112049374226772,0.0109959153803692,38.3086926620104,47.7064602856009,48.6819679621092,1,0.39562541429823,0.39562541429823
6,2026071806,PHM2010,force_z,Bias,945,0.0141106921298396,0.012579350074831,0.0113839444800522,0.0112392932205309,10.8523525346448,19.3239823014864,20.3491004047679,0.743915343915344,0.599829512083527,1.7256736138376
6,2026071806,PHM2010,force_z,Noise,945,0.0137063678131116,0.0121511641770816,0.011603555476436,0.0114335650256003,11.3465774247083,15.3418642002591,16.5820939471442,0.594708994708995,0.607184168554449,1.15137751032815
6,2026071806,PHM2010,vibration_x,Saturation,945,0.0148483331772457,0.0120327751615191,0.01240993401874,0.0129408632073249,18.9621150207031,16.4220396282756,12.8463575483604,0.998941798941799,0.403064728050674,0.403064728050674
6,2026071806,PHM2010,vibration_x,Dropout,945,0.0127590355209492,0.0120355862726123,0.0124131498138832,0.0129437052436411,5.67009353606022,2.71090794047953,-1.44736428069822,0.998941798941799,0.394961307384415,0.394961307384415
6,2026071806,PHM2010,vibration_x,Bias,945,0.015220801590038,0.0126637751109795,0.0129590511469864,0.0130195072828339,16.7995520073798,14.8596013795482,14.4624072141169,0.417989417989418,0.598721689734313,1.72134268746609
6,2026071806,PHM2010,vibration_x,Noise,945,0.0139580824897375,0.0131560364432045,0.0133300639689677,0.0133405716938861,5.746104789986,4.49931802044796,4.42403744429338,0.140740740740741,0.596179647485809,1.16229683451869
6,2026071806,PHM2010,vibration_y,Saturation,945,0.0138290983620905,0.0124351153521854,0.0130981370762768,0.0130460477521461,10.0800715520713,5.28567565776667,5.66234030188776,0.998941798941799,0.396475451444897,0.396475451444897
6,2026071806,PHM2010,vibration_y,Dropout,945,0.0117908567171676,0.0126501867866251,0.0131064346568501,0.0130429753000941,-7.28810543687023,-11.1576111154587,-10.6194029234825,0.798941798941799,0.402861073832235,0.402861073832235
6,2026071806,PHM2010,vibration_y,Bias,945,0.0137307275954344,0.0134910922438174,0.0157456953319576,0.0136494994243753,1.74524874921181,-14.6748795540389,0.591579510222615,0.102645502645503,0.597168814984959,1.75331166057021
6,2026071806,PHM2010,vibration_y,Noise,945,0.0141816921779685,0.0136843728269969,0.012889163975082,0.0139046258585118,3.50677017051741,9.11406189519765,1.95369012371496,0.00105820105820106,0.620768034399201,1.12738258858534
7,2026071807,NUAA,force_z,Saturation,152,0.0905569446781724,0.041530617763931,0.040715411713155,0.0433126859787434,54.1386716264275,55.0388853578792,52.1707737240131,1,0.366839281712639,0.366839281712639
7,2026071807,NUAA,force_z,Dropout,152,0.058855765755053,0.0417792989370153,0.0410740601948412,0.0436303182285864,29.0140933500158,30.2123425497784,25.8690840755214,0.927631578947368,0.403776817273569,0.403776817273569
7,2026071807,NUAA,force_z,Bias,152,0.0657110093070609,0.045712252281033,0.04524539029675,0.0468571074079133,30.4344085365906,31.1448861098407,28.6921508252068,0.625,0.561926591011175,1.70796399082478
7,2026071807,NUAA,force_z,Noise,152,0.091233486283364,0.0449292235993466,0.044709837988907,0.046209078584211,50.7535824512943,50.9940485557663,49.3507477718332,0.631578947368421,0.591105555238617,1.12562227838476
7,2026071807,NUAA,vibration_x,Saturation,152,0.0385364945441777,0.0395381377630809,0.0395176528204299,0.0401040677128648,-2.59920688363336,-2.54604962869011,-4.06776274601243,1,0.40531725070051,0.40531725070051
7,2026071807,NUAA,vibration_x,Dropout,152,0.0395693275809178,0.0395381377630809,0.0395176528204299,0.0401040677128648,0.0788232192550648,0.130592970988022,-1.35140060405001,1,0.413385419051828,0.413385419051828
7,2026071807,NUAA,vibration_x,Bias,152,0.0395704498764803,0.0393702796704203,0.039519244176977,0.0395676000228753,0.505857797131065,0.129403885129441,0.00720197423573308,0.513157894736842,0.59398273066354,1.7513806083811
7,2026071807,NUAA,vibration_x,Noise,152,0.0404367587668537,0.0403148108064511,0.0409197124779581,0.0401773296765254,0.3015769911373,-1.19434328030335,0.641567470390066,0.125,0.621939305358776,1.10805544614992
7,2026071807,NUAA,vibration_y,Saturation,152,0.0511243819510254,0.0381670474217936,0.0380965929566498,0.0380944885855088,25.3447260089019,25.4825359196627,25.4866520987943,1,0.407552712547194,0.407552712547194
7,2026071807,NUAA,vibration_y,Dropout,152,0.0423784561091622,0.0381670474217936,0.0380965929566498,0.0380944885855088,9.93761706778688,10.1038677328943,10.1088333954839,1,0.403677718055408,0.403677718055408
7,2026071807,NUAA,vibration_y,Bias,152,0.0464054551806559,0.0384704899442113,0.0385470009139984,0.0382634769349259,17.0992078529429,16.9343329056133,17.5453041329589,0.585526315789474,0.587586166666985,1.64046265088788
7,2026071807,NUAA,vibration_y,Noise,152,0.0403508074590207,0.0389077875025555,0.038658727190697,0.0387405785868711,3.57618607243657,4.19342356418054,3.99057410136071,0.157894736842105,0.604755048340695,1.13466217582514
7,2026071807,PHM2010,force_z,Saturation,945,0.0188599241804236,0.0132185972114446,0.0112049374226772,0.0109959153803692,29.9117160546946,40.5886401478334,41.6969269060853,1,0.405533777363437,0.405533777363437
7,2026071807,PHM2010,force_z,Dropout,945,0.0222689296378334,0.0132185972114446,0.0112049374226772,0.0109959153803692,40.6410751373202,49.6835384326654,50.6221647865467,1,0.398516907959335,0.398516907959335
7,2026071807,PHM2010,force_z,Bias,945,0.0142871373645592,0.0126927923670437,0.011505947613509,0.0113830620768633,11.159303342813,19.4663891028953,20.3265021788049,0.742857142857143,0.611895626023508,1.73810529878035
7,2026071807,PHM2010,force_z,Noise,945,0.0135496241405578,0.012500585410632,0.0118432418179483,0.0117550657036575,7.74219800522528,12.5935768026347,13.2443410849216,0.580952380952381,0.601741857672777,1.14655566335669
7,2026071807,PHM2010,vibration_x,Saturation,945,0.0148070790161533,0.0120381901625594,0.0124153309526814,0.012946702003892,18.6997641504667,16.1527338434727,12.5641053865639,0.998941798941799,0.399859299266286,0.399859299266286
7,2026071807,PHM2010,vibration_x,Dropout,945,0.0127509316599191,0.0120343138993957,0.0124114930237663,0.0129425050551699,5.62012078518169,2.66206929192303,-1.502426648971,0.998941798941799,0.405548490715054,0.405548490715054
7,2026071807,PHM2010,vibration_x,Bias,945,0.0156076312862871,0.0126301891965167,0.0128484037258234,0.0131074955452882,19.076835140169,17.6787079977212,16.0186750643932,0.419047619047619,0.596814421344919,1.76566516650049
7,2026071807,PHM2010,vibration_x,Noise,945,0.0139471343880575,0.0131181025477959,0.0133353688749957,0.0132865579998025,5.94410161395943,4.38631690238537,4.73628754033252,0.137566137566138,0.599976967923639,1.11261240118743
7,2026071807,PHM2010,vibration_y,Saturation,945,0.0136642648048681,0.012433357675554,0.0130956521285625,0.0130442098278132,9.00822069018749,4.16131189219192,4.53778513450618,0.998941798941799,0.400596990085238,0.400596990085238
7,2026071807,PHM2010,vibration_y,Dropout,945,0.0118054358757554,0.0125918659956256,0.013036340100802,0.0129872236687665,-6.66159325370845,-10.4265885478612,-10.010539258768,0.775661375661376,0.399886007752756,0.399886007752756
7,2026071807,PHM2010,vibration_y,Bias,945,0.0141382773909593,0.0139410111476658,0.0157082042375906,0.0138491250733731,1.39526363671157,-11.1040885902775,2.04517360630542,0.125925925925926,0.610375933699898,1.74955169320324
7,2026071807,PHM2010,vibration_y,Noise,945,0.014117701161586,0.0136249635778744,0.0128832818955106,0.0137684802503676,3.49021117582766,8.74376962613622,2.47363864145735,0.00529100529100529,0.588117688643943,1.11351723765385
8,2026071808,NUAA,force_z,Saturation,152,0.0918632878810695,0.0414230159383862,0.0406563168213109,0.0433453922645104,54.9079758695178,55.7425847048427,52.8153267052369,0.986842105263158,0.367047164558563,0.367047164558563
8,2026071808,NUAA,force_z,Dropout,152,0.0537647274599278,0.041625340034104,0.0408044658129205,0.0432270775809509,22.5787202862167,24.1055098003926,19.5995597426414,0.947368421052632,0.394612605777531,0.394612605777531
8,2026071808,NUAA,force_z,Bias,152,0.0646674531231259,0.0439328728697946,0.0432385722177534,0.044313467407776,32.0633939515956,33.1370416963417,31.4748528546441,0.625,0.612816320822252,1.70912987352361
8,2026071808,NUAA,force_z,Noise,152,0.0892504483013796,0.0436070815323868,0.043223171729553,0.045117606320949,51.1407703128447,51.5709191918032,49.4483140649372,0.631578947368421,0.585321944622013,1.11723399803017
8,2026071808,NUAA,vibration_x,Saturation,152,0.0384597463553568,0.0395381377630809,0.0395176528204299,0.0401040677128648,-2.80394830938326,-2.75068497669831,-4.27543474237968,1,0.394557221928279,0.394557221928279
8,2026071808,NUAA,vibration_x,Dropout,152,0.0394668838877382,0.0395381377630809,0.0395176528204299,0.0401040677128648,-0.180540920193646,-0.128636790368474,-1.61447715745442,1,0.402816903948826,0.402816903948826
8,2026071808,NUAA,vibration_x,Bias,152,0.0398329667736643,0.0394099631488772,0.039772998477883,0.0391807844923522,1.0619435584367,0.150549408288023,1.63729276058681,0.532894736842105,0.603995332476936,1.74471781776202
8,2026071808,NUAA,vibration_x,Noise,152,0.0400705310420262,0.0401665235242926,0.0407217148983605,0.0399555069946993,-0.239558797375889,-1.62509415123868,0.287053962939252,0.0855263157894737,0.590172532328666,1.07802988844294
8,2026071808,NUAA,vibration_y,Saturation,152,0.05114732099279,0.0381670474217936,0.0380965929566498,0.0380944885855088,25.3782081232098,25.5159562276583,25.5200705607264,1,0.423837032561811,0.423837032561811
8,2026071808,NUAA,vibration_y,Dropout,152,0.0418729073382042,0.0381670474217936,0.0380965929566498,0.0380944885855088,8.85025700861596,9.01851488613732,9.02354050120639,1,0.382070232684617,0.382070232684617
8,2026071808,NUAA,vibration_y,Bias,152,0.0500058884082956,0.0391109206076427,0.0387534065862344,0.0389706847551706,21.7873697427311,22.5023135879223,22.0678084209265,0.638157894736842,0.600402072090399,1.68985745371407
8,2026071808,NUAA,vibration_y,Noise,152,0.0398739124600681,0.0385449410642202,0.0381848608953802,0.0385265510310915,3.33293452750288,4.23598152395866,3.37905499071824,0.190789473684211,0.604693340603468,1.13902438981091
8,2026071808,PHM2010,force_z,Saturation,945,0.0187223144875876,0.0132185972114446,0.0112049374226772,0.0109959153803692,29.3965646170075,40.151964490791,41.2683971970494,1,0.403287361883073,0.403287361883073
8,2026071808,PHM2010,force_z,Dropout,945,0.0217523908376096,0.0132185972114446,0.0112049374226772,0.0109959153803692,39.231520295278,48.4887086374705,49.4496238944113,1,0.397422207814373,0.397422207814373
8,2026071808,PHM2010,force_z,Bias,945,0.0142150585383517,0.0126465767347077,0.0112645452906913,0.0113072577271638,11.0339454418159,20.756251124116,20.4557779578801,0.723809523809524,0.584831599683978,1.71127481658098
8,2026071808,PHM2010,force_z,Noise,945,0.0136648553882521,0.0126289465937151,0.0118267990048073,0.0118424678745005,7.58082515404885,13.4509757419386,13.3363102789829,0.562962962962963,0.616292963645449,1.11399473851818
8,2026071808,PHM2010,vibration_x,Saturation,945,0.0147042744803617,0.0120341249535824,0.0124110868159765,0.0129424076281958,18.1590022026955,15.5953812440586,11.9820046512257,0.998941798941799,0.405438055454837,0.405438055454837
8,2026071808,PHM2010,vibration_x,Dropout,945,0.0127400209662982,0.0120340182991708,0.012411191797931,0.0129421933664716,5.54161307108547,2.58107242709479,-1.58690790783028,0.998941798941799,0.398770132471936,0.398770132471936
8,2026071808,PHM2010,vibration_x,Bias,945,0.0156666300503042,0.0126373318271321,0.0129476915671359,0.013116292981339,19.3359912977154,17.354967050591,16.2787852957293,0.42010582010582,0.602333117926687,1.80045651802988
8,2026071808,PHM2010,vibration_x,Noise,945,0.0137868447129528,0.013009099819966,0.0132137126546013,0.0132025118159405,5.64121022017573,4.15709373888155,4.23833668383406,0.135449735449735,0.611527651552333,1.12412909417515
8,2026071808,PHM2010,vibration_y,Saturation,945,0.0139091193087022,0.0124338666628528,0.0130964377746861,0.0130447441101471,10.6063699153579,5.84279648466064,6.21444952315811,0.998941798941799,0.398319349662939,0.398319349662939
8,2026071808,PHM2010,vibration_y,Dropout,945,0.0118609701230202,0.0125267760349644,0.0130090458495432,0.0129520216472699,-5.61341867518924,-9.67944202384219,-9.1986702009489,0.783068783068783,0.387991850100511,0.387991850100511
8,2026071808,PHM2010,vibration_y,Bias,945,0.0141612795393789,0.0140585878108781,0.0156632211201654,0.014046486886624,0.725158543867506,-10.6059736806267,0.810609326901904,0.116402116402116,0.602470814213819,1.76398854197082
8,2026071808,PHM2010,vibration_y,Noise,945,0.0142508551136864,0.0137850568966431,0.0129695106218001,0.0140380889243276,3.26856327797488,8.99135161830184,1.49300647337616,0.00317460317460317,0.603487810325007,1.13128668459682
9,2026071809,NUAA,force_z,Saturation,152,0.0931607758457969,0.0419696516416833,0.0409998971961441,0.0437081248167427,54.9492248635273,55.9901720183088,53.0831249311513,0.980263157894737,0.403256643655136,0.403256643655136
9,2026071809,NUAA,force_z,Dropout,152,0.0534296767316638,0.0416504171516526,0.0407864983158451,0.0433178559956248,22.0462864470795,23.6632133847931,18.925476167155,0.927631578947368,0.386760691322768,0.386760691322768
9,2026071809,NUAA,force_z,Bias,152,0.0679250645041651,0.0449329963737545,0.0440852301652345,0.0454256885255704,33.8491664281022,35.0972568269975,33.1238198194351,0.651315789473684,0.5807966801728,1.8011424734905
9,2026071809,NUAA,force_z,Noise,152,0.0886879513189962,0.0449860844770086,0.0442240156458404,0.0461709241597554,49.2759909232756,50.1352607788021,47.9400262684093,0.651315789473684,0.608817525785896,1.08997030909636
9,2026071809,NUAA,vibration_x,Saturation,152,0.038825799123099,0.0395381377630809,0.0395176528204299,0.0401040677128648,-1.83470438747028,-1.78194322578473,-3.29231752761352,1,0.400517656450743,0.400517656450743
9,2026071809,NUAA,vibration_x,Dropout,152,0.0392677300895785,0.0395381377630809,0.0395176528204299,0.0401040677128648,-0.68862568038835,-0.636458308848638,-2.12983439933619,1,0.387118690339891,0.387118690339891
9,2026071809,NUAA,vibration_x,Bias,152,0.0408211088744646,0.0395168083828368,0.0396680115056352,0.0394720488382908,3.19516183560523,2.82475758406133,3.30480987256488,0.539473684210526,0.604889875975547,1.76603453619907
9,2026071809,NUAA,vibration_x,Noise,152,0.0403266747240033,0.0401526757231426,0.0406774563313259,0.0399669231355095,0.431473713247013,-0.869850067538112,0.8920933624107,0.111842105263158,0.566907299111718,1.1101851270937
9,2026071809,NUAA,vibration_y,Saturation,152,0.0529409441494908,0.0381670474217936,0.0380965929566498,0.0380944885855088,27.9063718357191,28.0394530761004,28.04342801681,1,0.440218864955271,0.440218864955271
9,2026071809,NUAA,vibration_y,Dropout,152,0.0419320413234099,0.0381670474217936,0.0380965929566498,0.0380944885855088,8.97879946406147,9.14682005862388,9.15183858640032,1,0.395624016908707,0.395624016908707
9,2026071809,NUAA,vibration_y,Bias,152,0.0479357630266513,0.0386557191489084,0.0390316266000023,0.0391779861947867,19.359332764941,18.5751427836844,18.2698183546083,0.631578947368421,0.58360571364403,1.69094101404617
9,2026071809,NUAA,vibration_y,Noise,152,0.0395556629656991,0.0383384538945419,0.0382120056057806,0.0380827579859484,3.07720558801574,3.39687736009807,3.72362607353588,0.157894736842105,0.641248483051263,1.08503083306681
9,2026071809,PHM2010,force_z,Saturation,945,0.0186219488422669,0.0132185972114446,0.0112049374226772,0.0109959153803692,29.0160373470588,39.8294049801868,40.9518548595118,1,0.401209750337744,0.401209750337744
9,2026071809,PHM2010,force_z,Dropout,945,0.0227332402075445,0.0132185972114446,0.0112049374226772,0.0109959153803692,41.8534397614921,50.7112170531738,51.6306726186792,1,0.39649289211231,0.39649289211231
9,2026071809,PHM2010,force_z,Bias,945,0.0142819776664349,0.0125407309951289,0.0114481241328476,0.0113434634082578,12.1919156574392,19.8421647181774,20.5749814683097,0.713227513227513,0.591951418411464,1.71400306331298
9,2026071809,PHM2010,force_z,Noise,945,0.013367135409516,0.0125814054388866,0.0117662728656785,0.0116365947053711,5.87807294949705,11.9761077807133,12.94623456057,0.587301587301587,0.605608337916557,1.12844732503963
9,2026071809,PHM2010,vibration_x,Saturation,945,0.0151456758352563,0.0120329876711946,0.012410115341526,0.0129410332179043,20.5516623881252,18.0616601298339,14.5562511790992,0.998941798941799,0.399479438919522,0.399479438919522
9,2026071809,PHM2010,vibration_x,Dropout,945,0.0127427390189373,0.0120368192028025,0.0124145255277739,0.012945044296945,5.53978085155604,2.57569028664588,-1.5876121900244,0.998941798941799,0.4039950213938,0.4039950213938
9,2026071809,PHM2010,vibration_x,Bias,945,0.0148554545653055,0.0125569746588089,0.0128507423343638,0.0129518715582251,15.4722960269731,13.4947888812745,12.8140340553845,0.405291005291005,0.595735860435953,1.7276910143488
9,2026071809,PHM2010,vibration_x,Noise,945,0.0138792198545804,0.013020188324768,0.0132827456472795,0.0132236282868849,6.18933584749672,4.29760615906672,4.72354768181816,0.142857142857143,0.599409487383672,1.13754464636853
9,2026071809,PHM2010,vibration_y,Saturation,945,0.0138341868818715,0.0124353907569983,0.0130984789519442,0.0130463323110232,10.1111553343711,5.31804244231634,5.69498285353268,0.998941798941799,0.399124288289712,0.399124288289712
9,2026071809,PHM2010,vibration_y,Dropout,945,0.0117884138166446,0.0124101583039622,0.013017169717865,0.0128328587102271,-5.27419970988513,-10.4234201507708,-8.85992729664573,0.8,0.396260715347594,0.396260715347594
9,2026071809,PHM2010,vibration_y,Bias,945,0.0142108519257773,0.0141653368672931,0.0160533077297613,0.0139221893722686,0.320283813538319,-12.9651326578239,2.03128253686941,0.115343915343915,0.605413537137576,1.81802122712094
9,2026071809,PHM2010,vibration_y,Noise,945,0.014279623610276,0.0137730759893519,0.012804740285635,0.0139719304231744,3.5473457476816,10.3285868373982,2.15477099046359,0.00211640211640212,0.601840414984838,1.10034560143507
10,2026071810,NUAA,force_z,Saturation,152,0.0953469940087859,0.0416982333288324,0.040668520956194,0.0433461962617667,56.2668610979072,57.3468242192863,54.5384763175937,0.980263157894737,0.404070582605205,0.404070582605205
10,2026071810,NUAA,force_z,Dropout,152,0.0553764307722944,0.0415587753811667,0.0406010630094807,0.0433082307316062,24.9522318401944,26.68169030895,21.7930261527907,0.947368421052632,0.416593662539641,0.416593662539641
10,2026071810,NUAA,force_z,Bias,152,0.0649511865046078,0.0465385502799884,0.0454909025384296,0.0479398603763878,28.3484216617246,29.9613987264077,26.1909397559861,0.598684210526316,0.62773994659943,1.74018488327313
10,2026071810,NUAA,force_z,Noise,152,0.087998923579956,0.045175616829317,0.0449307993570375,0.0467270848831041,48.6634438337529,48.9416489098151,46.9003903886985,0.638157894736842,0.609387294811653,1.1162545450671
10,2026071810,NUAA,vibration_x,Saturation,152,0.0385550859715729,0.0395381377630809,0.0395176528204299,0.0401040677128648,-2.54973310715181,-2.4966014848643,-4.01758082561152,1,0.417930424610566,0.417930424610566
10,2026071810,NUAA,vibration_x,Dropout,152,0.0393648217476454,0.0395381377630809,0.0395176528204299,0.0401040677128648,-0.440281468938359,-0.388242766001092,-1.87793550789704,1,0.396296306050251,0.396296306050251
10,2026071810,NUAA,vibration_x,Bias,152,0.0408191078710598,0.0395977073474494,0.0397697861159195,0.0396065172585057,2.99222738397056,2.57066312780485,2.9706445725968,0.526315789473684,0.603606785861145,1.74845821586363
10,2026071810,NUAA,vibration_x,Noise,152,0.0402785381750636,0.0401979743099617,0.0407011051912767,0.0399970672816578,0.200016854513619,-1.04911209631433,0.698811094341166,0.0986842105263158,0.598097107012918,1.12037206189201
10,2026071810,NUAA,vibration_y,Saturation,152,0.0501291121695205,0.0381670474217936,0.0380965929566498,0.0380944885855088,23.8625106849591,24.0030566912508,24.0072545935275,1,0.386653606589656,0.386653606589656
10,2026071810,NUAA,vibration_y,Dropout,152,0.0420217366940085,0.0381670474217936,0.0380965929566498,0.0380944885855088,9.17308415947636,9.34074611418513,9.34575392991719,1,0.424224701879091,0.424224701879091
10,2026071810,NUAA,vibration_y,Bias,152,0.050250576447887,0.0387219077849552,0.0387587270745409,0.038690957122362,22.9423610192568,22.8690896417158,23.0039536710849,0.697368421052632,0.621537363685056,1.82722783674055
10,2026071810,NUAA,vibration_y,Noise,152,0.0396401173199982,0.0387370635462666,0.0386337497424575,0.0381762848801554,2.27813093094953,2.53876034073432,3.69280551827304,0.118421052631579,0.601843538319522,1.05205995450955
10,2026071810,PHM2010,force_z,Saturation,945,0.0183632516724752,0.0132185972114446,0.0112049374226772,0.0109959153803692,28.0160319794669,38.9817357920745,40.1199984812544,1,0.400413244569012,0.400413244569012
10,2026071810,PHM2010,force_z,Dropout,945,0.0224663570338914,0.0132185972114446,0.0112049374226772,0.0109959153803692,41.1627030074176,50.1257039324437,51.0560819282739,1,0.401034961433401,0.401034961433401
10,2026071810,PHM2010,force_z,Bias,945,0.0141161199995319,0.0125829687956472,0.0113257400523943,0.0112050149113045,10.8609958255917,19.7673294590162,20.6225583823596,0.75026455026455,0.607729972074215,1.76674745500942
10,2026071810,PHM2010,force_z,Noise,945,0.0136585104242787,0.0124358253044429,0.0117084436114772,0.0115831722881052,8.95181891622948,14.277302225689,15.1944690285151,0.57989417989418,0.614301165655112,1.13847154788468
10,2026071810,PHM2010,vibration_x,Saturation,945,0.0147877086435584,0.0120394870614951,0.0124166761877525,0.0129480789697577,18.58449911549,16.0338055946125,12.4402618292185,0.998941798941799,0.399974587373907,0.399974587373907
10,2026071810,PHM2010,vibration_x,Dropout,945,0.0126718478080561,0.0120341502810536,0.0124113754488762,0.0129423454829902,5.03239572209115,2.05551994567322,-2.13463481436467,0.998941798941799,0.405996127237782,0.405996127237782
10,2026071810,PHM2010,vibration_x,Bias,945,0.0152140064841802,0.0127399926604053,0.012984810535323,0.0132075922587729,16.2614221727026,14.6522610672948,13.1879411744278,0.414814814814815,0.599850174177461,1.74572351121757
10,2026071810,PHM2010,vibration_x,Noise,945,0.0137986690838763,0.0130289673351936,0.0132418615123553,0.0132090946816452,5.57808687203031,4.03522664494899,4.2726903489553,0.136507936507936,0.608337319751794,1.13378349948917
10,2026071810,PHM2010,vibration_y,Saturation,945,0.0139053823405406,0.0124343834894257,0.0130972323747849,0.0130452730862871,10.5786293040374,5.81177810119954,6.18544124274715,0.998941798941799,0.412115869390854,0.412115869390854
10,2026071810,PHM2010,vibration_y,Dropout,945,0.0116687774624278,0.0124616551613505,0.0129630245149432,0.0128172540233215,-6.79486519882408,-11.0915394237549,-9.84230408533978,0.784126984126984,0.38500031260562,0.38500031260562
10,2026071810,PHM2010,vibration_y,Bias,945,0.0140574795947102,0.0139020880879304,0.0157127403525305,0.0134691487795659,1.10540090585154,-11.7749469004609,4.18517993343351,0.111111111111111,0.606429686878855,1.75594836747622
10,2026071810,PHM2010,vibration_y,Noise,945,0.0143152298877208,0.0138169445583021,0.0129186845746555,0.0139790771203469,3.48080564075415,9.75566109674032,2.34821773740576,0.00317460317460317,0.601336080711206,1.12229211800561
11,2026071811,NUAA,force_z,Saturation,152,0.0972260945200221,0.0410796863104669,0.0402508093671027,0.0428888269800694,57.7482912244231,58.6008164106461,55.8875349341146,0.993421052631579,0.417019606825004,0.417019606825004
11,2026071811,NUAA,force_z,Dropout,152,0.0547886258271432,0.0414872487725992,0.0407417813198149,0.0431100744849731,24.277624878765,25.6382493542469,21.3156493083356,0.940789473684211,0.389682256542267,0.389682256542267
11,2026071811,NUAA,force_z,Bias,152,0.065173299862528,0.0444641119234182,0.0435060216973724,0.0458443669256434,31.7755706444085,33.2456361897572,29.6577478471332,0.657894736842105,0.60649766287407,1.75155044365837
11,2026071811,NUAA,force_z,Noise,152,0.0893833561458174,0.0469251102494334,0.0465180642482678,0.0485278599223904,47.5012885252584,47.9566820333087,45.7081698261324,0.618421052631579,0.624671396916844,1.08956954926431
11,2026071811,NUAA,vibration_x,Saturation,152,0.0387117860495038,0.0395381377630809,0.0395176528204299,0.0401040677128648,-2.13462564739437,-2.08170909473301,-3.59653171667315,1,0.422447330181471,0.422447330181471
11,2026071811,NUAA,vibration_x,Dropout,152,0.0395525985105089,0.0395381377630809,0.0395176528204299,0.0401040677128648,0.0365608025073714,0.0883524506480087,-1.39426794477088,1,0.37894108144622,0.37894108144622
11,2026071811,NUAA,vibration_x,Bias,152,0.0404162977386492,0.0397538518938169,0.0403824642168586,0.0398250897581603,1.63905622705962,0.0837125706300488,1.46279598470863,0.493421052631579,0.581708131854499,1.71197627728825
11,2026071811,NUAA,vibration_x,Noise,152,0.0402299936851037,0.0401529986426866,0.0407642246048424,0.0399778044580738,0.191387160086987,-1.32794184339267,0.626868671677684,0.118421052631579,0.610621333291554,1.18324039764798
11,2026071811,NUAA,vibration_y,Saturation,152,0.0526613414154931,0.0381670474217936,0.0380965929566498,0.0380944885855088,27.5235943561349,27.6573821846443,27.661378230101,1,0.397507424330336,0.397507424330336
11,2026071811,NUAA,vibration_y,Dropout,152,0.0418600831034052,0.0381670474217936,0.0380965929566498,0.0380944885855088,8.82233241747005,8.99064184239333,8.99566899710739,1,0.38865729319111,0.38865729319111
11,2026071811,NUAA,vibration_y,Bias,152,0.0474172248853393,0.0373381313343839,0.0368872624169102,0.0377283304577506,21.2561860702053,22.2070407829473,20.4332802078098,0.677631578947368,0.628565345503865,1.74741748989213
11,2026071811,NUAA,vibration_y,Noise,152,0.0403620500118693,0.0378389497876738,0.0378282618916586,0.0374821767711593,6.25116965925546,6.27764972162114,7.13510151209635,0.131578947368421,0.565160689005096,1.08073030840293
11,2026071811,PHM2010,force_z,Saturation,945,0.0186338889556806,0.0132185972114446,0.0112049374226772,0.0109959153803692,29.0615220317988,39.8679607390203,40.9896913815348,1,0.403434256751447,0.403434256751447
11,2026071811,PHM2010,force_z,Dropout,945,0.0223578239922249,0.0132185972114446,0.0112049374226772,0.0109959153803692,40.8770852832482,49.8835958876237,50.8184902779753,1,0.401881007038677,0.401881007038677
11,2026071811,PHM2010,force_z,Bias,945,0.0143434330361551,0.0124764765820802,0.0115002923462354,0.0112472343694759,13.0161060421792,19.8218981658932,21.5861757702963,0.741798941798942,0.601793593288878,1.7580673241012
11,2026071811,PHM2010,force_z,Noise,945,0.0132241897765913,0.0125088063844308,0.0118324330436962,0.0116674581260624,5.40965763684664,10.5243251677972,11.7718489890742,0.577777777777778,0.606435489242977,1.12824359111803
11,2026071811,PHM2010,vibration_x,Saturation,945,0.0148448505475115,0.0120401539051877,0.0124174032267708,0.0129487963058359,18.8933976354108,16.3521169375972,12.7724710707403,0.998941798941799,0.39376632861081,0.39376632861081
11,2026071811,PHM2010,vibration_x,Dropout,945,0.0127962433075747,0.0120249670162076,0.0123970702934874,0.0129122340300312,6.02736500727933,3.11945470629654,-0.906443552756228,0.997883597883598,0.408574027869629,0.408574027869629
11,2026071811,PHM2010,vibration_x,Bias,945,0.0157250724406422,0.0127374426906485,0.0128674398946865,0.0131271012387108,18.9991477703592,18.1724602970351,16.5212033950113,0.398941798941799,0.597701673992158,1.77617478817784
11,2026071811,PHM2010,vibration_x,Noise,945,0.0139067907238022,0.0130434912753409,0.0132895916733869,0.0132503577914223,6.20775465459264,4.43811273695885,4.72023305316854,0.13015873015873,0.5885694779618,1.12269343679321
11,2026071811,PHM2010,vibration_y,Saturation,945,0.0139370414545925,0.0124337103001088,0.0130962142579547,0.0130445828073258,10.7865873785451,6.03303936045013,6.40350141867881,0.998941798941799,0.403377922855034,0.403377922855034
11,2026071811,PHM2010,vibration_y,Dropout,945,0.0118799397777529,0.0125673551686855,0.0130093886697517,0.0129369521364865,-5.7863541717597,-9.50719374953253,-8.89745553014506,0.788359788359788,0.404905976904214,0.404905976904214
11,2026071811,PHM2010,vibration_y,Bias,945,0.0140560925422931,0.014031047755567,0.0153355972454626,0.0135325879038795,0.178177446190504,-9.10284774605477,3.72439664037789,0.103703703703704,0.591445064118389,1.73072494858262
11,2026071811,PHM2010,vibration_y,Noise,945,0.0144660039294472,0.0139609446048016,0.012922914199337,0.0141428750916175,3.49135343187242,10.6670075415162,2.2337118073911,0.00317460317460317,0.598242987852012,1.11272379206595
12,2026071812,NUAA,force_z,Saturation,152,0.0984775319418763,0.0418279113254471,0.040917505578694,0.0436292240005124,57.5254268657598,58.4499075354118,55.6962657977016,0.993421052631579,0.419737315483096,0.419737315483096
12,2026071812,NUAA,force_z,Dropout,152,0.054834405683928,0.0415755983419016,0.0407739190934974,0.0430311016839977,24.1797228886765,25.6417233214434,21.5253614089773,0.967105263157895,0.374240066831951,0.374240066831951
12,2026071812,NUAA,force_z,Bias,152,0.0646441735131831,0.0443636292904279,0.0440450998596475,0.0458803889814424,31.3725787191314,31.8653213956472,29.0262579162129,0.592105263157895,0.572801957475458,1.70347136491056
12,2026071812,NUAA,force_z,Noise,152,0.0834319239040425,0.046492301549043,0.046142562869261,0.0474174403049016,44.275165460028,44.6943559370261,43.1663108243341,0.605263157894737,0.59805106914662,1.06016716293547
12,2026071812,NUAA,vibration_x,Saturation,152,0.0388346792432791,0.0395381377630809,0.0395176528204299,0.0401040677128648,-1.81141838560066,-1.7586692885302,-3.2686982210762,1,0.395219679554795,0.395219679554795
12,2026071812,NUAA,vibration_x,Dropout,152,0.0394343241211874,0.0395381377630809,0.0395176528204299,0.0401040677128648,-0.263257058937989,-0.211310073392887,-1.69837725535552,1,0.405235987347494,0.405235987347494
12,2026071812,NUAA,vibration_x,Bias,152,0.0405798260703947,0.0397788629954147,0.0398296890785122,0.0398258851832753,1.97379622473126,1.84854659204614,1.85792044995832,0.427631578947368,0.598755125462872,1.5870932610278
12,2026071812,NUAA,vibration_x,Noise,152,0.0402490047540366,0.0402179692475833,0.040806689101254,0.0400180382436871,0.0771087549691769,-1.3855854340385,0.573844028593877,0.0855263157894737,0.596392388352043,1.06421427734944
12,2026071812,NUAA,vibration_y,Saturation,152,0.0509550962743202,0.0381670474217936,0.0380965929566498,0.0380944885855088,25.096702366494,25.2349701165233,25.2390999706398,1,0.396136615229214,0.396136615229214
12,2026071812,NUAA,vibration_y,Dropout,152,0.0422006897054912,0.0381670474217936,0.0380965929566498,0.0380944885855088,9.55823781992079,9.72518880019014,9.73017538016248,1,0.387925427123002,0.387925427123002
12,2026071812,NUAA,vibration_y,Bias,152,0.0480419600188672,0.0382205943096576,0.037616310126715,0.038160320866186,20.4433076946746,21.7011335258965,20.5687676955737,0.657894736842105,0.619209880043243,1.72919444301
12,2026071812,NUAA,vibration_y,Noise,152,0.0404199253745825,0.0388867705107098,0.0385824182887163,0.0388221784357357,3.79306703232268,4.54604274707944,3.95286959102482,0.171052631578947,0.621004258464512,1.07683488037591
12,2026071812,PHM2010,force_z,Saturation,945,0.0186498495897454,0.0132185972114446,0.0112049374226772,0.0109959153803692,29.1222315341739,39.919422037386,41.0401926972358,1,0.403281607582148,0.403281607582148
12,2026071812,PHM2010,force_z,Dropout,945,0.022209366561019,0.0132185972114446,0.0112049374226772,0.0109959153803692,40.4818810337197,49.5485952204343,50.489738866894,1,0.394446215654941,0.394446215654941
12,2026071812,PHM2010,force_z,Bias,945,0.0144751642446025,0.012733867559432,0.0115180221126951,0.0113848388947389,12.0295469933599,20.4290748065955,21.3491556824019,0.765079365079365,0.607305234600948,1.80646743159845
12,2026071812,PHM2010,force_z,Noise,945,0.0133542354530032,0.0124797022221874,0.0117729568888528,0.0116862600310295,6.54873305097448,11.8410265395971,12.4902352354329,0.584126984126984,0.592166007617712,1.12376852438387
12,2026071812,PHM2010,vibration_x,Saturation,945,0.0149003008536446,0.0120373700746465,0.0124145010334323,0.0129458194068235,19.2139125720924,16.6828834171105,13.1170602930675,0.998941798941799,0.411000066688822,0.411000066688822
12,2026071812,PHM2010,vibration_x,Dropout,945,0.0126789173941343,0.0120301297451271,0.0124023719326724,0.0129170437701518,5.11705872701189,2.18114412189383,-1.87812861788705,0.997883597883598,0.397842017133438,0.397842017133438
12,2026071812,PHM2010,vibration_x,Bias,945,0.0156525481752656,0.0127993820938794,0.0129834598511381,0.0132135902205781,18.2281252192205,17.0521010013263,15.581858796267,0.424338624338624,0.595931328679358,1.78091513376648
12,2026071812,PHM2010,vibration_x,Noise,945,0.0138859311547932,0.0131649021614126,0.013332304094643,0.013362205884612,5.19251453390466,3.98696388437121,3.77162513873228,0.126984126984127,0.588373255584454,1.1113115168547
12,2026071812,PHM2010,vibration_y,Saturation,945,0.0135457312947122,0.0124335043022592,0.0130958087142915,0.0130443547162026,8.21090399812675,3.32150823482181,3.70136220482481,0.998941798941799,0.400436540532928,0.400436540532928
12,2026071812,PHM2010,vibration_y,Dropout,945,0.0117690821846452,0.0124415575526371,0.0129915525404485,0.0128236367373395,-5.71391513323985,-10.3871341590108,-8.96038056451132,0.77989417989418,0.391806524651304,0.391806524651304
12,2026071812,PHM2010,vibration_y,Bias,945,0.0137864901517293,0.0137605922262854,0.015678120118175,0.0138379191226779,0.18785002679352,-13.7208959323737,-0.373038898099765,0.108994708994709,0.598548181657818,1.7636600900682
12,2026071812,PHM2010,vibration_y,Noise,945,0.0142580863185853,0.0137763743026856,0.0129164537619584,0.0139471649824803,3.37851802223883,9.40962571448422,2.1806666698306,0.00529100529100529,0.617951910152939,1.12029325253064
13,2026071813,NUAA,force_z,Saturation,152,0.0906825895009425,0.0423768079892016,0.041420727411509,0.0442858540251282,53.2690804018547,54.323395880663,51.1638846344723,0.986842105263158,0.384945797318657,0.384945797318657
13,2026071813,NUAA,force_z,Dropout,152,0.0540902326820565,0.041730648645216,0.0408698603762351,0.0434615896824462,22.8499368998657,24.4413300706821,19.6498378220808,0.927631578947368,0.392251712369742,0.392251712369742
13,2026071813,NUAA,force_z,Bias,152,0.0645390544912114,0.0437857157752299,0.0437525705882683,0.0455977874106034,32.1562484600818,32.2076052505134,29.3485351310613,0.611842105263158,0.616847721079404,1.71208548176905
13,2026071813,NUAA,force_z,Noise,152,0.0895814563259626,0.0424690999668931,0.0416869627602168,0.043725699486532,52.5916392647608,53.4647409520456,51.1888941306937,0.657894736842105,0.56098184578214,1.18047709947172
13,2026071813,NUAA,vibration_x,Saturation,152,0.0381186883027681,0.0395381377630809,0.0395176528204299,0.0401040677128648,-3.72376260441724,-3.67002271051445,-5.20841481828372,1,0.411877289156212,0.411877289156212
13,2026071813,NUAA,vibration_x,Dropout,152,0.0394581841590656,0.0395381377630809,0.0395176528204299,0.0401040677128648,-0.202628695970935,-0.150713122338702,-1.63688108706554,1,0.430270530859884,0.430270530859884
13,2026071813,NUAA,vibration_x,Bias,152,0.0400370590214966,0.039459176660716,0.0394610912045008,0.0394440425800876,1.44336865619999,1.43858672707845,1.48116883682835,0.5,0.592514236780098,1.72508493068129
13,2026071813,NUAA,vibration_x,Noise,152,0.0402325857088785,0.0402442783398522,0.0407368887710059,0.0400695184223938,-0.0290625888634278,-1.2534691798745,0.405311474794741,0.111842105263158,0.613124008512832,1.16906518459092
13,2026071813,NUAA,vibration_y,Saturation,152,0.0498833938340526,0.0381670474217936,0.0380965929566498,0.0380944885855088,23.4874684975042,23.6287068129607,23.6329253934928,1,0.402838973584144,0.402838973584144
13,2026071813,NUAA,vibration_y,Dropout,152,0.0416344376332858,0.0381670474217936,0.0380965929566498,0.0380944885855088,8.32817832687661,8.49739993559463,8.5024543358956,1,0.385237118168985,0.385237118168985
13,2026071813,NUAA,vibration_y,Bias,152,0.045052655394577,0.0375563898631579,0.0373368981575553,0.0376320326994368,16.6388983418754,17.1260876178021,16.4709996117862,0.657894736842105,0.59927263103523,1.67394692226811
13,2026071813,NUAA,vibration_y,Noise,152,0.0401421398583778,0.0381313367509121,0.0378772487622467,0.0378732939891145,5.00920756730924,5.64217827978709,5.65203020384025,0.184210526315789,0.601610789072112,1.17218266964261
13,2026071813,PHM2010,force_z,Saturation,945,0.0184825310902082,0.0132185972114446,0.0112049374226772,0.0109959153803692,28.4805898773919,39.3755250945394,40.5064418574427,1,0.410498875515668,0.410498875515668
13,2026071813,PHM2010,force_z,Dropout,945,0.0219576114345886,0.0132185972114446,0.0112049374226772,0.0109959153803692,39.7994756814848,48.9701443344301,49.9220786690486,1,0.404554127921233,0.404554127921233
13,2026071813,PHM2010,force_z,Bias,945,0.0144620796548721,0.0125374410483936,0.0113752460847828,0.011281319321293,13.3081731840005,21.344326983079,21.9937962553509,0.75026455026455,0.597792163968065,1.74015642561734
13,2026071813,PHM2010,force_z,Noise,945,0.0135516791983866,0.0125424830713008,0.011707507777542,0.0115340169128643,7.44701901743612,13.608434747069,14.8886514799027,0.612698412698413,0.60852518739567,1.1220080827152
13,2026071813,PHM2010,vibration_x,Saturation,945,0.0152152212756563,0.0120385187801348,0.0124156848241813,0.0129470490998024,20.8784508484547,18.3995776384411,14.9072572443155,0.998941798941799,0.406989558085213,0.406989558085213
13,2026071813,PHM2010,vibration_x,Dropout,945,0.0126927927141472,0.0120312518599483,0.0124083235850293,0.0129394517650975,5.21194089509962,2.24118628204517,-1.94330007985877,0.998941798941799,0.399214816283779,0.399214816283779
13,2026071813,PHM2010,vibration_x,Bias,945,0.0155083401807712,0.01267727598905,0.0129846654776144,0.012982831316268,18.2551076306116,16.2730161560799,16.2848430912968,0.415873015873016,0.583932657775496,1.80750910825081
13,2026071813,PHM2010,vibration_x,Noise,945,0.013847237529154,0.0130575914618365,0.0132084123016967,0.0132606070197241,5.7025530590847,4.61337668334479,4.23644433191016,0.134391534391534,0.605374820938184,1.1323971866598
13,2026071813,PHM2010,vibration_y,Saturation,945,0.0136782246085562,0.0124346271298973,0.0130975070467542,0.0130455402027112,9.09180477911566,4.24556240609425,4.62548630360426,0.998941798941799,0.405339872386901,0.405339872386901
13,2026071813,PHM2010,vibration_y,Dropout,945,0.0119229480937336,0.0125260900735577,0.0130324333655164,0.0129490389744292,-5.0586648124474,-9.30546088987764,-8.60601650387864,0.774603174603175,0.393938695798768,0.393938695798768
13,2026071813,PHM2010,vibration_y,Bias,945,0.013487738974529,0.0134265488340846,0.0155755352237924,0.0138570762314131,0.45367233574086,-15.4792159991097,-2.73831853939033,0.108994708994709,0.585990607681897,1.78122040528851
13,2026071813,PHM2010,vibration_y,Noise,945,0.0144621797247939,0.0139291132610514,0.013026979357101,0.0141309173155279,3.68593444339941,9.92381781310887,2.2905427506069,0.00105820105820106,0.60494772855508,1.15844957758664
14,2026071814,NUAA,force_z,Saturation,152,0.0957067649500358,0.0423200437717621,0.0413870864158867,0.044008082064674,55.7815544242296,56.756362585766,54.017793739399,0.993421052631579,0.414448628225594,0.414448628225594
14,2026071814,NUAA,force_z,Dropout,152,0.0530751409165708,0.0415707235679342,0.0408505428315643,0.0428760338108008,21.6757170116994,23.0326248294326,19.2163542661188,0.894736842105263,0.375918566531819,0.375918566531819
14,2026071814,NUAA,force_z,Bias,152,0.0646639125687219,0.0429991029409247,0.0427203679214701,0.0435110439535809,33.503709823888,33.9347617172579,32.7120147464951,0.690789473684211,0.591074032655316,1.77213040523581
14,2026071814,NUAA,force_z,Noise,152,0.0874709672409098,0.0457279697620414,0.0448213626190706,0.0475269587492863,47.722117172777,48.758583524491,45.6654473496457,0.651315789473684,0.578049241863597,1.11733971217888
14,2026071814,NUAA,vibration_x,Saturation,152,0.0385375950582603,0.0395381377630809,0.0395176528204299,0.0401040677128648,-2.59627696878345,-2.54312123184638,-4.06479089376592,1,0.409391938857073,0.409391938857073
14,2026071814,NUAA,vibration_x,Dropout,152,0.0392964543863379,0.0395381377630809,0.0395176528204299,0.0401040677128648,-0.615025911414127,-0.562896672349333,-2.05518115855181,1,0.395288184779035,0.395288184779035
14,2026071814,NUAA,vibration_x,Bias,152,0.0409224609212498,0.0395978259533714,0.0396008704936736,0.0398906728059952,3.23693868369136,3.22949890555081,2.52132470048705,0.565789473684211,0.613855845788446,1.82054828369533
14,2026071814,NUAA,vibration_x,Noise,152,0.0401579844493249,0.0402026774447214,0.0407917142861567,0.0400035080462553,-0.111292924705597,-1.57809174320371,0.384671703990972,0.0986842105263158,0.587411966749111,1.10670122233458
14,2026071814,NUAA,vibration_y,Saturation,152,0.0507643576169535,0.0381670474217936,0.0380965929566498,0.0380944885855088,24.8152656440843,24.9540529122605,24.9581982836191,1,0.405242253748814,0.405242253748814
14,2026071814,NUAA,vibration_y,Dropout,152,0.0417919747781123,0.0381670474217936,0.0380965929566498,0.0380944885855088,8.67374029479273,8.84232401336026,8.84735936082162,1,0.394529439265052,0.394529439265052
14,2026071814,NUAA,vibration_y,Bias,152,0.0431554541012974,0.0389702285899613,0.0391377644642714,0.0388809882199431,9.69802218165101,9.3098073480941,9.90481034290819,0.605263157894737,0.583141599568097,1.65074470517813
14,2026071814,NUAA,vibration_y,Noise,152,0.0399676038314093,0.0385210979482609,0.0384355906295308,0.0385590504904466,3.61919590989238,3.83313747889605,3.52423764733098,0.138157894736842,0.575654258788852,1.1072615168053
14,2026071814,PHM2010,force_z,Saturation,945,0.0184767734846981,0.0132185972114446,0.0112049374226772,0.0109959153803692,28.4583034890164,39.3566337112005,40.487902882634,1,0.396823989922012,0.396823989922012
14,2026071814,PHM2010,force_z,Dropout,945,0.0222513149023545,0.0132185972114446,0.0112049374226772,0.0109959153803692,40.5940850262028,49.6437065771264,50.5830759727115,1,0.406775597578529,0.406775597578529
14,2026071814,PHM2010,force_z,Bias,945,0.0144819613322192,0.0125116438417755,0.011280999799891,0.0112092412449214,13.6053221331301,22.1030940415975,22.5985970561652,0.73015873015873,0.59678566881961,1.73796865528053
14,2026071814,PHM2010,force_z,Noise,945,0.0134270359727136,0.0126017515213964,0.0117855738618889,0.0117685990255623,6.14643807460062,12.2250518592527,12.3514746703709,0.585185185185185,0.617973366645083,1.10398762892181
14,2026071814,PHM2010,vibration_x,Saturation,945,0.0151553441203483,0.0120351033674431,0.0124121550674987,0.0129434324164555,20.5883860381356,18.1004735429693,14.5949289328443,0.998941798941799,0.397935204798658,0.397935204798658
14,2026071814,PHM2010,vibration_x,Dropout,945,0.012729502533463,0.0120336532048309,0.0124108644292442,0.0129418370458757,5.4664298687468,2.50314655565826,-1.66805035667744,0.998941798941799,0.413361108436461,0.413361108436461
14,2026071814,PHM2010,vibration_x,Bias,945,0.0155216032381293,0.0125834838725645,0.0128413521198993,0.0130524696917944,18.9292260631122,17.2678754707888,15.9077223432012,0.433862433862434,0.606506271039175,1.77651499407988
14,2026071814,PHM2010,vibration_x,Noise,945,0.0139275453943025,0.0130794449938985,0.0133695626748867,0.0133013484878326,6.08937451929539,4.00632490233341,4.49610386282415,0.138624338624339,0.609119840089599,1.12137908352439
14,2026071814,PHM2010,vibration_y,Saturation,945,0.0141321866008835,0.0124343854613112,0.0130972416286078,0.0130452631032332,12.0137186659154,7.32331805052025,7.69112047800414,0.998941798941799,0.402310810205309,0.402310810205309
14,2026071814,PHM2010,vibration_y,Dropout,945,0.0118511267562933,0.012628154789317,0.0130835230680747,0.0129861169113533,-6.55657515949821,-10.39898008961,-9.5770653575816,0.806349206349206,0.39747298316786,0.39747298316786
14,2026071814,PHM2010,vibration_y,Bias,945,0.0142122358071074,0.0141612107560971,0.0157783234947294,0.0137449549744802,0.359021984315858,-11.0192914674188,3.28787700238926,0.115343915343915,0.602549523488786,1.75887223183706
14,2026071814,PHM2010,vibration_y,Noise,945,0.0141953419671326,0.0136754691913457,0.0128576063950448,0.0138866769474754,3.66227722439239,9.42376432484121,2.1744105944886,0.00105820105820106,0.595713067884408,1.09135178363647
15,2026071815,NUAA,force_z,Saturation,152,0.092470547741614,0.0418973620366009,0.0410242878655656,0.0434361778015617,54.6911280836438,55.6352926769745,53.0270136141798,0.986842105263158,0.399716935386762,0.399716935386762
15,2026071815,NUAA,force_z,Dropout,152,0.0548816412206508,0.0417764012678729,0.0411047101964261,0.0434189738495034,23.8790962903031,25.1029865685589,20.8861599547686,0.953947368421053,0.397589007851253,0.397589007851253
15,2026071815,NUAA,force_z,Bias,152,0.0599260013815188,0.045217987842247,0.0440316864338824,0.0460526948734973,24.5436258054884,26.52323629345,23.1507295467574,0.572368421052632,0.60918884051323,1.6226844014177
15,2026071815,NUAA,force_z,Noise,152,0.0873824310378013,0.0449128224899802,0.0447882494674966,0.0458225805385758,48.6019993303332,48.7445600499242,47.5608769470454,0.638157894736842,0.597554130073382,1.08345734078432
15,2026071815,NUAA,vibration_x,Saturation,152,0.0390591685767287,0.0395381377630809,0.0395176528204299,0.0401040677128648,-1.22626569843996,-1.17381977243209,-2.67516993886737,1,0.390681339482513,0.390681339482513
15,2026071815,NUAA,vibration_x,Dropout,152,0.0395261022989569,0.0395381377630809,0.0395176528204299,0.0401040677128648,-0.0304494079204384,0.0213769586059225,-1.46223730722678,1,0.384339177314212,0.384339177314212
15,2026071815,NUAA,vibration_x,Bias,152,0.0399412508882099,0.0391425397086588,0.0391933267696846,0.0393311249008926,1.99971498585885,1.87256057808158,1.52755853597315,0.546052631578947,0.608226596514869,1.73438601776446
15,2026071815,NUAA,vibration_x,Noise,152,0.0401660576064363,0.0402848054668622,0.0408315166303604,0.0401292162030488,-0.295642309706968,-1.65676958003827,0.0917227270558431,0.0921052631578947,0.567362036914794,1.0808646108203
15,2026071815,NUAA,vibration_y,Saturation,152,0.0502035236928576,0.0381670474217936,0.0380965929566498,0.0380944885855088,23.975361460089,24.1156991494807,24.1198908296383,1,0.390623043377503,0.390623043377503
15,2026071815,NUAA,vibration_y,Dropout,152,0.0420485509272678,0.0381670474217936,0.0380965929566498,0.0380944885855088,9.23100420794095,9.39855924513026,9.40356386739342,1,0.386866903588325,0.386866903588325
15,2026071815,NUAA,vibration_y,Bias,152,0.044534704309267,0.0374001249899166,0.0373682065298759,0.03775458562502,16.020268754464,16.0919397367591,15.224348717268,0.684210526315789,0.608206779637771,1.79292233133537
15,2026071815,NUAA,vibration_y,Noise,152,0.0401038159535442,0.0387098622562167,0.0384062796438148,0.03830417333159,3.47586299254467,4.23285482781935,4.4874598069143,0.111842105263158,0.624593901741716,1.0795772324733
15,2026071815,PHM2010,force_z,Saturation,945,0.0184536235771616,0.0132185972114446,0.0112049374226772,0.0109959153803692,28.3685550636027,39.2805571446436,40.4132454832454,1,0.393353471482371,0.393353471482371
15,2026071815,PHM2010,force_z,Dropout,945,0.0217278912980792,0.0132185972114446,0.0112049374226772,0.0109959153803692,39.1630000808539,48.4306264747017,49.3926252229487,1,0.400751035928361,0.400751035928361
15,2026071815,PHM2010,force_z,Bias,945,0.0143912801499959,0.0126018236960033,0.011463894258586,0.01131242398484,12.4343104667663,20.3413863179556,21.3939005638549,0.749206349206349,0.615058471881934,1.74300384065424
15,2026071815,PHM2010,force_z,Noise,945,0.0132785032142516,0.0127075150417672,0.0118537054858671,0.0118641308663114,4.30009439521456,10.7301079451129,10.6515947250906,0.551322751322751,0.607371733199451,1.1235426132565
15,2026071815,PHM2010,vibration_x,Saturation,945,0.015032372224223,0.0120384720963703,0.0124157063961469,0.0129469842143237,19.9163517453914,17.4068722424238,13.8726475022947,0.998941798941799,0.392657589280075,0.392657589280075
15,2026071815,PHM2010,vibration_x,Dropout,945,0.0126635966762308,0.0120277335627951,0.0124000888111398,0.0129149728711483,5.02118892201583,2.08082957652561,-1.98503001433496,0.997883597883598,0.396960631572153,0.396960631572153
15,2026071815,PHM2010,vibration_x,Bias,945,0.0154743404581449,0.0125293332217248,0.0127909964753706,0.0129853838844975,19.0315525523418,17.340603239487,16.0844113542646,0.398941798941799,0.596354946967534,1.76035763899364
15,2026071815,PHM2010,vibration_x,Noise,945,0.0138583876593658,0.0130238471809408,0.0132175008787486,0.0132334813675203,6.02191610552152,4.62454072125792,4.50922796508152,0.138624338624339,0.602734282819504,1.13068391287835
15,2026071815,PHM2010,vibration_y,Saturation,945,0.013873949523014,0.012434209141118,0.0130969175177802,0.0130451004593312,10.3772929223061,5.60065469421604,5.97413924786082,0.998941798941799,0.398046095478021,0.398046095478021
15,2026071815,PHM2010,vibration_y,Dropout,945,0.0118658028385488,0.0124846060773866,0.0130684272013855,0.0129356111019346,-5.21501365948493,-10.1352127555143,-9.0158944821698,0.8,0.406013927643293,0.406013927643293
15,2026071815,PHM2010,vibration_y,Bias,945,0.0138525554671454,0.0137756994472552,0.0153309787826091,0.0135580415563507,0.554814742106326,-10.6725673755298,2.12606194931432,0.0994708994708995,0.598510303287037,1.7529260386571
15,2026071815,PHM2010,vibration_y,Noise,945,0.0143719291080046,0.0138607098139288,0.0129784199201664,0.0140249849084174,3.55706801942905,9.69604829919512,2.41404057158852,0.00211640211640212,0.597613061035675,1.11062930225344
16,2026071816,NUAA,force_z,Saturation,152,0.0933709731841431,0.0413647668586049,0.0405524869874369,0.0433029372108062,55.6984730393388,56.568422064681,53.6226990743626,0.993421052631579,0.408050870089805,0.408050870089805
16,2026071816,NUAA,force_z,Dropout,152,0.0560210734789908,0.04177223928777,0.0407851014935464,0.0433683291245793,25.4347753556783,27.1968583236061,22.5856870792676,0.927631578947368,0.376958944337403,0.376958944337403
16,2026071816,NUAA,force_z,Bias,152,0.0695978917640213,0.046675719663141,0.0457560634883611,0.0480051864674627,32.9351529477362,34.2565380521846,31.0249416315237,0.684210526315789,0.58226671932515,1.84839788641431
16,2026071816,NUAA,force_z,Noise,152,0.0931458474790973,0.0445909783105578,0.04391083149909,0.0465141314291437,52.1277872096613,52.8579827362203,50.0631185522449,0.671052631578947,0.585694734139605,1.14079332863999
16,2026071816,NUAA,vibration_x,Saturation,152,0.0388103370636111,0.0395381377630809,0.0395176528204299,0.0401040677128648,-1.87527538932964,-1.82249320756847,-3.3334692433442,1,0.438937557415666,0.438937557415666
16,2026071816,NUAA,vibration_x,Dropout,152,0.0396388416656607,0.0395381377630809,0.0395176528204299,0.0401040677128648,0.254053595786706,0.305732559626832,-1.17366206391225,1,0.40265853890692,0.40265853890692
16,2026071816,NUAA,vibration_x,Bias,152,0.0402868717729307,0.0398211446287286,0.0395343907874593,0.0402982125158201,1.15602707211192,1.86780693649428,-0.0281499714184061,0.559210526315789,0.626832476055507,1.75151382708464
16,2026071816,NUAA,vibration_x,Noise,152,0.0402852758753861,0.0402757299226234,0.0409269894953605,0.0401170487942611,0.0236958852963344,-1.59292348390366,0.417589497575734,0.105263157894737,0.604133337755543,1.18629623943267
16,2026071816,NUAA,vibration_y,Saturation,152,0.0532529698968227,0.0381670474217936,0.0380965929566498,0.0380944885855088,28.3287908716791,28.4610923475973,28.4650439978905,1,0.428454068796656,0.428454068796656
16,2026071816,NUAA,vibration_y,Dropout,152,0.0413557802060046,0.0381670474217936,0.0380965929566498,0.0380944885855088,7.71048875955687,7.8808505923957,7.88593904951237,1,0.395509741019334,0.395509741019334
16,2026071816,NUAA,vibration_y,Bias,152,0.0466664071683983,0.0385069827917888,0.0389676544978176,0.0378004066197667,17.4845780331143,16.497418888065,18.9986782497271,0.651315789473684,0.608372007973274,1.73755780588187
16,2026071816,NUAA,vibration_y,Noise,152,0.0407693155696661,0.0378695668973668,0.0375235918101313,0.0377209240671911,7.11257628876354,7.9611926621346,7.47717115158801,0.171052631578947,0.630556386255882,1.18602217662431
16,2026071816,PHM2010,force_z,Saturation,945,0.0187782577440978,0.0132185972114446,0.0112049374226772,0.0109959153803692,29.6069028789462,40.3302607974957,41.4433674826656,1,0.391709240988298,0.391709240988298
16,2026071816,PHM2010,force_z,Dropout,945,0.0220151242505265,0.0132185972114446,0.0112049374226772,0.0109959153803692,39.9567449130865,49.1034559007349,50.0529033802465,1,0.401057446570639,0.401057446570639
16,2026071816,PHM2010,force_z,Bias,945,0.0140943968786068,0.0125968633208778,0.0115433536385518,0.0114071877487537,10.6250275951999,18.0996977878994,19.065797231323,0.735449735449735,0.593627640524783,1.71526683335938
16,2026071816,PHM2010,force_z,Noise,945,0.0132219887310969,0.0125007075237811,0.0116241847265093,0.0116470903304293,5.4551642871955,12.0844453666015,11.911206647481,0.580952380952381,0.616159391016673,1.11033206318073
16,2026071816,PHM2010,vibration_x,Saturation,945,0.0148708449010405,0.0120336338416944,0.0124108149293258,0.0129417175878114,19.079017219442,16.5426375440346,12.9725467925098,0.998941798941799,0.408347402390857,0.408347402390857
16,2026071816,PHM2010,vibration_x,Dropout,945,0.0127049122995361,0.0120374901082262,0.0124152979128228,0.0129456169936489,5.25326090865069,2.27954652409455,-1.89457973764638,0.998941798941799,0.394086052262015,0.394086052262015
16,2026071816,PHM2010,vibration_x,Bias,945,0.0158213662063392,0.0126716935201599,0.0129771187259753,0.0130688199600562,19.9077162180676,17.977255840423,17.3976520762163,0.423280423280423,0.605098772230962,1.7502222246528
16,2026071816,PHM2010,vibration_x,Noise,945,0.0139426366192298,0.0130683156839375,0.0132608565696522,0.0132625560028344,6.27084359414797,4.88989326909152,4.87770451865207,0.136507936507936,0.596469667838285,1.13296755174318
16,2026071816,PHM2010,vibration_y,Saturation,945,0.0140415901239959,0.0124332611786574,0.013095954002867,0.0130441234619392,11.4540371221205,6.73453727660748,7.10365886803758,0.998941798941799,0.397612202646649,0.397612202646649
16,2026071816,PHM2010,vibration_y,Dropout,945,0.0117250377478716,0.0125109883214117,0.0130199960892437,0.0129154905417401,-6.70318160538748,-11.0443852652597,-10.1530828255506,0.803174603174603,0.401957898687293,0.401957898687293
16,2026071816,PHM2010,vibration_y,Bias,945,0.0137559907492407,0.0136572711481764,0.0153651732717916,0.0135966306163238,0.717648062316013,-11.6980488856441,1.1584780465615,0.114285714285714,0.5970284116746,1.71004641739829
16,2026071816,PHM2010,vibration_y,Noise,945,0.0142533940181495,0.0137514698210136,0.0128852333447891,0.013942733480759,3.52143634348984,9.59884131188856,2.17955482739668,0.00211640211640212,0.590370568949325,1.13085428541221
17,2026071817,NUAA,force_z,Saturation,152,0.0937014965848482,0.0422326169345673,0.0408776827554813,0.0436769114349809,54.9285566679023,56.3745679147548,53.3871784049567,0.973684210526316,0.394053247655625,0.394053247655625
17,2026071817,NUAA,force_z,Dropout,152,0.0573901696468056,0.0415431704204398,0.040678810167691,0.0432468223666916,27.6127415616515,29.1188535980304,24.6441984178753,0.940789473684211,0.397869617794338,0.397869617794338
17,2026071817,NUAA,force_z,Bias,152,0.0644988756135672,0.0433040480323327,0.0420939573918972,0.0443800354553264,32.8607706407462,34.7369128663651,31.1925440046103,0.657894736842105,0.605878481215877,1.74516832264735
17,2026071817,NUAA,force_z,Noise,152,0.0896329291490289,0.0466846141459897,0.0457737009719021,0.047364292502329,47.9157776174321,48.9320482924349,47.157486704938,0.644736842105263,0.612989128820465,1.12965246242817
17,2026071817,NUAA,vibration_x,Saturation,152,0.0389894205209715,0.0395381377630809,0.0395176528204299,0.0401040677128648,-1.40734905719945,-1.35480931083409,-2.85884523801473,1,0.364403978328157,0.364403978328157
17,2026071817,NUAA,vibration_x,Dropout,152,0.0394101575307157,0.0395381377630809,0.0395176528204299,0.0401040677128648,-0.324739205281092,-0.272760365472913,-1.7607394276675,1,0.372244333370342,0.372244333370342
17,2026071817,NUAA,vibration_x,Bias,152,0.0400885006318715,0.0395634895635766,0.0396880374407923,0.0395561385044989,1.30963009346751,0.998947789932671,1.32796717009004,0.526315789473684,0.593770090680681,1.7504368551879
17,2026071817,NUAA,vibration_x,Noise,152,0.0401699272943287,0.0400449448025391,0.0405515017172551,0.0398467235026261,0.311134473492756,-0.949900705895135,0.804591428145758,0.144736842105263,0.58801804036364,1.09637496208277
17,2026071817,NUAA,vibration_y,Saturation,152,0.0514106916150298,0.0381670474217936,0.0380965929566498,0.0380944885855088,25.7604863447596,25.8975287826854,25.9016220385334,1,0.386888393389844,0.386888393389844
17,2026071817,NUAA,vibration_y,Dropout,152,0.0419844890323138,0.0381670474217936,0.0380965929566498,0.0380944885855088,9.09250463327561,9.26031533376913,9.26532759231877,1,0.383900084983226,0.383900084983226
17,2026071817,NUAA,vibration_y,Bias,152,0.0499596954292997,0.0389864371867289,0.0394999844430875,0.0386538233040158,21.9642216556335,20.9362985429208,22.6299860880523,0.657894736842105,0.590295183353647,1.76022206919694
17,2026071817,NUAA,vibration_y,Noise,152,0.0397717835246797,0.037835843720105,0.0377546571238913,0.0373514599455838,4.86762129581988,5.07175243860169,6.08552939948992,0.138157894736842,0.590226493339056,1.20747055248094
17,2026071817,PHM2010,force_z,Saturation,945,0.0185842069405571,0.0132185972114446,0.0112049374226772,0.0109959153803692,28.871878936103,39.7072069929213,40.831936409552,1,0.395278539068229,0.395278539068229
17,2026071817,PHM2010,force_z,Dropout,945,0.0217088850470312,0.0132185972114446,0.0112049374226772,0.0109959153803692,39.1097369450013,48.3854771979201,49.3483181814858,1,0.392463012257866,0.392463012257866
17,2026071817,PHM2010,force_z,Bias,945,0.0140945819636158,0.0125627808872513,0.0114959364949673,0.011400917931323,10.8680135410803,18.4371943442997,19.1113439138971,0.732275132275132,0.588452449545259,1.73821214556913
17,2026071817,PHM2010,force_z,Noise,945,0.0132927705676861,0.0126524223333917,0.0120065783983578,0.0117727980277522,4.81726688227843,9.6758772957002,11.4345804149271,0.605291005291005,0.607724883290493,1.14019315600739
17,2026071817,PHM2010,vibration_x,Saturation,945,0.0148841263666792,0.0120394508984868,0.012416692941629,0.0129480280105464,19.1121426821581,16.5776167459449,13.0078064942199,0.998941798941799,0.406680638297064,0.406680638297064
17,2026071817,PHM2010,vibration_x,Dropout,945,0.0127301456759067,0.0120338413969054,0.0124110954524526,0.0129419029067373,5.46972750138359,2.50625744258327,-1.66343132452417,0.998941798941799,0.397358142289397,0.397358142289397
17,2026071817,PHM2010,vibration_x,Bias,945,0.0151869616703027,0.0127704026572175,0.0130118738085457,0.0131298548395157,15.9120636869103,14.3220738221146,13.5452164524099,0.397883597883598,0.600275134189145,1.71456023929729
17,2026071817,PHM2010,vibration_x,Noise,945,0.0137935852459899,0.0129783436454793,0.013206687451741,0.0132313363604763,5.91029515511667,4.25486038460916,4.07616203827076,0.128042328042328,0.605141544297985,1.08893188893769
17,2026071817,PHM2010,vibration_y,Saturation,945,0.0140145541529665,0.0124345580337001,0.0130973479775833,0.0130454303747989,11.2739663497034,6.54466895894106,6.91512386045082,0.998941798941799,0.398312337708446,0.398312337708446
17,2026071817,PHM2010,vibration_y,Dropout,945,0.0117759801296586,0.0125152823075708,0.0129653618289173,0.0129077989654056,-6.27805218565429,-10.1000654396757,-9.61124953749245,0.79047619047619,0.39686483364484,0.39686483364484
17,2026071817,PHM2010,vibration_y,Bias,945,0.0137518698016877,0.0136896723694409,0.0156074356702107,0.0137411033227345,0.452283457767473,-13.4931896191697,0.0782910186644132,0.118518518518519,0.607262353757382,1.71817369039178
17,2026071817,PHM2010,vibration_y,Noise,945,0.0143540101411509,0.013853913197109,0.0129604456809328,0.0140732243505863,3.48402250746808,9.70853752027756,1.95614875427464,0.00740740740740741,0.600195357346097,1.13579711880881
18,2026071818,NUAA,force_z,Saturation,152,0.0920110662253224,0.0421327301188857,0.0413249295063478,0.0439888118066574,54.2090621842068,55.0870007253815,52.1918247323264,0.986842105263158,0.376122878392499,0.376122878392499
18,2026071818,NUAA,force_z,Dropout,152,0.0571985383958078,0.041825348923443,0.0411273405781256,0.0432984739406352,26.8768921436138,28.0972176360017,24.3014329474393,0.927631578947368,0.427403781095251,0.427403781095251
18,2026071818,NUAA,force_z,Bias,152,0.0610953444042284,0.0456407408293783,0.0454353248429512,0.0466901127486059,25.2958776573824,25.6320996533959,23.5782804665317,0.592105263157895,0.640014429466113,1.70818854418626
18,2026071818,NUAA,force_z,Noise,152,0.0905742518818834,0.0438746298165558,0.0428467655134166,0.0451462889477583,51.5594896949609,52.6943202696363,50.1554934103867,0.651315789473684,0.617626607664049,1.09575421558931
18,2026071818,NUAA,vibration_x,Saturation,152,0.0383065741861963,0.0395381377630809,0.0395176528204299,0.0401040677128648,-3.21501883958199,-3.16154252882794,-4.6923891390849,1,0.410215962797577,0.410215962797577
18,2026071818,NUAA,vibration_x,Dropout,152,0.0392594890163195,0.0395381377630809,0.0395176528204299,0.0401040677128648,-0.709761521974069,-0.657583199830023,-2.15127276922608,1,0.395063532521762,0.395063532521762
18,2026071818,NUAA,vibration_x,Bias,152,0.0399964874292383,0.0397227560113981,0.0397374098053193,0.0397360431660046,0.684388643689019,0.647750941572998,0.651167839912146,0.552631578947368,0.567424293787005,1.86664222105058
18,2026071818,NUAA,vibration_x,Noise,152,0.0403281010200859,0.0401956282327435,0.0407921664289436,0.0399875191240815,0.32848754092433,-1.15072467366275,0.844527481804002,0.125,0.595494808144459,1.02293437137582
18,2026071818,NUAA,vibration_y,Saturation,152,0.0492083248479087,0.0381670474217936,0.0380965929566498,0.0380944885855088,22.4378242101131,22.5810001165507,22.5852765700726,1,0.3978133138972,0.3978133138972
18,2026071818,NUAA,vibration_y,Dropout,152,0.041940167902614,0.0381670474217936,0.0380965929566498,0.0380944885855088,8.99643627937226,9.16442431725362,9.16944187260993,1,0.385145532668405,0.385145532668405
18,2026071818,NUAA,vibration_y,Bias,152,0.0479305165972368,0.0379531564972252,0.0374058798760157,0.0376213351803826,20.8162999448806,21.9581124269122,21.5085965033152,0.684210526315789,0.626154626721645,1.73848987805918
18,2026071818,NUAA,vibration_y,Noise,152,0.0404866209819354,0.0385523873620418,0.0384072391516061,0.0380167072196325,4.77746369783885,5.13597277297366,6.10056779844612,0.157894736842105,0.620586852922151,1.11867146927407
18,2026071818,PHM2010,force_z,Saturation,945,0.0190269786562697,0.0132185972114446,0.0112049374226772,0.0109959153803692,30.5270823589807,41.110264403513,42.2088205436341,1,0.399776221434171,0.399776221434171
18,2026071818,PHM2010,force_z,Dropout,945,0.0219416892280018,0.0132185972114446,0.0112049374226772,0.0109959153803692,39.7557905679609,48.9331140084803,49.8857391237847,1,0.403537857225953,0.403537857225953
18,2026071818,PHM2010,force_z,Bias,945,0.0140053710872103,0.0125283647661223,0.0113295488869284,0.0112334562336639,10.5459991876744,19.1056858373816,19.7917987055531,0.732275132275132,0.601950282124161,1.73354142638591
18,2026071818,PHM2010,force_z,Noise,945,0.0134747130761456,0.0123160383064261,0.0117998024273143,0.011526600897642,8.59888268619751,12.4300283009095,14.4575410807992,0.572486772486772,0.617262009397753,1.14473654265595
18,2026071818,PHM2010,vibration_x,Saturation,945,0.0151261993400018,0.0120356060252791,0.0124126361626617,0.0129439615596501,20.432054644087,17.9394910535393,14.4268744005026,0.998941798941799,0.397565795775235,0.397565795775235
18,2026071818,PHM2010,vibration_x,Dropout,945,0.0127632212472441,0.0120338201779017,0.0124111556347509,0.0129419090527096,5.71486660939898,2.75843852953058,-1.40002121724616,0.998941798941799,0.399658058130536,0.399658058130536
18,2026071818,PHM2010,vibration_x,Bias,945,0.0155957217593796,0.0128068885635979,0.0129708626306212,0.0132033587006623,17.8820399517863,16.8306357939465,15.3398675330849,0.422222222222222,0.598695335323936,1.76778360596896
18,2026071818,PHM2010,vibration_x,Noise,945,0.0137556089230715,0.0129978353289254,0.0131839584713463,0.0131853350052538,5.5088335120893,4.15576260507401,4.14575553148537,0.136507936507936,0.615105565022135,1.11102511118947
18,2026071818,PHM2010,vibration_y,Saturation,945,0.0136067324072225,0.012435447307104,0.0130985586821883,0.0130463911286342,8.60812916036129,3.73472270803583,4.1181178685551,0.998941798941799,0.395531987565457,0.395531987565457
18,2026071818,PHM2010,vibration_y,Dropout,945,0.0117814973859471,0.0125339489906897,0.0130249396601849,0.0129382742575905,-6.38672301230696,-10.5541955619411,-9.81858955401763,0.785185185185185,0.395977418769972,0.395977418769972
18,2026071818,PHM2010,vibration_y,Bias,945,0.0140050992405873,0.013856766790276,0.0158581136455797,0.0140832984483157,1.05913173311521,-13.2309980326468,-0.558362396331819,0.123809523809524,0.603001614636194,1.83531010734966
18,2026071818,PHM2010,vibration_y,Noise,945,0.0140626683895652,0.0135928602020574,0.0128093479933571,0.013760649120277,3.34081821808727,8.9123938749643,2.1476668646495,0.00211640211640212,0.61006963137106,1.11006349891039
19,2026071819,NUAA,force_z,Saturation,152,0.0944442691502137,0.0436480272304138,0.0428964443179074,0.0454312728667692,53.7843559771831,54.5801511262896,51.8962100341836,0.953947368421053,0.389981404398696,0.389981404398696
19,2026071819,NUAA,force_z,Dropout,152,0.0533445362281839,0.0414159823789347,0.0407045660444577,0.0428484294047294,22.3613413719154,23.694966865319,19.676067251868,0.907894736842105,0.391861537387833,0.391861537387833
19,2026071819,NUAA,force_z,Bias,152,0.0617318587062761,0.0447238519783058,0.0442552327262968,0.0449626117241994,27.5514249601579,28.3105455533652,27.1646558738265,0.598684210526316,0.607111790670527,1.63642841667558
19,2026071819,NUAA,force_z,Noise,152,0.0947531767279537,0.0445357756731767,0.0437218076480261,0.045540824991242,52.9981186793942,53.8571590337747,51.9374161755078,0.690789473684211,0.592979586639283,1.19109379660614
19,2026071819,NUAA,vibration_x,Saturation,152,0.0382959580730551,0.0395381377630809,0.0395176528204299,0.0401040677128648,-3.24363131914901,-3.19014018410033,-4.72141116396792,1,0.429743722722739,0.429743722722739
19,2026071819,NUAA,vibration_x,Dropout,152,0.0395264638134058,0.0395381377630809,0.0395176528204299,0.0401040677128648,-0.0295345157367767,0.0222913767785413,-1.46130931971499,1,0.393631927395235,0.393631927395235
19,2026071819,NUAA,vibration_x,Bias,152,0.0400691577572208,0.0395979533230748,0.0396425823067099,0.0397917269829913,1.17597788553732,1.06459799603337,0.692379849635063,0.519736842105263,0.601700683720894,1.77496416065857
19,2026071819,NUAA,vibration_x,Noise,152,0.0402063452821404,0.0400974518770187,0.0406281769368843,0.0399080133871439,0.270836367636847,-1.04916687100949,0.742002022076344,0.105263157894737,0.573941483195531,1.1173794417992
19,2026071819,NUAA,vibration_y,Saturation,152,0.048923574601946,0.0381670474217936,0.0380965929566498,0.0380944885855088,21.9863885001662,22.1303977343993,22.1346990781956,1,0.402289468189861,0.402289468189861
19,2026071819,NUAA,vibration_y,Dropout,152,0.0421644180112705,0.0381670474217936,0.0380965929566498,0.0380944885855088,9.48043582247115,9.64753042134576,9.65252129099439,1,0.39544759620409,0.39544759620409
19,2026071819,NUAA,vibration_y,Bias,152,0.0455200548070524,0.0386058913224994,0.038471045662137,0.0385196605241179,15.1892688043991,15.4855023237435,15.3787035463981,0.651315789473684,0.555390439423529,1.65686231472418
19,2026071819,NUAA,vibration_y,Noise,152,0.0401201072794721,0.0389408482556554,0.038590247351832,0.0385494847163315,2.93932171118598,3.81319999217166,3.91480150389376,0.164473684210526,0.60325506328653,1.11283214335141
19,2026071819,PHM2010,force_z,Saturation,945,0.0187527292618028,0.0132185972114446,0.0112049374226772,0.0109959153803692,29.5110752845489,40.2490311343618,41.3636531149273,1,0.400615583278927,0.400615583278927
19,2026071819,PHM2010,force_z,Dropout,945,0.022035721757937,0.0132185972114446,0.0112049374226772,0.0109959153803692,40.0128693008052,49.1510305595443,50.0995905595484,1,0.39843761824336,0.39843761824336
19,2026071819,PHM2010,force_z,Bias,945,0.0145990693350462,0.0127989119374906,0.0114250234413147,0.0113553123158228,12.3306311946488,21.7414262573023,22.2189301576674,0.761904761904762,0.612448756983506,1.8036679587976
19,2026071819,PHM2010,force_z,Noise,945,0.0135657246088325,0.0124128593070002,0.0116205211939052,0.0115585950114251,8.49836875710754,14.3391044047933,14.7955944505943,0.596825396825397,0.590933496151227,1.15259525460442
19,2026071819,PHM2010,vibration_x,Saturation,945,0.0144808448328622,0.012037676844277,0.0124147778293233,0.0129461627663363,16.8717227260169,14.2675860931145,10.5980147169535,0.998941798941799,0.39641771343108,0.39641771343108
19,2026071819,PHM2010,vibration_x,Dropout,945,0.0126925191309706,0.012034833882627,0.0124121493682717,0.0129430857392172,5.18167624217893,2.20893708968075,-1.97412826926716,0.998941798941799,0.391198508119537,0.391198508119537
19,2026071819,PHM2010,vibration_x,Bias,945,0.0154468226280569,0.0127597696277472,0.0129578827924424,0.0130413430009406,17.395506279907,16.112956661351,15.5726500202518,0.410582010582011,0.604470335520887,1.7443889347567
19,2026071819,PHM2010,vibration_x,Noise,945,0.0138145445224036,0.0130974391884283,0.0132632944905863,0.0132995966649204,5.19094446300693,3.99035980464869,3.72757752995821,0.13015873015873,0.608314886588649,1.11688553416327
19,2026071819,PHM2010,vibration_y,Saturation,945,0.0137844307155825,0.0124333638393216,0.013096089749133,0.0130442287523163,9.80139770831114,4.99361185566688,5.3698406451373,0.998941798941799,0.406291501499054,0.406291501499054
19,2026071819,PHM2010,vibration_y,Dropout,945,0.0117963605274723,0.0124299843523477,0.0129509032792803,0.0128774499244397,-5.37135011599357,-9.78727929787499,-9.16460118737169,0.775661375661376,0.404760507290763,0.404760507290763
19,2026071819,PHM2010,vibration_y,Bias,945,0.0139338492101622,0.0138245845973348,0.0155162845355876,0.0136728305795739,0.784166752340562,-11.356770850307,1.87327009680761,0.0952380952380952,0.586331848498767,1.7773563782707
19,2026071819,PHM2010,vibration_y,Noise,945,0.014137464175709,0.0135985197328607,0.0128811782998246,0.013820145552671,3.81217194363795,8.88621792614632,2.24452291510083,0.00211640211640212,0.588187152927332,1.08998390944584
20,2026071820,NUAA,force_z,Saturation,152,0.0951605936380886,0.041530617763931,0.040715411713155,0.0433126859787434,56.3573363971658,57.2139998747776,54.484640834137,1,0.411163782901094,0.411163782901094
20,2026071820,NUAA,force_z,Dropout,152,0.0564335044426538,0.0417395212491306,0.0408429832090513,0.0432769721215668,26.0376939880719,27.6263566963933,23.3133356700474,0.927631578947368,0.413707374497062,0.413707374497062
20,2026071820,NUAA,force_z,Bias,152,0.0648167772886236,0.0432915491157377,0.0422656042149666,0.0441396009729412,33.2093465200159,34.7921850128996,31.9009632700631,0.651315789473684,0.605314376997315,1.75831155067683
20,2026071820,NUAA,force_z,Noise,152,0.0882515203144956,0.0447089209215377,0.0440474643913548,0.0459699577705645,49.3392059851074,50.0887188862174,47.9102936620869,0.677631578947368,0.610622167132907,1.14729006251036
20,2026071820,NUAA,vibration_x,Saturation,152,0.0391772843919408,0.0395381377630809,0.0395176528204299,0.0401040677128648,-0.921078060260681,-0.868790253770306,-2.36561399113885,1,0.39515302563579,0.39515302563579
20,2026071820,NUAA,vibration_x,Dropout,152,0.039553494799334,0.0395381377630809,0.0395176528204299,0.0401040677128648,0.0388259908029354,0.0906164653361407,-1.39197033365596,1,0.415242448336287,0.415242448336287
20,2026071820,NUAA,vibration_x,Bias,152,0.040728712846888,0.0395560543805802,0.0396681510338229,0.039886052042791,2.87919353286753,2.60396594670711,2.06896006575227,0.526315789473684,0.607198285845804,1.7068611945057
20,2026071820,NUAA,vibration_x,Noise,152,0.0401356357823596,0.040089864906174,0.0405807449292351,0.0399114294212164,0.114040491182987,-1.10901232333566,0.558621675657349,0.105263157894737,0.583390225839947,1.12355143662491
20,2026071820,NUAA,vibration_y,Saturation,152,0.0508946926595956,0.0381670474217936,0.0380965929566498,0.0380944885855088,25.007804493348,25.1462363444155,25.1503710999883,1,0.41343258993811,0.41343258993811
20,2026071820,NUAA,vibration_y,Dropout,152,0.04156922179464,0.0381670474217936,0.0380965929566498,0.0380944885855088,8.18435906655623,8.35384615845274,8.35890848834537,1,0.404228891448046,0.404228891448046
20,2026071820,NUAA,vibration_y,Bias,152,0.049976311285542,0.0383008959880329,0.0378796160466966,0.0387366356052232,23.361898862045,24.2048581171395,22.4900065475028,0.690789473684211,0.586642554253237,1.83377491973509
20,2026071820,NUAA,vibration_y,Noise,152,0.0397739992859264,0.0385663789821015,0.0384733381621899,0.0381928013279725,3.03620537412785,3.27012909711759,3.97545629391455,0.131578947368421,0.581431097225371,1.07472223928671
20,2026071820,PHM2010,force_z,Saturation,945,0.0188284612562756,0.0132185972114446,0.0112049374226772,0.0109959153803692,29.7945964275825,40.4893619814919,41.5995007201969,1,0.400074882555772,0.400074882555772
20,2026071820,PHM2010,force_z,Dropout,945,0.022188721845382,0.0132185972114446,0.0112049374226772,0.0109959153803692,40.4265044937877,49.5016544857483,50.4436737862043,1,0.401208207424751,0.401208207424751
20,2026071820,PHM2010,force_z,Bias,945,0.0140962691451834,0.0126710857330382,0.0114076579475309,0.0113546123911443,10.110358971347,19.0732112870533,19.44952047809,0.743915343915344,0.600655768427586,1.72058879265482
20,2026071820,PHM2010,force_z,Noise,945,0.0134734590277232,0.0127392314014361,0.0119307349564903,0.0117476513572606,5.44943673911984,11.4500965791968,12.8089428773379,0.586243386243386,0.60091134041302,1.11850796804724
20,2026071820,PHM2010,vibration_x,Saturation,945,0.0150193350068785,0.0120357707099018,0.0124128084344522,0.0129441326395217,19.864822880709,17.3544738913714,13.816872494065,0.998941798941799,0.409015877384787,0.409015877384787
20,2026071820,PHM2010,vibration_x,Dropout,945,0.0127468608129263,0.0120344004135039,0.0124116416883823,0.0129426352322392,5.58930084731052,2.62981709350794,-1.53586378784676,0.998941798941799,0.39222020014889,0.39222020014889
20,2026071820,PHM2010,vibration_x,Bias,945,0.0154476975528135,0.0127554413422051,0.0130053809584958,0.0129667589588424,17.4282037915617,15.810230527674,16.0602483670406,0.422222222222222,0.588270780231927,1.76828881901603
20,2026071820,PHM2010,vibration_x,Noise,945,0.0139716497840605,0.0130466296877036,0.0132475798330179,0.0132688786375118,6.62069340882153,5.18242270765043,5.02997969037597,0.136507936507936,0.597551435770225,1.13568673835424
20,2026071820,PHM2010,vibration_y,Saturation,945,0.0139018275078726,0.0124348762225776,0.0130978300975876,0.0130457978574787,10.5522190119555,5.78339365691121,6.15767711050367,0.998941798941799,0.397979635791443,0.397979635791443
20,2026071820,PHM2010,vibration_y,Dropout,945,0.0117911273928272,0.01247932450369,0.0129875127499987,0.0128723124282913,-5.83656751331047,-10.1464882645512,-9.16947972355743,0.802116402116402,0.410702805967987,0.410702805967987
20,2026071820,PHM2010,vibration_y,Bias,945,0.0140280316115282,0.0140302471444038,0.0154122998227414,0.0137440434276412,-0.0157936119401384,-9.86787205466237,2.02443358948266,0.111111111111111,0.601966610469756,1.71419093118473
20,2026071820,PHM2010,vibration_y,Noise,945,0.0140375975442163,0.0135785355326825,0.0129126098613964,0.0137314767802477,3.27023203285163,8.0141041177194,2.18072047588155,0.00105820105820106,0.590292395770473,1.11999937156288
21,2026071821,NUAA,force_z,Saturation,152,0.0908665658495496,0.042381282539052,0.0414324396400928,0.0442905756391914,53.3587715758689,54.4029872233824,51.2575662730287,0.980263157894737,0.397085329052576,0.397085329052576
21,2026071821,NUAA,force_z,Dropout,152,0.055536941008588,0.0411724092925359,0.0405178994452731,0.0431959391259187,25.864823404355,27.0433360040345,22.2212488814624,0.907894736842105,0.391062307782492,0.391062307782492
21,2026071821,NUAA,force_z,Bias,152,0.0644936989868521,0.0434345076760268,0.0435236559671346,0.0442399884240852,32.6530988943873,32.5148709860672,31.4041695249886,0.611842105263158,0.588403986777063,1.63608378818992
21,2026071821,NUAA,force_z,Noise,152,0.0880715087147247,0.0432698486002319,0.0436170009494231,0.0438790533642205,50.8696407820278,50.4754697791038,50.1779247289261,0.611842105263158,0.611366467622895,1.08272656742711
21,2026071821,NUAA,vibration_x,Saturation,152,0.0392238301899624,0.0395381377630809,0.0395176528204299,0.0401040677128648,-0.80131790188865,-0.749092143843522,-2.24413964327161,1,0.416393873242953,0.416393873242953
21,2026071821,NUAA,vibration_x,Dropout,152,0.0395162696289577,0.0395381377630809,0.0395176528204299,0.0401040677128648,-0.0553395710894801,-0.00350030882260292,-1.48748373625935,1,0.408059676629246,0.408059676629246
21,2026071821,NUAA,vibration_x,Bias,152,0.0399833181434186,0.0392933048057502,0.0394646184084522,0.0393411963188653,1.72575306329827,1.29729036771237,1.60597432721816,0.539473684210526,0.58548844632483,1.86826777529324
21,2026071821,NUAA,vibration_x,Noise,152,0.0402411637194947,0.0402760131111208,0.0408551701067716,0.0400762882094766,-0.0866013514643605,-1.5258166775615,0.409718543845735,0.0855263157894737,0.600590982686728,1.13942933090017
21,2026071821,NUAA,vibration_y,Saturation,152,0.0508078283836805,0.0381670474217936,0.0380965929566498,0.0380944885855088,24.8795930942547,25.0182616171675,25.02240344178,1,0.395588755869273,0.395588755869273
21,2026071821,NUAA,vibration_y,Dropout,152,0.042061410781596,0.0381670474217936,0.0380965929566498,0.0380944885855088,9.25875591768405,9.42625972660188,9.431262818752,1,0.402400092315939,0.402400092315939
21,2026071821,NUAA,vibration_y,Bias,152,0.0486571067937699,0.0388014269705553,0.0388745440669092,0.0394076173468662,20.2553757768362,20.1051056494654,19.0095343854024,0.671052631578947,0.620091923994895,1.73166346244251
21,2026071821,NUAA,vibration_y,Noise,152,0.0406210850975462,0.0386530620255428,0.0383473744548805,0.0383526728580746,4.84483136597029,5.59736559770775,5.58432211750198,0.171052631578947,0.607104705847623,1.13028947647578
21,2026071821,PHM2010,force_z,Saturation,945,0.0188453371851786,0.0132185972114446,0.0112049374226772,0.0109959153803692,29.8574651036719,40.542653535063,41.6517981486832,1,0.400978523071805,0.400978523071805
21,2026071821,PHM2010,force_z,Dropout,945,0.0217049873794434,0.0132185972114446,0.0112049374226772,0.0109959153803692,39.0988025915013,48.3762085331166,49.339222418607,1,0.392870174870112,0.392870174870112
21,2026071821,PHM2010,force_z,Bias,945,0.0143415304908997,0.012821371282093,0.0115272244832849,0.0114076859673567,10.5997000095025,19.6234705173241,20.4569834816764,0.73015873015873,0.613316370620876,1.73580109081831
21,2026071821,PHM2010,force_z,Noise,945,0.0130865725816513,0.0126153573976492,0.0117796480767539,0.0117786729782022,3.60075322290829,9.98675930418801,9.99421044195276,0.571428571428571,0.585692907770611,1.11993744936951
21,2026071821,PHM2010,vibration_x,Saturation,945,0.0149701235281151,0.0120392015228996,0.0124163801270553,0.0129477762928004,19.5784757534632,17.0589333899862,13.509222095039,0.998941798941799,0.401507639719824,0.401507639719824
21,2026071821,PHM2010,vibration_x,Dropout,945,0.0127632279797159,0.012027447657052,0.0123998147393451,0.0129148889258166,5.7648450990084,2.84734583561728,-1.18826480528026,0.997883597883598,0.399174289266172,0.399174289266172
21,2026071821,PHM2010,vibration_x,Bias,945,0.0157235511412242,0.0128448754006287,0.0129955040701102,0.0132032905701278,18.308050864211,17.3500696287467,16.0285710807958,0.407407407407407,0.600897452178787,1.76997920662299
21,2026071821,PHM2010,vibration_x,Noise,945,0.0136327497299096,0.0129877278875511,0.0131794636748054,0.0131476426857942,4.73141409574442,3.32497892270155,3.55839470192194,0.128042328042328,0.591937844408626,1.11302278205334
21,2026071821,PHM2010,vibration_y,Saturation,945,0.013674792844118,0.0124346608621696,0.0130974455703269,0.013045561413534,9.0687441929462,4.22198186380178,4.60139643617783,0.998941798941799,0.403978951348005,0.403978951348005
21,2026071821,PHM2010,vibration_y,Dropout,945,0.0118146736388195,0.0125836379243049,0.0129889201353434,0.0129631032484339,-6.50855291473147,-9.93888221055669,-9.72036676359022,0.786243386243386,0.400651286742715,0.400651286742715
21,2026071821,PHM2010,vibration_y,Bias,945,0.0139939182543835,0.0138522264652098,0.0154414146655128,0.0137072426812609,1.01252405936699,-10.3437535136079,2.04857258640109,0.120634920634921,0.601100960061665,1.7591347263784
21,2026071821,PHM2010,vibration_y,Noise,945,0.0142403688553461,0.0137607787665803,0.0129895585963855,0.0139470930190641,3.36782069086495,8.78355239015471,2.05946797629407,0.00211640211640212,0.604050100097686,1.13074430292898
22,2026071822,NUAA,force_z,Saturation,152,0.0913737989871246,0.0427167967871124,0.0411912414381216,0.0445253679080675,53.2504971221218,54.920073484166,51.2711867060037,0.973684210526316,0.403242494852278,0.403242494852278
22,2026071822,NUAA,force_z,Dropout,152,0.0564779604393317,0.0419958442313494,0.0412180330442621,0.0435471177101514,25.6420665607053,27.0192607459005,22.8953783539519,0.934210526315789,0.409872691084654,0.409872691084654
22,2026071822,NUAA,force_z,Bias,152,0.0630925929291483,0.0429080058391763,0.0426268833631069,0.043672542183936,31.9920075445923,32.4375788280313,30.7802387627667,0.638157894736842,0.561955113545729,1.68646497861475
22,2026071822,NUAA,force_z,Noise,152,0.0856818422492035,0.0449822155580402,0.044451644081781,0.0456946442394125,47.5008772252929,48.1201116655562,46.6693957087071,0.618421052631579,0.582099039146648,1.08787963303026
22,2026071822,NUAA,vibration_x,Saturation,152,0.0383310187496754,0.0395381377630809,0.0395176528204299,0.0401040677128648,-3.14919627179425,-3.09575406410126,-4.62562441861647,1,0.410287879424644,0.410287879424644
22,2026071822,NUAA,vibration_x,Dropout,152,0.0394902617083839,0.0395381377630809,0.0395176528204299,0.0401040677128648,-0.121235090946243,-0.0693616878214095,-1.55432245299774,1,0.397226097278726,0.397226097278726
22,2026071822,NUAA,vibration_x,Bias,152,0.0401277568350346,0.0396656430164344,0.0401138308534119,0.0399244996812018,1.15160640675722,0.0347041118694702,0.506525083543657,0.506578947368421,0.609759989792085,1.77448526056495
22,2026071822,NUAA,vibration_x,Noise,152,0.04052805503991,0.0405073826790928,0.0409804588766209,0.0403543906805675,0.0510075324286789,-1.11627324890241,0.428504055206897,0.105263157894737,0.605951250426659,1.16826339257912
22,2026071822,NUAA,vibration_y,Saturation,152,0.0534008917685889,0.0381670474217936,0.0380965929566498,0.0380944885855088,28.5273220020571,28.6592569994146,28.6631977035327,1,0.411552615988936,0.411552615988936
22,2026071822,NUAA,vibration_y,Dropout,152,0.0417658078151281,0.0381670474217936,0.0380965929566498,0.0380944885855088,8.61652289658586,8.78521223561554,8.7902507378046,1,0.365534129366609,0.365534129366609
22,2026071822,NUAA,vibration_y,Bias,152,0.0437167506400774,0.0381262920900143,0.0380299811125672,0.0382505665850384,12.7879095957741,13.0082164027462,12.5036375645629,0.657894736842105,0.617755055171477,1.68097263906733
22,2026071822,NUAA,vibration_y,Noise,152,0.0398363733813264,0.0381546028211881,0.0381309376931566,0.037654418658062,4.2216959461643,4.28110177561809,5.4772925797688,0.138157894736842,0.579711554552235,1.16748920400057
22,2026071822,PHM2010,force_z,Saturation,945,0.0184942334689643,0.0132185972114446,0.0112049374226772,0.0109959153803692,28.5258443739933,39.4138857310278,40.5440868970223,1,0.395963146034976,0.395963146034976
22,2026071822,PHM2010,force_z,Dropout,945,0.0219158756744509,0.0132185972114446,0.0112049374226772,0.0109959153803692,39.6848320924974,48.8729650180497,49.8267121802115,1,0.39538705991577,0.39538705991577
22,2026071822,PHM2010,force_z,Bias,945,0.0139778317788023,0.0125398906393507,0.0114132253958271,0.0112761302008703,10.2872975022656,18.3476695353031,19.3284739771242,0.708994708994709,0.598998972950626,1.72833158245029
22,2026071822,PHM2010,force_z,Noise,945,0.0133795638594335,0.0123895343339966,0.0116054266430567,0.0116338575527973,7.39956500703797,13.2600526819562,13.0475576407176,0.574603174603175,0.587157438693602,1.11674468008073
22,2026071822,PHM2010,vibration_x,Saturation,945,0.0147809593221562,0.0120343315649808,0.0124113296113227,0.0129426366481836,18.5822022597567,16.0316367780099,12.4370998790115,0.998941798941799,0.407354366693499,0.407354366693499
22,2026071822,PHM2010,vibration_x,Dropout,945,0.0127021328534862,0.0120322177320822,0.0124094067437837,0.0129402727570568,5.27403648766093,2.3045429699011,-1.87480249433218,0.998941798941799,0.405413531720668,0.405413531720668
22,2026071822,PHM2010,vibration_x,Bias,945,0.0151594444776564,0.0127110732897805,0.012962287754113,0.013049649065069,16.1507975538589,14.4936493337988,13.9173662708886,0.391534391534392,0.603049855626061,1.73010371304796
22,2026071822,PHM2010,vibration_x,Noise,945,0.013875752431431,0.0130552604299278,0.0132446861944089,0.0132291451534037,5.91313520155257,4.54797849803543,4.65997992701743,0.131216931216931,0.590475327869444,1.13230413242398
22,2026071822,PHM2010,vibration_y,Saturation,945,0.0141319456303609,0.0124338914905506,0.0130966142448758,0.0130447519198486,12.0157137893466,7.32617724809797,7.69316369415216,0.998941798941799,0.389754665974095,0.389754665974095
22,2026071822,PHM2010,vibration_y,Dropout,945,0.0117721225774573,0.0124375941512987,0.0130014032722335,0.0128528413934804,-5.65294465346237,-10.442302878583,-9.18032248570463,0.797883597883598,0.405210260505129,0.405210260505129
22,2026071822,PHM2010,vibration_y,Bias,945,0.0138422144191613,0.013764665585147,0.0155015764718569,0.0135641755574036,0.560234306925286,-11.9876921599957,2.00862992970878,0.102645502645503,0.58979782345379,1.74598290316062
22,2026071822,PHM2010,vibration_y,Noise,945,0.0141130370118964,0.0136010142987896,0.0128484074674218,0.0137979261076122,3.62801226040271,8.96071868449433,2.23276467013084,0.00317460317460317,0.60093316522134,1.12676099412293
23,2026071823,NUAA,force_z,Saturation,152,0.0940955237151175,0.0416806313987492,0.0409362218382859,0.0435030600500037,55.7039168781918,56.4950379975312,53.7671311743659,0.980263157894737,0.400680219497817,0.400680219497817
23,2026071823,NUAA,force_z,Dropout,152,0.0538854332054202,0.041657353986406,0.0407900464752992,0.0433608285534283,22.6927362213062,24.302276053343,19.5314466747819,0.914473684210526,0.370746787064049,0.370746787064049
23,2026071823,NUAA,force_z,Bias,152,0.062003123714618,0.0437703608982141,0.0427988024335929,0.045322522258232,29.4062004042312,30.9731512389875,26.9028404652028,0.611842105263158,0.615925906129545,1.73341790388776
23,2026071823,NUAA,force_z,Noise,152,0.0867871422359277,0.0436928625034528,0.0431547922904922,0.04493496444151,49.6551431723891,50.2751315705528,48.223938150474,0.644736842105263,0.585832799086126,1.09030248231573
23,2026071823,NUAA,vibration_x,Saturation,152,0.0391367954909403,0.0395381377630809,0.0395176528204299,0.0401040677128648,-1.02548577906315,-0.973143878317129,-2.47151615197633,1,0.40058966519139,0.40058966519139
23,2026071823,NUAA,vibration_x,Dropout,152,0.0396880426856923,0.0395381377630809,0.0395176528204299,0.0401040677128648,0.377708026063555,0.429322923813165,-1.04823770339901,1,0.380130701991038,0.380130701991038
23,2026071823,NUAA,vibration_x,Bias,152,0.0401587873132234,0.0399862887012733,0.0401958076578237,0.0400987922517317,0.429541386807073,-0.092184916619897,0.149394604532674,0.5,0.574963583031704,1.76748188350735
23,2026071823,NUAA,vibration_x,Noise,152,0.0401212853413456,0.0401559882026241,0.0407505492563092,0.0399746555515721,-0.0864948891425942,-1.56840417651109,0.365466331713855,0.105263157894737,0.57045061515596,1.09459388097014
23,2026071823,NUAA,vibration_y,Saturation,152,0.0494275521528636,0.0381670474217936,0.0380965929566498,0.0380944885855088,22.7818377415189,22.9243786161425,22.9286361021992,1,0.387115884322545,0.387115884322545
23,2026071823,NUAA,vibration_y,Dropout,152,0.0419595154420606,0.0381670474217936,0.0380965929566498,0.0380944885855088,9.03839803751755,9.2063086160871,9.21132385784782,1,0.397641246404254,0.397641246404254
23,2026071823,NUAA,vibration_y,Bias,152,0.0460929431762177,0.0390694102988295,0.0397429299581417,0.0387931800191645,15.2377617774082,13.7765410071543,15.8370515181587,0.664473684210526,0.60653689799148,1.7520377614898
23,2026071823,NUAA,vibration_y,Noise,152,0.0397623492675195,0.0386590592427301,0.0384120721879434,0.0383986555789915,2.77471036071475,3.39586846464112,3.42961045725216,0.164473684210526,0.608149582460763,1.16679346079909
23,2026071823,PHM2010,force_z,Saturation,945,0.0190175230356281,0.0132185972114446,0.0112049374226772,0.0109959153803692,30.4925400291067,41.0809840919581,42.1800864404416,1,0.403367321225074,0.403367321225074
23,2026071823,PHM2010,force_z,Dropout,945,0.0218860245421914,0.0132185972114446,0.0112049374226772,0.0109959153803692,39.6025660760726,48.8032310250014,49.7582790370559,1,0.40099140497972,0.40099140497972
23,2026071823,PHM2010,force_z,Bias,945,0.0142214332223388,0.0126974811888608,0.011433882137796,0.0112832302845394,10.7158822156139,19.6010559622372,20.6603855734039,0.744973544973545,0.591270170177888,1.76665937834982
23,2026071823,PHM2010,force_z,Noise,945,0.0133169698043287,0.0125128685137009,0.0117022749308714,0.0116877201231174,6.03817011259098,12.1250922483312,12.2343874406148,0.57989417989418,0.611700510623795,1.11522890383824
23,2026071823,PHM2010,vibration_x,Saturation,945,0.0148939812225744,0.0120395010842117,0.0124167258525486,0.0129480954158,19.1653265551069,16.6325936162126,13.0649137909818,0.998941798941799,0.398004666759158,0.398004666759158
23,2026071823,PHM2010,vibration_x,Dropout,945,0.0127078068363221,0.0120266320766824,0.0124018474431677,0.0129166570212052,5.36028575515262,2.40764907033244,-1.64347937903932,0.997883597883598,0.402648225072532,0.402648225072532
23,2026071823,PHM2010,vibration_x,Bias,945,0.0157078131516426,0.0126652506082026,0.012825469384622,0.0130559068608853,19.369739848999,18.3497456914887,16.8827211347367,0.424338624338624,0.598238030483373,1.73626782612308
23,2026071823,PHM2010,vibration_x,Noise,945,0.0138913104757332,0.0131733277579455,0.0133387006847481,0.0133427107332532,5.16857440514322,3.97809689698131,3.94922958088381,0.132275132275132,0.60260218119257,1.14526551636521
23,2026071823,PHM2010,vibration_y,Saturation,945,0.0137661016132642,0.0124336312736571,0.0130960462659541,0.0130444897750041,9.67935859432593,4.8674299096013,5.24194763726547,0.998941798941799,0.395510115217667,0.395510115217667
23,2026071823,PHM2010,vibration_y,Dropout,945,0.0117352280144266,0.0124424160643556,0.0129349960318073,0.0128386158500464,-6.02619777868454,-10.2236447038416,-9.4023553207777,0.783068783068783,0.400159161507017,0.400159161507017
23,2026071823,PHM2010,vibration_y,Bias,945,0.0142036132645525,0.0141702594607531,0.0155457513454248,0.0137476994482426,0.234826189492489,-9.44927220893699,3.20984391660249,0.113227513227513,0.59643326656431,1.77632572444547
23,2026071823,PHM2010,vibration_y,Noise,945,0.0143775458543849,0.0138788925973906,0.0129577654005463,0.0140676229094697,3.46827798043251,9.87498470335649,2.15560394001871,0.00317460317460317,0.595502473001569,1.12218890539838
24,2026071824,NUAA,force_z,Saturation,152,0.0927560645624801,0.0412034010543501,0.0405899634200428,0.042832726284481,55.578752452789,56.2400974949713,53.8221824238467,0.986842105263158,0.412238777059052,0.412238777059052
24,2026071824,NUAA,force_z,Dropout,152,0.0572223600799819,0.0421287781798755,0.0414978545140606,0.0435645709938488,26.3770698709552,27.4796522617078,23.8679234254635,0.934210526315789,0.41324119281538,0.41324119281538
24,2026071824,NUAA,force_z,Bias,152,0.0610712107380725,0.0447713203452403,0.0440259708105228,0.045841401790363,26.6899742052611,27.9104339369573,24.9377878113936,0.638157894736842,0.592383277221696,1.67430494316236
24,2026071824,NUAA,force_z,Noise,152,0.0934200919730408,0.0467297409574613,0.0460558390379543,0.0480497152363194,49.9789178424845,50.7002850615421,48.5659730990356,0.657894736842105,0.582895822446373,1.15687720557215
24,2026071824,NUAA,vibration_x,Saturation,152,0.0384078269408259,0.0395381377630809,0.0395176528204299,0.0401040677128648,-2.94291792138208,-2.88958258772053,-4.41639349878412,1,0.389588118784725,0.389588118784725
24,2026071824,NUAA,vibration_x,Dropout,152,0.0395558778975939,0.0395381377630809,0.0395176528204299,0.0401040677128648,0.044848289194609,0.0966356435394554,-1.38586183497213,1,0.380341028129219,0.380341028129219
24,2026071824,NUAA,vibration_x,Bias,152,0.0408994350975341,0.039858135915427,0.0400496010216412,0.0397874688674492,2.54599893525167,2.07786262540376,2.71878139009313,0.506578947368421,0.609006915036638,1.70455454558555
24,2026071824,NUAA,vibration_x,Noise,152,0.040334514263352,0.0403351988746353,0.0408298079304975,0.0401526688533331,-0.00169733365043234,-1.22796487373485,0.45084318812316,0.0986842105263158,0.574997341780064,1.14953708284819
24,2026071824,NUAA,vibration_y,Saturation,152,0.050789420693241,0.0381670474217936,0.0380965929566498,0.0380944885855088,24.8523670858234,24.9910858665893,24.9952291923299,1,0.402831339650047,0.402831339650047
24,2026071824,NUAA,vibration_y,Dropout,152,0.0413249288900928,0.0381670474217936,0.0380965929566498,0.0380944885855088,7.64158960006421,7.81207861731364,7.81717087324139,1,0.426715476348222,0.426715476348222
24,2026071824,NUAA,vibration_y,Bias,152,0.04848583923207,0.038613377263791,0.0388097913831213,0.0385143478278707,20.3615367386465,19.9564408953217,20.5657807766766,0.717105263157895,0.63713532762861,1.72266624357177
24,2026071824,NUAA,vibration_y,Noise,152,0.0398530529265145,0.0376093563849505,0.0374672924198361,0.0369328349336613,5.6299238748439,5.98639334125162,7.32746371586099,0.157894736842105,0.618819104162716,1.08569085317122
24,2026071824,PHM2010,force_z,Saturation,945,0.0188287694130811,0.0132185972114446,0.0112049374226772,0.0109959153803692,29.7957454284768,40.4903359489192,41.6004565187891,1,0.403895852798652,0.403895852798652
24,2026071824,PHM2010,force_z,Dropout,945,0.0218255027188668,0.0132185972114446,0.0112049374226772,0.0109959153803692,39.4350848101293,48.6612630783012,49.6189594255532,1,0.401668230950137,0.401668230950137
24,2026071824,PHM2010,force_z,Bias,945,0.0141128135200839,0.0125119227304099,0.0113596967108888,0.011182884389485,11.343526841021,19.5079231031934,20.7607726583311,0.738624338624339,0.605480546982573,1.73091928521523
24,2026071824,PHM2010,force_z,Noise,945,0.0134996538151618,0.0125217647484566,0.0117595342884399,0.0116619464380899,7.24380847164339,12.890104817114,13.6129963200088,0.574603174603175,0.599445901599355,1.11076622359136
24,2026071824,PHM2010,vibration_x,Saturation,945,0.0150219383737095,0.0120323914477387,0.0124094720412425,0.0129403989661422,19.9012061665947,17.3910068559406,13.8566632067287,0.998941798941799,0.408166383813822,0.408166383813822
24,2026071824,PHM2010,vibration_x,Dropout,945,0.0126470735005523,0.0120278770855612,0.0124002029027161,0.0129153975694572,4.89596597160652,1.95199781060373,-2.12162971056591,0.997883597883598,0.393077541399577,0.393077541399577
24,2026071824,PHM2010,vibration_x,Bias,945,0.0149134560419084,0.012656765857412,0.0129089135175893,0.0130237789394661,15.131906233906,13.4411669480646,12.6709536483837,0.405291005291005,0.587728664637096,1.72127322820468
24,2026071824,PHM2010,vibration_x,Noise,945,0.0137370128303296,0.013002601631377,0.0131388209268489,0.0131784157304986,5.34622197724956,4.35459958339685,4.06636513141838,0.13015873015873,0.605708587983019,1.10955369668295
24,2026071824,PHM2010,vibration_y,Saturation,945,0.0135882788616019,0.0124345794459053,0.0130973454361106,0.0130454498774461,8.49040137788727,3.61291838717438,3.99483252945136,0.998941798941799,0.398268987102682,0.398268987102682
24,2026071824,PHM2010,vibration_y,Dropout,945,0.0118548173388717,0.0125549958827159,0.0130758882428597,0.0129586842427,-5.90627863618254,-10.3002085066649,-9.3115471312133,0.797883597883598,0.406024021908237,0.406024021908237
24,2026071824,PHM2010,vibration_y,Bias,945,0.0138807017930218,0.0138584614912474,0.0155581204301169,0.0135407864066744,0.160224620527286,-12.0845376704104,2.44883429826482,0.106878306878307,0.597696006754597,1.76476055467924
24,2026071824,PHM2010,vibration_y,Noise,945,0.0142634644734445,0.0137516230437081,0.0129900810398008,0.0139603126493874,3.5884790170676,8.92758863749015,2.12537300893151,0,0.596904620131687,1.11675253601458
25,2026071825,NUAA,force_z,Saturation,152,0.0951020256422491,0.041530617763931,0.040715411713155,0.0433126859787434,56.3304593320029,57.1876503805329,54.4566104809636,1,0.413360836134445,0.413360836134445
25,2026071825,NUAA,force_z,Dropout,152,0.0522500204605955,0.0418572520543836,0.0411744606822187,0.0431833332022138,19.8904580602981,21.1972352943468,17.3525047042218,0.927631578947368,0.405535928154842,0.405535928154842
25,2026071825,NUAA,force_z,Bias,152,0.0636890311620813,0.0439354063008451,0.0432268407429467,0.0448223449951364,31.0157408596238,32.1282802482278,29.6231326222113,0.638157894736842,0.628424871620927,1.74531517711667
25,2026071825,NUAA,force_z,Noise,152,0.0822319644077771,0.0443086621534683,0.0438437164091021,0.0447686179837891,46.1174708976334,46.6828784586891,45.5581314319726,0.644736842105263,0.614144601152598,1.06208501248896
25,2026071825,NUAA,vibration_x,Saturation,152,0.0388878799902196,0.0395381377630809,0.0395176528204299,0.0401040677128648,-1.67213479630391,-1.61945786288354,-3.1274209932533,1,0.405878949842326,0.405878949842326
25,2026071825,NUAA,vibration_x,Dropout,152,0.0395262358845383,0.0395381377630809,0.0395176528204299,0.0401040677128648,-0.0301113381435797,0.0217148532268335,-1.4618943984812,1,0.416882488277093,0.416882488277093
25,2026071825,NUAA,vibration_x,Bias,152,0.0405447656619707,0.0394933884497438,0.0398251100016664,0.0395726585293762,2.59312686868719,1.77496564243135,2.3976143818393,0.506578947368421,0.573602004763167,1.72249198696605
25,2026071825,NUAA,vibration_x,Noise,152,0.0399653435887988,0.040083876394069,0.040652634434082,0.0398768987571743,-0.296588980917499,-1.7197170937767,0.221303818964868,0.0921052631578947,0.581103102718551,1.04262201898427
25,2026071825,NUAA,vibration_y,Saturation,152,0.0464660273625834,0.0381670474217936,0.0380965929566498,0.0380944885855088,17.8603173368605,18.0119430925851,18.0164719306643,1,0.385055748850118,0.385055748850118
25,2026071825,NUAA,vibration_y,Dropout,152,0.0420937171151997,0.0381670474217936,0.0380965929566498,0.0380944885855088,9.32839854142566,9.49577379353498,9.50077304588251,1,0.404987557703472,0.404987557703472
25,2026071825,NUAA,vibration_y,Bias,152,0.0449888700746548,0.0377531640734037,0.0379917102235088,0.0380041596773864,16.0833245850454,15.5530908856677,15.5254185883708,0.625,0.579740159072207,1.75212550418245
25,2026071825,NUAA,vibration_y,Noise,152,0.0397783610343515,0.0378170348837153,0.0377470603712621,0.0377681397675342,4.93063590262668,5.10654690205858,5.05355478341928,0.144736842105263,0.614748261067252,1.1346395086078
25,2026071825,PHM2010,force_z,Saturation,945,0.0186456923892853,0.0132185972114446,0.0112049374226772,0.0109959153803692,29.1064287908097,39.9060266106498,41.0270471549343,1,0.398609681407613,0.398609681407613
25,2026071825,PHM2010,force_z,Dropout,945,0.0219504453023809,0.0132185972114446,0.0112049374226772,0.0109959153803692,39.7798220976828,48.9534846864274,49.9057297977614,1,0.395379766095167,0.395379766095167
25,2026071825,PHM2010,force_z,Bias,945,0.0146614831458053,0.0127013210426122,0.0114373555914879,0.0112680896172319,13.3694666746854,21.990459779915,23.1449539915351,0.742857142857143,0.609149765541773,1.74933977565678
25,2026071825,PHM2010,force_z,Noise,945,0.013513247536292,0.0124454787929949,0.011615812848279,0.0115481539824304,7.90164422304367,14.04129305644,14.541978518369,0.587301587301587,0.598890623708271,1.12199621728293
25,2026071825,PHM2010,vibration_x,Saturation,945,0.0146652696290558,0.0120332055396712,0.0124103704321055,0.0129412969537007,17.9476010735579,15.3757772886955,11.7554788896584,0.998941798941799,0.393752844884163,0.393752844884163
25,2026071825,PHM2010,vibration_x,Dropout,945,0.0127325569316672,0.0120338617571356,0.0124110498017239,0.0129420310394617,5.48746947122508,2.52507906831845,-1.64518492961589,0.998941798941799,0.389014598237545,0.389014598237545
25,2026071825,PHM2010,vibration_x,Bias,945,0.0157350174372641,0.0125312554309276,0.012792839199877,0.0129977863844566,20.360714686908,18.6982839333843,17.3957929422127,0.413756613756614,0.605871204765697,1.74570305281687
25,2026071825,PHM2010,vibration_x,Noise,945,0.0139125978212127,0.0130753990345136,0.0132456394195076,0.013258090624193,6.01755903144526,4.79391706909101,4.70442116871798,0.122751322751323,0.601983697174066,1.11993949598222
25,2026071825,PHM2010,vibration_y,Saturation,945,0.0137395494659786,0.0124338808838849,0.0130964325149792,0.0130447516664575,9.50299415076681,4.68077175741338,5.05691835996148,0.998941798941799,0.400924813350965,0.400924813350965
25,2026071825,PHM2010,vibration_y,Dropout,945,0.0117837911463827,0.012497376582921,0.013067716961371,0.012917430008023,-6.05565244388596,-10.8956939158112,-9.62032377829711,0.782010582010582,0.390813140373082,0.390813140373082
25,2026071825,PHM2010,vibration_y,Bias,945,0.0138456364597055,0.0137539525895327,0.015390029490754,0.0135256111375575,0.662186028353327,-11.1543664716536,2.31138036217662,0.113227513227513,0.607660638857611,1.75405323732164
25,2026071825,PHM2010,vibration_y,Noise,945,0.0143223890313244,0.013833390512418,0.0129255379669957,0.0140546949802332,3.41422452523069,9.75291944153748,1.86906004651694,0.00423280423280423,0.603019288750257,1.14015358835768
26,2026071826,NUAA,force_z,Saturation,152,0.0950317606856179,0.0425294627807894,0.0415144032180938,0.0442038759149712,55.2471063632247,56.3152330141174,53.4851552827632,0.967105263157895,0.382024060835266,0.382024060835266
26,2026071826,NUAA,force_z,Dropout,152,0.0543230797527074,0.0415710590408216,0.0407957183444587,0.043084720155357,23.4744067713691,24.9016835382469,20.6880015796423,0.940789473684211,0.399014326726558,0.399014326726558
26,2026071826,NUAA,force_z,Bias,152,0.0606991782836386,0.045514234062916,0.0447901330315158,0.0454818808230678,25.0167212309952,26.2096550595498,25.0700221829404,0.552631578947368,0.619680729912543,1.65840039842552
26,2026071826,NUAA,force_z,Noise,152,0.0940939406177356,0.0451615487697003,0.0442458918517875,0.0458352048434761,52.0037650955944,52.9768956839207,51.2878251855925,0.611842105263158,0.631794955866109,1.10301270800675
26,2026071826,NUAA,vibration_x,Saturation,152,0.0397209542565819,0.0395381377630809,0.0395176528204299,0.0401040677128648,0.460252017914811,0.511824149134813,-0.964512216419099,1,0.41086776355948,0.41086776355948
26,2026071826,NUAA,vibration_x,Dropout,152,0.0394469998294784,0.0395381377630809,0.0395176528204299,0.0401040677128648,-0.231038948453687,-0.179108655301878,-1.66569799028276,1,0.428631358752052,0.428631358752052
26,2026071826,NUAA,vibration_x,Bias,152,0.0403818608606405,0.0397319582170477,0.0398998840856878,0.039643407885851,1.60939250876949,1.19354770850232,1.82867495219684,0.559210526315789,0.581134586263888,1.79698477919721
26,2026071826,NUAA,vibration_x,Noise,152,0.0402175781890452,0.0402244519018853,0.0407966944581025,0.0400261022354238,-0.0170913146679309,-1.43995808582809,0.476100158794515,0.0789473684210526,0.586334699161718,1.12148701551233
26,2026071826,NUAA,vibration_y,Saturation,152,0.0522203013488238,0.0381670474217936,0.0380965929566498,0.0380944885855088,26.9114761195202,27.046393887752,27.0504236828445,1,0.391445534544076,0.391445534544076
26,2026071826,NUAA,vibration_y,Dropout,152,0.0416913906688211,0.0381670474217936,0.0380965929566498,0.0380944885855088,8.45340774315607,8.62239818462013,8.62744568029558,1,0.405314451613195,0.405314451613195
26,2026071826,NUAA,vibration_y,Bias,152,0.047607996761235,0.0391013342235164,0.0388699024734655,0.0390742227057782,17.8681379524987,18.3542574403898,17.9250853554197,0.703947368421053,0.632675064639076,1.78630129167327
26,2026071826,NUAA,vibration_y,Noise,152,0.0397861204579522,0.0386202956862673,0.0385257703293448,0.0382409929122169,2.93022983458998,3.1678135844871,3.88358434537051,0.151315789473684,0.603426437814997,1.07375162428153
26,2026071826,PHM2010,force_z,Saturation,945,0.0189314977393699,0.0132185972114446,0.0112049374226772,0.0109959153803692,30.1766960362823,40.8132543080546,41.9173510107328,1,0.400236958272635,0.400236958272635
26,2026071826,PHM2010,force_z,Dropout,945,0.0225472492638064,0.0132185972114446,0.0112049374226772,0.0109959153803692,41.3737921784388,50.3046367582241,51.231676859047,1,0.400128821458557,0.400128821458557
26,2026071826,PHM2010,force_z,Bias,945,0.0145879840774932,0.0126679898377267,0.0115832370241471,0.0114176984405842,13.161477484259,20.5974111116696,21.7321709433468,0.733333333333333,0.606609181045286,1.75267421240086
26,2026071826,PHM2010,force_z,Noise,945,0.0133110924913634,0.0124288943528118,0.0117858184546974,0.0115753465451854,6.62754119636659,11.4586690585738,13.0398458827044,0.573544973544974,0.602049656954346,1.10024625014311
26,2026071826,PHM2010,vibration_x,Saturation,945,0.014729979309657,0.0120382194470117,0.0124153679428541,0.0129467341650509,18.274023378163,15.7136090835197,12.1062297992299,0.998941798941799,0.403317156442114,0.403317156442114
26,2026071826,PHM2010,vibration_x,Dropout,945,0.0126532931909219,0.0120339113422963,0.0124111071368472,0.0129420892681881,4.8950248704425,1.91401598319417,-2.28237876818829,0.998941798941799,0.399035245406424,0.399035245406424
26,2026071826,PHM2010,vibration_x,Bias,945,0.0154744299536556,0.0126947328505794,0.0129391905073012,0.013140347888046,17.9631631756461,16.3834109168944,15.0834768880013,0.411640211640212,0.594432538165967,1.75125585418079
26,2026071826,PHM2010,vibration_x,Noise,945,0.0141282302257483,0.0132088140342523,0.0134011657121058,0.0134317535316742,6.50765295302388,5.14618251560918,4.92968109200818,0.135449735449735,0.616175657429948,1.12893023937117
26,2026071826,PHM2010,vibration_y,Saturation,945,0.0135192875339515,0.0124336825064243,0.0130961490630101,0.0130445446367965,8.03004614555928,3.12988735448342,3.5115970125108,0.998941798941799,0.402008156660958,0.402008156660958
26,2026071826,PHM2010,vibration_y,Dropout,945,0.0116978331125946,0.012436224821271,0.0129945163334334,0.0128604232051752,-6.31220929183416,-11.08481552402,-9.93850810992429,0.80952380952381,0.400842963650208,0.400842963650208
26,2026071826,PHM2010,vibration_y,Bias,945,0.0138654940079186,0.0137571159981231,0.0155173785666409,0.0137435633725211,0.781638286624575,-11.9136365266101,0.879381833260889,0.106878306878307,0.598636873969509,1.74191982330388
26,2026071826,PHM2010,vibration_y,Noise,945,0.014423632308101,0.0139311098107957,0.01297225451757,0.0141245494917251,3.4146911595118,10.0624985407859,2.07356101422427,0.00423280423280423,0.616074838316124,1.11401961641532
27,2026071827,NUAA,force_z,Saturation,152,0.0947898657973059,0.041530617763931,0.040715411713155,0.0433126859787434,56.1866477870766,57.0466617178055,54.3066280193273,1,0.406414847280896,0.406414847280896
27,2026071827,NUAA,force_z,Dropout,152,0.0543541309304085,0.0420698407295656,0.0413646169046978,0.043711688520778,22.600472108681,23.8979334290924,19.5798225957406,0.940789473684211,0.407514433021109,0.407514433021109
27,2026071827,NUAA,force_z,Bias,152,0.0620077191831579,0.044595470114335,0.0444312636524168,0.0452326342135395,28.0807765520141,28.3455927137457,27.0532204548087,0.611842105263158,0.629014797055778,1.72525610677548
27,2026071827,NUAA,force_z,Noise,152,0.0874483770372319,0.0443319526604291,0.0437874814565806,0.0456119668818145,49.3050023769402,49.9276225127223,47.8412654103405,0.644736842105263,0.604602590265126,1.09062712489488
27,2026071827,NUAA,vibration_x,Saturation,152,0.0387214851164445,0.0395381377630809,0.0395176528204299,0.0401040677128648,-2.10904267793603,-2.05613937996221,-3.57058256485418,1,0.391045968081546,0.391045968081546
27,2026071827,NUAA,vibration_x,Dropout,152,0.039436852159189,0.0395381377630809,0.0395176528204299,0.0401040677128648,-0.256829838961586,-0.204886183397108,-1.69185803923352,1,0.400195452416825,0.400195452416825
27,2026071827,NUAA,vibration_x,Bias,152,0.0397084932515695,0.0396928528716392,0.0399756047371261,0.0396736232449102,0.0393879964952838,-0.672680990095541,0.0878149831531315,0.486842105263158,0.599073359534327,1.70757641660913
27,2026071827,NUAA,vibration_x,Noise,152,0.0402355663068212,0.0402561931807699,0.0407966233612432,0.0401089575450296,-0.051265275581006,-1.39443061430683,0.314668770475493,0.111842105263158,0.609271719877637,1.15736601021392
27,2026071827,NUAA,vibration_y,Saturation,152,0.051729546005276,0.0381670474217936,0.0380965929566498,0.0380944885855088,26.21808933351,26.3542870591513,26.3583550846871,1,0.400287715789386,0.400287715789386
27,2026071827,NUAA,vibration_y,Dropout,152,0.0420370541935565,0.0381670474217936,0.0380965929566498,0.0380944885855088,9.20617975261491,9.37378061451009,9.37878660548975,1,0.408832269098891,0.408832269098891
27,2026071827,NUAA,vibration_y,Bias,152,0.0488630044660613,0.0384842966914713,0.0387597225288372,0.0385176030407226,21.240420821439,20.6767513533506,21.1722581089426,0.651315789473684,0.594024305944506,1.69851874993993
27,2026071827,NUAA,vibration_y,Noise,152,0.0399583446129162,0.0378221821444352,0.0379094160072192,0.0370724200559373,5.34597338597085,5.12766138223518,7.22233261896951,0.171052631578947,0.613077703567458,1.12533245570721
27,2026071827,PHM2010,force_z,Saturation,945,0.0186424008271316,0.0132185972114446,0.0112049374226772,0.0109959153803692,29.0939115942266,39.8954162257369,41.0166347010085,1,0.403947820582689,0.403947820582689
27,2026071827,PHM2010,force_z,Dropout,945,0.0221213521753147,0.0132185972114446,0.0112049374226772,0.0109959153803692,40.2450758584494,49.3478638472162,50.292752028786,1,0.402658231102167,0.402658231102167
27,2026071827,PHM2010,force_z,Bias,945,0.0141271975088136,0.0127310671809565,0.0114810228907063,0.0113302036068835,9.88257102646202,18.7310654958731,19.7986465481573,0.748148148148148,0.59845846788092,1.77783583939856
27,2026071827,PHM2010,force_z,Noise,945,0.0140209561836548,0.0127147727323722,0.0118160187012183,0.0118999256874761,9.31593704575804,15.7260136438267,15.1275738144831,0.592592592592593,0.589610663253289,1.13798682656756
27,2026071827,PHM2010,vibration_x,Saturation,945,0.0148328350710604,0.0120359932010475,0.0124130607210679,0.0129443604592796,18.8557471084521,16.313633492181,12.7317171851069,0.998941798941799,0.396419407260782,0.396419407260782
27,2026071827,PHM2010,vibration_x,Dropout,945,0.0127393687990558,0.0120343849536893,0.012411571400671,0.0129425917390178,5.53389933588128,2.5731054933356,-1.59523555026573,0.998941798941799,0.398593781329637,0.398593781329637
27,2026071827,PHM2010,vibration_x,Bias,945,0.0154937034142249,0.0124989799236104,0.0128358714139725,0.0130042950683648,19.328648616476,17.1542718302729,16.0672260163091,0.430687830687831,0.612564313435309,1.73840585304976
27,2026071827,PHM2010,vibration_x,Noise,945,0.0140442672842434,0.0131490223197359,0.0132678192277119,0.0133614274736198,6.37445120054023,5.52857647050523,4.86205365366192,0.121693121693122,0.5979305508283,1.12749345417824
27,2026071827,PHM2010,vibration_y,Saturation,945,0.0138847749906352,0.012433400041398,0.0130956906611217,0.0130442531880709,10.4529958189174,5.68309050773687,6.05355004406725,0.998941798941799,0.393964289355721,0.393964289355721
27,2026071827,PHM2010,vibration_y,Dropout,945,0.0117733214256176,0.0123921687148136,0.0130283926287949,0.0128107777160515,-5.25635261982662,-10.6602984646832,-8.81192530917018,0.777777777777778,0.394290609949681,0.394290609949681
27,2026071827,PHM2010,vibration_y,Bias,945,0.014013363242438,0.013843183414447,0.0156253194319406,0.0138063530868365,1.21441102358393,-11.5029929761682,1.4772339232215,0.101587301587302,0.591603736752149,1.76052043017684
27,2026071827,PHM2010,vibration_y,Noise,945,0.0142653965525296,0.0137294243134117,0.0128692238878532,0.0139434217456681,3.75714924674004,9.78712831105112,2.25703369461825,0.00423280423280423,0.597325319546885,1.13123113524567
28,2026071828,NUAA,force_z,Saturation,152,0.0967201317106673,0.0422055829971935,0.0412984023605342,0.043761283819195,56.3631870111084,57.3011309743911,54.7547309487705,0.980263157894737,0.41371815493,0.41371815493
28,2026071828,NUAA,force_z,Dropout,152,0.0519285266810897,0.0417674844827788,0.0410170177317801,0.0434468860134238,19.5673608471762,21.0125525346035,16.3332973410828,0.927631578947368,0.38666675754024,0.38666675754024
28,2026071828,NUAA,force_z,Bias,152,0.0597188829371081,0.0445143510706322,0.0437632029940208,0.0445177082227069,25.4601746025428,26.7179812453804,25.4545530103268,0.526315789473684,0.63001442044082,1.61372420376408
28,2026071828,NUAA,force_z,Noise,152,0.0861616385756134,0.0471955141312518,0.047000606036617,0.0476935578823771,45.2244468519083,45.4506590013717,44.6464126369621,0.605263157894737,0.602170181839603,1.09285985745738
28,2026071828,NUAA,vibration_x,Saturation,152,0.0387378607928925,0.0395381377630809,0.0395176528204299,0.0401040677128648,-2.06587806814368,-2.01299713400909,-3.52680011752991,1,0.388474483196847,0.388474483196847
28,2026071828,NUAA,vibration_x,Dropout,152,0.039462926187668,0.0395381377630809,0.0395176528204299,0.0401040677128648,-0.190587933229516,-0.138678597987562,-1.62466797861845,1,0.395182045482888,0.395182045482888
28,2026071828,NUAA,vibration_x,Bias,152,0.0397848659632894,0.0395539954201669,0.0397023829645209,0.0398465959495059,0.58029740086468,0.207322550350218,-0.155159467606392,0.440789473684211,0.582192631280695,1.70044489792229
28,2026071828,NUAA,vibration_x,Noise,152,0.0403096167620838,0.0402699861902408,0.0409819062232615,0.0401167084354642,0.0983154270032496,-1.66781407311729,0.478566511207997,0.118421052631579,0.630932621254491,1.16755216980004
28,2026071828,NUAA,vibration_y,Saturation,152,0.0519487002219401,0.0381670474217936,0.0380965929566498,0.0380944885855088,26.5293505732911,26.6649737262145,26.6690245901092,1,0.410827473760094,0.410827473760094
28,2026071828,NUAA,vibration_y,Dropout,152,0.0417144163404881,0.0381670474217936,0.0380965929566498,0.0380944885855088,8.50393995624841,8.67283711776848,8.67788182730934,1,0.38577030706357,0.38577030706357
28,2026071828,NUAA,vibration_y,Bias,152,0.0443150192395095,0.0389151569081796,0.0393508320843923,0.0386122087296806,12.1851742907867,11.2020421976739,12.868798451845,0.651315789473684,0.603304766388288,1.73167453729586
28,2026071828,NUAA,vibration_y,Noise,152,0.0401548972505027,0.0379805093096669,0.0376803989196201,0.0378029277004265,5.41500063434629,6.16238242485266,5.85724210774009,0.171052631578947,0.626364455879709,1.14146967348145
28,2026071828,PHM2010,force_z,Saturation,945,0.0187931051545982,0.0132185972114446,0.0112049374226772,0.0109959153803692,29.66251663733,40.3774026138748,41.4896298939783,1,0.40398068718874,0.40398068718874
28,2026071828,PHM2010,force_z,Dropout,945,0.0221897008938677,0.0132185972114446,0.0112049374226772,0.0109959153803692,40.4291329807981,49.5038825612389,50.4458602981527,1,0.398901991365689,0.398901991365689
28,2026071828,PHM2010,force_z,Bias,945,0.0144470900723667,0.0126242207072082,0.011405037446558,0.0112415241287275,12.6175538189879,21.0565076466667,22.1883156233005,0.754497354497354,0.60009279829183,1.73956124224917
28,2026071828,PHM2010,force_z,Noise,945,0.0134746727765885,0.012459259984824,0.0118202169579337,0.0117120681499054,7.53571391751156,12.2782634212041,13.0808714683262,0.568253968253968,0.593581630585038,1.11368433437741
28,2026071828,PHM2010,vibration_x,Saturation,945,0.014658398098757,0.0120319579893873,0.0124090190664501,0.0129399719760322,17.9176475606321,15.3453263934591,11.7231508596463,0.998941798941799,0.4093897448303,0.4093897448303
28,2026071828,PHM2010,vibration_x,Dropout,945,0.0127610287864895,0.0120262693071763,0.0124012867355405,0.0129164031743123,5.75783889846796,2.81906778025516,-1.2175694485327,0.997883597883598,0.398963563397742,0.398963563397742
28,2026071828,PHM2010,vibration_x,Bias,945,0.0154732651297504,0.0127394102477735,0.0128897216070063,0.0131203871441225,17.6682481625715,16.6968219123758,15.2060858900691,0.428571428571429,0.598025628862554,1.74764402066462
28,2026071828,PHM2010,vibration_x,Noise,945,0.0138113545836693,0.0130051834993765,0.0132167122958411,0.0131715706764015,5.83701677781913,4.30545957115151,4.63230382937504,0.134391534391534,0.599699013954561,1.12587873895431
28,2026071828,PHM2010,vibration_y,Saturation,945,0.0138466877148008,0.0124343437185598,0.0130971850015886,0.013045232874953,10.1998689168914,5.41286644611103,5.7880617831162,0.998941798941799,0.399183211356692,0.399183211356692
28,2026071828,PHM2010,vibration_y,Dropout,945,0.0117752235121876,0.0123993642879398,0.0129993199782997,0.0128869129961566,-5.30045799220856,-10.3955263765918,-9.44092044468098,0.79047619047619,0.393271895800339,0.393271895800339
28,2026071828,PHM2010,vibration_y,Bias,945,0.0136409369933078,0.0135548770533721,0.0154895082554919,0.0136677719298112,0.630894637061171,-13.5516443121979,-0.196723557308497,0.125925925925926,0.611205993958766,1.75019772077705
28,2026071828,PHM2010,vibration_y,Noise,945,0.0143126476293952,0.0137834307225537,0.012928527761747,0.0139893414226562,3.69754723615673,9.6706067492748,2.25888469492522,0.00105820105820106,0.598133497568865,1.14685157465342
29,2026071829,NUAA,force_z,Saturation,152,0.0917460524778562,0.0427552128734085,0.0417284947313092,0.0444374609585532,53.3983079176862,54.5173949131154,51.564716128491,0.986842105263158,0.410892237250441,0.410892237250441
29,2026071829,NUAA,force_z,Dropout,152,0.0548800499332789,0.0417517136368351,0.0410591214049639,0.0437246502129349,23.9218738182721,25.1838847543286,20.326876039483,0.934210526315789,0.393132969445668,0.393132969445668
29,2026071829,NUAA,force_z,Bias,152,0.0654497576692306,0.0427393542051976,0.0428287441884566,0.0435592380507006,34.6989878538689,34.5624098336558,33.446295904043,0.638157894736842,0.581339126574908,1.77555055683162
29,2026071829,NUAA,force_z,Noise,152,0.0910898503293161,0.0454828964873906,0.0446953080110296,0.0461817239210104,50.0680961457761,50.9327242832839,49.300911403356,0.631578947368421,0.583662295767638,1.14779472838768
29,2026071829,NUAA,vibration_x,Saturation,152,0.0380396149795524,0.0395381377630809,0.0395176528204299,0.0401040677128648,-3.93937421378735,-3.88552261023655,-5.42711258886848,1,0.395494312749481,0.395494312749481
29,2026071829,NUAA,vibration_x,Dropout,152,0.0395537479984616,0.0395381377630809,0.0395176528204299,0.0401040677128648,0.0394658816688966,0.0912560246708656,-1.3913212836989,1,0.423792316063029,0.423792316063029
29,2026071829,NUAA,vibration_x,Bias,152,0.0396995677736703,0.0397209055850654,0.0397052344487472,0.0396111136817334,-0.0537482209296816,-0.0142738961522842,0.222808702707033,0.546052631578947,0.587979811938135,1.84545187057589
29,2026071829,NUAA,vibration_x,Noise,152,0.0402372744994289,0.0400570679961674,0.0404389675938346,0.0398768472516858,0.447859616495764,-0.501259334571784,0.895754626094944,0.131578947368421,0.579549038966803,1.14108622544637
29,2026071829,NUAA,vibration_y,Saturation,152,0.0528044304618633,0.0381670474217936,0.0380965929566498,0.0380944885855088,27.7199903720981,27.8534156633616,27.8574008803645,1,0.403599686927167,0.403599686927167
29,2026071829,NUAA,vibration_y,Dropout,152,0.0420310385381997,0.0381670474217936,0.0380965929566498,0.0380944885855088,9.19318496709126,9.36080981671213,9.36581652416984,1,0.398230250741717,0.398230250741717
29,2026071829,NUAA,vibration_y,Bias,152,0.0445528643409959,0.0380150191062635,0.0381264461877537,0.0375879100521437,14.6743544583204,14.4242536328441,15.6330112370425,0.690789473684211,0.591504071802988,1.68436447268023
29,2026071829,NUAA,vibration_y,Noise,152,0.0399580464791322,0.037552538896383,0.0375672994426183,0.0374290457771649,6.02008304886846,5.98314293908856,6.3291399975923,0.171052631578947,0.576720993620039,1.13491137949834
29,2026071829,PHM2010,force_z,Saturation,945,0.018029659963143,0.0132185972114446,0.0112049374226772,0.0109959153803692,26.6841568922176,37.8527523781211,39.0120756417615,1,0.39030231309989,0.39030231309989
29,2026071829,PHM2010,force_z,Dropout,945,0.0218878208323676,0.0132185972114446,0.0112049374226772,0.0109959153803692,39.607522774049,48.8074326425982,49.7624022757509,1,0.397738029941945,0.397738029941945
29,2026071829,PHM2010,force_z,Bias,945,0.0139978045683547,0.0125956715974265,0.0114136299545244,0.011332254247549,10.0168063075979,18.4612851337589,19.0426313482889,0.736507936507937,0.602430528792845,1.73176789749574
29,2026071829,PHM2010,force_z,Noise,945,0.013564723720646,0.0124390989145686,0.0119434419049488,0.0118093979164907,8.29817716349203,11.9521919435009,12.9403726924688,0.571428571428571,0.597244980228674,1.12787055711749
29,2026071829,PHM2010,vibration_x,Saturation,945,0.014880987207084,0.0120319211573204,0.0124089817133766,0.0129399376356766,19.1456790474718,16.6118380407628,13.0438225931908,0.998941798941799,0.402961161613868,0.402961161613868
29,2026071829,PHM2010,vibration_x,Dropout,945,0.0127995298389785,0.0120338056187653,0.012410988970904,0.0129419750411217,5.98244021339992,3.03558703298077,-1.11289401982115,0.998941798941799,0.392203919413701,0.392203919413701
29,2026071829,PHM2010,vibration_x,Bias,945,0.0156053579465875,0.0127318669702336,0.0130296200842403,0.0130976174996483,18.4134896885353,16.5054712052312,16.0697399926514,0.427513227513228,0.598836268663957,1.78006135794387
29,2026071829,PHM2010,vibration_x,Noise,945,0.0138621239791407,0.0130305845006388,0.0132062136335014,0.0132384082350829,5.99864407325432,4.7316727698177,4.49942407813124,0.138624338624339,0.597099280941509,1.13827533005244
29,2026071829,PHM2010,vibration_y,Saturation,945,0.0139457210955541,0.0124333686137395,0.0130955557358996,0.0130442085603783,10.8445627978085,6.09624524848395,6.46443829615363,0.998941798941799,0.4050039176671,0.4050039176671
29,2026071829,PHM2010,vibration_y,Dropout,945,0.0117239685987213,0.0124592136363918,0.013005346531913,0.0128674764350583,-6.27129825092458,-10.9295578745537,-9.75359006387757,0.777777777777778,0.39760344736168,0.39760344736168
29,2026071829,PHM2010,vibration_y,Bias,945,0.0139718207120052,0.0139246667816414,0.0155843051718332,0.0138400333797874,0.337493096538726,-11.54097589044,0.943236639907703,0.106878306878307,0.595802940958845,1.76629964135242
29,2026071829,PHM2010,vibration_y,Noise,945,0.0144798252703553,0.013971218790516,0.0130106532536689,0.014149459151567,3.51251807492854,10.1463380203509,2.28156150105425,0.00105820105820106,0.605323688770337,1.1597972388044
30,2026071830,NUAA,force_z,Saturation,152,0.0964368935495593,0.0413740494532798,0.0405448360898848,0.0433127080067927,57.0972809985657,57.957131759902,55.0869937711814,0.993421052631579,0.411104176045103,0.411104176045103
30,2026071830,NUAA,force_z,Dropout,152,0.0506755842294827,0.0413641522795945,0.0404432774777433,0.0432800232971684,18.374592205433,20.1917884269526,14.5939332417436,0.921052631578947,0.387932154305964,0.387932154305964
30,2026071830,NUAA,force_z,Bias,152,0.0642419292605112,0.043626671807694,0.0431272648277333,0.0452197539033852,32.0900347952178,32.8674195744567,29.6102180866768,0.664473684210526,0.581650335238349,1.66825170243232
30,2026071830,NUAA,force_z,Noise,152,0.0899504908094563,0.044027657600168,0.0432145846245794,0.0456684071458453,51.0534548461414,51.9573665071804,49.2293963769631,0.671052631578947,0.614981327546044,1.13632271302716
30,2026071830,NUAA,vibration_x,Saturation,152,0.0394351173238887,0.0395381377630809,0.0395176528204299,0.0401040677128648,-0.261240351705016,-0.209294411027841,-1.696331681942,1,0.392614939684741,0.392614939684741
30,2026071830,NUAA,vibration_x,Dropout,152,0.0394770514100019,0.0395381377630809,0.0395176528204299,0.0401040677128648,-0.15473889486994,-0.10284813322645,-1.58830581430944,1,0.402876554539571,0.402876554539571
30,2026071830,NUAA,vibration_x,Bias,152,0.0404225868512919,0.039339315533392,0.0395644835277181,0.0394291203534,2.67986638728776,2.12283129412437,2.45770143693855,0.526315789473684,0.598080757009113,1.76559672236901
30,2026071830,NUAA,vibration_x,Noise,152,0.0400738991905949,0.0401553712956965,0.0407823401604905,0.0399108215198641,-0.203304661505747,-1.76783638279399,0.406942359053236,0.105263157894737,0.5847713708612,1.13613297134781
30,2026071830,NUAA,vibration_y,Saturation,152,0.0493452849277529,0.0381670474217936,0.0380965929566498,0.0380944885855088,22.6531015523075,22.7958800675129,22.8001446515438,1,0.395337035244818,0.395337035244818
30,2026071830,NUAA,vibration_y,Dropout,152,0.0419105978569202,0.0381670474217936,0.0380965929566498,0.0380944885855088,8.9322286642316,9.10033522616678,9.10535632166207,1,0.401394840955585,0.401394840955585
30,2026071830,NUAA,vibration_y,Bias,152,0.0448152249688616,0.0382995106451114,0.0389141343376491,0.0374701004102139,14.539064186953,13.1676023835931,16.3897973596054,0.677631578947368,0.591547511101549,1.85146028010351
30,2026071830,NUAA,vibration_y,Noise,152,0.0398682490867193,0.038214748907036,0.0380630708813168,0.0376425287031224,4.14741107914384,4.52785925330196,5.58268906857593,0.138157894736842,0.596058025961092,1.15845513872769
30,2026071830,PHM2010,force_z,Saturation,945,0.0186237451576339,0.0132185972114446,0.0112049374226772,0.0109959153803692,29.0228839604462,39.8352086122467,40.9575502279571,1,0.409939101943994,0.409939101943994
30,2026071830,PHM2010,force_z,Dropout,945,0.0211388428840996,0.0132185972114446,0.0112049374226772,0.0109959153803692,37.4677351834266,46.9936103687803,47.9824158746162,1,0.393078458121907,0.393078458121907
30,2026071830,PHM2010,force_z,Bias,945,0.0144454798765465,0.0126253609747716,0.0114139202386608,0.0112780552352943,12.5999199564846,20.9862161990735,21.9267526473442,0.768253968253968,0.599394672104374,1.75671572686012
30,2026071830,PHM2010,force_z,Noise,945,0.0136247756001824,0.0125542700155974,0.0117948890807874,0.0116905959166893,7.85705112508913,13.4305809731682,14.1960479955885,0.584126984126984,0.607811043982893,1.13413000091689
30,2026071830,PHM2010,vibration_x,Saturation,945,0.0152428801575032,0.0120345983133051,0.0124116647476375,0.0129429094165727,21.0477403945134,18.57401869339,15.0888199419344,0.998941798941799,0.402908938436697,0.402908938436697
30,2026071830,PHM2010,vibration_x,Dropout,945,0.0127473015618677,0.0120340704845994,0.012411257746032,0.0129422649759779,5.59515340408848,2.6361957015351,-1.52944851240863,0.998941798941799,0.399545767886185,0.399545767886185
30,2026071830,PHM2010,vibration_x,Bias,945,0.0159165683788993,0.0128816409977102,0.0130638087143605,0.0132061581471128,19.0677243294011,17.9232080472866,17.0288605386808,0.422222222222222,0.608235580195326,1.76449613038471
30,2026071830,PHM2010,vibration_x,Noise,945,0.0139082440149571,0.0131482738716615,0.0133610501787566,0.0133304539220512,5.464170332921,3.93431288386953,4.15429936578966,0.132275132275132,0.608003497818938,1.12105924900737
30,2026071830,PHM2010,vibration_y,Saturation,945,0.0139205036139442,0.0124348966646601,0.0130977488574247,0.013045806737766,10.67207760929,5.91038068260251,6.28351459427133,0.998941798941799,0.398982453686535,0.398982453686535
30,2026071830,PHM2010,vibration_y,Dropout,945,0.0117747904722827,0.0124696406331545,0.0130557760397539,0.012911667670512,-5.9011679444107,-10.8790519074342,-9.65517985993461,0.801058201058201,0.403205872139216,0.403205872139216
30,2026071830,PHM2010,vibration_y,Bias,945,0.0139867417788569,0.0139440404441361,0.0153107505071483,0.0137981963764809,0.305298656370052,-9.46616981442286,1.34802947932421,0.106878306878307,0.590633694411136,1.75025526002229
30,2026071830,PHM2010,vibration_y,Noise,945,0.0142896304425926,0.0137890018992925,0.0129031870389147,0.0140087763316257,3.50343940181933,9.70244408522592,1.96543998877506,0.00317460317460317,0.614609824634624,1.09347261845321
