Repeat,Seed,Dataset,TargetPair,FaultType,RunLevelN,FullMAE,MedianReplacementMAE,SingleMaskTrainMAE,MultiMaskTrainMAE,SingleSQTR_MAE,SubsetRoutingMAE,OraclePairExclusionMAE,ExactSetDetectionRate,BothTargetDetectedRate,ExtraChannelTriggerRate,MeanDurationFraction,MeanSeverity
1,2026081501,NUAA,force_z+vibration_x,Saturation,152,0.0864858515529113,0.0416537746675011,0.0398800925619997,0.0425416116042979,0.0965112370396652,0.0573366400345893,0.0586484258120297,0.947368421052632,0.967105263157895,0.0197368421052632,0.401220218099682,0.401220218099682
1,2026081501,NUAA,force_z+vibration_x,Dropout,152,0.0593107622195699,0.0417868662708558,0.0399578452996542,0.0427255167063169,0.0595611638783594,0.0577726790020974,0.0586484258120297,0.921052631578947,0.940789473684211,0.0197368421052632,0.409099043361608,0.409099043361608
1,2026081501,NUAA,force_z+vibration_x,Bias,152,0.0660505901591719,0.0475295772119213,0.047165854714555,0.0474925518481639,0.0480887490111461,0.0481195126240725,0.0586484258120297,0.0394736842105263,0.0394736842105263,0.0197368421052632,0.613271907637691,1.79647846420826
1,2026081501,NUAA,force_z+vibration_x,Noise,152,0.0928074114425134,0.0456138658398877,0.0453780460198705,0.0450789729478052,0.0465864715114598,0.0465772550912136,0.0586484258120297,0,0,0.0197368421052632,0.602614996012159,1.11530260068113
1,2026081501,NUAA,force_z+vibration_y,Saturation,152,0.11083235747006,0.0418958292103936,0.0400422809559655,0.0417030420757368,0.0938942325945904,0.0419891890646042,0.040833826260722,0.960526315789474,0.967105263157895,0.00657894736842105,0.387313123131672,0.387313123131672
1,2026081501,NUAA,force_z+vibration_y,Dropout,152,0.0521917484333905,0.0403171126451826,0.0386656759704026,0.0406305228163698,0.0480803053466249,0.0405596474404216,0.040833826260722,0.947368421052632,0.953947368421053,0.00657894736842105,0.399439054304396,0.399439054304396
1,2026081501,NUAA,force_z+vibration_y,Bias,152,0.0662697320053424,0.0441294763619923,0.0429278666144645,0.0437616546185464,0.0501307324108943,0.0448048138873678,0.040833826260722,0.342105263157895,0.342105263157895,0.00657894736842105,0.601023776648781,1.76511535092695
1,2026081501,NUAA,force_z+vibration_y,Noise,152,0.0883869461305158,0.0420473364933469,0.0405042889602421,0.0423418034654949,0.0432287735144168,0.0418522904907629,0.040833826260722,0.0328947368421053,0.0328947368421053,0.00657894736842105,0.587423098805991,1.13416821338047
1,2026081501,NUAA,vibration_x+vibration_y,Saturation,152,0.0526353560909168,0.0381550550447359,0.0374069017775911,0.0377409178067707,0.0374155031357864,0.0378296641271633,0.0379406954754658,0.986842105263158,1,0.0131578947368421,0.402625867587003,0.402625867587003
1,2026081501,NUAA,vibration_x+vibration_y,Dropout,152,0.042214374036178,0.0381550550447359,0.0374069017775911,0.0377409178067707,0.0395227870893,0.0378296641271633,0.0379406954754658,0.986842105263158,1,0.0131578947368421,0.391494350979547,0.391494350979547
1,2026081501,NUAA,vibration_x+vibration_y,Bias,152,0.0464230403440322,0.0391350510318229,0.0395197976661393,0.0390581450162864,0.0389313026109585,0.0389299990534432,0.0379406954754658,0.0328947368421053,0.0328947368421053,0.0131578947368421,0.584842966168132,1.73686933758897
1,2026081501,NUAA,vibration_x+vibration_y,Noise,152,0.0412965068149567,0.0407799683798839,0.0406962401882335,0.041105612081777,0.0408908023088129,0.0408908023088129,0.0379406954754658,0,0,0.0131578947368421,0.613292706136261,1.16401200906073
1,2026081501,PHM2010,force_z+vibration_x,Saturation,945,0.0257390414780627,0.0136915375033421,0.01196071396682,0.0128342106137564,0.0152485206139661,0.0114857559756938,0.0114861988707107,0.991534391534391,1,0.00846560846560847,0.397067933572569,0.397067933572569
1,2026081501,PHM2010,force_z+vibration_x,Dropout,945,0.021765589428431,0.0143180492272776,0.0121180421026925,0.0129726491384638,0.0111894079665093,0.0118875334954592,0.0114861988707107,0.827513227513228,0.835978835978836,0.00846560846560847,0.39489223709305,0.39489223709305
1,2026081501,PHM2010,force_z+vibration_x,Bias,945,0.0177452985794367,0.0157242735328536,0.0142363554598908,0.0156342602003792,0.015589166889289,0.0155043136210351,0.0114861988707107,0.112169312169312,0.113227513227513,0.00846560846560847,0.601114939149354,1.76419909708503
1,2026081501,PHM2010,force_z+vibration_x,Noise,945,0.0143400980934812,0.0144337843405313,0.0141089105905499,0.0143685950511503,0.0140113207966583,0.0140064683570869,0.0114861988707107,0.00105820105820106,0.00105820105820106,0.00846560846560847,0.606855198953042,1.13780538281527
1,2026081501,PHM2010,force_z+vibration_y,Saturation,945,0.0188996838609665,0.0136041246506154,0.0126408701501635,0.0134764210936959,0.0120573295452503,0.012063596183814,0.0120501203448286,0.986243386243386,1,0.0137566137566138,0.390254798043357,0.390254798043357
1,2026081501,PHM2010,force_z+vibration_y,Dropout,945,0.0205404877457536,0.0137902016860556,0.0125090153881999,0.0133609886438195,0.0107949417984351,0.0117023598043546,0.0120501203448286,0.668783068783069,0.678306878306878,0.0137566137566138,0.401775212303791,0.401775212303791
1,2026081501,PHM2010,force_z+vibration_y,Bias,945,0.0158994679706921,0.0143275568203166,0.0154123181001634,0.0178224943660199,0.0142258037550488,0.0142633963138284,0.0120501203448286,0.0285714285714286,0.0296296296296296,0.0137566137566138,0.595913837339006,1.75594553979922
1,2026081501,PHM2010,force_z+vibration_y,Noise,945,0.0156297917773757,0.0154224556183562,0.0145512507933579,0.0143994794133062,0.015025410549675,0.0150200086918994,0.0120501203448286,0,0.00105820105820106,0.0137566137566138,0.59320671328881,1.1179131834233
1,2026081501,PHM2010,vibration_x+vibration_y,Saturation,945,0.0160564328189853,0.0136287499590422,0.0136189001570198,0.0144037868687172,0.015663955892852,0.013856383007175,0.013837131998922,0.990476190476191,1,0.00952380952380952,0.404705393942075,0.404705393942075
1,2026081501,PHM2010,vibration_x+vibration_y,Dropout,945,0.011787613053046,0.0133860362687003,0.013786709759665,0.0144869998492444,0.0126451904109385,0.0140315899449538,0.013837131998922,0.591534391534392,0.598941798941799,0.00952380952380952,0.404529635704678,0.404529635704678
1,2026081501,PHM2010,vibration_x+vibration_y,Bias,945,0.0172607837831547,0.016972624426557,0.0174928657474837,0.0197875026649024,0.0170763357357236,0.0170970002828122,0.013837131998922,0.0126984126984127,0.0126984126984127,0.00952380952380952,0.605470907205248,1.7355349352754
1,2026081501,PHM2010,vibration_x+vibration_y,Noise,945,0.015667633689652,0.0156997562272909,0.0141733200910851,0.0147360250331016,0.0156978314554153,0.0156881880884476,0.013837131998922,0,0,0.00952380952380952,0.602654080950125,1.12531646342261
2,2026081502,NUAA,force_z+vibration_x,Saturation,152,0.0906829321108378,0.0416237937604025,0.0397722236240879,0.0425918605384639,0.0997360584416577,0.0588560493494696,0.0586484258120297,0.967105263157895,0.986842105263158,0.0197368421052632,0.391309478568074,0.391309478568074
2,2026081502,NUAA,force_z+vibration_x,Dropout,152,0.0521443920008473,0.0415797984902087,0.0397021229467088,0.0426744717484328,0.052081225011701,0.0586531402917018,0.0586484258120297,0.967105263157895,0.986842105263158,0.0197368421052632,0.413220468836408,0.413220468836408
2,2026081502,NUAA,force_z+vibration_x,Bias,152,0.0650040223354774,0.0477067725892173,0.0472049767605303,0.0464222284376361,0.048214364768545,0.0481750271675427,0.0586484258120297,0.0131578947368421,0.0131578947368421,0.0197368421052632,0.613432470838113,1.7581358126488
2,2026081502,NUAA,force_z+vibration_x,Noise,152,0.091653892982079,0.0449025227046503,0.0448475265039717,0.0446134980808379,0.0474215497680861,0.0463806550439271,0.0586484258120297,0.00657894736842105,0.00657894736842105,0.0197368421052632,0.59187127350964,1.14730269565877
2,2026081502,NUAA,force_z+vibration_y,Saturation,152,0.105750408908644,0.040878544102565,0.0390527523990184,0.041069943129962,0.0894365354375921,0.0408012563864064,0.040833826260722,0.973684210526316,0.980263157894737,0.00657894736842105,0.382554478100185,0.382554478100185
2,2026081502,NUAA,force_z+vibration_y,Dropout,152,0.0550236710620739,0.0403403653047676,0.0388201356500576,0.0406478736459595,0.0510056458853669,0.0408193607429809,0.040833826260722,0.921052631578947,0.921052631578947,0.00657894736842105,0.402364807271224,0.402364807271224
2,2026081502,NUAA,force_z+vibration_y,Bias,152,0.0692181015751934,0.0441146429659284,0.0424265860307777,0.04295781437423,0.0446740656980417,0.0441627626605052,0.040833826260722,0.256578947368421,0.256578947368421,0.00657894736842105,0.593598427971385,1.71556977737849
2,2026081502,NUAA,force_z+vibration_y,Noise,152,0.0856556737533279,0.0450389828575514,0.0438093269146558,0.046254595869438,0.0461199181281992,0.045328324042831,0.040833826260722,0.0197368421052632,0.0197368421052632,0.00657894736842105,0.577476080480389,1.11829146393861
2,2026081502,NUAA,vibration_x+vibration_y,Saturation,152,0.0491138359552031,0.0381550550447359,0.0374069017775911,0.0377409178067707,0.0387391699784602,0.0378296641271633,0.0379406954754658,0.986842105263158,1,0.0131578947368421,0.381262095465309,0.381262095465309
2,2026081502,NUAA,vibration_x+vibration_y,Dropout,152,0.0417463501129837,0.0381550550447359,0.0374069017775911,0.0377409178067707,0.0400710008938958,0.0378296641271633,0.0379406954754658,0.986842105263158,1,0.0131578947368421,0.392795595552303,0.392795595552303
2,2026081502,NUAA,vibration_x+vibration_y,Bias,152,0.0465995967222069,0.0416692985115643,0.0407121493897434,0.040633072161379,0.0411168886053562,0.0408226038288288,0.0379406954754658,0.0328947368421053,0.0328947368421053,0.0131578947368421,0.58515159064181,1.76297260229253
2,2026081502,NUAA,vibration_x+vibration_y,Noise,152,0.0408438951494944,0.0407444065430005,0.0407068450005209,0.041123996145731,0.0404805222678844,0.0404805222678844,0.0379406954754658,0,0,0.0131578947368421,0.571091275420436,1.13596817554573
2,2026081502,PHM2010,force_z+vibration_x,Saturation,945,0.0252565997797864,0.0136915375033421,0.01196071396682,0.0128342106137564,0.0147911588102246,0.0114857559756938,0.0114861988707107,0.991534391534391,1,0.00846560846560847,0.400364360821917,0.400364360821917
2,2026081502,PHM2010,force_z+vibration_x,Dropout,945,0.022162187519164,0.0142712848680131,0.012107914407069,0.0129886386580388,0.0111210575714166,0.0117803217211102,0.0114861988707107,0.816931216931217,0.825396825396825,0.00846560846560847,0.394569925261661,0.394569925261661
2,2026081502,PHM2010,force_z+vibration_x,Bias,945,0.0169107230310698,0.0150983613173275,0.0136144381365875,0.0149315567223953,0.014778786845906,0.0146494243067724,0.0114861988707107,0.0920634920634921,0.0931216931216931,0.00846560846560847,0.595930729824305,1.73488970430085
2,2026081502,PHM2010,force_z+vibration_x,Noise,945,0.0143586475524703,0.0143067909857637,0.0141920182332662,0.0144195830519224,0.0140269052757439,0.0140278437930775,0.0114861988707107,0.00211640211640212,0.00211640211640212,0.00846560846560847,0.610295092123974,1.12749488549954
2,2026081502,PHM2010,force_z+vibration_y,Saturation,945,0.0191470171061494,0.0136041246506154,0.0126408701501635,0.0134764210936959,0.0118780768730053,0.012063596183814,0.0120501203448286,0.986243386243386,1,0.0137566137566138,0.404006766023435,0.404006766023435
2,2026081502,PHM2010,force_z+vibration_y,Dropout,945,0.0202378626806896,0.0137229753003512,0.0125256099837099,0.0133929012676723,0.0107550745481178,0.0117004966267913,0.0120501203448286,0.657142857142857,0.665608465608466,0.0137566137566138,0.397878527165192,0.397878527165192
2,2026081502,PHM2010,force_z+vibration_y,Bias,945,0.0164364112974818,0.0141954269540126,0.0153478601160744,0.0179279056535018,0.0144759636984159,0.0144471550026919,0.0120501203448286,0.0275132275132275,0.0285714285714286,0.0137566137566138,0.59902204979488,1.76780245797149
2,2026081502,PHM2010,force_z+vibration_y,Noise,945,0.0156439553589014,0.0156260639326714,0.0143747730414943,0.0140185534094801,0.0152079004465704,0.0151984352091715,0.0120501203448286,0,0,0.0137566137566138,0.602736241048975,1.1393953293001
2,2026081502,PHM2010,vibration_x+vibration_y,Saturation,945,0.0160478273620465,0.0136287499590422,0.0136189001570198,0.0144037868687172,0.0160639068571881,0.013856383007175,0.013837131998922,0.990476190476191,1,0.00952380952380952,0.40403302721833,0.40403302721833
2,2026081502,PHM2010,vibration_x+vibration_y,Dropout,945,0.0119658677374822,0.0134970804691108,0.0136194642542985,0.0143045003210124,0.0127604817622946,0.0140467107432754,0.013837131998922,0.585185185185185,0.593650793650794,0.00952380952380952,0.396200802520011,0.396200802520011
2,2026081502,PHM2010,vibration_x+vibration_y,Bias,945,0.0173092237083034,0.0169140844268434,0.018041173731646,0.0202924572800247,0.0170899054656461,0.017080236936205,0.013837131998922,0.0253968253968254,0.0253968253968254,0.00952380952380952,0.60705243601272,1.74744518372757
2,2026081502,PHM2010,vibration_x+vibration_y,Noise,945,0.0157673909996638,0.0158093462246894,0.0141229145958671,0.0145786265005644,0.015820853609128,0.0158112276361071,0.013837131998922,0,0,0.00952380952380952,0.594791946434911,1.12687419392298
3,2026081503,NUAA,force_z+vibration_x,Saturation,152,0.0873375597086547,0.0422306093719629,0.0405443826014872,0.0433314246189616,0.0966992658711712,0.0584398233278201,0.0586484258120297,0.953947368421053,0.973684210526316,0.0197368421052632,0.392955275305923,0.392955275305923
3,2026081503,NUAA,force_z+vibration_x,Dropout,152,0.0498529737603997,0.0418123774408039,0.0399855332914949,0.042708776001095,0.0500363714773792,0.0578795164809338,0.0586484258120297,0.894736842105263,0.907894736842105,0.0197368421052632,0.380064659997942,0.380064659997942
3,2026081503,NUAA,force_z+vibration_x,Bias,152,0.0615609454861842,0.0438938387231723,0.043106848153855,0.0429397120494387,0.0452204454715394,0.0441560303717399,0.0586484258120297,0.0328947368421053,0.0328947368421053,0.0197368421052632,0.580328631571615,1.68262508692343
3,2026081503,NUAA,force_z+vibration_x,Noise,152,0.0920777106859329,0.0495799397572503,0.0495830794499128,0.0483001996335189,0.0505444593324236,0.0505470966246815,0.0586484258120297,0,0,0.0197368421052632,0.578752319811993,1.1503266977997
3,2026081503,NUAA,force_z+vibration_y,Saturation,152,0.118635002342976,0.0419881157356215,0.0400609511842392,0.0418235451569508,0.0936771799454135,0.042260593038913,0.040833826260722,0.967105263157895,0.973684210526316,0.00657894736842105,0.403281842469332,0.403281842469332
3,2026081503,NUAA,force_z+vibration_y,Dropout,152,0.0550755181042955,0.0409459919526561,0.0395102135755813,0.0412504226211465,0.0500824747432403,0.0412520807805365,0.040833826260722,0.927631578947368,0.934210526315789,0.00657894736842105,0.40411944111668,0.40411944111668
3,2026081503,NUAA,force_z+vibration_y,Bias,152,0.0756436728437069,0.0439066340155388,0.0427838242598031,0.0436907818851815,0.0476039477795265,0.0436393629794418,0.040833826260722,0.263157894736842,0.263157894736842,0.00657894736842105,0.600330761188355,1.81918974448474
3,2026081503,NUAA,force_z+vibration_y,Noise,152,0.0840903100436688,0.0435233845072836,0.0427608099823971,0.0445539538211125,0.0436652582432195,0.0438775280431121,0.040833826260722,0.0263157894736842,0.0263157894736842,0.00657894736842105,0.599714305786107,1.12598714077009
3,2026081503,NUAA,vibration_x+vibration_y,Saturation,152,0.0507109374511801,0.0381550550447359,0.0374069017775911,0.0377409178067707,0.0383311804900727,0.0378296641271633,0.0379406954754658,0.986842105263158,1,0.0131578947368421,0.401057891325346,0.401057891325346
3,2026081503,NUAA,vibration_x+vibration_y,Dropout,152,0.0423516099959086,0.0381550550447359,0.0374069017775911,0.0377409178067707,0.0399203169103105,0.0378296641271633,0.0379406954754658,0.986842105263158,1,0.0131578947368421,0.390908521791629,0.390908521791629
3,2026081503,NUAA,vibration_x+vibration_y,Bias,152,0.0461458518730489,0.0399244123528746,0.0400174307365298,0.0388123945063593,0.0411804814197088,0.0407292704470803,0.0379406954754658,0.0394736842105263,0.0394736842105263,0.0131578947368421,0.603956764292861,1.712867997679
3,2026081503,NUAA,vibration_x+vibration_y,Noise,152,0.0406929442879601,0.0403995650740191,0.0403434880158901,0.0410754985447556,0.0403615856254637,0.0403615856254637,0.0379406954754658,0,0,0.0131578947368421,0.581283390075586,1.1113570687345
3,2026081503,PHM2010,force_z+vibration_x,Saturation,945,0.02522938227117,0.0136915375033421,0.01196071396682,0.0128342106137564,0.0149555681223948,0.0114857559756938,0.0114861988707107,0.991534391534391,1,0.00846560846560847,0.40101530935891,0.40101530935891
3,2026081503,PHM2010,force_z+vibration_x,Dropout,945,0.0222722023068391,0.0144637381417231,0.0121466507748014,0.012970030976746,0.0112301602766834,0.0119458010450181,0.0114861988707107,0.812698412698413,0.821164021164021,0.00846560846560847,0.398267872229646,0.398267872229646
3,2026081503,PHM2010,force_z+vibration_x,Bias,945,0.017959062037977,0.015934480150357,0.0139891261946125,0.015707631678101,0.0157575725337513,0.0156643645726654,0.0114861988707107,0.0952380952380952,0.0952380952380952,0.00846560846560847,0.60099454520046,1.74128771365841
3,2026081503,PHM2010,force_z+vibration_x,Noise,945,0.0146743343861768,0.0145168663612151,0.0142681153122309,0.0145660758935557,0.0142880024194003,0.0142674389961493,0.0114861988707107,0.00211640211640212,0.00211640211640212,0.00846560846560847,0.606057204007531,1.13410018198142
3,2026081503,PHM2010,force_z+vibration_y,Saturation,945,0.0193863708361896,0.0136041246506154,0.0126408701501635,0.0134764210936959,0.011880730014246,0.012063596183814,0.0120501203448286,0.986243386243386,1,0.0137566137566138,0.411276247586324,0.411276247586324
3,2026081503,PHM2010,force_z+vibration_y,Dropout,945,0.020155163328658,0.0138760451288663,0.0124956019201279,0.0133378523061884,0.0108346432472451,0.0117958944551524,0.0120501203448286,0.662433862433862,0.671957671957672,0.0137566137566138,0.401160534479819,0.401160534479819
3,2026081503,PHM2010,force_z+vibration_y,Bias,945,0.0153648055072682,0.0137311480064924,0.015339908000816,0.0173175717463902,0.0135918302342582,0.0135648192543594,0.0120501203448286,0.0253968253968254,0.0275132275132275,0.0137566137566138,0.587667223330028,1.71693373730467
3,2026081503,PHM2010,force_z+vibration_y,Noise,945,0.0152979295812481,0.0153458237386163,0.0140952621445918,0.0138984849677068,0.014977710920403,0.0149510390177554,0.0120501203448286,0,0,0.0137566137566138,0.604523003873122,1.12948386199101
3,2026081503,PHM2010,vibration_x+vibration_y,Saturation,945,0.0154231062451167,0.0136287499590422,0.0136189001570198,0.0144037868687172,0.0153154929868061,0.013856383007175,0.013837131998922,0.990476190476191,1,0.00952380952380952,0.398472103636936,0.398472103636936
3,2026081503,PHM2010,vibration_x+vibration_y,Dropout,945,0.0118079552470767,0.0133947406852231,0.0136355572914583,0.0143344842769931,0.0126503217456203,0.0139253058206283,0.013837131998922,0.573544973544974,0.57989417989418,0.00952380952380952,0.401048581127353,0.401048581127353
3,2026081503,PHM2010,vibration_x+vibration_y,Bias,945,0.016601467836849,0.0162043701432593,0.0172301773957845,0.0195315314894559,0.0164855182258337,0.0164581165309683,0.013837131998922,0.00952380952380952,0.00952380952380952,0.00952380952380952,0.589184395982541,1.74602454766648
3,2026081503,PHM2010,vibration_x+vibration_y,Noise,945,0.0155890633815954,0.0156270554230841,0.0141342713529786,0.0146311667546403,0.015642700297275,0.0156330383331954,0.013837131998922,0,0,0.00952380952380952,0.594635188574772,1.12469066687178
4,2026081504,NUAA,force_z+vibration_x,Saturation,152,0.0884760055147229,0.0419179180189827,0.0399441976497434,0.0429309348015733,0.0978929233505074,0.0584818435272323,0.0586484258120297,0.953947368421053,0.973684210526316,0.0197368421052632,0.391231642245853,0.391231642245853
4,2026081504,NUAA,force_z+vibration_x,Dropout,152,0.0520674023096144,0.0416052322878199,0.0397910651676216,0.0427891971949561,0.0526896018059969,0.0567474892098577,0.0586484258120297,0.921052631578947,0.940789473684211,0.0197368421052632,0.39202086924934,0.39202086924934
4,2026081504,NUAA,force_z+vibration_x,Bias,152,0.066037774765884,0.0470044597799388,0.0459517999709944,0.0461729216691299,0.0483075929812018,0.0483625932355687,0.0586484258120297,0.0328947368421053,0.0328947368421053,0.0197368421052632,0.597688454667671,1.82410719908813
4,2026081504,NUAA,force_z+vibration_x,Noise,152,0.0919335277539493,0.0470070993556455,0.0470540419489913,0.0468773993627071,0.0486469445440727,0.048646371420895,0.0586484258120297,0,0,0.0197368421052632,0.583930311307789,1.09238915076644
4,2026081504,NUAA,force_z+vibration_y,Saturation,152,0.110854624012774,0.0407988332762164,0.039384170436274,0.0410674757645191,0.0916160326279969,0.0411667504499315,0.040833826260722,0.953947368421053,0.960526315789474,0.00657894736842105,0.392830196095313,0.392830196095313
4,2026081504,NUAA,force_z+vibration_y,Dropout,152,0.056201006211572,0.0408496945184556,0.039097657728332,0.0411203439741485,0.0506681851003087,0.0407212416963647,0.040833826260722,0.947368421052632,0.953947368421053,0.00657894736842105,0.393702639608609,0.393702639608609
4,2026081504,NUAA,force_z+vibration_y,Bias,152,0.0711754459746643,0.0451677916359269,0.0433927696156096,0.0438446477460942,0.0484973989479087,0.0449051076117763,0.040833826260722,0.309210526315789,0.309210526315789,0.00657894736842105,0.621317361694391,1.69409444292481
4,2026081504,NUAA,force_z+vibration_y,Noise,152,0.0874628039228286,0.0451250264605625,0.0439792597932642,0.045678392033621,0.0462972756051001,0.0453101778496616,0.040833826260722,0.0328947368421053,0.0328947368421053,0.00657894736842105,0.588539681197532,1.1514342795689
4,2026081504,NUAA,vibration_x+vibration_y,Saturation,152,0.0534052670148572,0.0381550550447359,0.0374069017775911,0.0377409178067707,0.0388533166278839,0.0378296641271633,0.0379406954754658,0.986842105263158,1,0.0131578947368421,0.385745104941093,0.385745104941093
4,2026081504,NUAA,vibration_x+vibration_y,Dropout,152,0.0416130859835857,0.0381550550447359,0.0374069017775911,0.0377409178067707,0.0392970090159902,0.0378296641271633,0.0379406954754658,0.986842105263158,1,0.0131578947368421,0.410210786092159,0.410210786092159
4,2026081504,NUAA,vibration_x+vibration_y,Bias,152,0.0442091764166285,0.0396732315785158,0.0393448996314515,0.0390066773646675,0.0400308657689148,0.0397735236614787,0.0379406954754658,0.0197368421052632,0.0197368421052632,0.0131578947368421,0.586765597183697,1.81687587341604
4,2026081504,NUAA,vibration_x+vibration_y,Noise,152,0.0397283497845567,0.0397268786347046,0.0399867692731287,0.0402591958236877,0.0396859970684126,0.0396859970684126,0.0379406954754658,0,0,0.0131578947368421,0.582549650705003,1.0869351658559
4,2026081504,PHM2010,force_z+vibration_x,Saturation,945,0.0259003919191042,0.0136915375033421,0.01196071396682,0.0128342106137564,0.0152710213266335,0.0114857559756938,0.0114861988707107,0.991534391534391,1,0.00846560846560847,0.396604724136933,0.396604724136933
4,2026081504,PHM2010,force_z+vibration_x,Dropout,945,0.0228918397642165,0.0143611192229345,0.0120659556449022,0.012894448958612,0.0111946294172027,0.0118636541466339,0.0114861988707107,0.824338624338624,0.832804232804233,0.00846560846560847,0.408975460535542,0.408975460535542
4,2026081504,PHM2010,force_z+vibration_x,Bias,945,0.017373486777255,0.0159474909736743,0.0142863158837768,0.0158830328167907,0.0157309800833661,0.0156684595751362,0.0114861988707107,0.0994708994708995,0.101587301587302,0.00846560846560847,0.600442206897752,1.73728859870914
4,2026081504,PHM2010,force_z+vibration_x,Noise,945,0.0148478194816716,0.0148458670631847,0.0143987936724542,0.0147096194484916,0.014543699031582,0.0145356611169915,0.0114861988707107,0.00317460317460317,0.00317460317460317,0.00846560846560847,0.598101843644938,1.12077311981006
4,2026081504,PHM2010,force_z+vibration_y,Saturation,945,0.0196276556766084,0.0136041246506154,0.0126408701501635,0.0134764210936959,0.0118160917854018,0.012063596183814,0.0120501203448286,0.986243386243386,1,0.0137566137566138,0.402033061783951,0.402033061783951
4,2026081504,PHM2010,force_z+vibration_y,Dropout,945,0.0206003341689026,0.013928839006064,0.0125453585800288,0.0133644204492951,0.0108766689651685,0.0117766199335862,0.0120501203448286,0.665608465608466,0.674074074074074,0.0137566137566138,0.400901840639407,0.400901840639407
4,2026081504,PHM2010,force_z+vibration_y,Bias,945,0.0160529914410064,0.0140388782799907,0.0155973276804975,0.0179290012393225,0.0140723682776523,0.0140728940623266,0.0120501203448286,0.0264550264550265,0.0275132275132275,0.0137566137566138,0.610915827915807,1.74621825025951
4,2026081504,PHM2010,force_z+vibration_y,Noise,945,0.0151341859317743,0.0149870813798812,0.0139005764665995,0.013750678519907,0.0147063478298396,0.01468604031433,0.0120501203448286,0,0,0.0137566137566138,0.591556872266444,1.11675906337374
4,2026081504,PHM2010,vibration_x+vibration_y,Saturation,945,0.0161178542381983,0.0136287499590422,0.0136189001570198,0.0144037868687172,0.0157533168578274,0.013856383007175,0.013837131998922,0.990476190476191,1,0.00952380952380952,0.394901732344885,0.394901732344885
4,2026081504,PHM2010,vibration_x+vibration_y,Dropout,945,0.0118930847052878,0.0134793127717098,0.0136953196304865,0.0143304289623471,0.0127896630442568,0.0140554556240737,0.013837131998922,0.573544973544974,0.580952380952381,0.00952380952380952,0.391953795065371,0.391953795065371
4,2026081504,PHM2010,vibration_x+vibration_y,Bias,945,0.01723965042094,0.0168785380825559,0.0175949768695267,0.0200590689198443,0.0170652395217042,0.0170423884310593,0.013837131998922,0.0105820105820106,0.0105820105820106,0.00952380952380952,0.595212818142558,1.74730552542856
4,2026081504,PHM2010,vibration_x+vibration_y,Noise,945,0.0158476108244584,0.015900721769297,0.014235512828871,0.01480251578306,0.0159015699092139,0.0158919155183836,0.013837131998922,0,0,0.00952380952380952,0.604103494638531,1.13075930202725
5,2026081505,NUAA,force_z+vibration_x,Saturation,152,0.0938701172378935,0.0416491255950116,0.03978983671213,0.0426908580619271,0.102739824494564,0.0586074662401966,0.0586484258120297,0.980263157894737,1,0.0197368421052632,0.406026966922812,0.406026966922812
5,2026081505,NUAA,force_z+vibration_x,Dropout,152,0.0490790108487481,0.0417079282332953,0.0400013970854424,0.0427218269465298,0.0484714736620947,0.0573872532416622,0.0586484258120297,0.901315789473684,0.921052631578947,0.0197368421052632,0.374027767806168,0.374027767806168
5,2026081505,NUAA,force_z+vibration_x,Bias,152,0.0682109241838756,0.0449464369814271,0.0449116757035406,0.0442577075598869,0.047602761569,0.0464805920666841,0.0586484258120297,0.0526315789473684,0.0526315789473684,0.0197368421052632,0.618733061889838,1.78851934231569
5,2026081505,NUAA,force_z+vibration_x,Noise,152,0.0958200812661633,0.0452712490847106,0.0444978120081108,0.0440887268440734,0.0461442086933212,0.0461407389794445,0.0586484258120297,0,0,0.0197368421052632,0.600296400544893,1.14123401693707
5,2026081505,NUAA,force_z+vibration_y,Saturation,152,0.118313645115487,0.0419296687221444,0.0402208035824314,0.0420665349377837,0.0953843808768586,0.0420517659710568,0.040833826260722,0.960526315789474,0.967105263157895,0.00657894736842105,0.408238887606747,0.408238887606747
5,2026081505,NUAA,force_z+vibration_y,Dropout,152,0.0571043431317511,0.0410195280700159,0.0394124397335284,0.0412152300733743,0.0519096397717053,0.0417378539106281,0.040833826260722,0.907894736842105,0.914473684210526,0.00657894736842105,0.400073300460244,0.400073300460244
5,2026081505,NUAA,force_z+vibration_y,Bias,152,0.0631737591926067,0.0447488186587547,0.0436179236982887,0.0438463792776914,0.0449815757802565,0.0436591015569126,0.040833826260722,0.296052631578947,0.302631578947368,0.00657894736842105,0.594107234233777,1.68123797511587
5,2026081505,NUAA,force_z+vibration_y,Noise,152,0.0832537424639382,0.0447631908137257,0.0438934468235343,0.0454372409831144,0.0465646829086762,0.0448823137901157,0.040833826260722,0.0394736842105263,0.0394736842105263,0.00657894736842105,0.592248823965863,1.05689314739576
5,2026081505,NUAA,vibration_x+vibration_y,Saturation,152,0.0474207235333472,0.0381550550447359,0.0374069017775911,0.0377409178067707,0.0379079347632138,0.0378296641271633,0.0379406954754658,0.986842105263158,1,0.0131578947368421,0.390050017372258,0.390050017372258
5,2026081505,NUAA,vibration_x+vibration_y,Dropout,152,0.0421333064672972,0.0381550550447359,0.0374069017775911,0.0377409178067707,0.0397968677676692,0.0378296641271633,0.0379406954754658,0.986842105263158,1,0.0131578947368421,0.405713232205148,0.405713232205148
5,2026081505,NUAA,vibration_x+vibration_y,Bias,152,0.051578619939024,0.0408650438058587,0.0404746856590359,0.0394906090875515,0.0414203318805866,0.0414647668805891,0.0379406954754658,0.0592105263157895,0.0592105263157895,0.0131578947368421,0.586350151115836,1.78867242939585
5,2026081505,NUAA,vibration_x+vibration_y,Noise,152,0.0407929449552166,0.0406285444165766,0.0406946353800253,0.0411061211356762,0.0406721912077024,0.0406721912077024,0.0379406954754658,0,0,0.0131578947368421,0.600683110900136,1.11888185940305
5,2026081505,PHM2010,force_z+vibration_x,Saturation,945,0.0259926591989705,0.0136915375033421,0.01196071396682,0.0128342106137564,0.0151324252619592,0.0114857559756938,0.0114861988707107,0.991534391534391,1,0.00846560846560847,0.404353981948989,0.404353981948989
5,2026081505,PHM2010,force_z+vibration_x,Dropout,945,0.0219318120624301,0.0143169254513329,0.0120781460066572,0.012937279353104,0.0112514454385781,0.0118728716415186,0.0114861988707107,0.828571428571429,0.837037037037037,0.00846560846560847,0.40386704092675,0.40386704092675
5,2026081505,PHM2010,force_z+vibration_x,Bias,945,0.0168228257781826,0.0152069827750639,0.0141680138844365,0.0153882490981745,0.0151745522251885,0.0150169913159011,0.0114861988707107,0.104761904761905,0.104761904761905,0.00846560846560847,0.600601053631777,1.75875573942737
5,2026081505,PHM2010,force_z+vibration_x,Noise,945,0.0146310096018223,0.0144046461325966,0.0140981731309763,0.0143105035273899,0.0141050114055963,0.0140977737600604,0.0114861988707107,0.00211640211640212,0.00211640211640212,0.00846560846560847,0.602869152750058,1.12409250599741
5,2026081505,PHM2010,force_z+vibration_y,Saturation,945,0.0192138445261053,0.0136041246506154,0.0126408701501635,0.0134764210936959,0.011937989582713,0.012063596183814,0.0120501203448286,0.986243386243386,1,0.0137566137566138,0.403692528010192,0.403692528010192
5,2026081505,PHM2010,force_z+vibration_y,Dropout,945,0.0197362317674466,0.0138677317768832,0.0125221402696524,0.0133443123580507,0.0108020916471479,0.0117663882887727,0.0120501203448286,0.653968253968254,0.666666666666667,0.0137566137566138,0.398728214350688,0.398728214350688
5,2026081505,PHM2010,force_z+vibration_y,Bias,945,0.016393377222387,0.0143907390424079,0.0155490266561609,0.0178554705703608,0.0142349068268052,0.0143268238819622,0.0120501203448286,0.0285714285714286,0.0285714285714286,0.0137566137566138,0.599027297575698,1.74758604053939
5,2026081505,PHM2010,force_z+vibration_y,Noise,945,0.0151980448347881,0.0153629156507552,0.0141885667079363,0.0139545683044807,0.0148292455895915,0.0148152075436029,0.0120501203448286,0,0,0.0137566137566138,0.599968472152569,1.12765199935052
5,2026081505,PHM2010,vibration_x+vibration_y,Saturation,945,0.0163675880515149,0.0136287499590422,0.0136189001570198,0.0144037868687172,0.0158728930987428,0.013856383007175,0.013837131998922,0.990476190476191,1,0.00952380952380952,0.404781899037579,0.404781899037579
5,2026081505,PHM2010,vibration_x+vibration_y,Dropout,945,0.0118335260889847,0.0134244017677515,0.0138027997133965,0.014456422085426,0.0126050034507593,0.0140541056005997,0.013837131998922,0.59047619047619,0.594708994708995,0.00952380952380952,0.399559461435817,0.399559461435817
5,2026081505,PHM2010,vibration_x+vibration_y,Bias,945,0.0169559454006494,0.0166753113739576,0.0179493305050831,0.0200317873970972,0.0169051608534167,0.0169228719426905,0.013837131998922,0.0253968253968254,0.0253968253968254,0.00952380952380952,0.616879813887773,1.76925626056709
5,2026081505,PHM2010,vibration_x+vibration_y,Noise,945,0.0157176953006663,0.0157440370968664,0.0141705288355961,0.0145774872676327,0.0157547825059003,0.0157450957750443,0.013837131998922,0,0,0.00952380952380952,0.604927651903447,1.14342182236144
6,2026081506,NUAA,force_z+vibration_x,Saturation,152,0.0894229878078789,0.0425292141901439,0.0405554858688031,0.0431463854480619,0.0996596442111235,0.0582599545097589,0.0586484258120297,0.960526315789474,0.980263157894737,0.0197368421052632,0.41566178060712,0.41566178060712
6,2026081506,NUAA,force_z+vibration_x,Dropout,152,0.0538893153206925,0.0413103786786217,0.0395616391316543,0.0423844398317615,0.0520847671177653,0.0573357684730531,0.0586484258120297,0.907894736842105,0.921052631578947,0.0197368421052632,0.388558879867565,0.388558879867565
6,2026081506,NUAA,force_z+vibration_x,Bias,152,0.0678846430572661,0.0452206722002143,0.0459079526046422,0.0454485273132866,0.0474402748049985,0.0467529819743936,0.0586484258120297,0.0460526315789474,0.0460526315789474,0.0197368421052632,0.611935925593285,1.74508813377948
6,2026081506,NUAA,force_z+vibration_x,Noise,152,0.0870988336750913,0.0456212371862696,0.0452724073491145,0.0452545647240146,0.0469754399194559,0.0469861110787143,0.0586484258120297,0,0,0.0197368421052632,0.598462568759872,1.10390686644329
6,2026081506,NUAA,force_z+vibration_y,Saturation,152,0.113068681179343,0.0403104566914721,0.0386700834284711,0.0404423584628108,0.092893562807516,0.0402532882394749,0.040833826260722,0.980263157894737,0.986842105263158,0.00657894736842105,0.41288541175427,0.41288541175427
6,2026081506,NUAA,force_z+vibration_y,Dropout,152,0.0559368247993217,0.0408736783728009,0.0393068563598594,0.0412081595911133,0.0504447952090918,0.0409895915505259,0.040833826260722,0.960526315789474,0.967105263157895,0.00657894736842105,0.410131836553903,0.410131836553903
6,2026081506,NUAA,force_z+vibration_y,Bias,152,0.0669617123256086,0.042531415170103,0.0422907436274391,0.0426731881445578,0.0476455925907333,0.0423403405097782,0.040833826260722,0.269736842105263,0.269736842105263,0.00657894736842105,0.592704775460141,1.70831437456261
6,2026081506,NUAA,force_z+vibration_y,Noise,152,0.0823680773769187,0.0457930997585949,0.0445279843466285,0.0456869940579354,0.0475376543753769,0.0460846112782652,0.040833826260722,0.0197368421052632,0.0197368421052632,0.00657894736842105,0.588132707941337,1.13447282386642
6,2026081506,NUAA,vibration_x+vibration_y,Saturation,152,0.0494622110430471,0.0381550550447359,0.0374069017775911,0.0377409178067707,0.0379946935513578,0.0378296641271633,0.0379406954754658,0.986842105263158,1,0.0131578947368421,0.406569820971187,0.406569820971187
6,2026081506,NUAA,vibration_x+vibration_y,Dropout,152,0.0423991787101126,0.0381550550447359,0.0374069017775911,0.0377409178067707,0.0396151226770166,0.0378296641271633,0.0379406954754658,0.986842105263158,1,0.0131578947368421,0.416581514010307,0.416581514010307
6,2026081506,NUAA,vibration_x+vibration_y,Bias,152,0.0486951149745715,0.041532073790015,0.0403756809995571,0.0405399774294224,0.0409255972408666,0.0413201943019034,0.0379406954754658,0.0394736842105263,0.0394736842105263,0.0131578947368421,0.589784406215633,1.67044061278566
6,2026081506,NUAA,vibration_x+vibration_y,Noise,152,0.0408341719756863,0.0404972351606517,0.0406638976645453,0.0407399180989952,0.0403898859908085,0.0403898859908085,0.0379406954754658,0,0,0.0131578947368421,0.597075720908884,1.08296849250652
6,2026081506,PHM2010,force_z+vibration_x,Saturation,945,0.0256886447518613,0.0136915375033421,0.01196071396682,0.0128342106137564,0.0150159308110026,0.0114857559756938,0.0114861988707107,0.991534391534391,1,0.00846560846560847,0.402499882196747,0.402499882196747
6,2026081506,PHM2010,force_z+vibration_x,Dropout,945,0.0224431357330286,0.0142866948138876,0.0121625571775699,0.0130283585956184,0.0112496132971899,0.011889477743394,0.0114861988707107,0.815873015873016,0.824338624338624,0.00846560846560847,0.399440816256427,0.399440816256427
6,2026081506,PHM2010,force_z+vibration_x,Bias,945,0.0170782264344828,0.0151923826765764,0.0140232400599632,0.0155006139518382,0.0151790061763709,0.0151285760710837,0.0114861988707107,0.105820105820106,0.106878306878307,0.00846560846560847,0.598688704152283,1.7509764717468
6,2026081506,PHM2010,force_z+vibration_x,Noise,945,0.0144153420189507,0.0143885938280982,0.0140692079758968,0.0142954500933892,0.0140482306454686,0.014046580899642,0.0114861988707107,0.00211640211640212,0.00211640211640212,0.00846560846560847,0.607933767109692,1.13007862678454
6,2026081506,PHM2010,force_z+vibration_y,Saturation,945,0.018889694205766,0.0136041246506154,0.0126408701501635,0.0134764210936959,0.011744902479643,0.012063596183814,0.0120501203448286,0.986243386243386,1,0.0137566137566138,0.408003751866138,0.408003751866138
6,2026081506,PHM2010,force_z+vibration_y,Dropout,945,0.0203277626041345,0.0136622333493375,0.0124872418628142,0.0133622337670518,0.0108367136033626,0.011677890499393,0.0120501203448286,0.651851851851852,0.661375661375661,0.0137566137566138,0.399727886151662,0.399727886151662
6,2026081506,PHM2010,force_z+vibration_y,Bias,945,0.0155140208017366,0.0140166002097748,0.0152713803354421,0.0176754805041897,0.0138500382509743,0.0139026233137571,0.0120501203448286,0.0285714285714286,0.0285714285714286,0.0137566137566138,0.60053157836158,1.73543775514553
6,2026081506,PHM2010,force_z+vibration_y,Noise,945,0.0151656173728679,0.0151784370466519,0.0140627034662147,0.0138821076800979,0.0147921923572512,0.0147596886646156,0.0120501203448286,0,0,0.0137566137566138,0.610833608021477,1.12657764207485
6,2026081506,PHM2010,vibration_x+vibration_y,Saturation,945,0.0157844121816621,0.0136287499590422,0.0136189001570198,0.0144037868687172,0.0155239212705094,0.013856383007175,0.013837131998922,0.990476190476191,1,0.00952380952380952,0.387915798262142,0.387915798262142
6,2026081506,PHM2010,vibration_x+vibration_y,Dropout,945,0.0119192547612761,0.0133821181364548,0.0136995922819641,0.0143624190773169,0.0127860971234463,0.0140828322906496,0.013837131998922,0.575661375661376,0.582010582010582,0.00952380952380952,0.395653626320436,0.395653626320436
6,2026081506,PHM2010,vibration_x+vibration_y,Bias,945,0.0168440804596303,0.0164642527327038,0.0178598447883867,0.0204010916985987,0.016803578542633,0.0168184356292569,0.013837131998922,0.0201058201058201,0.0201058201058201,0.00952380952380952,0.600155743858547,1.74148088623961
6,2026081506,PHM2010,vibration_x+vibration_y,Noise,945,0.0155286809540128,0.0155707738930458,0.0140810841559919,0.014504529141656,0.015593144076927,0.0155834965399404,0.013837131998922,0,0,0.00952380952380952,0.585719240611686,1.12641311708233
7,2026081507,NUAA,force_z+vibration_x,Saturation,152,0.0895707596099044,0.042792892491983,0.04040153480968,0.0430839211733831,0.0997774089512887,0.0586558154413848,0.0586484258120297,0.934210526315789,0.953947368421053,0.0197368421052632,0.417571923531061,0.417571923531061
7,2026081507,NUAA,force_z+vibration_x,Dropout,152,0.0509474149001041,0.0414312342365373,0.039674893501157,0.0424777050520305,0.0506084279449937,0.0571738503467963,0.0586484258120297,0.934210526315789,0.953947368421053,0.0197368421052632,0.389058730281828,0.389058730281828
7,2026081507,NUAA,force_z+vibration_x,Bias,152,0.0672987546921892,0.044815700327576,0.0444552138409511,0.0448217261551292,0.0459815525922271,0.0459479411791659,0.0586484258120297,0.0394736842105263,0.0394736842105263,0.0197368421052632,0.592293267112917,1.77501769196578
7,2026081507,NUAA,force_z+vibration_x,Noise,152,0.0934907809033705,0.0457536374814564,0.0461680201591596,0.0455220618280719,0.0482736349006455,0.0469050328491942,0.0586484258120297,0.00657894736842105,0.00657894736842105,0.0197368421052632,0.593289382034862,1.17324732670343
7,2026081507,NUAA,force_z+vibration_y,Saturation,152,0.112520859636666,0.0413435199973762,0.0395137780877985,0.0413891269594856,0.094934922984342,0.0413885959007618,0.040833826260722,0.973684210526316,0.980263157894737,0.00657894736842105,0.409031305520144,0.409031305520144
7,2026081507,NUAA,force_z+vibration_y,Dropout,152,0.0541649546543124,0.040556308110642,0.0391038933577418,0.0408421499044548,0.0492415539210802,0.0411041410041867,0.040833826260722,0.940789473684211,0.947368421052632,0.00657894736842105,0.396609645615809,0.396609645615809
7,2026081507,NUAA,force_z+vibration_y,Bias,152,0.0712121044385236,0.0436928249265877,0.0423645327770865,0.0430487465799934,0.0482483533639426,0.0449225924971479,0.040833826260722,0.322368421052632,0.322368421052632,0.00657894736842105,0.586673909176905,1.81264782259246
7,2026081507,NUAA,force_z+vibration_y,Noise,152,0.0840974758688596,0.0442379563211033,0.04321532488568,0.0452438532437233,0.0455036989493382,0.0439806224990636,0.040833826260722,0.0328947368421053,0.0328947368421053,0.00657894736842105,0.613004961018647,1.11719528869182
7,2026081507,NUAA,vibration_x+vibration_y,Saturation,152,0.0529831915266446,0.0381550550447359,0.0374069017775911,0.0377409178067707,0.0380305602498529,0.0378296641271633,0.0379406954754658,0.986842105263158,1,0.0131578947368421,0.400309646678967,0.400309646678967
7,2026081507,NUAA,vibration_x+vibration_y,Dropout,152,0.0421309434268422,0.0381550550447359,0.0374069017775911,0.0377409178067707,0.0390406276198396,0.0378296641271633,0.0379406954754658,0.986842105263158,1,0.0131578947368421,0.383647935055341,0.383647935055341
7,2026081507,NUAA,vibration_x+vibration_y,Bias,152,0.0475310988233538,0.0397646379119809,0.040385421119827,0.0400065719636467,0.0397987278077454,0.039538998310315,0.0379406954754658,0.0197368421052632,0.0197368421052632,0.0131578947368421,0.583986093363597,1.66818182195446
7,2026081507,NUAA,vibration_x+vibration_y,Noise,152,0.0399618443882095,0.0395918498288026,0.0398806842615138,0.0404880277573553,0.0397024757959967,0.0397024757959967,0.0379406954754658,0,0,0.0131578947368421,0.599958259692183,1.16614997802445
7,2026081507,PHM2010,force_z+vibration_x,Saturation,945,0.0253099406319368,0.0136915375033421,0.01196071396682,0.0128342106137564,0.0150372311770393,0.0114857559756938,0.0114861988707107,0.991534391534391,1,0.00846560846560847,0.401926402187349,0.401926402187349
7,2026081507,PHM2010,force_z+vibration_x,Dropout,945,0.0219751875660061,0.014276399985491,0.0120952761066091,0.012964215162247,0.0111968282540311,0.0118251266801672,0.0114861988707107,0.813756613756614,0.822222222222222,0.00846560846560847,0.396267690612929,0.396267690612929
7,2026081507,PHM2010,force_z+vibration_x,Bias,945,0.0169403384665821,0.0154540972072901,0.0139269316467813,0.0154073022903966,0.0152328871762269,0.0151729782267608,0.0114861988707107,0.11005291005291,0.112169312169312,0.00846560846560847,0.605145506263571,1.74252704892642
7,2026081507,PHM2010,force_z+vibration_x,Noise,945,0.014585044978656,0.0145535780128443,0.0143803431336453,0.0145398959996453,0.0142031010775201,0.0141972779955357,0.0114861988707107,0.00211640211640212,0.00211640211640212,0.00846560846560847,0.594974394066112,1.13514786653202
7,2026081507,PHM2010,force_z+vibration_y,Saturation,945,0.0191000707856647,0.0136041246506154,0.0126408701501635,0.0134764210936959,0.011559158652865,0.012063596183814,0.0120501203448286,0.986243386243386,1,0.0137566137566138,0.398870823480837,0.398870823480837
7,2026081507,PHM2010,force_z+vibration_y,Dropout,945,0.0195517623788376,0.0138751352914916,0.0124402279147787,0.0133302599473733,0.0108254194825277,0.0117417126958868,0.0120501203448286,0.641269841269841,0.650793650793651,0.0137566137566138,0.390684923610438,0.390684923610438
7,2026081507,PHM2010,force_z+vibration_y,Bias,945,0.0159534211413888,0.0142298503038152,0.0150511540773566,0.0178511444994196,0.0141509854212468,0.0140898821370886,0.0120501203448286,0.0306878306878307,0.0306878306878307,0.0137566137566138,0.600202235862561,1.7531204198045
7,2026081507,PHM2010,force_z+vibration_y,Noise,945,0.0152288040563397,0.015281756095252,0.0141447517735961,0.0139412525008966,0.0149055875579529,0.0148798851842336,0.0120501203448286,0,0,0.0137566137566138,0.591301347924299,1.12962449323368
7,2026081507,PHM2010,vibration_x+vibration_y,Saturation,945,0.0162400692100349,0.0136287499590422,0.0136189001570198,0.0144037868687172,0.0155952252015559,0.013856383007175,0.013837131998922,0.990476190476191,1,0.00952380952380952,0.40181253823744,0.40181253823744
7,2026081507,PHM2010,vibration_x+vibration_y,Dropout,945,0.0118623064036617,0.0135689838664235,0.0137365694645349,0.0144187113372435,0.0127642199275922,0.0141147149799494,0.013837131998922,0.575661375661376,0.580952380952381,0.00952380952380952,0.395050147995162,0.395050147995162
7,2026081507,PHM2010,vibration_x+vibration_y,Bias,945,0.0166019307249549,0.0163833615648383,0.0176333205343566,0.019747190367748,0.0165166942646586,0.0165265247254022,0.013837131998922,0.0201058201058201,0.0201058201058201,0.00952380952380952,0.610551860856399,1.74048430133111
7,2026081507,PHM2010,vibration_x+vibration_y,Noise,945,0.0158515518521946,0.0158647652054174,0.014129415140887,0.0145840271858455,0.0158820289058436,0.0158724448025474,0.013837131998922,0,0,0.00952380952380952,0.605540027271823,1.13987447693096
8,2026081508,NUAA,force_z+vibration_x,Saturation,152,0.0888034798260432,0.0430334475265269,0.0412531103369631,0.0438632395898046,0.0982103629979184,0.0584664872635937,0.0586484258120297,0.947368421052632,0.967105263157895,0.0197368421052632,0.392997957453585,0.392997957453585
8,2026081508,NUAA,force_z+vibration_x,Dropout,152,0.0538997595477096,0.0415817051763707,0.0401266482756204,0.042685234358049,0.0537239124855878,0.0572807140199216,0.0586484258120297,0.894736842105263,0.914473684210526,0.0197368421052632,0.398795602988698,0.398795602988698
8,2026081508,NUAA,force_z+vibration_x,Bias,152,0.0663927442806162,0.0447678912085734,0.0447340115328809,0.0448863902802944,0.0460740925398057,0.0462721507124716,0.0586484258120297,0.0460526315789474,0.0460526315789474,0.0197368421052632,0.612825775487463,1.72142689617399
8,2026081508,NUAA,force_z+vibration_x,Noise,152,0.0924070544368296,0.0433743635819998,0.0437294320546046,0.0443446642034319,0.045652175562319,0.0447151446224423,0.0586484258120297,0.00657894736842105,0.00657894736842105,0.0197368421052632,0.601312246894167,1.11405166906806
8,2026081508,NUAA,force_z+vibration_y,Saturation,152,0.110621774654209,0.0409030596912054,0.039487311124562,0.0412600782243729,0.0927218793767343,0.0415893498703652,0.040833826260722,0.953947368421053,0.960526315789474,0.00657894736842105,0.412403499412882,0.412403499412882
8,2026081508,NUAA,force_z+vibration_y,Dropout,152,0.0563182212125008,0.040779071496738,0.0391791546178071,0.0410651111205447,0.0504681198111943,0.0410077976251513,0.040833826260722,0.888157894736842,0.894736842105263,0.00657894736842105,0.385223362441088,0.385223362441088
8,2026081508,NUAA,force_z+vibration_y,Bias,152,0.0763396355681155,0.044853959313527,0.0427061612691149,0.0436675542742921,0.0466150834923921,0.043407070430293,0.040833826260722,0.335526315789474,0.335526315789474,0.00657894736842105,0.589566112390087,1.80544197993915
8,2026081508,NUAA,force_z+vibration_y,Noise,152,0.0862450564735763,0.0455751780152681,0.0446108529384859,0.0458153287538212,0.0458762283803218,0.0453614094278905,0.040833826260722,0.0328947368421053,0.0328947368421053,0.00657894736842105,0.585344460375694,1.13860099124483
8,2026081508,NUAA,vibration_x+vibration_y,Saturation,152,0.0521935483111686,0.0381550550447359,0.0374069017775911,0.0377409178067707,0.0384492970505549,0.0378296641271633,0.0379406954754658,0.986842105263158,1,0.0131578947368421,0.388787919716458,0.388787919716458
8,2026081508,NUAA,vibration_x+vibration_y,Dropout,152,0.0418588436695256,0.0381550550447359,0.0374069017775911,0.0377409178067707,0.0390538412430403,0.0378296641271633,0.0379406954754658,0.986842105263158,1,0.0131578947368421,0.415849042276668,0.415849042276668
8,2026081508,NUAA,vibration_x+vibration_y,Bias,152,0.0450325614491206,0.0388682400839131,0.0387834415211024,0.0380669170228546,0.038496857935098,0.0383919519113385,0.0379406954754658,0.0592105263157895,0.0592105263157895,0.0131578947368421,0.621847630324749,1.70129341430634
8,2026081508,NUAA,vibration_x+vibration_y,Noise,152,0.0399213426350444,0.0402409602529841,0.0403003997929936,0.0408431432417248,0.040154820317804,0.040154820317804,0.0379406954754658,0,0,0.0131578947368421,0.59607532195553,1.18033749939368
8,2026081508,PHM2010,force_z+vibration_x,Saturation,945,0.0254426503810658,0.0136915375033421,0.01196071396682,0.0128342106137564,0.0149165212233976,0.0114857559756938,0.0114861988707107,0.991534391534391,1,0.00846560846560847,0.396978344102564,0.396978344102564
8,2026081508,PHM2010,force_z+vibration_x,Dropout,945,0.0227273195042484,0.0144017453022392,0.0121296273245903,0.0129963291646763,0.0111575076685023,0.0119036216728457,0.0114861988707107,0.803174603174603,0.811640211640212,0.00846560846560847,0.393481542823765,0.393481542823765
8,2026081508,PHM2010,force_z+vibration_x,Bias,945,0.0169100913624275,0.0152937058738862,0.0138082276143776,0.0153045986026028,0.0154664552196284,0.0152987177009899,0.0114861988707107,0.0867724867724868,0.0867724867724868,0.00846560846560847,0.602431845079659,1.72614784342385
8,2026081508,PHM2010,force_z+vibration_x,Noise,945,0.0148525422685178,0.0146896463645875,0.0142565771623353,0.0145174842201139,0.0143765347715069,0.0143724430908428,0.0114861988707107,0.00423280423280423,0.00423280423280423,0.00846560846560847,0.605538271784991,1.11923038411194
8,2026081508,PHM2010,force_z+vibration_y,Saturation,945,0.0194659631621099,0.0136041246506154,0.0126408701501635,0.0134764210936959,0.0119096670120734,0.012063596183814,0.0120501203448286,0.986243386243386,1,0.0137566137566138,0.402664056520964,0.402664056520964
8,2026081508,PHM2010,force_z+vibration_y,Dropout,945,0.020305431725421,0.0138731274849507,0.0124569123503706,0.0132928049627442,0.0108029645358073,0.0117424295061463,0.0120501203448286,0.655026455026455,0.664550264550265,0.0137566137566138,0.395868721598185,0.395868721598185
8,2026081508,PHM2010,force_z+vibration_y,Bias,945,0.0154893846698752,0.0141824352988611,0.0156802798107689,0.0180358854395897,0.0141777371754826,0.0142035965558298,0.0120501203448286,0.035978835978836,0.037037037037037,0.0137566137566138,0.600508876684146,1.74057043393048
8,2026081508,PHM2010,force_z+vibration_y,Noise,945,0.0151591919159511,0.0152148519880896,0.014159225665305,0.0140723372128084,0.01483063228672,0.0148331555846256,0.0120501203448286,0,0,0.0137566137566138,0.609646790549204,1.12692693745981
8,2026081508,PHM2010,vibration_x+vibration_y,Saturation,945,0.0158809568643147,0.0136287499590422,0.0136189001570198,0.0144037868687172,0.0158307946667252,0.013856383007175,0.013837131998922,0.990476190476191,1,0.00952380952380952,0.401006622703855,0.401006622703855
8,2026081508,PHM2010,vibration_x+vibration_y,Dropout,945,0.0117712232741847,0.0133811924030127,0.0136512994542046,0.0143164289091684,0.0125212869262647,0.0140093627654893,0.013837131998922,0.580952380952381,0.587301587301587,0.00952380952380952,0.397603759930471,0.397603759930471
8,2026081508,PHM2010,vibration_x+vibration_y,Bias,945,0.0165640997871056,0.0164431488712414,0.0175095087569982,0.0193464762118903,0.016541968553006,0.0165552549218328,0.013837131998922,0.0148148148148148,0.0148148148148148,0.00952380952380952,0.602804948135074,1.73487096258368
8,2026081508,PHM2010,vibration_x+vibration_y,Noise,945,0.0157750348383147,0.0158010872639852,0.014219192533641,0.0147177535051358,0.0158164081493296,0.0158067677418272,0.013837131998922,0,0,0.00952380952380952,0.603179798860824,1.11735838547373
9,2026081509,NUAA,force_z+vibration_x,Saturation,152,0.0917347651872698,0.0433376919880606,0.0416101914094706,0.044196933481239,0.10127046940487,0.0592191847281604,0.0586484258120297,0.934210526315789,0.947368421052632,0.0197368421052632,0.399923506855707,0.399923506855707
9,2026081509,NUAA,force_z+vibration_x,Dropout,152,0.0549907975591642,0.0423573411141229,0.0407121951213095,0.0430959309457728,0.0545006891299552,0.0580203811713597,0.0586484258120297,0.901315789473684,0.914473684210526,0.0197368421052632,0.383010919200725,0.383010919200725
9,2026081509,NUAA,force_z+vibration_x,Bias,152,0.0701660679828423,0.0460430618748807,0.0451540578077498,0.045880705527554,0.0471664817990698,0.0476081670092609,0.0586484258120297,0.0394736842105263,0.0394736842105263,0.0197368421052632,0.617269913301068,1.79747192594386
9,2026081509,NUAA,force_z+vibration_x,Noise,152,0.0955217970701522,0.0485190779048095,0.0480820063355792,0.0474497044759524,0.0492782352353598,0.0492494276801412,0.0586484258120297,0,0,0.0197368421052632,0.596855095390726,1.14127044449358
9,2026081509,NUAA,force_z+vibration_y,Saturation,152,0.111813453400201,0.041177891372925,0.0393573189013673,0.0414425388553078,0.0902964504053945,0.0410785945229229,0.040833826260722,0.973684210526316,0.980263157894737,0.00657894736842105,0.414786322830074,0.414786322830074
9,2026081509,NUAA,force_z+vibration_y,Dropout,152,0.0570238323196713,0.0402120081999244,0.0387952503520975,0.0406526353157953,0.0510641657831153,0.0406580965186336,0.040833826260722,0.881578947368421,0.888157894736842,0.00657894736842105,0.393542730024796,0.393542730024796
9,2026081509,NUAA,force_z+vibration_y,Bias,152,0.0614457575085616,0.0430506086345899,0.0411074752628774,0.0419756145421675,0.0463141084606149,0.0420846752516724,0.040833826260722,0.269736842105263,0.276315789473684,0.00657894736842105,0.599955254657059,1.72242311535462
9,2026081509,NUAA,force_z+vibration_y,Noise,152,0.089443552227388,0.0452968936671241,0.0449272853668242,0.0467981562987509,0.0461528961594343,0.0458858782202868,0.040833826260722,0.0131578947368421,0.0131578947368421,0.00657894736842105,0.625438032839941,1.06185432738927
9,2026081509,NUAA,vibration_x+vibration_y,Saturation,152,0.0523667882217612,0.0381550550447359,0.0374069017775911,0.0377409178067707,0.0378602789483831,0.0378296641271633,0.0379406954754658,0.986842105263158,1,0.0131578947368421,0.394970245234403,0.394970245234403
9,2026081509,NUAA,vibration_x+vibration_y,Dropout,152,0.0421888400004814,0.0381550550447359,0.0374069017775911,0.0377409178067707,0.0398452633112951,0.0378296641271633,0.0379406954754658,0.986842105263158,1,0.0131578947368421,0.402890064185631,0.402890064185631
9,2026081509,NUAA,vibration_x+vibration_y,Bias,152,0.0468913813415556,0.0400517043878272,0.0403341084004781,0.0395357899732676,0.0401065751073044,0.0397381661276874,0.0379406954754658,0.0328947368421053,0.0328947368421053,0.0131578947368421,0.587726318325349,1.79787850864108
9,2026081509,NUAA,vibration_x+vibration_y,Noise,152,0.0413527406277233,0.0404991214018873,0.0404552647706832,0.040886633408208,0.040429565427371,0.040429565427371,0.0379406954754658,0,0,0.0131578947368421,0.609043536572954,1.08153593279013
9,2026081509,PHM2010,force_z+vibration_x,Saturation,945,0.0252952283403433,0.0136915375033421,0.01196071396682,0.0128342106137564,0.0148517109360187,0.0114857559756938,0.0114861988707107,0.991534391534391,1,0.00846560846560847,0.393982560992341,0.393982560992341
9,2026081509,PHM2010,force_z+vibration_x,Dropout,945,0.0222324721397014,0.0143675154402896,0.0120761196573428,0.0129190977188363,0.0110432898572902,0.0118500031213886,0.0114861988707107,0.816931216931217,0.825396825396825,0.00846560846560847,0.402137193364796,0.402137193364796
9,2026081509,PHM2010,force_z+vibration_x,Bias,945,0.0169293326076618,0.0152038144307839,0.0139436606598827,0.0152755508214673,0.0151319170339119,0.0150211531304141,0.0114861988707107,0.0931216931216931,0.0931216931216931,0.00846560846560847,0.599058354063061,1.73724686056565
9,2026081509,PHM2010,force_z+vibration_x,Noise,945,0.0146727670534159,0.0143990352459455,0.0140481195080039,0.0143189411243589,0.0141061671611528,0.0140864519114049,0.0114861988707107,0.00105820105820106,0.00105820105820106,0.00846560846560847,0.598182688595202,1.11944979132208
9,2026081509,PHM2010,force_z+vibration_y,Saturation,945,0.0187885204296768,0.0136041246506154,0.0126408701501635,0.0134764210936959,0.0118671474413861,0.012063596183814,0.0120501203448286,0.986243386243386,1,0.0137566137566138,0.388648022417142,0.388648022417142
9,2026081509,PHM2010,force_z+vibration_y,Dropout,945,0.0192454393128006,0.013894201774914,0.0125394681347264,0.0133585709335131,0.0107720339851235,0.0118652213716966,0.0120501203448286,0.663492063492063,0.674074074074074,0.0137566137566138,0.401795382079804,0.401795382079804
9,2026081509,PHM2010,force_z+vibration_y,Bias,945,0.0163219665440363,0.0142927724717931,0.0154939504143858,0.0174981825656551,0.014290038278218,0.0142837755370897,0.0120501203448286,0.0317460317460317,0.0317460317460317,0.0137566137566138,0.601861924688355,1.77316465735782
9,2026081509,PHM2010,force_z+vibration_y,Noise,945,0.0151071317044854,0.0149963324283198,0.0139613400967765,0.0137340650034809,0.0146410274753713,0.0146199372569971,0.0120501203448286,0,0,0.0137566137566138,0.602109939526449,1.13473015160149
9,2026081509,PHM2010,vibration_x+vibration_y,Saturation,945,0.0157644718742939,0.0136287499590422,0.0136189001570198,0.0144037868687172,0.0155603637562514,0.013856383007175,0.013837131998922,0.990476190476191,1,0.00952380952380952,0.400667961444476,0.400667961444476
9,2026081509,PHM2010,vibration_x+vibration_y,Dropout,945,0.0119151219217149,0.0134826764555921,0.0137030146421917,0.0143435615872892,0.0126138631450067,0.0140344628905102,0.013837131998922,0.597883597883598,0.604232804232804,0.00952380952380952,0.401707148660743,0.401707148660743
9,2026081509,PHM2010,vibration_x+vibration_y,Bias,945,0.0174563046522041,0.0171685601507274,0.0183134567317381,0.0207849441474736,0.0173546578527966,0.0173393618875053,0.013837131998922,0.017989417989418,0.017989417989418,0.00952380952380952,0.605426048501332,1.7513158892592
9,2026081509,PHM2010,vibration_x+vibration_y,Noise,945,0.0155484468982851,0.015600429036255,0.014152819797503,0.0146283894368363,0.0155968025075181,0.015587119099827,0.013837131998922,0,0,0.00952380952380952,0.602380900319277,1.12382814013292
10,2026081510,NUAA,force_z+vibration_x,Saturation,152,0.0896497845291765,0.0420448989729829,0.0402356629051422,0.043050893331779,0.0990908931758289,0.0587287924628623,0.0586484258120297,0.960526315789474,0.980263157894737,0.0197368421052632,0.396971342828736,0.396971342828736
10,2026081510,NUAA,force_z+vibration_x,Dropout,152,0.0526122086739618,0.0418702074905147,0.0402678454574356,0.0430649799687536,0.0522515259172967,0.0570801555723003,0.0586484258120297,0.875,0.894736842105263,0.0197368421052632,0.384681139934826,0.384681139934826
10,2026081510,NUAA,force_z+vibration_x,Bias,152,0.0662123543605196,0.0455155517141431,0.0454520484978838,0.0449106746375614,0.0463733070613755,0.0459810637752836,0.0586484258120297,0.0328947368421053,0.0328947368421053,0.0197368421052632,0.587965172030999,1.81179450351069
10,2026081510,NUAA,force_z+vibration_x,Noise,152,0.0913418398381131,0.048443095579843,0.0488695785793005,0.0476394997170827,0.0495439394121855,0.0489278161830277,0.0586484258120297,0,0,0.0197368421052632,0.586746646146206,1.11895835621525
10,2026081510,NUAA,force_z+vibration_y,Saturation,152,0.113376010541038,0.040991491674498,0.0394468338898307,0.0413085592070963,0.0941771253508911,0.0410075517398347,0.040833826260722,0.980263157894737,0.986842105263158,0.00657894736842105,0.406497831578639,0.406497831578639
10,2026081510,NUAA,force_z+vibration_y,Dropout,152,0.0581533128817451,0.0410828509909428,0.0394664461475623,0.0412841755151759,0.0523134147241734,0.0411146143776483,0.040833826260722,0.934210526315789,0.940789473684211,0.00657894736842105,0.411536666270763,0.411536666270763
10,2026081510,NUAA,force_z+vibration_y,Bias,152,0.0703796466178564,0.0419884167063145,0.0423585743925944,0.0430655202772811,0.046582989201029,0.0427024423346881,0.040833826260722,0.243421052631579,0.243421052631579,0.00657894736842105,0.592087117169604,1.73093399297689
10,2026081510,NUAA,force_z+vibration_y,Noise,152,0.0942490998661607,0.0479934244142299,0.0465581001237483,0.047982722152296,0.0494634539643673,0.0487066024578423,0.040833826260722,0.0394736842105263,0.0394736842105263,0.00657894736842105,0.600441764274457,1.13960234410218
10,2026081510,NUAA,vibration_x+vibration_y,Saturation,152,0.0519002343307522,0.0381550550447359,0.0374069017775911,0.0377409178067707,0.0383396151654576,0.0378296641271633,0.0379406954754658,0.986842105263158,1,0.0131578947368421,0.401872586410216,0.401872586410216
10,2026081510,NUAA,vibration_x+vibration_y,Dropout,152,0.0415318660496391,0.0381550550447359,0.0374069017775911,0.0377409178067707,0.0393685565682272,0.0378296641271633,0.0379406954754658,0.986842105263158,1,0.0131578947368421,0.397403990782377,0.397403990782377
10,2026081510,NUAA,vibration_x+vibration_y,Bias,152,0.0461479868849773,0.0409145673604856,0.0402014022406826,0.0394101316494107,0.0405733021940797,0.0408613653657786,0.0379406954754658,0.0328947368421053,0.0328947368421053,0.0131578947368421,0.579932460466585,1.71145983322692
10,2026081510,NUAA,vibration_x+vibration_y,Noise,152,0.0403430070537851,0.0402880194325983,0.0406020734320652,0.0408516466866604,0.0401828233644444,0.0401828233644444,0.0379406954754658,0,0,0.0131578947368421,0.61013900946398,1.15916857136409
10,2026081510,PHM2010,force_z+vibration_x,Saturation,945,0.0259942523736121,0.0136915375033421,0.01196071396682,0.0128342106137564,0.0150617074735031,0.0114857559756938,0.0114861988707107,0.991534391534391,1,0.00846560846560847,0.399632684585586,0.399632684585586
10,2026081510,PHM2010,force_z+vibration_x,Dropout,945,0.022056172588443,0.0143669981371433,0.0121195741812649,0.0129585493207833,0.0111764942468216,0.0118395914978052,0.0114861988707107,0.819047619047619,0.827513227513228,0.00846560846560847,0.40078313935354,0.40078313935354
10,2026081510,PHM2010,force_z+vibration_x,Bias,945,0.0172759367809588,0.0151294261244273,0.0140538887897323,0.0154889876380393,0.0151246916005894,0.0150678430792852,0.0114861988707107,0.0941798941798942,0.0941798941798942,0.00846560846560847,0.600606267513945,1.77170389878467
10,2026081510,PHM2010,force_z+vibration_x,Noise,945,0.0149778667330833,0.0148491022908956,0.0144668039722375,0.0147778640719217,0.0146102988027144,0.0145934619064037,0.0114861988707107,0.00317460317460317,0.00317460317460317,0.00846560846560847,0.600153027816784,1.1281781117948
10,2026081510,PHM2010,force_z+vibration_y,Saturation,945,0.0187595489686254,0.0136041246506154,0.0126408701501635,0.0134764210936959,0.0120071440769091,0.012063596183814,0.0120501203448286,0.986243386243386,1,0.0137566137566138,0.401036838865281,0.401036838865281
10,2026081510,PHM2010,force_z+vibration_y,Dropout,945,0.0201623077080757,0.0137263493087924,0.0124917493618957,0.0133154462743666,0.0106985066209639,0.0117627125804102,0.0120501203448286,0.666666666666667,0.677248677248677,0.0137566137566138,0.405198120653718,0.405198120653718
10,2026081510,PHM2010,force_z+vibration_y,Bias,945,0.0158522399477662,0.0140786515950631,0.0151695473837618,0.0172495199965588,0.014022097914399,0.0140167516886591,0.0120501203448286,0.0243386243386243,0.0243386243386243,0.0137566137566138,0.603245812768919,1.72169415403127
10,2026081510,PHM2010,force_z+vibration_y,Noise,945,0.0152933644556736,0.0153577051859251,0.0140314244519203,0.0138609163283718,0.0149637496166331,0.0149531199445176,0.0120501203448286,0.00105820105820106,0.00105820105820106,0.0137566137566138,0.600580263273528,1.1176773492737
10,2026081510,PHM2010,vibration_x+vibration_y,Saturation,945,0.0160303073444138,0.0136287499590422,0.0136189001570198,0.0144037868687172,0.0156339862205593,0.013856383007175,0.013837131998922,0.990476190476191,1,0.00952380952380952,0.396406320036813,0.396406320036813
10,2026081510,PHM2010,vibration_x+vibration_y,Dropout,945,0.011980748063588,0.013695814029491,0.0138333725687309,0.0144233426886503,0.0129076025005099,0.0142898812311701,0.013837131998922,0.580952380952381,0.587301587301587,0.00952380952380952,0.393989862864085,0.393989862864085
10,2026081510,PHM2010,vibration_x+vibration_y,Bias,945,0.0167340145204647,0.0163936872418393,0.0173121290195436,0.0197121285724655,0.0165650244033607,0.0165961728870747,0.013837131998922,0.0137566137566138,0.0137566137566138,0.00952380952380952,0.593929612867559,1.74859093398987
10,2026081510,PHM2010,vibration_x+vibration_y,Noise,945,0.0159680973217141,0.0160181723465384,0.0141934871411099,0.0146597174399722,0.0160203759917083,0.0160106844816243,0.013837131998922,0,0,0.00952380952380952,0.608113449560475,1.13070612261649
11,2026081511,NUAA,force_z+vibration_x,Saturation,152,0.0884135426809999,0.0424093039119435,0.039766701372132,0.0425118382282931,0.0978747952091636,0.0594201731580954,0.0586484258120297,0.940789473684211,0.960526315789474,0.0197368421052632,0.401203728211814,0.401203728211814
11,2026081511,NUAA,force_z+vibration_x,Dropout,152,0.0502455093542428,0.0417767706575074,0.0399108239124851,0.0427990103946138,0.0493786941291343,0.0585231731644286,0.0586484258120297,0.960526315789474,0.980263157894737,0.0197368421052632,0.391543855491868,0.391543855491868
11,2026081511,NUAA,force_z+vibration_x,Bias,152,0.0683673605318059,0.0433657781564012,0.0425902442533221,0.0427094784688755,0.0447817464782005,0.044372227231393,0.0586484258120297,0.0263157894736842,0.0263157894736842,0.0197368421052632,0.588392580835646,1.81975939515473
11,2026081511,NUAA,force_z+vibration_x,Noise,152,0.0892107377458083,0.046216415672873,0.0462503646810309,0.0463285911241629,0.0481946850660965,0.0479325399587371,0.0586484258120297,0.00657894736842105,0.00657894736842105,0.0197368421052632,0.609882981677695,1.1253070928704
11,2026081511,NUAA,force_z+vibration_y,Saturation,152,0.117943057593963,0.0416613273376966,0.0400356793773466,0.041810209859924,0.0954379022512573,0.0416735947704048,0.040833826260722,0.967105263157895,0.973684210526316,0.00657894736842105,0.409697248337321,0.409697248337321
11,2026081511,NUAA,force_z+vibration_y,Dropout,152,0.0565179881289117,0.0405951585970848,0.0392581078909506,0.040866342851984,0.0518289699801371,0.0406923167481476,0.040833826260722,0.901315789473684,0.907894736842105,0.00657894736842105,0.389534796848545,0.389534796848545
11,2026081511,NUAA,force_z+vibration_y,Bias,152,0.0707217807474304,0.0421734159544397,0.0412263259626304,0.0416559630406696,0.0465547105249162,0.0424288970016367,0.040833826260722,0.296052631578947,0.296052631578947,0.00657894736842105,0.617004897424039,1.70994926654568
11,2026081511,NUAA,force_z+vibration_y,Noise,152,0.0901144080842987,0.046334852299688,0.0451333230515063,0.0470350127584076,0.0479064186460396,0.046454809786206,0.040833826260722,0.0263157894736842,0.0263157894736842,0.00657894736842105,0.608150718445166,1.09146966659933
11,2026081511,NUAA,vibration_x+vibration_y,Saturation,152,0.0502282166838347,0.0381550550447359,0.0374069017775911,0.0377409178067707,0.0379312860132613,0.0378296641271633,0.0379406954754658,0.986842105263158,1,0.0131578947368421,0.410876054952567,0.410876054952567
11,2026081511,NUAA,vibration_x+vibration_y,Dropout,152,0.0420803676871391,0.0381550550447359,0.0374069017775911,0.0377409178067707,0.0398579743922206,0.0378296641271633,0.0379406954754658,0.986842105263158,1,0.0131578947368421,0.378158441972348,0.378158441972348
11,2026081511,NUAA,vibration_x+vibration_y,Bias,152,0.0488412024728345,0.0415893131787026,0.0407540574960767,0.0400491608399256,0.0415526847567309,0.0413553508593265,0.0379406954754658,0.0328947368421053,0.0328947368421053,0.0131578947368421,0.596042760266731,1.74995125856648
11,2026081511,NUAA,vibration_x+vibration_y,Noise,152,0.040540724971341,0.039934388690477,0.0401184439019624,0.0408652069865187,0.0397163618649566,0.0397163618649566,0.0379406954754658,0,0,0.0131578947368421,0.588507543041301,1.12583340124053
11,2026081511,PHM2010,force_z+vibration_x,Saturation,945,0.0258151505155511,0.0136915375033421,0.01196071396682,0.0128342106137564,0.0149694395532111,0.0114857559756938,0.0114861988707107,0.991534391534391,1,0.00846560846560847,0.407504648935275,0.407504648935275
11,2026081511,PHM2010,force_z+vibration_x,Dropout,945,0.0218865370519657,0.0142927576066758,0.0121410280283467,0.0129810808462976,0.0111246145382701,0.0118973414237349,0.0114861988707107,0.834920634920635,0.843386243386243,0.00846560846560847,0.403284741066487,0.403284741066487
11,2026081511,PHM2010,force_z+vibration_x,Bias,945,0.0172944453055033,0.015457566022848,0.0139710822275582,0.015432814984348,0.015234662334695,0.0151170042584975,0.0114861988707107,0.11005291005291,0.11005291005291,0.00846560846560847,0.600064675620241,1.74135222782292
11,2026081511,PHM2010,force_z+vibration_x,Noise,945,0.0142668683455707,0.0143431104382309,0.0139719918900271,0.0141980083952674,0.014015060964811,0.0140100542616867,0.0114861988707107,0.00211640211640212,0.00211640211640212,0.00846560846560847,0.601916878786741,1.13467239151626
11,2026081511,PHM2010,force_z+vibration_y,Saturation,945,0.0191232042302005,0.0136041246506154,0.0126408701501635,0.0134764210936959,0.0118526819692934,0.012063596183814,0.0120501203448286,0.986243386243386,1,0.0137566137566138,0.390750735963531,0.390750735963531
11,2026081511,PHM2010,force_z+vibration_y,Dropout,945,0.0201753935714961,0.0137993356921494,0.0124885627246389,0.0133545059783401,0.0108838851451335,0.0116505412285432,0.0120501203448286,0.659259259259259,0.668783068783069,0.0137566137566138,0.405983515281451,0.405983515281451
11,2026081511,PHM2010,force_z+vibration_y,Bias,945,0.0155341725703845,0.0138797224679423,0.0152364357589861,0.017745911270734,0.0140419848700882,0.0140382576154435,0.0120501203448286,0.0222222222222222,0.0232804232804233,0.0137566137566138,0.59357828286179,1.71404877852769
11,2026081511,PHM2010,force_z+vibration_y,Noise,945,0.0150894652973466,0.015100110489204,0.0140534332164681,0.013944096153203,0.0147770365857261,0.0147497141071035,0.0120501203448286,0,0,0.0137566137566138,0.608926334871686,1.10885302627222
11,2026081511,PHM2010,vibration_x+vibration_y,Saturation,945,0.0157436479416421,0.0136287499590422,0.0136189001570198,0.0144037868687172,0.015537228790427,0.013856383007175,0.013837131998922,0.990476190476191,1,0.00952380952380952,0.397293057869117,0.397293057869117
11,2026081511,PHM2010,vibration_x+vibration_y,Dropout,945,0.0120038631037742,0.0135478880009642,0.0138156806414077,0.014458094291917,0.012798298560319,0.0141302480187392,0.013837131998922,0.575661375661376,0.580952380952381,0.00952380952380952,0.401653833020022,0.401653833020022
11,2026081511,PHM2010,vibration_x+vibration_y,Bias,945,0.0174016838960336,0.0171416805103743,0.0173772111365794,0.0196210933279522,0.0172946378640512,0.0173219605572292,0.013837131998922,0.019047619047619,0.019047619047619,0.00952380952380952,0.590880301597224,1.73135729884771
11,2026081511,PHM2010,vibration_x+vibration_y,Noise,945,0.0156220677006301,0.0156662918159578,0.0143429712660381,0.0148598738585799,0.0156584188363232,0.015648739191224,0.013837131998922,0,0,0.00952380952380952,0.607547529993082,1.12322206500167
12,2026081512,NUAA,force_z+vibration_x,Saturation,152,0.0890322465247702,0.0426153977302449,0.0408956460804973,0.0433687861484117,0.0981573473121888,0.0584768333061388,0.0586484258120297,0.927631578947368,0.947368421052632,0.0197368421052632,0.396951552259751,0.396951552259751
12,2026081512,NUAA,force_z+vibration_x,Dropout,152,0.0531053977155238,0.0416079220988449,0.0396961048400492,0.0428310870276926,0.0532618176622847,0.0582561762281848,0.0586484258120297,0.921052631578947,0.940789473684211,0.0197368421052632,0.420024140802893,0.420024140802893
12,2026081512,NUAA,force_z+vibration_x,Bias,152,0.0648631718410016,0.0436575987432159,0.0423506537577324,0.0428818488597342,0.0457142535656525,0.0447390509887735,0.0586484258120297,0.0394736842105263,0.0394736842105263,0.0197368421052632,0.614524870770157,1.77470469165989
12,2026081512,NUAA,force_z+vibration_x,Noise,152,0.0957821774917276,0.044218532051348,0.0436389067010554,0.043419007268973,0.0459455901493314,0.0451061121103347,0.0586484258120297,0.00657894736842105,0.00657894736842105,0.0197368421052632,0.600135802006335,1.1616854939377
12,2026081512,NUAA,force_z+vibration_y,Saturation,152,0.113533721351389,0.0406073977408901,0.0392780719810248,0.0409891436486076,0.0956634430138232,0.0409882977419052,0.040833826260722,0.967105263157895,0.973684210526316,0.00657894736842105,0.405957464720718,0.405957464720718
12,2026081512,NUAA,force_z+vibration_y,Dropout,152,0.0536775334141949,0.0405321149100626,0.0388883462368375,0.0409799685582258,0.0505961308455318,0.0407916720435927,0.040833826260722,0.901315789473684,0.907894736842105,0.00657894736842105,0.407327023127924,0.407327023127924
12,2026081512,NUAA,force_z+vibration_y,Bias,152,0.0705325097929201,0.0431339510131054,0.0426691813865448,0.0436405712624476,0.045098981993069,0.0430315174598861,0.040833826260722,0.217105263157895,0.223684210526316,0.00657894736842105,0.590039825964761,1.74385988327859
12,2026081512,NUAA,force_z+vibration_y,Noise,152,0.0889525275514756,0.0440748330742183,0.0423812653359247,0.0439525599207122,0.045522306630329,0.0442698489412099,0.040833826260722,0.0394736842105263,0.0394736842105263,0.00657894736842105,0.597273226594053,1.13311826502116
12,2026081512,NUAA,vibration_x+vibration_y,Saturation,152,0.0505296927048856,0.0381550550447359,0.0374069017775911,0.0377409178067707,0.0381737470170564,0.0378296641271633,0.0379406954754658,0.986842105263158,1,0.0131578947368421,0.403587645790227,0.403587645790227
12,2026081512,NUAA,vibration_x+vibration_y,Dropout,152,0.0417570347973792,0.0381550550447359,0.0374069017775911,0.0377409178067707,0.0390067739965726,0.0378296641271633,0.0379406954754658,0.986842105263158,1,0.0131578947368421,0.401947599143655,0.401947599143655
12,2026081512,NUAA,vibration_x+vibration_y,Bias,152,0.0511575963581453,0.0391301425123105,0.0392546141323304,0.038311204120212,0.0396147666765264,0.0397924573065412,0.0379406954754658,0.0263157894736842,0.0263157894736842,0.0131578947368421,0.58635268078988,1.82962466338383
12,2026081512,NUAA,vibration_x+vibration_y,Noise,152,0.0410939119421518,0.0401340365217731,0.0402655223043041,0.0405794461786068,0.040065448538005,0.040065448538005,0.0379406954754658,0,0,0.0131578947368421,0.602045766687177,1.15497935193925
12,2026081512,PHM2010,force_z+vibration_x,Saturation,945,0.025801941589443,0.0136915375033421,0.01196071396682,0.0128342106137564,0.0149998502794026,0.0114857559756938,0.0114861988707107,0.991534391534391,1,0.00846560846560847,0.404764699083749,0.404764699083749
12,2026081512,PHM2010,force_z+vibration_x,Dropout,945,0.022446005380533,0.0143794807295663,0.0121290455933761,0.0129951377593089,0.0112580113566652,0.0119268139940847,0.0114861988707107,0.817989417989418,0.826455026455026,0.00846560846560847,0.403854568919611,0.403854568919611
12,2026081512,PHM2010,force_z+vibration_x,Bias,945,0.0180022406237326,0.0158128265085634,0.0140848732784875,0.0156900433267073,0.0158493248725434,0.0158200426163597,0.0114861988707107,0.0931216931216931,0.0931216931216931,0.00846560846560847,0.589850925176188,1.76592847482924
12,2026081512,PHM2010,force_z+vibration_x,Noise,945,0.014656483052194,0.0146496473393794,0.0142098814596661,0.0144639858830269,0.0142538257070247,0.0142616682278981,0.0114861988707107,0.00317460317460317,0.00317460317460317,0.00846560846560847,0.595200690112206,1.14371700620826
12,2026081512,PHM2010,force_z+vibration_y,Saturation,945,0.0191962220619676,0.0136041246506154,0.0126408701501635,0.0134764210936959,0.0119282484578194,0.012063596183814,0.0120501203448286,0.986243386243386,1,0.0137566137566138,0.398071814446919,0.398071814446919
12,2026081512,PHM2010,force_z+vibration_y,Dropout,945,0.0207324009873667,0.0137124632239628,0.0124970735767915,0.0133420873022449,0.0107361788547966,0.011700443852771,0.0120501203448286,0.653968253968254,0.664550264550265,0.0137566137566138,0.396415310617486,0.396415310617486
12,2026081512,PHM2010,force_z+vibration_y,Bias,945,0.0159804071883625,0.0140333730427421,0.0154671651836441,0.0178102038780339,0.0141754514335168,0.0142069162031549,0.0120501203448286,0.0275132275132275,0.0285714285714286,0.0137566137566138,0.59977135608888,1.74531898706726
12,2026081512,PHM2010,force_z+vibration_y,Noise,945,0.0154122855295694,0.0153850360982346,0.0143058808991284,0.0142579376141671,0.0149521933252113,0.0149426967108179,0.0120501203448286,0,0,0.0137566137566138,0.598653040061813,1.12643225750026
12,2026081512,PHM2010,vibration_x+vibration_y,Saturation,945,0.0158714232692287,0.0136287499590422,0.0136189001570198,0.0144037868687172,0.0157764193259229,0.013856383007175,0.013837131998922,0.990476190476191,1,0.00952380952380952,0.395544762651688,0.395544762651688
12,2026081512,PHM2010,vibration_x+vibration_y,Dropout,945,0.0119406338354134,0.0134272263366148,0.0136982611965578,0.0143573585404215,0.0127989984830851,0.0140285345425545,0.013837131998922,0.575661375661376,0.583068783068783,0.00952380952380952,0.40623052525836,0.40623052525836
12,2026081512,PHM2010,vibration_x+vibration_y,Bias,945,0.017117280240714,0.0168890284210386,0.0177074419873202,0.019645261064955,0.0170673185390801,0.0170756383408343,0.013837131998922,0.00952380952380952,0.00952380952380952,0.00952380952380952,0.606660899780273,1.73960566452583
12,2026081512,PHM2010,vibration_x+vibration_y,Noise,945,0.0155942767343527,0.0156508834584348,0.014027985494754,0.014575574778229,0.0156451966369305,0.0156355742860012,0.013837131998922,0,0,0.00952380952380952,0.596121724861396,1.10847800577452
13,2026081513,NUAA,force_z+vibration_x,Saturation,152,0.0877085769410409,0.0415454472104589,0.0404133096156755,0.0431332545696336,0.0968994769208536,0.0576005758464244,0.0586484258120297,0.914473684210526,0.934210526315789,0.0197368421052632,0.404021223121199,0.404021223121199
13,2026081513,NUAA,force_z+vibration_x,Dropout,152,0.0575194373784871,0.041739036644089,0.0398083404934915,0.0426445458049113,0.0579299712246619,0.0586483780611756,0.0586484258120297,0.967105263157895,0.986842105263158,0.0197368421052632,0.396441694335622,0.396441694335622
13,2026081513,NUAA,force_z+vibration_x,Bias,152,0.066388652066964,0.0429508381683127,0.043447418565217,0.0433707785706091,0.0430517845676127,0.043446600191541,0.0586484258120297,0.0328947368421053,0.0328947368421053,0.0197368421052632,0.591674961190318,1.76903601903426
13,2026081513,NUAA,force_z+vibration_x,Noise,152,0.0922082086978795,0.0474877723118266,0.0481969730697878,0.0467687142809596,0.0494825131375053,0.0483023020177822,0.0586484258120297,0.00657894736842105,0.00657894736842105,0.0197368421052632,0.583795958818804,1.12219891541274
13,2026081513,NUAA,force_z+vibration_y,Saturation,152,0.104606929357389,0.0408537178775169,0.0391812340785851,0.0412202835531271,0.0942929071622875,0.0410355181307162,0.040833826260722,0.973684210526316,0.980263157894737,0.00657894736842105,0.395757230950086,0.395757230950086
13,2026081513,NUAA,force_z+vibration_y,Dropout,152,0.0536287089115397,0.0405974297671888,0.0388985054448015,0.0408500127412804,0.0514494358052893,0.0407991183164513,0.040833826260722,0.921052631578947,0.927631578947368,0.00657894736842105,0.399724182299277,0.399724182299277
13,2026081513,NUAA,force_z+vibration_y,Bias,152,0.0779576355495437,0.0468442430331121,0.0466335917420763,0.0463134559476167,0.0511611793402797,0.0477254357949109,0.040833826260722,0.289473684210526,0.289473684210526,0.00657894736842105,0.598871182248579,1.75325130611867
13,2026081513,NUAA,force_z+vibration_y,Noise,152,0.0781527522310112,0.0441302579558185,0.0437398223785514,0.0449051632913415,0.0443003219867744,0.044309718281875,0.040833826260722,0.0197368421052632,0.0197368421052632,0.00657894736842105,0.593997393677633,1.11576935925363
13,2026081513,NUAA,vibration_x+vibration_y,Saturation,152,0.0521559402415678,0.0381550550447359,0.0374069017775911,0.0377409178067707,0.0376822863428954,0.0378296641271633,0.0379406954754658,0.986842105263158,1,0.0131578947368421,0.400280896532394,0.400280896532394
13,2026081513,NUAA,vibration_x+vibration_y,Dropout,152,0.0419432924775905,0.0381550550447359,0.0374069017775911,0.0377409178067707,0.0393145654655276,0.0378296641271633,0.0379406954754658,0.986842105263158,1,0.0131578947368421,0.382579828313551,0.382579828313551
13,2026081513,NUAA,vibration_x+vibration_y,Bias,152,0.0459953131253754,0.0375302200998554,0.0383863797694984,0.0378589962196344,0.0375855764160603,0.0372125100435423,0.0379406954754658,0.0394736842105263,0.0394736842105263,0.0131578947368421,0.598438024612559,1.77583039265979
13,2026081513,NUAA,vibration_x+vibration_y,Noise,152,0.0407561914968164,0.0408880776198062,0.0408167766788036,0.0412172922446383,0.0408989838393477,0.0408989838393477,0.0379406954754658,0,0,0.0131578947368421,0.588612295211522,1.12811740714599
13,2026081513,PHM2010,force_z+vibration_x,Saturation,945,0.0255896468606671,0.0136915375033421,0.01196071396682,0.0128342106137564,0.0152946562983807,0.0114857559756938,0.0114861988707107,0.991534391534391,1,0.00846560846560847,0.405836861231965,0.405836861231965
13,2026081513,PHM2010,force_z+vibration_x,Dropout,945,0.0221465030533348,0.014343652584903,0.0121320961045617,0.013004599744492,0.0112193301951541,0.0119028909323026,0.0114861988707107,0.823280423280423,0.831746031746032,0.00846560846560847,0.397457295649871,0.397457295649871
13,2026081513,PHM2010,force_z+vibration_x,Bias,945,0.0171509383448962,0.0151811795750845,0.0139870280064791,0.0153774774489768,0.0152052157725883,0.0150275722269533,0.0114861988707107,0.124867724867725,0.126984126984127,0.00846560846560847,0.605937007512936,1.74779165545243
13,2026081513,PHM2010,force_z+vibration_x,Noise,945,0.0146697911428601,0.0144790124908522,0.0142437809229287,0.0143785831211848,0.0142330335211033,0.0142142087696016,0.0114861988707107,0.00105820105820106,0.00105820105820106,0.00846560846560847,0.58487268964942,1.13086319594278
13,2026081513,PHM2010,force_z+vibration_y,Saturation,945,0.0194361574078852,0.0136041246506154,0.0126408701501635,0.0134764210936959,0.012177638520427,0.012063596183814,0.0120501203448286,0.986243386243386,1,0.0137566137566138,0.402366394598881,0.402366394598881
13,2026081513,PHM2010,force_z+vibration_y,Dropout,945,0.019632706037672,0.0138572716702489,0.012536588642554,0.0133669009516888,0.0107947070458127,0.0117388376622257,0.0120501203448286,0.66031746031746,0.671957671957672,0.0137566137566138,0.395059246782134,0.395059246782134
13,2026081513,PHM2010,force_z+vibration_y,Bias,945,0.0156448165649389,0.0139050159413319,0.0150802282844257,0.0174748726164215,0.0139036096287364,0.0139118978293978,0.0120501203448286,0.0317460317460317,0.0349206349206349,0.0137566137566138,0.592625960600485,1.7823348503167
13,2026081513,PHM2010,force_z+vibration_y,Noise,945,0.0157229994771144,0.0153623499519915,0.0143094685334061,0.014173140448288,0.0150296709648424,0.0150114432164584,0.0120501203448286,0,0,0.0137566137566138,0.595168631880681,1.15331457885664
13,2026081513,PHM2010,vibration_x+vibration_y,Saturation,945,0.0160610327320246,0.0136287499590422,0.0136189001570198,0.0144037868687172,0.0158197257358379,0.013856383007175,0.013837131998922,0.990476190476191,1,0.00952380952380952,0.399815877148531,0.399815877148531
13,2026081513,PHM2010,vibration_x+vibration_y,Dropout,945,0.0117511137332581,0.0134642260756578,0.0137961367359919,0.0144812018965422,0.0126158953687736,0.0139978991152001,0.013837131998922,0.573544973544974,0.57989417989418,0.00952380952380952,0.394146831810725,0.394146831810725
13,2026081513,PHM2010,vibration_x+vibration_y,Bias,945,0.0164738049749578,0.0161375283605386,0.0174222277502081,0.0193272466436952,0.0163874111309253,0.016355421196196,0.013837131998922,0.0126984126984127,0.0126984126984127,0.00952380952380952,0.598337398393898,1.73192810819386
13,2026081513,PHM2010,vibration_x+vibration_y,Noise,945,0.0159352000540096,0.0159701528430747,0.0142108445415551,0.0147767139013933,0.0159803589719592,0.0159707166268004,0.013837131998922,0,0,0.00952380952380952,0.599958465034693,1.12909156486731
14,2026081514,NUAA,force_z+vibration_x,Saturation,152,0.0893068690096986,0.0425524413042692,0.0408356115468135,0.0433551471022716,0.0990376541228497,0.0591935626215852,0.0586484258120297,0.967105263157895,0.986842105263158,0.0197368421052632,0.405245474331988,0.405245474331988
14,2026081514,NUAA,force_z+vibration_x,Dropout,152,0.0534537565606133,0.041398504479699,0.0395191105930104,0.0423987158781424,0.0546273134121317,0.0578867483818229,0.0586484258120297,0.927631578947368,0.947368421052632,0.0197368421052632,0.411057949454806,0.411057949454806
14,2026081514,NUAA,force_z+vibration_x,Bias,152,0.066929841817819,0.0461751458447205,0.0457295897064851,0.0453166442868661,0.0475415189528898,0.0476454163000235,0.0586484258120297,0.0460526315789474,0.0460526315789474,0.0197368421052632,0.609914059231937,1.75971422104977
14,2026081514,NUAA,force_z+vibration_x,Noise,152,0.0927338360162752,0.0467075127353111,0.047032991773756,0.0465045277956575,0.0479872752122777,0.0480103086724556,0.0586484258120297,0,0,0.0197368421052632,0.577080575864699,1.10650314917484
14,2026081514,NUAA,force_z+vibration_y,Saturation,152,0.1053810114364,0.0410616055184194,0.0393109023826533,0.041288741518963,0.0918105428457999,0.0410278973278313,0.040833826260722,0.973684210526316,0.980263157894737,0.00657894736842105,0.406108995098899,0.406108995098899
14,2026081514,NUAA,force_z+vibration_y,Dropout,152,0.0567135611607489,0.040660851340866,0.0392371483042111,0.0408743088477732,0.0515182153820211,0.0407414817574407,0.040833826260722,0.921052631578947,0.927631578947368,0.00657894736842105,0.39268386478558,0.39268386478558
14,2026081514,NUAA,force_z+vibration_y,Bias,152,0.0768152215014372,0.042465511518838,0.0418597876495276,0.0415937800895955,0.0466616101803091,0.043498218780796,0.040833826260722,0.342105263157895,0.342105263157895,0.00657894736842105,0.598858425710396,1.73623868298165
14,2026081514,NUAA,force_z+vibration_y,Noise,152,0.0886155296389572,0.0450833309368518,0.0425687163890458,0.0439514823308619,0.0465555769993148,0.0452560839757224,0.040833826260722,0.0197368421052632,0.0197368421052632,0.00657894736842105,0.629810511155716,1.10000788328727
14,2026081514,NUAA,vibration_x+vibration_y,Saturation,152,0.0551551974947786,0.0381550550447359,0.0374069017775911,0.0377409178067707,0.037859635513545,0.0378296641271633,0.0379406954754658,0.986842105263158,1,0.0131578947368421,0.400180794379125,0.400180794379125
14,2026081514,NUAA,vibration_x+vibration_y,Dropout,152,0.0417866028316569,0.0381550550447359,0.0374069017775911,0.0377409178067707,0.0394992252417515,0.0378296641271633,0.0379406954754658,0.986842105263158,1,0.0131578947368421,0.40544486263941,0.40544486263941
14,2026081514,NUAA,vibration_x+vibration_y,Bias,152,0.0503895604770171,0.0405173500248322,0.0400086541286856,0.0395478072377091,0.0398497419010163,0.0401210507677813,0.0379406954754658,0.0328947368421053,0.0328947368421053,0.0131578947368421,0.591733129242053,1.7776374730357
14,2026081514,NUAA,vibration_x+vibration_y,Noise,152,0.0407275605909762,0.0405187206039143,0.0405712341005683,0.040894661085066,0.0404357685374335,0.0404357685374335,0.0379406954754658,0,0,0.0131578947368421,0.62187850331155,1.11859372437062
14,2026081514,PHM2010,force_z+vibration_x,Saturation,945,0.0255003394780733,0.0136915375033421,0.01196071396682,0.0128342106137564,0.0148336909733699,0.0114857559756938,0.0114861988707107,0.991534391534391,1,0.00846560846560847,0.405786314520396,0.405786314520396
14,2026081514,PHM2010,force_z+vibration_x,Dropout,945,0.0221450589715091,0.0143197929153191,0.0121056977990739,0.0129596684168905,0.0111932707077972,0.0118745329859125,0.0114861988707107,0.822222222222222,0.830687830687831,0.00846560846560847,0.394586980671804,0.394586980671804
14,2026081514,PHM2010,force_z+vibration_x,Bias,945,0.0169209315345912,0.015683120633756,0.013673812125287,0.0153266895796837,0.0156001736503891,0.0155168047358826,0.0114861988707107,0.108994708994709,0.108994708994709,0.00846560846560847,0.594716855061477,1.75256643082789
14,2026081514,PHM2010,force_z+vibration_x,Noise,945,0.0146216295412884,0.0144566147351208,0.0139857966492093,0.0142163210210525,0.0141868669123776,0.0141639497644725,0.0114861988707107,0.00317460317460317,0.00317460317460317,0.00846560846560847,0.593383308664335,1.11665955828794
14,2026081514,PHM2010,force_z+vibration_y,Saturation,945,0.0191038121403248,0.0136041246506154,0.0126408701501635,0.0134764210936959,0.0118469801386243,0.012063596183814,0.0120501203448286,0.986243386243386,1,0.0137566137566138,0.404984160399019,0.404984160399019
14,2026081514,PHM2010,force_z+vibration_y,Dropout,945,0.0197145133711148,0.0138541663307297,0.0124525839200384,0.0132616344982257,0.0107593163918524,0.0116987471799631,0.0120501203448286,0.626455026455026,0.634920634920635,0.0137566137566138,0.386544613614663,0.386544613614663
14,2026081514,PHM2010,force_z+vibration_y,Bias,945,0.0157885525242779,0.014227929490846,0.0155149620922568,0.0180251397978685,0.0143431676039776,0.0143541795560464,0.0120501203448286,0.0222222222222222,0.0222222222222222,0.0137566137566138,0.595028939281186,1.74053924423799
14,2026081514,PHM2010,force_z+vibration_y,Noise,945,0.0151462373060959,0.0151605071198851,0.0142823600235406,0.014155077662664,0.0148868507750819,0.0148676140005829,0.0120501203448286,0,0,0.0137566137566138,0.596595733400778,1.13084195086844
14,2026081514,PHM2010,vibration_x+vibration_y,Saturation,945,0.0156116792702402,0.0136287499590422,0.0136189001570198,0.0144037868687172,0.0157761816926901,0.013856383007175,0.013837131998922,0.990476190476191,1,0.00952380952380952,0.394468340313383,0.394468340313383
14,2026081514,PHM2010,vibration_x+vibration_y,Dropout,945,0.0118604056033416,0.0135022654501405,0.0137179567273201,0.0143192945936954,0.0127295583991374,0.0140923427183938,0.013837131998922,0.571428571428571,0.577777777777778,0.00952380952380952,0.394054587156633,0.394054587156633
14,2026081514,PHM2010,vibration_x+vibration_y,Bias,945,0.0168237664640677,0.0165749422541141,0.018003300745122,0.0203232110665547,0.0168558723542338,0.0168530795942729,0.013837131998922,0.019047619047619,0.019047619047619,0.00952380952380952,0.601865420538585,1.76516135505653
14,2026081514,PHM2010,vibration_x+vibration_y,Noise,945,0.0158515329919675,0.0159165004570281,0.0141984564149203,0.0147131065532839,0.0159136075345421,0.0159040964311312,0.013837131998922,0,0,0.00952380952380952,0.605853053126257,1.12583307378107
15,2026081515,NUAA,force_z+vibration_x,Saturation,152,0.0899713546679447,0.0414496500199672,0.0399124873129818,0.0426243130771197,0.0994099164782986,0.0576248419505966,0.0586484258120297,0.960526315789474,0.980263157894737,0.0197368421052632,0.392200185316505,0.392200185316505
15,2026081515,NUAA,force_z+vibration_x,Dropout,152,0.0566565346904717,0.0415472864245569,0.0397982849503973,0.0425441136008229,0.0554343246939411,0.0581113104557054,0.0586484258120297,0.914473684210526,0.934210526315789,0.0197368421052632,0.407505920502349,0.407505920502349
15,2026081515,NUAA,force_z+vibration_x,Bias,152,0.0696896924310683,0.045455556274241,0.0450266024145986,0.0449690527022674,0.0472412069198723,0.04696605967697,0.0586484258120297,0.0197368421052632,0.0197368421052632,0.0197368421052632,0.586003550805339,1.77485079434795
15,2026081515,NUAA,force_z+vibration_x,Noise,152,0.0930238747680329,0.048483828939536,0.0484193307659758,0.0478252307233925,0.0499162755087358,0.0493514950059099,0.0586484258120297,0.00657894736842105,0.00657894736842105,0.0197368421052632,0.61915467492061,1.18010906575433
15,2026081515,NUAA,force_z+vibration_y,Saturation,152,0.105481087419451,0.0419169759026859,0.0401375377607821,0.0418761594845895,0.0907461531315583,0.0422088578657368,0.040833826260722,0.960526315789474,0.967105263157895,0.00657894736842105,0.383519305440477,0.383519305440477
15,2026081515,NUAA,force_z+vibration_y,Dropout,152,0.059371884693916,0.0406251620260432,0.0389647121153659,0.0410533936528151,0.0548500963504156,0.04120441787641,0.040833826260722,0.927631578947368,0.934210526315789,0.00657894736842105,0.399441412346179,0.399441412346179
15,2026081515,NUAA,force_z+vibration_y,Bias,152,0.0723094761855003,0.0436945025395555,0.0419205134731626,0.0434430427668964,0.0487163751203506,0.0435872109724516,0.040833826260722,0.322368421052632,0.322368421052632,0.00657894736842105,0.558614323672439,1.82590231084384
15,2026081515,NUAA,force_z+vibration_y,Noise,152,0.085509175027768,0.0446461853323644,0.0429396356760207,0.045041517415961,0.0464121793348098,0.0449367868663352,0.040833826260722,0.0394736842105263,0.0394736842105263,0.00657894736842105,0.587285281237685,1.18034219823809
15,2026081515,NUAA,vibration_x+vibration_y,Saturation,152,0.0501983891310258,0.0381550550447359,0.0374069017775911,0.0377409178067707,0.0377296780147348,0.0378296641271633,0.0379406954754658,0.986842105263158,1,0.0131578947368421,0.397285736815939,0.397285736815939
15,2026081515,NUAA,vibration_x+vibration_y,Dropout,152,0.0420682796806726,0.0381550550447359,0.0374069017775911,0.0377409178067707,0.0395237794852104,0.0378296641271633,0.0379406954754658,0.986842105263158,1,0.0131578947368421,0.403102424300465,0.403102424300465
15,2026081515,NUAA,vibration_x+vibration_y,Bias,152,0.0486480702818536,0.0402389461210572,0.0398976618647145,0.038971360662433,0.0397595204412711,0.0399683977511653,0.0379406954754658,0.0197368421052632,0.0197368421052632,0.0131578947368421,0.599765475147234,1.85727131598703
15,2026081515,NUAA,vibration_x+vibration_y,Noise,152,0.0399089432801279,0.0395761250047746,0.0399536897911397,0.0402127290283383,0.0395610252946533,0.0395610252946533,0.0379406954754658,0,0,0.0131578947368421,0.603048477342482,1.1429006180696
15,2026081515,PHM2010,force_z+vibration_x,Saturation,945,0.0259502627369946,0.0136915375033421,0.01196071396682,0.0128342106137564,0.0150216148647898,0.0114857559756938,0.0114861988707107,0.991534391534391,1,0.00846560846560847,0.402595647046334,0.402595647046334
15,2026081515,PHM2010,force_z+vibration_x,Dropout,945,0.0220989574730777,0.0144180676448365,0.0120788046850694,0.0129258402640242,0.0112451317000406,0.0119554267605971,0.0114861988707107,0.815873015873016,0.824338624338624,0.00846560846560847,0.397271132904001,0.397271132904001
15,2026081515,PHM2010,force_z+vibration_x,Bias,945,0.0173532729879806,0.0156397064319194,0.014076592444436,0.0157372489856418,0.0155857469264066,0.0155366939333933,0.0114861988707107,0.0984126984126984,0.0994708994708995,0.00846560846560847,0.592004567900376,1.75634562606322
15,2026081515,PHM2010,force_z+vibration_x,Noise,945,0.0148549327515787,0.0148016637037785,0.0145129825067815,0.0147454240879248,0.0144775798175716,0.0144675417051329,0.0114861988707107,0.00105820105820106,0.00105820105820106,0.00846560846560847,0.601714831579472,1.14727772143322
15,2026081515,PHM2010,force_z+vibration_y,Saturation,945,0.0192706410520848,0.0136041246506154,0.0126408701501635,0.0134764210936959,0.0120583049148591,0.012063596183814,0.0120501203448286,0.986243386243386,1,0.0137566137566138,0.400947393233727,0.400947393233727
15,2026081515,PHM2010,force_z+vibration_y,Dropout,945,0.0192788302521812,0.0138614125613174,0.0124662580187885,0.0133352703207566,0.0107987961944839,0.0117296180462579,0.0120501203448286,0.643386243386243,0.652910052910053,0.0137566137566138,0.388023050321194,0.388023050321194
15,2026081515,PHM2010,force_z+vibration_y,Bias,945,0.0159453843580969,0.0144119463590547,0.0156024514634716,0.0185653753683231,0.0142889654767554,0.0143091967828143,0.0120501203448286,0.0328042328042328,0.0328042328042328,0.0137566137566138,0.597819415702998,1.7610096547279
15,2026081515,PHM2010,force_z+vibration_y,Noise,945,0.0154434536248867,0.0154620496515948,0.0143377889687419,0.014187913939115,0.0151521239657292,0.0151322626647057,0.0120501203448286,0,0,0.0137566137566138,0.608184198410643,1.130300170254
15,2026081515,PHM2010,vibration_x+vibration_y,Saturation,945,0.0160996156857615,0.0136287499590422,0.0136189001570198,0.0144037868687172,0.0159349988876535,0.013856383007175,0.013837131998922,0.990476190476191,1,0.00952380952380952,0.399329656170096,0.399329656170096
15,2026081515,PHM2010,vibration_x+vibration_y,Dropout,945,0.0118793327618116,0.0133305335665852,0.0136603281514348,0.0143982928719867,0.0126362515522724,0.0139765124996855,0.013837131998922,0.597883597883598,0.604232804232804,0.00952380952380952,0.40131878377722,0.40131878377722
15,2026081515,PHM2010,vibration_x+vibration_y,Bias,945,0.0170485051975646,0.0167962492850091,0.0177933370092898,0.0202577385827153,0.0167900253924296,0.0168585394681582,0.013837131998922,0.0222222222222222,0.0222222222222222,0.00952380952380952,0.603262960905134,1.73962087394503
15,2026081515,PHM2010,vibration_x+vibration_y,Noise,945,0.0157975404684821,0.0158356723284808,0.014190316255868,0.0146647389802173,0.0158375106961369,0.0158278124407965,0.013837131998922,0,0,0.00952380952380952,0.589797472907072,1.13638389397905
16,2026081516,NUAA,force_z+vibration_x,Saturation,152,0.0872162793889578,0.0444782264551264,0.0421309508038755,0.044643552294667,0.0973309559470428,0.0612490095929605,0.0586484258120297,0.934210526315789,0.953947368421053,0.0197368421052632,0.399272861296617,0.399272861296617
16,2026081516,NUAA,force_z+vibration_x,Dropout,152,0.0521078521910128,0.0419078087834479,0.0402539999520186,0.0429082152903555,0.0508890675774964,0.0584043367345045,0.0586484258120297,0.894736842105263,0.914473684210526,0.0197368421052632,0.413697191845956,0.413697191845956
16,2026081516,NUAA,force_z+vibration_x,Bias,152,0.0654437560552428,0.0451004380484898,0.0444709193877164,0.0446713261491116,0.0465966101725123,0.0459765091167224,0.0586484258120297,0.0526315789473684,0.0526315789473684,0.0197368421052632,0.606985915002037,1.7943844129486
16,2026081516,NUAA,force_z+vibration_x,Noise,152,0.0950354445624479,0.0472236534339189,0.0468358702390821,0.0464083681544094,0.0487168935688165,0.0476907661581252,0.0586484258120297,0.0131578947368421,0.0131578947368421,0.0197368421052632,0.58069539348388,1.11852860929792
16,2026081516,NUAA,force_z+vibration_y,Saturation,152,0.114275018011928,0.0412139692283447,0.0396884258430367,0.0412703466342461,0.0955257791641643,0.0411181011892006,0.040833826260722,0.953947368421053,0.960526315789474,0.00657894736842105,0.409160010033296,0.409160010033296
16,2026081516,NUAA,force_z+vibration_y,Dropout,152,0.0587136544954818,0.0405793192124833,0.0388759964526438,0.0409283461172232,0.0528802466261682,0.0405358772113691,0.040833826260722,0.947368421052632,0.953947368421053,0.00657894736842105,0.418035603929247,0.418035603929247
16,2026081516,NUAA,force_z+vibration_y,Bias,152,0.0714855425647136,0.0452014310393255,0.0448248244810755,0.0445527985480984,0.0512915764017475,0.0442322169922476,0.040833826260722,0.328947368421053,0.328947368421053,0.00657894736842105,0.612826690505986,1.74270249335749
16,2026081516,NUAA,force_z+vibration_y,Noise,152,0.0898591632395986,0.042771495506616,0.0416000000874332,0.0437227995148687,0.0443285326348499,0.0434906213423359,0.040833826260722,0.0263157894736842,0.0263157894736842,0.00657894736842105,0.589729290041523,1.12338915709715
16,2026081516,NUAA,vibration_x+vibration_y,Saturation,152,0.0518611013899449,0.0381550550447359,0.0374069017775911,0.0377409178067707,0.0379478875773037,0.0378296641271633,0.0379406954754658,0.986842105263158,1,0.0131578947368421,0.401144253594129,0.401144253594129
16,2026081516,NUAA,vibration_x+vibration_y,Dropout,152,0.0420547324200515,0.0381550550447359,0.0374069017775911,0.0377409178067707,0.0396344831578292,0.0378296641271633,0.0379406954754658,0.986842105263158,1,0.0131578947368421,0.419777270517064,0.419777270517064
16,2026081516,NUAA,vibration_x+vibration_y,Bias,152,0.0463837693172648,0.0398282771248606,0.0400130726080109,0.03968585727775,0.0399967047173791,0.0396828857783678,0.0379406954754658,0.0328947368421053,0.0328947368421053,0.0131578947368421,0.611624913371757,1.66929164268124
16,2026081516,NUAA,vibration_x+vibration_y,Noise,152,0.0406465360530649,0.0398224096131958,0.0399977861070776,0.0406000206075367,0.0397672493972187,0.0397672493972187,0.0379406954754658,0,0,0.0131578947368421,0.608915803364098,1.12304734154458
16,2026081516,PHM2010,force_z+vibration_x,Saturation,945,0.0256882867659987,0.0136915375033421,0.01196071396682,0.0128342106137564,0.0149256488626167,0.0114857559756938,0.0114861988707107,0.991534391534391,1,0.00846560846560847,0.398484847630136,0.398484847630136
16,2026081516,PHM2010,force_z+vibration_x,Dropout,945,0.022420431361219,0.014204599345466,0.012036785323355,0.0129194172499076,0.0113914519304017,0.0117927435128013,0.0114861988707107,0.850793650793651,0.859259259259259,0.00846560846560847,0.401193878948048,0.401193878948048
16,2026081516,PHM2010,force_z+vibration_x,Bias,945,0.0167764093622728,0.0152653622063095,0.0139323835398661,0.0152274045243862,0.0149273882454592,0.0148899068559343,0.0114861988707107,0.114285714285714,0.116402116402116,0.00846560846560847,0.596822387695587,1.76584316093093
16,2026081516,PHM2010,force_z+vibration_x,Noise,945,0.0145411051908434,0.0146048721080441,0.0142147216486208,0.0145647005511518,0.0142572078435808,0.0142523905371858,0.0114861988707107,0.00317460317460317,0.00317460317460317,0.00846560846560847,0.600625615172645,1.14462856124598
16,2026081516,PHM2010,force_z+vibration_y,Saturation,945,0.0192524835642933,0.0136041246506154,0.0126408701501635,0.0134764210936959,0.0117498740679074,0.012063596183814,0.0120501203448286,0.986243386243386,1,0.0137566137566138,0.397376551919366,0.397376551919366
16,2026081516,PHM2010,force_z+vibration_y,Dropout,945,0.0202732021361015,0.014023395658156,0.0126000258953114,0.0133241184311987,0.0108545643514343,0.0118515346011204,0.0120501203448286,0.652910052910053,0.663492063492063,0.0137566137566138,0.40645130383507,0.40645130383507
16,2026081516,PHM2010,force_z+vibration_y,Bias,945,0.0154367848164749,0.0138383793291272,0.0153469300250416,0.0176824837275868,0.0136462287316936,0.0136919091066539,0.0120501203448286,0.0264550264550265,0.0264550264550265,0.0137566137566138,0.605427123935983,1.7615157612913
16,2026081516,PHM2010,force_z+vibration_y,Noise,945,0.0151860957026158,0.0150414048491871,0.0141408161201238,0.0139125112550629,0.0147052528401137,0.014696004523023,0.0120501203448286,0,0,0.0137566137566138,0.606366696370455,1.10859923899849
16,2026081516,PHM2010,vibration_x+vibration_y,Saturation,945,0.016249898365389,0.0136287499590422,0.0136189001570198,0.0144037868687172,0.0156229566686082,0.013856383007175,0.013837131998922,0.990476190476191,1,0.00952380952380952,0.399478714221361,0.399478714221361
16,2026081516,PHM2010,vibration_x+vibration_y,Dropout,945,0.0117279595556572,0.0134333971053978,0.0136714840500947,0.0143976891147616,0.0126607652462134,0.0140909780351146,0.013837131998922,0.580952380952381,0.587301587301587,0.00952380952380952,0.401091943768044,0.401091943768044
16,2026081516,PHM2010,vibration_x+vibration_y,Bias,945,0.0171313613695591,0.0169108945457622,0.0177709145865154,0.0197211235151279,0.0170991103461262,0.01707765431152,0.013837131998922,0.019047619047619,0.019047619047619,0.00952380952380952,0.608457850421936,1.71944808391105
16,2026081516,PHM2010,vibration_x+vibration_y,Noise,945,0.0158156499529622,0.0158196558533014,0.014296306324785,0.0147608102698829,0.0158466813973694,0.0158370086083665,0.013837131998922,0,0,0.00952380952380952,0.59888510196777,1.12762877012304
17,2026081517,NUAA,force_z+vibration_x,Saturation,152,0.0900735078922516,0.0416507467503412,0.0398852004337553,0.0427299600396066,0.0995411218684022,0.0576676760616231,0.0586484258120297,0.960526315789474,0.980263157894737,0.0197368421052632,0.404004535644567,0.404004535644567
17,2026081517,NUAA,force_z+vibration_x,Dropout,152,0.0513090759344891,0.0415934409615882,0.0400627273395555,0.0426194556416068,0.0513018225651596,0.0573739444715034,0.0586484258120297,0.894736842105263,0.914473684210526,0.0197368421052632,0.400286333727762,0.400286333727762
17,2026081517,NUAA,force_z+vibration_x,Bias,152,0.0680282960919467,0.0437679237228121,0.0442822413273245,0.044532000842606,0.04500117673539,0.0443883357749165,0.0586484258120297,0.0328947368421053,0.0328947368421053,0.0197368421052632,0.579416205338052,1.7466191293278
17,2026081517,NUAA,force_z+vibration_x,Noise,152,0.0858416676003564,0.0459542606223857,0.0454975666492502,0.0448008643803263,0.0474407132149563,0.0474136046388823,0.0586484258120297,0.00657894736842105,0.00657894736842105,0.0197368421052632,0.599116726776807,1.09571015930233
17,2026081517,NUAA,force_z+vibration_y,Saturation,152,0.114631537492879,0.0415968251810857,0.0399207433967743,0.0416672486378265,0.0917244096066829,0.041387754865925,0.040833826260722,0.947368421052632,0.953947368421053,0.00657894736842105,0.398165662845684,0.398165662845684
17,2026081517,NUAA,force_z+vibration_y,Dropout,152,0.0544585462566166,0.0401699858906709,0.0385980053573923,0.0405129296044105,0.0511085408100404,0.0403812130335253,0.040833826260722,0.947368421052632,0.947368421052632,0.00657894736842105,0.391823051512703,0.391823051512703
17,2026081517,NUAA,force_z+vibration_y,Bias,152,0.0752262182145,0.0471725970273647,0.0456795244770125,0.0461288517673979,0.051799865994926,0.0481997657906965,0.040833826260722,0.296052631578947,0.296052631578947,0.00657894736842105,0.5930162520849,1.77535160498245
17,2026081517,NUAA,force_z+vibration_y,Noise,152,0.0931608193057213,0.0451412085598089,0.0438525215099848,0.0451179395976214,0.0474475319718285,0.045195864224596,0.040833826260722,0.0394736842105263,0.0394736842105263,0.00657894736842105,0.618147365783824,1.08985241534405
17,2026081517,NUAA,vibration_x+vibration_y,Saturation,152,0.0516254294107282,0.0381550550447359,0.0374069017775911,0.0377409178067707,0.037962023817965,0.0378296641271633,0.0379406954754658,0.986842105263158,1,0.0131578947368421,0.38825549345493,0.38825549345493
17,2026081517,NUAA,vibration_x+vibration_y,Dropout,152,0.0420059673539421,0.0381550550447359,0.0374069017775911,0.0377409178067707,0.038718719823924,0.0378296641271633,0.0379406954754658,0.986842105263158,1,0.0131578947368421,0.394450564191497,0.394450564191497
17,2026081517,NUAA,vibration_x+vibration_y,Bias,152,0.0511845515951889,0.0405249464146261,0.0404260972260182,0.039852414355555,0.0403069826733578,0.0403393964556605,0.0379406954754658,0.0394736842105263,0.0394736842105263,0.0131578947368421,0.601815400468993,1.7715423561549
17,2026081517,NUAA,vibration_x+vibration_y,Noise,152,0.0393975573622227,0.0397155185309813,0.0399229525331023,0.0403240994928459,0.0397063950177754,0.0397063950177754,0.0379406954754658,0,0,0.0131578947368421,0.597651840262679,1.11669402113569
17,2026081517,PHM2010,force_z+vibration_x,Saturation,945,0.0253088634448295,0.0136915375033421,0.01196071396682,0.0128342106137564,0.0149018937900524,0.0114857559756938,0.0114861988707107,0.991534391534391,1,0.00846560846560847,0.396602830530778,0.396602830530778
17,2026081517,PHM2010,force_z+vibration_x,Dropout,945,0.0214823026187837,0.0143380683678699,0.0120523481014157,0.0129107615532852,0.0111723738612143,0.011879267402611,0.0114861988707107,0.815873015873016,0.824338624338624,0.00846560846560847,0.394779086274678,0.394779086274678
17,2026081517,PHM2010,force_z+vibration_x,Bias,945,0.0176235162337879,0.0156821215393587,0.0139528841909343,0.0155350653590174,0.01550768802796,0.0154198711371805,0.0114861988707107,0.11957671957672,0.11957671957672,0.00846560846560847,0.606667961266533,1.76784438106161
17,2026081517,PHM2010,force_z+vibration_x,Noise,945,0.0143183988634787,0.0141297504001221,0.0138289918903148,0.014147852718461,0.0138854701458726,0.0138888602340738,0.0114861988707107,0.00317460317460317,0.00317460317460317,0.00846560846560847,0.600853326950705,1.13488300948892
17,2026081517,PHM2010,force_z+vibration_y,Saturation,945,0.019037475706124,0.0136041246506154,0.0126408701501635,0.0134764210936959,0.0119251323010962,0.012063596183814,0.0120501203448286,0.986243386243386,1,0.0137566137566138,0.404836747101612,0.404836747101612
17,2026081517,PHM2010,force_z+vibration_y,Dropout,945,0.0197636307206934,0.0139621381641998,0.0125208726335634,0.0133263812397581,0.0108390433189355,0.0118636147394466,0.0120501203448286,0.674074074074074,0.684656084656085,0.0137566137566138,0.403714994170032,0.403714994170032
17,2026081517,PHM2010,force_z+vibration_y,Bias,945,0.0157294394563011,0.0141108130827857,0.0155111270015662,0.0177067752914339,0.0140867415289167,0.014091629305777,0.0120501203448286,0.0275132275132275,0.0306878306878307,0.0137566137566138,0.590112885282376,1.76085544960887
17,2026081517,PHM2010,force_z+vibration_y,Noise,945,0.0155980162958224,0.0155524894438107,0.0146087194130437,0.0143637380287929,0.0151889400461976,0.0151865457294177,0.0120501203448286,0,0,0.0137566137566138,0.595502065460597,1.13866456317374
17,2026081517,PHM2010,vibration_x+vibration_y,Saturation,945,0.0155130903632822,0.0136287499590422,0.0136189001570198,0.0144037868687172,0.0152662945201971,0.013856383007175,0.013837131998922,0.990476190476191,1,0.00952380952380952,0.398028423735567,0.398028423735567
17,2026081517,PHM2010,vibration_x+vibration_y,Dropout,945,0.0118470264391392,0.0133430151060774,0.013714602980695,0.0143142204689913,0.0125383104561622,0.013964290394838,0.013837131998922,0.583068783068783,0.589417989417989,0.00952380952380952,0.396449713689751,0.396449713689751
17,2026081517,PHM2010,vibration_x+vibration_y,Bias,945,0.0161976097887091,0.0160033157178842,0.0174868525580159,0.0195895659213335,0.0160983404643108,0.0161134265341484,0.013837131998922,0.0169312169312169,0.0169312169312169,0.00952380952380952,0.600528778062188,1.72441711671678
17,2026081517,PHM2010,vibration_x+vibration_y,Noise,945,0.0158632588541185,0.0158929408329285,0.0141485956622078,0.0145737985741706,0.0159096417290208,0.0159000276080508,0.013837131998922,0,0,0.00952380952380952,0.604617793956572,1.13780005514373
18,2026081518,NUAA,force_z+vibration_x,Saturation,152,0.090082432402046,0.0433261281480649,0.0414253358965727,0.044069227310848,0.0986032424870081,0.0593554394749755,0.0586484258120297,0.947368421052632,0.967105263157895,0.0197368421052632,0.390864194668741,0.390864194668741
18,2026081518,NUAA,force_z+vibration_x,Dropout,152,0.0541933962312772,0.041703078666163,0.0398074264974479,0.042703745368191,0.0541066033523768,0.0586493503224901,0.0586484258120297,0.953947368421053,0.973684210526316,0.0197368421052632,0.406121219179633,0.406121219179633
18,2026081518,NUAA,force_z+vibration_x,Bias,152,0.0600979164580531,0.0470736397737968,0.0464009401215008,0.0458675265897471,0.0486850242015143,0.0479169611112487,0.0586484258120297,0.0526315789473684,0.0526315789473684,0.0197368421052632,0.629492348905544,1.70239805771281
18,2026081518,NUAA,force_z+vibration_x,Noise,152,0.0966278863083125,0.0459186861041277,0.0455702039653033,0.0459305327646364,0.0482826030913547,0.0473086486296822,0.0586484258120297,0.00657894736842105,0.00657894736842105,0.0197368421052632,0.607392864379031,1.15766064460086
18,2026081518,NUAA,force_z+vibration_y,Saturation,152,0.113348274153394,0.0410851440204526,0.0395496171198741,0.0413675233444806,0.0918314499109692,0.0409194641144943,0.040833826260722,0.967105263157895,0.973684210526316,0.00657894736842105,0.403921126479032,0.403921126479032
18,2026081518,NUAA,force_z+vibration_y,Dropout,152,0.0548000922246961,0.040573810438113,0.0390042914992579,0.0409645080738597,0.0500228079045377,0.0408258842706948,0.040833826260722,0.940789473684211,0.947368421052632,0.00657894736842105,0.407023789026962,0.407023789026962
18,2026081518,NUAA,force_z+vibration_y,Bias,152,0.0705461689941682,0.0485689249801971,0.0477633043069229,0.0473039920251982,0.0506377514401963,0.0483867532821138,0.040833826260722,0.243421052631579,0.243421052631579,0.00657894736842105,0.627814638042416,1.66952294370145
18,2026081518,NUAA,force_z+vibration_y,Noise,152,0.08960743515082,0.0451617152633483,0.0439291644986218,0.0449261764320261,0.0469764850962935,0.0452727190770245,0.040833826260722,0.0394736842105263,0.0394736842105263,0.00657894736842105,0.568840579859931,1.13264785906434
18,2026081518,NUAA,vibration_x+vibration_y,Saturation,152,0.0515035085380167,0.0381550550447359,0.0374069017775911,0.0377409178067707,0.0368564174399498,0.0378296641271633,0.0379406954754658,0.986842105263158,1,0.0131578947368421,0.426662147050387,0.426662147050387
18,2026081518,NUAA,vibration_x+vibration_y,Dropout,152,0.0415784344210127,0.0381550550447359,0.0374069017775911,0.0377409178067707,0.0389956384615337,0.0378296641271633,0.0379406954754658,0.986842105263158,1,0.0131578947368421,0.403887209230068,0.403887209230068
18,2026081518,NUAA,vibration_x+vibration_y,Bias,152,0.0422172333104728,0.039189669150137,0.0397910752165736,0.0390560568622437,0.0388081138513117,0.03793208194967,0.0379406954754658,0.0460526315789474,0.0460526315789474,0.0131578947368421,0.597282482683869,1.75624881329966
18,2026081518,NUAA,vibration_x+vibration_y,Noise,152,0.0408488005704441,0.0403351442429668,0.0404991845658254,0.0408879219472497,0.0403765816861703,0.0403765816861703,0.0379406954754658,0,0,0.0131578947368421,0.600692460501753,1.11350489570831
18,2026081518,PHM2010,force_z+vibration_x,Saturation,945,0.0259492308166102,0.0136915375033421,0.01196071396682,0.0128342106137564,0.0152711002231426,0.0114857559756938,0.0114861988707107,0.991534391534391,1,0.00846560846560847,0.405901557863442,0.405901557863442
18,2026081518,PHM2010,force_z+vibration_x,Dropout,945,0.022174907893823,0.0142495932713724,0.0119790688133424,0.012819133176299,0.0110882817317687,0.0117711839501232,0.0114861988707107,0.833862433862434,0.842328042328042,0.00846560846560847,0.402408373388654,0.402408373388654
18,2026081518,PHM2010,force_z+vibration_x,Bias,945,0.0171602998199616,0.0157884002676681,0.0138328597966261,0.0153499320990025,0.0156599721240421,0.0156138587032031,0.0114861988707107,0.0984126984126984,0.0984126984126984,0.00846560846560847,0.602936340303913,1.74883905394407
18,2026081518,PHM2010,force_z+vibration_x,Noise,945,0.0145117992798379,0.0141535182744551,0.0137346366493794,0.0139619273266621,0.0138620151823931,0.0138565495785712,0.0114861988707107,0.00105820105820106,0.00105820105820106,0.00846560846560847,0.605704129386947,1.10529550371642
18,2026081518,PHM2010,force_z+vibration_y,Saturation,945,0.0190168518093591,0.0136041246506154,0.0126408701501635,0.0134764210936959,0.0119342275706295,0.012063596183814,0.0120501203448286,0.986243386243386,1,0.0137566137566138,0.39712457086451,0.39712457086451
18,2026081518,PHM2010,force_z+vibration_y,Dropout,945,0.0198888400768049,0.0138130732581144,0.0124648705137871,0.013230192259193,0.0107303693831963,0.0117551224468975,0.0120501203448286,0.653968253968254,0.664550264550265,0.0137566137566138,0.399374623887201,0.399374623887201
18,2026081518,PHM2010,force_z+vibration_y,Bias,945,0.0163876029050993,0.0144769875442122,0.0151990992236376,0.017956253838092,0.0147436831945143,0.0146986007820159,0.0120501203448286,0.0444444444444444,0.0455026455026455,0.0137566137566138,0.603934415724996,1.7382798304935
18,2026081518,PHM2010,force_z+vibration_y,Noise,945,0.0152233442780519,0.015270827414839,0.0140616441916908,0.0140130506615824,0.0148291092949674,0.0148141266321033,0.0120501203448286,0.00105820105820106,0.00105820105820106,0.0137566137566138,0.604373841206261,1.11343644554429
18,2026081518,PHM2010,vibration_x+vibration_y,Saturation,945,0.015978812608994,0.0136287499590422,0.0136189001570198,0.0144037868687172,0.0155365255577422,0.013856383007175,0.013837131998922,0.990476190476191,1,0.00952380952380952,0.39350753313176,0.39350753313176
18,2026081518,PHM2010,vibration_x+vibration_y,Dropout,945,0.0117739778859898,0.0134206011267779,0.0137153979155533,0.0143742006937244,0.0126246930712491,0.0139912876645248,0.013837131998922,0.582010582010582,0.587301587301587,0.00952380952380952,0.393909235014591,0.393909235014591
18,2026081518,PHM2010,vibration_x+vibration_y,Bias,945,0.0169592542246355,0.0165735544867089,0.0177224295609731,0.0197218352689535,0.0168585866245303,0.0168180959683223,0.013837131998922,0.0169312169312169,0.0169312169312169,0.00952380952380952,0.611691759042924,1.75828150770486
18,2026081518,PHM2010,vibration_x+vibration_y,Noise,945,0.0157558269330582,0.0157934228628393,0.0141591953709336,0.0146662539786277,0.0158057308911373,0.0157960559426034,0.013837131998922,0,0,0.00952380952380952,0.597950935108898,1.12381703049437
19,2026081519,NUAA,force_z+vibration_x,Saturation,152,0.0901188621665803,0.0419527620000258,0.0404880147088607,0.0430888327178502,0.0990029467332007,0.0585661247277924,0.0586484258120297,0.953947368421053,0.973684210526316,0.0197368421052632,0.39262350931168,0.39262350931168
19,2026081519,NUAA,force_z+vibration_x,Dropout,152,0.0510970558609023,0.0414552672531642,0.0396255061179377,0.0425269600285021,0.0519365687947663,0.0579148649173669,0.0586484258120297,0.888157894736842,0.907894736842105,0.0197368421052632,0.395436306494891,0.395436306494891
19,2026081519,NUAA,force_z+vibration_x,Bias,152,0.0697850211474982,0.0475929256432888,0.047347155730819,0.0473254716791318,0.0489662211740575,0.0487355772485862,0.0586484258120297,0.0657894736842105,0.0657894736842105,0.0197368421052632,0.597126662925543,1.76469785417463
19,2026081519,NUAA,force_z+vibration_x,Noise,152,0.0903225405590241,0.0482133150775258,0.0476976931780584,0.0472130484387329,0.0504986221981019,0.0493730563582433,0.0586484258120297,0.00657894736842105,0.00657894736842105,0.0197368421052632,0.591897640052741,1.17037882465336
19,2026081519,NUAA,force_z+vibration_y,Saturation,152,0.112566566489692,0.0404940638475965,0.0388141948439263,0.0407018191585872,0.0952519006980804,0.0406292567493477,0.040833826260722,0.980263157894737,0.986842105263158,0.00657894736842105,0.397517858167034,0.397517858167034
19,2026081519,NUAA,force_z+vibration_y,Dropout,152,0.0527053519079656,0.0402674576354867,0.03875253357873,0.0405505667945148,0.0506617204301049,0.040367134271219,0.040833826260722,0.888157894736842,0.894736842105263,0.00657894736842105,0.402454478104358,0.402454478104358
19,2026081519,NUAA,force_z+vibration_y,Bias,152,0.0736989902896666,0.0458814052473837,0.0448505825861049,0.0444504631836768,0.0513181428575052,0.0455803946001932,0.040833826260722,0.309210526315789,0.309210526315789,0.00657894736842105,0.614514292986277,1.83119542017492
19,2026081519,NUAA,force_z+vibration_y,Noise,152,0.0879351765408933,0.0451668961293937,0.0441521771727367,0.0456718883672517,0.0462495294483695,0.0448137015155809,0.040833826260722,0.0394736842105263,0.0394736842105263,0.00657894736842105,0.593322716119485,1.12251100364323
19,2026081519,NUAA,vibration_x+vibration_y,Saturation,152,0.0539113797395814,0.0381550550447359,0.0374069017775911,0.0377409178067707,0.0381302819531782,0.0378296641271633,0.0379406954754658,0.986842105263158,1,0.0131578947368421,0.40878626680098,0.40878626680098
19,2026081519,NUAA,vibration_x+vibration_y,Dropout,152,0.042138927828356,0.0381550550447359,0.0374069017775911,0.0377409178067707,0.0399550057307444,0.0378296641271633,0.0379406954754658,0.986842105263158,1,0.0131578947368421,0.382578858439031,0.382578858439031
19,2026081519,NUAA,vibration_x+vibration_y,Bias,152,0.0481711418174232,0.0423831646237347,0.0413623698198058,0.0401237529420809,0.0417451915031693,0.0417354249013614,0.0379406954754658,0.0263157894736842,0.0263157894736842,0.0131578947368421,0.616216170986239,1.79847733258878
19,2026081519,NUAA,vibration_x+vibration_y,Noise,152,0.0409545257121424,0.0407103873135392,0.0408073788364417,0.0409695594533966,0.0405748661314813,0.0405748661314813,0.0379406954754658,0,0,0.0131578947368421,0.615911625772688,1.20905776317228
19,2026081519,PHM2010,force_z+vibration_x,Saturation,945,0.0257510493225523,0.0136915375033421,0.01196071396682,0.0128342106137564,0.0151696850709272,0.0114857559756938,0.0114861988707107,0.991534391534391,1,0.00846560846560847,0.399080660634492,0.399080660634492
19,2026081519,PHM2010,force_z+vibration_x,Dropout,945,0.0220020716745394,0.0144056436167145,0.0121722287280593,0.0130065879134269,0.0111281114144152,0.011985299815755,0.0114861988707107,0.825396825396825,0.833862433862434,0.00846560846560847,0.39504325445419,0.39504325445419
19,2026081519,PHM2010,force_z+vibration_x,Bias,945,0.0173608090448722,0.0152293347669592,0.0139408936812149,0.015411809055662,0.0152163688621768,0.0151699088295069,0.0114861988707107,0.11005291005291,0.11005291005291,0.00846560846560847,0.594590300902875,1.74497773598288
19,2026081519,PHM2010,force_z+vibration_x,Noise,945,0.0146260296811789,0.0145098342129692,0.0141195414919658,0.0143688285446607,0.014189284543928,0.0141840354083836,0.0114861988707107,0.00211640211640212,0.00211640211640212,0.00846560846560847,0.602760162105365,1.1270297946046
19,2026081519,PHM2010,force_z+vibration_y,Saturation,945,0.0192055563469188,0.0136041246506154,0.0126408701501635,0.0134764210936959,0.0121081390602686,0.012063596183814,0.0120501203448286,0.986243386243386,1,0.0137566137566138,0.396732916925761,0.396732916925761
19,2026081519,PHM2010,force_z+vibration_y,Dropout,945,0.0207451746660725,0.0139399913061351,0.0125674701955691,0.0133627473440552,0.0107842687393506,0.0117681555932133,0.0120501203448286,0.668783068783069,0.68042328042328,0.0137566137566138,0.407035105554061,0.407035105554061
19,2026081519,PHM2010,force_z+vibration_y,Bias,945,0.0155081694361282,0.0143152147488066,0.0153363023794044,0.0179685978307227,0.0141683241334965,0.0142346983214255,0.0120501203448286,0.0275132275132275,0.0275132275132275,0.0137566137566138,0.5931727218875,1.76026458132928
19,2026081519,PHM2010,force_z+vibration_y,Noise,945,0.0150857946050797,0.0152855854328984,0.0142104058152791,0.0141853223239243,0.0146816508643893,0.0146882095009277,0.0120501203448286,0,0,0.0137566137566138,0.598105238474644,1.12003365358571
19,2026081519,PHM2010,vibration_x+vibration_y,Saturation,945,0.0160169121659465,0.0136287499590422,0.0136189001570198,0.0144037868687172,0.0154424349304029,0.013856383007175,0.013837131998922,0.990476190476191,1,0.00952380952380952,0.40188334154743,0.40188334154743
19,2026081519,PHM2010,vibration_x+vibration_y,Dropout,945,0.0118935004392467,0.0134768408644695,0.01367083824197,0.0143283433751264,0.0126932563223518,0.0141221430592206,0.013837131998922,0.588359788359788,0.594708994708995,0.00952380952380952,0.399068227824593,0.399068227824593
19,2026081519,PHM2010,vibration_x+vibration_y,Bias,945,0.0168325078209084,0.0164719289888071,0.0178031158407972,0.0203065968857438,0.0167070904698269,0.0166946641765343,0.013837131998922,0.0169312169312169,0.0169312169312169,0.00952380952380952,0.597280974539644,1.72942269431916
19,2026081519,PHM2010,vibration_x+vibration_y,Noise,945,0.0158080856613869,0.0158417693141902,0.0141265636537997,0.0147112313126072,0.0158540805144023,0.0158444521143937,0.013837131998922,0,0,0.00952380952380952,0.60416945231215,1.13305357263638
20,2026081520,NUAA,force_z+vibration_x,Saturation,152,0.0846059983718358,0.0419117491177495,0.0401245744627014,0.0429548092234557,0.0954599998280561,0.05855012374135,0.0586484258120297,0.973684210526316,0.993421052631579,0.0197368421052632,0.414112990117591,0.414112990117591
20,2026081520,NUAA,force_z+vibration_x,Dropout,152,0.0535760441108528,0.0415388727474228,0.0400016920923863,0.0427826833652209,0.0539306975260609,0.0567567111685571,0.0586484258120297,0.868421052631579,0.888157894736842,0.0197368421052632,0.400509114292146,0.400509114292146
20,2026081520,NUAA,force_z+vibration_x,Bias,152,0.0629647107837244,0.0462424285506755,0.045099965486859,0.0452687819933524,0.0478194666680617,0.047194052130032,0.0586484258120297,0.0460526315789474,0.0460526315789474,0.0197368421052632,0.579222702735517,1.75825692210259
20,2026081520,NUAA,force_z+vibration_x,Noise,152,0.088848128295119,0.047090953860154,0.0457872602942741,0.0459838662489215,0.0490822463090165,0.047906146907964,0.0586484258120297,0.00657894736842105,0.00657894736842105,0.0197368421052632,0.576522290565801,1.1483950920674
20,2026081520,NUAA,force_z+vibration_y,Saturation,152,0.110934435086547,0.0425329259780953,0.0411067332519803,0.042633784390639,0.0921124074897809,0.0425592874251928,0.040833826260722,0.927631578947368,0.934210526315789,0.00657894736842105,0.387321960094307,0.387321960094307
20,2026081520,NUAA,force_z+vibration_y,Dropout,152,0.0539042994759381,0.0406796994867807,0.0391702574151283,0.0409371205584278,0.05156209890059,0.0407558511919047,0.040833826260722,0.901315789473684,0.907894736842105,0.00657894736842105,0.404148665711246,0.404148665711246
20,2026081520,NUAA,force_z+vibration_y,Bias,152,0.0681356165760391,0.0460098525398955,0.0432028860850313,0.0439849410889654,0.0489774653183228,0.0460810065803599,0.040833826260722,0.217105263157895,0.223684210526316,0.00657894736842105,0.612381710609821,1.68791840681154
20,2026081520,NUAA,force_z+vibration_y,Noise,152,0.0843597547518654,0.0448855132450487,0.0432282759019953,0.0452114369186378,0.0454043477499666,0.0449730639703431,0.040833826260722,0.0197368421052632,0.0197368421052632,0.00657894736842105,0.598620939353528,1.14000958167879
20,2026081520,NUAA,vibration_x+vibration_y,Saturation,152,0.0539251492453768,0.0381550550447359,0.0374069017775911,0.0377409178067707,0.0382897596498504,0.0378296641271633,0.0379406954754658,0.986842105263158,1,0.0131578947368421,0.391094777818029,0.391094777818029
20,2026081520,NUAA,vibration_x+vibration_y,Dropout,152,0.0421935015346693,0.0381550550447359,0.0374069017775911,0.0377409178067707,0.0400165845564574,0.0378296641271633,0.0379406954754658,0.986842105263158,1,0.0131578947368421,0.383033352959431,0.383033352959431
20,2026081520,NUAA,vibration_x+vibration_y,Bias,152,0.0496779819035316,0.0383537860936261,0.038779937293211,0.0383312315793628,0.0371654555341439,0.0375821459147231,0.0379406954754658,0.0592105263157895,0.0592105263157895,0.0131578947368421,0.607770799890356,1.70026358206737
20,2026081520,NUAA,vibration_x+vibration_y,Noise,152,0.0395745054866292,0.0400322507898837,0.0401818341397817,0.0406622186179499,0.0399757066518871,0.0399757066518871,0.0379406954754658,0,0,0.0131578947368421,0.598799865030893,1.10849746500641
20,2026081520,PHM2010,force_z+vibration_x,Saturation,945,0.0259815359701477,0.0136915375033421,0.01196071396682,0.0128342106137564,0.0150507233755349,0.0114857559756938,0.0114861988707107,0.991534391534391,1,0.00846560846560847,0.403732447107967,0.403732447107967
20,2026081520,PHM2010,force_z+vibration_x,Dropout,945,0.0221339824104744,0.0143370332694279,0.0121132159054124,0.0129584588869594,0.0111813546854495,0.011858141485462,0.0114861988707107,0.815873015873016,0.824338624338624,0.00846560846560847,0.391760767099021,0.391760767099021
20,2026081520,PHM2010,force_z+vibration_x,Bias,945,0.0170465337215949,0.0156096086831231,0.0141894173304878,0.0154166961167799,0.0155054897070448,0.015411210822847,0.0114861988707107,0.125925925925926,0.128042328042328,0.00846560846560847,0.599954071861261,1.76735221943048
20,2026081520,PHM2010,force_z+vibration_x,Noise,945,0.0149616665648247,0.0146728765810725,0.0141631435284486,0.0143994183913263,0.0143581423456503,0.0143746915781018,0.0114861988707107,0.00317460317460317,0.00317460317460317,0.00846560846560847,0.594182641604692,1.15103343223298
20,2026081520,PHM2010,force_z+vibration_y,Saturation,945,0.0193021930989118,0.0136041246506154,0.0126408701501635,0.0134764210936959,0.0120313813918076,0.012063596183814,0.0120501203448286,0.986243386243386,1,0.0137566137566138,0.401682494379834,0.401682494379834
20,2026081520,PHM2010,force_z+vibration_y,Dropout,945,0.0208270062167321,0.0138893442728428,0.0124476924084437,0.0132794905739848,0.0106777923355928,0.0117915632563647,0.0120501203448286,0.644444444444444,0.655026455026455,0.0137566137566138,0.40217591082808,0.40217591082808
20,2026081520,PHM2010,force_z+vibration_y,Bias,945,0.0163184988006922,0.0141580771641455,0.0154979003355684,0.018166998810202,0.0142089820314394,0.0142363232151075,0.0120501203448286,0.0296296296296296,0.0296296296296296,0.0137566137566138,0.597695826739529,1.74602032427982
20,2026081520,PHM2010,force_z+vibration_y,Noise,945,0.0150690474747224,0.0153991747367422,0.0141062158224126,0.0138782250963052,0.0149166728460005,0.0149068185417063,0.0120501203448286,0.00105820105820106,0.00105820105820106,0.0137566137566138,0.608170194618502,1.11960579171167
20,2026081520,PHM2010,vibration_x+vibration_y,Saturation,945,0.016171615765449,0.0136287499590422,0.0136189001570198,0.0144037868687172,0.0159365805376802,0.013856383007175,0.013837131998922,0.990476190476191,1,0.00952380952380952,0.398397300094198,0.398397300094198
20,2026081520,PHM2010,vibration_x+vibration_y,Dropout,945,0.0119474435857911,0.013443414940916,0.0137784819719896,0.0144438469572448,0.0126977526183571,0.0140725744782418,0.013837131998922,0.580952380952381,0.586243386243386,0.00952380952380952,0.402855364803565,0.402855364803565
20,2026081520,PHM2010,vibration_x+vibration_y,Bias,945,0.0168713091767253,0.0166080062628565,0.0171471887991019,0.0193816880756611,0.0167631145757318,0.0167872784768145,0.013837131998922,0.019047619047619,0.019047619047619,0.00952380952380952,0.599542813833223,1.73730125721142
20,2026081520,PHM2010,vibration_x+vibration_y,Noise,945,0.0155867143662447,0.0156188523914786,0.0141807631380861,0.0146703709273044,0.0156288336257571,0.0156192652370294,0.013837131998922,0,0,0.00952380952380952,0.605616582005645,1.14230325119049
21,2026081521,NUAA,force_z+vibration_x,Saturation,152,0.0877149052209118,0.0420892659651296,0.0400939916326947,0.0429647856019593,0.0975033336308093,0.0585308365452123,0.0586484258120297,0.960526315789474,0.980263157894737,0.0197368421052632,0.403877748250793,0.403877748250793
21,2026081521,NUAA,force_z+vibration_x,Dropout,152,0.0518509006108182,0.0415540727841085,0.0399840654217999,0.0427018806727347,0.0513884718622974,0.0568847165787143,0.0586484258120297,0.907894736842105,0.921052631578947,0.0197368421052632,0.387160954376942,0.387160954376942
21,2026081521,NUAA,force_z+vibration_x,Bias,152,0.0680305148584577,0.0432290653370542,0.0429951608323737,0.0430872753264347,0.0439009834012211,0.0439752430862185,0.0586484258120297,0.0460526315789474,0.0460526315789474,0.0197368421052632,0.614808866217861,1.86328490948445
21,2026081521,NUAA,force_z+vibration_x,Noise,152,0.0920073434389505,0.0510052247002312,0.0503905434350134,0.0495459114244295,0.0529350931223906,0.0522080988716229,0.0586484258120297,0.00657894736842105,0.00657894736842105,0.0197368421052632,0.599776243769232,1.12702129024606
21,2026081521,NUAA,force_z+vibration_y,Saturation,152,0.110537613499859,0.0412221254821455,0.0396032658391765,0.0415570965775967,0.092229919974377,0.0414580400880697,0.040833826260722,0.967105263157895,0.973684210526316,0.00657894736842105,0.384727682304799,0.384727682304799
21,2026081521,NUAA,force_z+vibration_y,Dropout,152,0.0551540067061947,0.0411202784888657,0.0395356401810529,0.0412314364440174,0.051093241011045,0.0408730956810266,0.040833826260722,0.914473684210526,0.921052631578947,0.00657894736842105,0.398865508049225,0.398865508049225
21,2026081521,NUAA,force_z+vibration_y,Bias,152,0.0699084219896992,0.0448838111540728,0.0440008939715556,0.0448124512839876,0.0476528352228478,0.0450968828818885,0.040833826260722,0.322368421052632,0.322368421052632,0.00657894736842105,0.592786816525763,1.80079073206763
21,2026081521,NUAA,force_z+vibration_y,Noise,152,0.0899205403043384,0.046281682056359,0.0448860216651063,0.0462592537620682,0.0474873937187364,0.0467351164768622,0.040833826260722,0.0394736842105263,0.0394736842105263,0.00657894736842105,0.614098325179265,1.13518014270983
21,2026081521,NUAA,vibration_x+vibration_y,Saturation,152,0.0501033715328708,0.0381550550447359,0.0374069017775911,0.0377409178067707,0.0378411724853466,0.0378296641271633,0.0379406954754658,0.986842105263158,1,0.0131578947368421,0.386979156494254,0.386979156494254
21,2026081521,NUAA,vibration_x+vibration_y,Dropout,152,0.0415682218376843,0.0381550550447359,0.0374069017775911,0.0377409178067707,0.039000650882967,0.0378296641271633,0.0379406954754658,0.986842105263158,1,0.0131578947368421,0.402251166366325,0.402251166366325
21,2026081521,NUAA,vibration_x+vibration_y,Bias,152,0.0470650206145825,0.0387912130862995,0.0392663379944208,0.0388396379357208,0.0388252682798155,0.038696885692803,0.0379406954754658,0.0263157894736842,0.0263157894736842,0.0131578947368421,0.622362956914608,1.74979822010013
21,2026081521,NUAA,vibration_x+vibration_y,Noise,152,0.0398862976417922,0.0398909843864297,0.0402170953212142,0.0403428124763933,0.0400056619179851,0.0400056619179851,0.0379406954754658,0,0,0.0131578947368421,0.618031829531875,1.1200230943086
21,2026081521,PHM2010,force_z+vibration_x,Saturation,945,0.0259040225380758,0.0136915375033421,0.01196071396682,0.0128342106137564,0.0151703265310896,0.0114857559756938,0.0114861988707107,0.991534391534391,1,0.00846560846560847,0.397388471579967,0.397388471579967
21,2026081521,PHM2010,force_z+vibration_x,Dropout,945,0.0223231175904746,0.0143891196110687,0.012133218966786,0.0129839053492888,0.0112330145694825,0.0119355829139352,0.0114861988707107,0.806349206349206,0.814814814814815,0.00846560846560847,0.399198951689221,0.399198951689221
21,2026081521,PHM2010,force_z+vibration_x,Bias,945,0.0171262708959885,0.0153943767887252,0.0141767039605724,0.0157600181624156,0.0154168178579104,0.0153598456039816,0.0114861988707107,0.113227513227513,0.115343915343915,0.00846560846560847,0.60021057719487,1.76921123657006
21,2026081521,PHM2010,force_z+vibration_x,Noise,945,0.0145583047766829,0.014727848048315,0.014218548140987,0.0144810469041368,0.0143566272132963,0.0143490513745565,0.0114861988707107,0.00105820105820106,0.00105820105820106,0.00846560846560847,0.603824987952548,1.12492721018041
21,2026081521,PHM2010,force_z+vibration_y,Saturation,945,0.0189311499986219,0.0136041246506154,0.0126408701501635,0.0134764210936959,0.0118908588178093,0.012063596183814,0.0120501203448286,0.986243386243386,1,0.0137566137566138,0.398591351830463,0.398591351830463
21,2026081521,PHM2010,force_z+vibration_y,Dropout,945,0.0201760768405596,0.0139347235067722,0.0125144758229365,0.0133161668071194,0.0108080905582273,0.0118361013643954,0.0120501203448286,0.646560846560847,0.655026455026455,0.0137566137566138,0.394438035201866,0.394438035201866
21,2026081521,PHM2010,force_z+vibration_y,Bias,945,0.0156335651034899,0.0139863307190026,0.0152189739657528,0.0177778422761172,0.0140568866397036,0.0140275149699881,0.0120501203448286,0.0243386243386243,0.0253968253968254,0.0137566137566138,0.602202798370218,1.7319042343085
21,2026081521,PHM2010,force_z+vibration_y,Noise,945,0.0152757955340623,0.015193729901776,0.0143198779823643,0.0141212934918939,0.0148322422593381,0.0148223243222754,0.0120501203448286,0,0,0.0137566137566138,0.610980583566595,1.13244642322182
21,2026081521,PHM2010,vibration_x+vibration_y,Saturation,945,0.0158633921286256,0.0136287499590422,0.0136189001570198,0.0144037868687172,0.0157244005466758,0.013856383007175,0.013837131998922,0.990476190476191,1,0.00952380952380952,0.403740629668249,0.403740629668249
21,2026081521,PHM2010,vibration_x+vibration_y,Dropout,945,0.0117856816795262,0.0133133370621398,0.0136662733746704,0.0143062639021213,0.0126942945160644,0.0139984449437504,0.013837131998922,0.574603174603175,0.580952380952381,0.00952380952380952,0.399766446248371,0.399766446248371
21,2026081521,PHM2010,vibration_x+vibration_y,Bias,945,0.0163709185049324,0.0160431296238199,0.0173566475568191,0.0190899678423701,0.0162608062611286,0.0162781735449981,0.013837131998922,0.0158730158730159,0.0158730158730159,0.00952380952380952,0.598093794443189,1.75552352646102
21,2026081521,PHM2010,vibration_x+vibration_y,Noise,945,0.0156564636674442,0.0157242404674625,0.0142076105116454,0.0147313719798072,0.0157136996380706,0.0157040597464472,0.013837131998922,0,0,0.00952380952380952,0.594957993658372,1.11776279545924
22,2026081522,NUAA,force_z+vibration_x,Saturation,152,0.0881894625011545,0.0430799002232052,0.0407490809627299,0.0436261580353275,0.0983632615047182,0.060030521670971,0.0586484258120297,0.947368421052632,0.967105263157895,0.0197368421052632,0.395894602192775,0.395894602192775
22,2026081522,NUAA,force_z+vibration_x,Dropout,152,0.0539767670933021,0.0418861538449043,0.0399650184477881,0.0426656446372027,0.0533960282388273,0.058378034543132,0.0586484258120297,0.907894736842105,0.927631578947368,0.0197368421052632,0.404781994191646,0.404781994191646
22,2026081522,NUAA,force_z+vibration_x,Bias,152,0.0603202307804319,0.0437918176581483,0.0433199791304361,0.0433774086383991,0.0457095286960967,0.0450895114731195,0.0586484258120297,0.0723684210526316,0.0723684210526316,0.0197368421052632,0.617244052761386,1.68900145403873
22,2026081522,NUAA,force_z+vibration_x,Noise,152,0.0845997314314327,0.0434818366015438,0.0435532794392432,0.0429902803158615,0.0442299514035705,0.0442308800247055,0.0586484258120297,0,0,0.0197368421052632,0.598043728806724,1.05812822058983
22,2026081522,NUAA,force_z+vibration_y,Saturation,152,0.112814268138307,0.040693150392955,0.0388747324119248,0.0410149001387485,0.0910495371121483,0.0407936585673364,0.040833826260722,0.967105263157895,0.973684210526316,0.00657894736842105,0.381202924132332,0.381202924132332
22,2026081522,NUAA,force_z+vibration_y,Dropout,152,0.0560712523791777,0.040553738395529,0.0388676687141144,0.0408826963963974,0.051814992281932,0.0404327690073657,0.040833826260722,0.921052631578947,0.927631578947368,0.00657894736842105,0.411364310660026,0.411364310660026
22,2026081522,NUAA,force_z+vibration_y,Bias,152,0.0733663024930621,0.0466039423654446,0.0451477142151599,0.0458268672967137,0.0498074860073589,0.0463077842453651,0.040833826260722,0.302631578947368,0.302631578947368,0.00657894736842105,0.612063809444933,1.73818332387113
22,2026081522,NUAA,force_z+vibration_y,Noise,152,0.0860193108445768,0.0439664501264183,0.0429326588426324,0.0443621239295074,0.0442353063652493,0.0440117437583391,0.040833826260722,0.0197368421052632,0.0197368421052632,0.00657894736842105,0.584798529606644,1.17094916721488
22,2026081522,NUAA,vibration_x+vibration_y,Saturation,152,0.046106029478446,0.0381550550447359,0.0374069017775911,0.0377409178067707,0.0378189235328446,0.0378296641271633,0.0379406954754658,0.986842105263158,1,0.0131578947368421,0.394359465694862,0.394359465694862
22,2026081522,NUAA,vibration_x+vibration_y,Dropout,152,0.0420530215072896,0.0381550550447359,0.0374069017775911,0.0377409178067707,0.039619686265501,0.0378296641271633,0.0379406954754658,0.986842105263158,1,0.0131578947368421,0.389088448093177,0.389088448093177
22,2026081522,NUAA,vibration_x+vibration_y,Bias,152,0.043064960055876,0.0381512748259611,0.0383107855884725,0.0384820793756341,0.0382510668053161,0.0379957733872526,0.0379406954754658,0.0263157894736842,0.0263157894736842,0.0131578947368421,0.603649263015622,1.74547683040515
22,2026081522,NUAA,vibration_x+vibration_y,Noise,152,0.0406126432093827,0.0398181133973317,0.0397876708573213,0.0406514029930077,0.0397821481307051,0.0397821481307051,0.0379406954754658,0,0,0.0131578947368421,0.620281038611092,1.12030138938525
22,2026081522,PHM2010,force_z+vibration_x,Saturation,945,0.0260241421267916,0.0136915375033421,0.01196071396682,0.0128342106137564,0.0150811355495956,0.0114857559756938,0.0114861988707107,0.991534391534391,1,0.00846560846560847,0.407011816448873,0.407011816448873
22,2026081522,PHM2010,force_z+vibration_x,Dropout,945,0.0224525049004476,0.0143100507147755,0.0120558826129797,0.0129088874469902,0.0111896811757312,0.0118257328146831,0.0114861988707107,0.82010582010582,0.828571428571429,0.00846560846560847,0.399854418122985,0.399854418122985
22,2026081522,PHM2010,force_z+vibration_x,Bias,945,0.017059136350049,0.0154524633338903,0.0137512175277735,0.0150384352383935,0.0152823117256216,0.015210057531141,0.0114861988707107,0.102645502645503,0.104761904761905,0.00846560846560847,0.604764294077581,1.77193122734543
22,2026081522,PHM2010,force_z+vibration_x,Noise,945,0.0150032321898149,0.0148584406591913,0.0143325288082316,0.0145783082580165,0.0145359951255618,0.0145205235575866,0.0114861988707107,0.00423280423280423,0.00423280423280423,0.00846560846560847,0.599955365672056,1.12288104854754
22,2026081522,PHM2010,force_z+vibration_y,Saturation,945,0.0194546946365618,0.0136041246506154,0.0126408701501635,0.0134764210936959,0.0118199836177274,0.012063596183814,0.0120501203448286,0.986243386243386,1,0.0137566137566138,0.405244249033397,0.405244249033397
22,2026081522,PHM2010,force_z+vibration_y,Dropout,945,0.0202146472676156,0.0140955149356446,0.0124876319210492,0.0132430913645769,0.010870149607866,0.0119173181048932,0.0120501203448286,0.653968253968254,0.665608465608466,0.0137566137566138,0.3992731559511,0.3992731559511
22,2026081522,PHM2010,force_z+vibration_y,Bias,945,0.0162234727016123,0.0140867386485443,0.0154599763625919,0.017663279358856,0.0140751502456276,0.0141042430140254,0.0120501203448286,0.0317460317460317,0.0317460317460317,0.0137566137566138,0.595227199885268,1.74902689559238
22,2026081522,PHM2010,force_z+vibration_y,Noise,945,0.0151210354464759,0.0152008279978337,0.0141776812493849,0.0139975028098585,0.0147855936701048,0.0147443716758998,0.0120501203448286,0,0,0.0137566137566138,0.610528888560423,1.1364241214821
22,2026081522,PHM2010,vibration_x+vibration_y,Saturation,945,0.0161220417741239,0.0136287499590422,0.0136189001570198,0.0144037868687172,0.0156212928470059,0.013856383007175,0.013837131998922,0.990476190476191,1,0.00952380952380952,0.393919653059639,0.393919653059639
22,2026081522,PHM2010,vibration_x+vibration_y,Dropout,945,0.011891003171343,0.0135389837138302,0.0137252894917385,0.0143836049113689,0.0126906658627978,0.0142206078237066,0.013837131998922,0.592592592592593,0.6,0.00952380952380952,0.40729082727358,0.40729082727358
22,2026081522,PHM2010,vibration_x+vibration_y,Bias,945,0.0167857721152695,0.0164912723277089,0.01761453000419,0.0197192776317832,0.016645338072629,0.0166636348904346,0.013837131998922,0.0105820105820106,0.0105820105820106,0.00952380952380952,0.592257982402384,1.75495721148699
22,2026081522,PHM2010,vibration_x+vibration_y,Noise,945,0.015687930831269,0.015747906396338,0.0141984864463377,0.01479120219428,0.0157572309469132,0.0157475449831146,0.013837131998922,0,0,0.00952380952380952,0.597540226885243,1.12435156023185
23,2026081523,NUAA,force_z+vibration_x,Saturation,152,0.0882535015793582,0.0418804004834184,0.0396950805816845,0.0426846278805826,0.0985056308829962,0.0588084540084285,0.0586484258120297,0.960526315789474,0.973684210526316,0.0197368421052632,0.405176397476915,0.405176397476915
23,2026081523,NUAA,force_z+vibration_x,Dropout,152,0.0539738863915895,0.0416783774253462,0.0399850267031113,0.0427252342169637,0.0539306425729407,0.0576844769645509,0.0586484258120297,0.901315789473684,0.914473684210526,0.0197368421052632,0.413938934527962,0.413938934527962
23,2026081523,NUAA,force_z+vibration_x,Bias,152,0.0640051882171935,0.042825018033742,0.0425259854918082,0.0426100039614853,0.0448964578643705,0.0443898326878402,0.0586484258120297,0.0394736842105263,0.0394736842105263,0.0197368421052632,0.591432082971053,1.70720088049085
23,2026081523,NUAA,force_z+vibration_x,Noise,152,0.0878942926234077,0.0482853483363001,0.0483293648633302,0.047489896287011,0.0492896803651854,0.049291929171371,0.0586484258120297,0,0,0.0197368421052632,0.602802582986321,1.09403826612047
23,2026081523,NUAA,force_z+vibration_y,Saturation,152,0.115678140559825,0.0419813954396708,0.0405388278143768,0.0421308692471266,0.0935585819442827,0.0417910776143435,0.040833826260722,0.960526315789474,0.967105263157895,0.00657894736842105,0.40910885131626,0.40910885131626
23,2026081523,NUAA,force_z+vibration_y,Dropout,152,0.0558737393695503,0.0407537076433778,0.039174133707241,0.0410477069178372,0.0508244742239985,0.0410231167299613,0.040833826260722,0.934210526315789,0.940789473684211,0.00657894736842105,0.413260582877942,0.413260582877942
23,2026081523,NUAA,force_z+vibration_y,Bias,152,0.0697041864409371,0.0430825471418252,0.0418679548509621,0.0426176619019789,0.0449914137853048,0.042521627317538,0.040833826260722,0.276315789473684,0.276315789473684,0.00657894736842105,0.593812464842236,1.68941840496259
23,2026081523,NUAA,force_z+vibration_y,Noise,152,0.0871031799662113,0.0436392778998057,0.0425065221141496,0.0447769316868637,0.0451464755992854,0.0443844793268557,0.040833826260722,0.0263157894736842,0.0263157894736842,0.00657894736842105,0.581046740655249,1.09810519213526
23,2026081523,NUAA,vibration_x+vibration_y,Saturation,152,0.0514405656768674,0.0381550550447359,0.0374069017775911,0.0377409178067707,0.0386570248709316,0.0378296641271633,0.0379406954754658,0.986842105263158,1,0.0131578947368421,0.400532603397694,0.400532603397694
23,2026081523,NUAA,vibration_x+vibration_y,Dropout,152,0.041835466938852,0.0381550550447359,0.0374069017775911,0.0377409178067707,0.0394519711617283,0.0378296641271633,0.0379406954754658,0.986842105263158,1,0.0131578947368421,0.396679271620533,0.396679271620533
23,2026081523,NUAA,vibration_x+vibration_y,Bias,152,0.0499340437125978,0.0388448623047878,0.0387568112462902,0.038629219195789,0.039176745884241,0.0389091586259219,0.0379406954754658,0.0328947368421053,0.0328947368421053,0.0131578947368421,0.609943509840719,1.7315763147104
23,2026081523,NUAA,vibration_x+vibration_y,Noise,152,0.0408364815578785,0.0401746635314215,0.0403944339184431,0.0408339293210044,0.04026940620691,0.04026940620691,0.0379406954754658,0,0,0.0131578947368421,0.601608740125279,1.17350855613647
23,2026081523,PHM2010,force_z+vibration_x,Saturation,945,0.0253307175269582,0.0136915375033421,0.01196071396682,0.0128342106137564,0.0151263018084722,0.0114857559756938,0.0114861988707107,0.991534391534391,1,0.00846560846560847,0.392319620991483,0.392319620991483
23,2026081523,PHM2010,force_z+vibration_x,Dropout,945,0.0225976588734509,0.0143165433759554,0.0121158842737064,0.0129512623055919,0.011206284031261,0.0118494590447988,0.0114861988707107,0.828571428571429,0.837037037037037,0.00846560846560847,0.401988278903878,0.401988278903878
23,2026081523,PHM2010,force_z+vibration_x,Bias,945,0.0175609300763869,0.0158351792117685,0.0139927759159235,0.0155151912100146,0.0155541891318268,0.0155288392744457,0.0114861988707107,0.118518518518519,0.11957671957672,0.00846560846560847,0.600211293425252,1.75509829811142
23,2026081523,PHM2010,force_z+vibration_x,Noise,945,0.0146581336050516,0.0144987375785562,0.0140425543489417,0.0143203094732609,0.0142347338638759,0.0142281315693197,0.0114861988707107,0.00105820105820106,0.00105820105820106,0.00846560846560847,0.600978663706265,1.11554350894508
23,2026081523,PHM2010,force_z+vibration_y,Saturation,945,0.0188392054067729,0.0136041246506154,0.0126408701501635,0.0134764210936959,0.0120338513324859,0.012063596183814,0.0120501203448286,0.986243386243386,1,0.0137566137566138,0.397630505254139,0.397630505254139
23,2026081523,PHM2010,force_z+vibration_y,Dropout,945,0.020674957000171,0.0139992225792795,0.0124182428781438,0.0132450821868117,0.0108230211790841,0.0118171097924448,0.0120501203448286,0.647619047619048,0.661375661375661,0.0137566137566138,0.399452145107085,0.399452145107085
23,2026081523,PHM2010,force_z+vibration_y,Bias,945,0.0161726681431274,0.0144130962388552,0.0155474178448282,0.0180300049236946,0.0144527101399126,0.0144382557266387,0.0120501203448286,0.0285714285714286,0.0285714285714286,0.0137566137566138,0.601831814980823,1.76369833261689
23,2026081523,PHM2010,force_z+vibration_y,Noise,945,0.0150592152199316,0.0149801551474345,0.0140965970757575,0.013893934746176,0.0145844044911984,0.0145674020866326,0.0120501203448286,0,0,0.0137566137566138,0.605922694417709,1.13488823349291
23,2026081523,PHM2010,vibration_x+vibration_y,Saturation,945,0.0157917704038195,0.0136287499590422,0.0136189001570198,0.0144037868687172,0.0154385680335582,0.013856383007175,0.013837131998922,0.990476190476191,1,0.00952380952380952,0.399116957154503,0.399116957154503
23,2026081523,PHM2010,vibration_x+vibration_y,Dropout,945,0.0117796138875822,0.0134201480987419,0.0137223312899338,0.0144024565847792,0.0126545762238254,0.014031718269529,0.013837131998922,0.57989417989418,0.585185185185185,0.00952380952380952,0.393011696268621,0.393011696268621
23,2026081523,PHM2010,vibration_x+vibration_y,Bias,945,0.0165926827441753,0.0162634564577401,0.0179163976573886,0.0202373087781904,0.0164931461921507,0.0164854601890771,0.013837131998922,0.0158730158730159,0.0158730158730159,0.00952380952380952,0.601199369229387,1.71494752361108
23,2026081523,PHM2010,vibration_x+vibration_y,Noise,945,0.0157132820258546,0.0157552536229513,0.0142072156819966,0.0147409448230217,0.015744776716949,0.0157351120958282,0.013837131998922,0,0,0.00952380952380952,0.606344710597449,1.12185731825799
24,2026081524,NUAA,force_z+vibration_x,Saturation,152,0.0873934380715667,0.0424618686750062,0.0403779810162701,0.0434227707159851,0.0963681599860758,0.0594640901068077,0.0586484258120297,0.960526315789474,0.980263157894737,0.0197368421052632,0.395069121254478,0.395069121254478
24,2026081524,NUAA,force_z+vibration_x,Dropout,152,0.0523239047189962,0.0414871144639992,0.039840273555418,0.0427024249283154,0.0515907982234918,0.0575860629163269,0.0586484258120297,0.921052631578947,0.940789473684211,0.0197368421052632,0.390298009677175,0.390298009677175
24,2026081524,NUAA,force_z+vibration_x,Bias,152,0.0629709462360279,0.0451225255398758,0.0445022533258389,0.04442950907462,0.0457236054968404,0.0457536398953342,0.0586484258120297,0.0197368421052632,0.0197368421052632,0.0197368421052632,0.569861415161353,1.6925240239762
24,2026081524,NUAA,force_z+vibration_x,Noise,152,0.0766393572239488,0.049175416924779,0.0488819013666583,0.0482625947151189,0.0510977583823762,0.0504373162508748,0.0586484258120297,0.00657894736842105,0.00657894736842105,0.0197368421052632,0.601308830218757,1.07891499670097
24,2026081524,NUAA,force_z+vibration_y,Saturation,152,0.113504814163582,0.0434186181617252,0.0413780671055272,0.0430462172869231,0.0940908034147243,0.043468465841056,0.040833826260722,0.947368421052632,0.953947368421053,0.00657894736842105,0.403541309089856,0.403541309089856
24,2026081524,NUAA,force_z+vibration_y,Dropout,152,0.0544133525216708,0.0406948429966922,0.0389069690638782,0.0408271582782427,0.0507983854199347,0.0406955181891171,0.040833826260722,0.953947368421053,0.960526315789474,0.00657894736842105,0.403107081642491,0.403107081642491
24,2026081524,NUAA,force_z+vibration_y,Bias,152,0.0789307585799991,0.0464332066220125,0.045531658080596,0.0460348668508624,0.0498429709642553,0.0472116532773047,0.040833826260722,0.263157894736842,0.263157894736842,0.00657894736842105,0.6055853796935,1.77285976067873
24,2026081524,NUAA,force_z+vibration_y,Noise,152,0.0857790763824695,0.0438834604862027,0.0428358291421876,0.0448267562554539,0.0438936667387713,0.0436733396424135,0.040833826260722,0.0197368421052632,0.0197368421052632,0.00657894736842105,0.58967404721131,1.11646664288524
24,2026081524,NUAA,vibration_x+vibration_y,Saturation,152,0.0491122858953181,0.0381550550447359,0.0374069017775911,0.0377409178067707,0.0381342791497235,0.0378296641271633,0.0379406954754658,0.986842105263158,1,0.0131578947368421,0.396804011287107,0.396804011287107
24,2026081524,NUAA,vibration_x+vibration_y,Dropout,152,0.0417566091100989,0.0381550550447359,0.0374069017775911,0.0377409178067707,0.039231641810239,0.0378296641271633,0.0379406954754658,0.986842105263158,1,0.0131578947368421,0.408211866272345,0.408211866272345
24,2026081524,NUAA,vibration_x+vibration_y,Bias,152,0.0467036314680297,0.0407545821318283,0.0416275544774249,0.0398606197281076,0.0400713203043925,0.0402459152854212,0.0379406954754658,0.0328947368421053,0.0328947368421053,0.0131578947368421,0.630160952136152,1.70686435211515
24,2026081524,NUAA,vibration_x+vibration_y,Noise,152,0.0407168556768366,0.0405162272208335,0.0404631688162614,0.0410169287753019,0.040791505961908,0.040791505961908,0.0379406954754658,0,0,0.0131578947368421,0.602523999718585,1.08149092329808
24,2026081524,PHM2010,force_z+vibration_x,Saturation,945,0.0255191734056911,0.0136915375033421,0.01196071396682,0.0128342106137564,0.015078426522658,0.0114857559756938,0.0114861988707107,0.991534391534391,1,0.00846560846560847,0.399033775775152,0.399033775775152
24,2026081524,PHM2010,force_z+vibration_x,Dropout,945,0.0226550779992075,0.0142680029627646,0.0121069374961791,0.0129616173506094,0.0111618991969126,0.0118257564514807,0.0114861988707107,0.831746031746032,0.84021164021164,0.00846560846560847,0.400093064487022,0.400093064487022
24,2026081524,PHM2010,force_z+vibration_x,Bias,945,0.0164636975301645,0.0149348143856191,0.0139673065207593,0.0152632813021773,0.0147690549239671,0.0146996727844803,0.0114861988707107,0.104761904761905,0.105820105820106,0.00846560846560847,0.594850580319043,1.72978115330997
24,2026081524,PHM2010,force_z+vibration_x,Noise,945,0.0150298526503096,0.0147997782009823,0.0144819540568136,0.0146754066224638,0.0145748641999408,0.0145663261377093,0.0114861988707107,0.00211640211640212,0.00211640211640212,0.00846560846560847,0.602962024436586,1.11404059048117
24,2026081524,PHM2010,force_z+vibration_y,Saturation,945,0.0192980544647277,0.0136041246506154,0.0126408701501635,0.0134764210936959,0.0118839835307721,0.012063596183814,0.0120501203448286,0.986243386243386,1,0.0137566137566138,0.401379867700256,0.401379867700256
24,2026081524,PHM2010,force_z+vibration_y,Dropout,945,0.0197253622359247,0.0138453412935726,0.0124720453255498,0.013310560974034,0.0107990531222791,0.0117830353823464,0.0120501203448286,0.653968253968254,0.663492063492063,0.0137566137566138,0.399548110152654,0.399548110152654
24,2026081524,PHM2010,force_z+vibration_y,Bias,945,0.0157699645631404,0.0137835420183377,0.0153158222902471,0.0173783275642448,0.0140097898842437,0.0139969292738158,0.0120501203448286,0.0296296296296296,0.0296296296296296,0.0137566137566138,0.602689450770703,1.76915182367371
24,2026081524,PHM2010,force_z+vibration_y,Noise,945,0.0153735637264083,0.0154069008026427,0.0145392828482605,0.0144023401233462,0.0149346283822284,0.0149435835289912,0.0120501203448286,0,0,0.0137566137566138,0.60202163648095,1.13775957436263
24,2026081524,PHM2010,vibration_x+vibration_y,Saturation,945,0.0162731962735474,0.0136287499590422,0.0136189001570198,0.0144037868687172,0.0154912155212639,0.013856383007175,0.013837131998922,0.990476190476191,1,0.00952380952380952,0.400602484001185,0.400602484001185
24,2026081524,PHM2010,vibration_x+vibration_y,Dropout,945,0.0119431650509119,0.0133704821015483,0.0137359951892734,0.0144115230534518,0.0126686980907205,0.0140036326545426,0.013837131998922,0.587301587301587,0.592592592592593,0.00952380952380952,0.397803895076822,0.397803895076822
24,2026081524,PHM2010,vibration_x+vibration_y,Bias,945,0.0170742235118203,0.0169150814204878,0.0175456836529462,0.020154446860364,0.0170576887281124,0.0170228471990793,0.013837131998922,0.0211640211640212,0.0211640211640212,0.00952380952380952,0.599035809421221,1.75860053238177
24,2026081524,PHM2010,vibration_x+vibration_y,Noise,945,0.016028093645877,0.0160400522807552,0.0141809875307654,0.014628225477523,0.0160613061947369,0.0160516316401928,0.013837131998922,0,0,0.00952380952380952,0.598332188386715,1.12693904108958
25,2026081525,NUAA,force_z+vibration_x,Saturation,152,0.0896802130843174,0.0432394016009483,0.0413736312117163,0.0440281384096525,0.0988694022872119,0.0601128723454951,0.0586484258120297,0.953947368421053,0.973684210526316,0.0197368421052632,0.400817065181593,0.400817065181593
25,2026081525,NUAA,force_z+vibration_x,Dropout,152,0.0554730955951335,0.0416295465104924,0.0397979136554634,0.0426247921175645,0.0559404426507146,0.0580250668459076,0.0586484258120297,0.927631578947368,0.947368421052632,0.0197368421052632,0.403335626856338,0.403335626856338
25,2026081525,NUAA,force_z+vibration_x,Bias,152,0.0641059596283525,0.0474097591992546,0.0470485810682061,0.0476205508153321,0.0487306495158052,0.0494925442648057,0.0586484258120297,0.0394736842105263,0.0394736842105263,0.0197368421052632,0.610061158162676,1.80050682604214
25,2026081525,NUAA,force_z+vibration_x,Noise,152,0.101566707464079,0.0455453966833237,0.0461490091603217,0.0459733896219834,0.0477473185775235,0.0467292135317831,0.0586484258120297,0.00657894736842105,0.00657894736842105,0.0197368421052632,0.616615478476039,1.16047198874577
25,2026081525,NUAA,force_z+vibration_y,Saturation,152,0.110758652078971,0.0409998689807627,0.0393756362424291,0.0413153327953104,0.0941913800522864,0.0412216706648894,0.040833826260722,0.986842105263158,0.986842105263158,0.00657894736842105,0.397608179849957,0.397608179849957
25,2026081525,NUAA,force_z+vibration_y,Dropout,152,0.05397646805356,0.0404419329026395,0.0386955031707107,0.0407945521909817,0.05167471079659,0.0406315225806273,0.040833826260722,0.927631578947368,0.934210526315789,0.00657894736842105,0.411688361179269,0.411688361179269
25,2026081525,NUAA,force_z+vibration_y,Bias,152,0.0744874090802483,0.045820749889032,0.0430478598639635,0.0441958043109969,0.0512174532703861,0.0448739392573431,0.040833826260722,0.328947368421053,0.328947368421053,0.00657894736842105,0.593433738098238,1.81761686295333
25,2026081525,NUAA,force_z+vibration_y,Noise,152,0.0883535053415381,0.0459496212342366,0.0444839059286582,0.0457773954813682,0.0471864101546994,0.0467744099206627,0.040833826260722,0.0131578947368421,0.0131578947368421,0.00657894736842105,0.593611908550765,1.109628131324
25,2026081525,NUAA,vibration_x+vibration_y,Saturation,152,0.05420825686691,0.0381550550447359,0.0374069017775911,0.0377409178067707,0.0383048916705917,0.0378296641271633,0.0379406954754658,0.986842105263158,1,0.0131578947368421,0.407596888779236,0.407596888779236
25,2026081525,NUAA,vibration_x+vibration_y,Dropout,152,0.0418932508384747,0.0381550550447359,0.0374069017775911,0.0377409178067707,0.0394096531339545,0.0378296641271633,0.0379406954754658,0.986842105263158,1,0.0131578947368421,0.389437195249375,0.389437195249375
25,2026081525,NUAA,vibration_x+vibration_y,Bias,152,0.0451643019280514,0.0405736113438665,0.0406835087893459,0.0398726628156124,0.0405171593031433,0.0404228899190711,0.0379406954754658,0.0394736842105263,0.0394736842105263,0.0131578947368421,0.597344057005255,1.69695844856977
25,2026081525,NUAA,vibration_x+vibration_y,Noise,152,0.0405569374268605,0.0403579228434586,0.0404733694072201,0.0407015276202484,0.0401338897859712,0.0401338897859712,0.0379406954754658,0,0,0.0131578947368421,0.635006267137814,1.14994542143948
25,2026081525,PHM2010,force_z+vibration_x,Saturation,945,0.0254541450685814,0.0136915375033421,0.01196071396682,0.0128342106137564,0.0151030534173869,0.0114857559756938,0.0114861988707107,0.991534391534391,1,0.00846560846560847,0.402038053716544,0.402038053716544
25,2026081525,PHM2010,force_z+vibration_x,Dropout,945,0.0229131405499699,0.0142261014305709,0.0120571186376302,0.0129210121978936,0.0112218068872894,0.0117895742966556,0.0114861988707107,0.825396825396825,0.833862433862434,0.00846560846560847,0.399052009977832,0.399052009977832
25,2026081525,PHM2010,force_z+vibration_x,Bias,945,0.0173692417365005,0.0158784101274289,0.0138355756311561,0.0154038037943508,0.015548332153283,0.0155868987182242,0.0114861988707107,0.104761904761905,0.105820105820106,0.00846560846560847,0.597568508781946,1.71689089116939
25,2026081525,PHM2010,force_z+vibration_x,Noise,945,0.0147495868217966,0.014664159438565,0.0140892899144219,0.0143293698850129,0.0143767558649746,0.0143852814676385,0.0114861988707107,0.00105820105820106,0.00105820105820106,0.00846560846560847,0.601845357179745,1.13139497141899
25,2026081525,PHM2010,force_z+vibration_y,Saturation,945,0.0186959502214923,0.0136041246506154,0.0126408701501635,0.0134764210936959,0.0119377674771211,0.012063596183814,0.0120501203448286,0.986243386243386,1,0.0137566137566138,0.39533803292503,0.39533803292503
25,2026081525,PHM2010,force_z+vibration_y,Dropout,945,0.020357411253185,0.0137119715760407,0.0125046674740133,0.013361634800216,0.0108235340034012,0.0116722452958668,0.0120501203448286,0.655026455026455,0.664550264550265,0.0137566137566138,0.398259883563231,0.398259883563231
25,2026081525,PHM2010,force_z+vibration_y,Bias,945,0.0157424999668181,0.0141284190074679,0.0156620199962547,0.0181847905679656,0.0143405064553083,0.0143343608680146,0.0120501203448286,0.0338624338624339,0.0338624338624339,0.0137566137566138,0.602086296298979,1.73615101244312
25,2026081525,PHM2010,force_z+vibration_y,Noise,945,0.0150310448714718,0.0150712388874747,0.0141195917682038,0.013855054175282,0.0146521720170104,0.0146326581795272,0.0120501203448286,0,0,0.0137566137566138,0.606132167668053,1.11831238368639
25,2026081525,PHM2010,vibration_x+vibration_y,Saturation,945,0.0157597153447944,0.0136287499590422,0.0136189001570198,0.0144037868687172,0.0155113273768917,0.013856383007175,0.013837131998922,0.990476190476191,1,0.00952380952380952,0.401756503630293,0.401756503630293
25,2026081525,PHM2010,vibration_x+vibration_y,Dropout,945,0.0118645548032271,0.0134807416354897,0.0136954532912571,0.0143114226727095,0.0127575379812999,0.0140305785336486,0.013837131998922,0.557671957671958,0.562962962962963,0.00952380952380952,0.395149620554965,0.395149620554965
25,2026081525,PHM2010,vibration_x+vibration_y,Bias,945,0.017333545833622,0.0168981829341029,0.0179728531120919,0.0199107441612186,0.0171783396231371,0.0171779325211716,0.013837131998922,0.0243386243386243,0.0243386243386243,0.00952380952380952,0.605519840644717,1.75406147792955
25,2026081525,PHM2010,vibration_x+vibration_y,Noise,945,0.0156580562071312,0.0157105189908496,0.0141739563575643,0.0147496296233524,0.0157115793227995,0.0157018745690121,0.013837131998922,0,0,0.00952380952380952,0.590862715615491,1.13904575463836
26,2026081526,NUAA,force_z+vibration_x,Saturation,152,0.0842517169386025,0.0420544997325933,0.0400241013760261,0.0427212377466769,0.094576995149704,0.0582080129549444,0.0586484258120297,0.947368421052632,0.967105263157895,0.0197368421052632,0.386589103458968,0.386589103458968
26,2026081526,NUAA,force_z+vibration_x,Dropout,152,0.0569155714470091,0.0419052588881109,0.0402798091917625,0.0428163940559784,0.0564816455931506,0.0587382646988927,0.0586484258120297,0.888157894736842,0.907894736842105,0.0197368421052632,0.401300577464599,0.401300577464599
26,2026081526,NUAA,force_z+vibration_x,Bias,152,0.0607737531349035,0.0472634543484819,0.0463702390452406,0.0461717556941948,0.0488528087309164,0.0485741277493674,0.0586484258120297,0.0394736842105263,0.0394736842105263,0.0197368421052632,0.616437262911387,1.76422324141219
26,2026081526,NUAA,force_z+vibration_x,Noise,152,0.0834136004313192,0.043540743581728,0.0431777993304531,0.042844499003233,0.0456518234393581,0.044343635689749,0.0586484258120297,0.0131578947368421,0.0131578947368421,0.0197368421052632,0.589251130958006,1.08267500456013
26,2026081526,NUAA,force_z+vibration_y,Saturation,152,0.105276164500611,0.0408607195264261,0.0392067399033287,0.0411080767068887,0.0950304134973445,0.0410196067608014,0.040833826260722,0.973684210526316,0.980263157894737,0.00657894736842105,0.389982959449073,0.389982959449073
26,2026081526,NUAA,force_z+vibration_y,Dropout,152,0.0544310436984672,0.0404699235892822,0.038936884122226,0.0407460305219357,0.0507267056318551,0.0408959401258583,0.040833826260722,0.927631578947368,0.934210526315789,0.00657894736842105,0.407830089670822,0.407830089670822
26,2026081526,NUAA,force_z+vibration_y,Bias,152,0.0732801181995531,0.0431199790914204,0.0444576033657503,0.0440110469512616,0.0483270988334054,0.0445084852206,0.040833826260722,0.25,0.25,0.00657894736842105,0.59468667162208,1.71031777974538
26,2026081526,NUAA,force_z+vibration_y,Noise,152,0.0928736580837581,0.0433214019770261,0.0425032871114413,0.0446023637080879,0.0452346204825815,0.044454262118172,0.040833826260722,0.0131578947368421,0.0131578947368421,0.00657894736842105,0.617874204902538,1.10497540825883
26,2026081526,NUAA,vibration_x+vibration_y,Saturation,152,0.0490156774956837,0.0381550550447359,0.0374069017775911,0.0377409178067707,0.0379314647284556,0.0378296641271633,0.0379406954754658,0.986842105263158,1,0.0131578947368421,0.405027575018917,0.405027575018917
26,2026081526,NUAA,vibration_x+vibration_y,Dropout,152,0.0424835721577963,0.0381550550447359,0.0374069017775911,0.0377409178067707,0.0398211820634489,0.0378296641271633,0.0379406954754658,0.986842105263158,1,0.0131578947368421,0.405566649852426,0.405566649852426
26,2026081526,NUAA,vibration_x+vibration_y,Bias,152,0.0505631333643411,0.0411126069844904,0.0401935998196994,0.0395194175402808,0.0409972983153418,0.0413359820625137,0.0379406954754658,0.0394736842105263,0.0394736842105263,0.0131578947368421,0.607215165170705,1.73605266948673
26,2026081526,NUAA,vibration_x+vibration_y,Noise,152,0.0416953078036017,0.0414520244933174,0.0415400548249017,0.0414895749458481,0.0414520348107983,0.0414520348107983,0.0379406954754658,0,0,0.0131578947368421,0.611084893994068,1.1403134845
26,2026081526,PHM2010,force_z+vibration_x,Saturation,945,0.0251722978260726,0.0136915375033421,0.01196071396682,0.0128342106137564,0.0149107539359424,0.0114857559756938,0.0114861988707107,0.991534391534391,1,0.00846560846560847,0.393402774373772,0.393402774373772
26,2026081526,PHM2010,force_z+vibration_x,Dropout,945,0.0223223878879982,0.0143992537379002,0.0120659099547161,0.0129086721248379,0.011141210582759,0.0119403097779576,0.0114861988707107,0.808465608465608,0.816931216931217,0.00846560846560847,0.395015643954634,0.395015643954634
26,2026081526,PHM2010,force_z+vibration_x,Bias,945,0.0170802633953813,0.0155602427417406,0.0141146671851187,0.0157296095076777,0.0152995230515992,0.0152701500599817,0.0114861988707107,0.116402116402116,0.117460317460317,0.00846560846560847,0.602505284299858,1.74148496650468
26,2026081526,PHM2010,force_z+vibration_x,Noise,945,0.0145435019191322,0.0146030177616349,0.0143534211943943,0.0145849022635743,0.0142781702370581,0.0142714088582281,0.0114861988707107,0.00105820105820106,0.00105820105820106,0.00846560846560847,0.602825337442787,1.13682846195624
26,2026081526,PHM2010,force_z+vibration_y,Saturation,945,0.0192745858372037,0.0136041246506154,0.0126408701501635,0.0134764210936959,0.0118227680081736,0.012063596183814,0.0120501203448286,0.986243386243386,1,0.0137566137566138,0.398558314602723,0.398558314602723
26,2026081526,PHM2010,force_z+vibration_y,Dropout,945,0.0200566936803083,0.0138259468316819,0.0125120975200622,0.0132881497505672,0.0107199201707361,0.0116806963534226,0.0120501203448286,0.635978835978836,0.647619047619048,0.0137566137566138,0.396396426699655,0.396396426699655
26,2026081526,PHM2010,force_z+vibration_y,Bias,945,0.0156029703497624,0.0143455144923604,0.0160050084074464,0.0180007281615539,0.0143060424779692,0.0143083966098021,0.0120501203448286,0.0317460317460317,0.0317460317460317,0.0137566137566138,0.598066396167466,1.75430342245676
26,2026081526,PHM2010,force_z+vibration_y,Noise,945,0.0155705357743971,0.0154504036483244,0.0139816490465001,0.013830974382891,0.014999612973733,0.0149655784196301,0.0120501203448286,0.00105820105820106,0.00105820105820106,0.0137566137566138,0.599218268443506,1.14079850986704
26,2026081526,PHM2010,vibration_x+vibration_y,Saturation,945,0.0159028649849725,0.0136287499590422,0.0136189001570198,0.0144037868687172,0.0157383386021978,0.013856383007175,0.013837131998922,0.990476190476191,1,0.00952380952380952,0.397239803154866,0.397239803154866
26,2026081526,PHM2010,vibration_x+vibration_y,Dropout,945,0.012003508793486,0.0132976716055657,0.0136472712324132,0.0143853668625652,0.0127197996319697,0.0139800402475412,0.013837131998922,0.584126984126984,0.589417989417989,0.00952380952380952,0.399678474116198,0.399678474116198
26,2026081526,PHM2010,vibration_x+vibration_y,Bias,945,0.0170311228650946,0.0167336704433484,0.0182347261294251,0.0196107300990657,0.0169035475115141,0.0169080297390888,0.013837131998922,0.019047619047619,0.019047619047619,0.00952380952380952,0.595964973795947,1.74448205432596
26,2026081526,PHM2010,vibration_x+vibration_y,Noise,945,0.0158399124988619,0.0158764760959897,0.0141554735306915,0.0147220061762235,0.0158815388161792,0.0158718828151742,0.013837131998922,0,0,0.00952380952380952,0.606301470038386,1.11285672453328
27,2026081527,NUAA,force_z+vibration_x,Saturation,152,0.0902045114792521,0.042697638155372,0.0411584562748863,0.0437924944509624,0.0991335707063595,0.0574204185081394,0.0586484258120297,0.947368421052632,0.967105263157895,0.0197368421052632,0.403319221364409,0.403319221364409
27,2026081527,NUAA,force_z+vibration_x,Dropout,152,0.0535254894521654,0.0420461194457027,0.0405159377200537,0.0428950209668016,0.0538559679678991,0.0585661346949439,0.0586484258120297,0.894736842105263,0.914473684210526,0.0197368421052632,0.381660922417205,0.381660922417205
27,2026081527,NUAA,force_z+vibration_x,Bias,152,0.0642677153414838,0.0444078836094738,0.0443375714872139,0.0450002695209359,0.0453691617378602,0.0455219194120384,0.0586484258120297,0.0526315789473684,0.0526315789473684,0.0197368421052632,0.600489353472079,1.7416133399522
27,2026081527,NUAA,force_z+vibration_x,Noise,152,0.0866329199519944,0.0447435742431948,0.0449566119177875,0.0444436969045828,0.0464213842204617,0.0457035074933351,0.0586484258120297,0.00657894736842105,0.00657894736842105,0.0197368421052632,0.597293487751262,1.11645844307302
27,2026081527,NUAA,force_z+vibration_y,Saturation,152,0.109384629115747,0.0409626237569579,0.0392137708757959,0.0411924473822352,0.0919863607487023,0.0411121425286049,0.040833826260722,0.986842105263158,0.993421052631579,0.00657894736842105,0.402597343041894,0.402597343041894
27,2026081527,NUAA,force_z+vibration_y,Dropout,152,0.0556133223344439,0.0409924684422875,0.0393472237003618,0.0410265119246698,0.0518381681876025,0.0410597282814073,0.040833826260722,0.940789473684211,0.940789473684211,0.00657894736842105,0.396989975707361,0.396989975707361
27,2026081527,NUAA,force_z+vibration_y,Bias,152,0.0677913226586882,0.045745618678752,0.0439447682016212,0.0446113162954205,0.0530139870149112,0.0455055674882491,0.040833826260722,0.342105263157895,0.342105263157895,0.00657894736842105,0.618277569590817,1.75407916245695
27,2026081527,NUAA,force_z+vibration_y,Noise,152,0.0806112682249991,0.0439279646197251,0.042433385025221,0.0442756856689879,0.0451581888607092,0.0438657072911811,0.040833826260722,0.0328947368421053,0.0328947368421053,0.00657894736842105,0.609111712723639,1.07262078421029
27,2026081527,NUAA,vibration_x+vibration_y,Saturation,152,0.0484790444353583,0.0381550550447359,0.0374069017775911,0.0377409178067707,0.0375018514745105,0.0378296641271633,0.0379406954754658,0.986842105263158,1,0.0131578947368421,0.405705213982904,0.405705213982904
27,2026081527,NUAA,vibration_x+vibration_y,Dropout,152,0.0420032138551477,0.0381550550447359,0.0374069017775911,0.0377409178067707,0.039689557824897,0.0378296641271633,0.0379406954754658,0.986842105263158,1,0.0131578947368421,0.389159668353748,0.389159668353748
27,2026081527,NUAA,vibration_x+vibration_y,Bias,152,0.0453525497651398,0.0407471345067177,0.0405931373767984,0.0399659454689966,0.041216805273804,0.0411792408000891,0.0379406954754658,0.0263157894736842,0.0263157894736842,0.0131578947368421,0.602316556826771,1.76470693525473
27,2026081527,NUAA,vibration_x+vibration_y,Noise,152,0.0402753922961567,0.0398238541723575,0.0402647560269388,0.0405205844936701,0.039856848455682,0.039856848455682,0.0379406954754658,0,0,0.0131578947368421,0.615615553379323,1.13658191997468
27,2026081527,PHM2010,force_z+vibration_x,Saturation,945,0.0259821548057383,0.0136915375033421,0.01196071396682,0.0128342106137564,0.0151832872703781,0.0114857559756938,0.0114861988707107,0.991534391534391,1,0.00846560846560847,0.401445843582301,0.401445843582301
27,2026081527,PHM2010,force_z+vibration_x,Dropout,945,0.0215335531321549,0.0143011659766831,0.0121379805224078,0.0130035322539921,0.0112921243949244,0.0118722746136973,0.0114861988707107,0.834920634920635,0.843386243386243,0.00846560846560847,0.398641995150404,0.398641995150404
27,2026081527,PHM2010,force_z+vibration_x,Bias,945,0.0169079967741429,0.0152659453331815,0.0138872635980994,0.0153038994693691,0.0151222139936861,0.0150745221902126,0.0114861988707107,0.0941798941798942,0.0952380952380952,0.00846560846560847,0.588501809238639,1.6963727823232
27,2026081527,PHM2010,force_z+vibration_x,Noise,945,0.0146993446866276,0.0146469399650129,0.0144252434153272,0.0146790731082863,0.0143294730790673,0.0143281109325489,0.0114861988707107,0.00105820105820106,0.00105820105820106,0.00846560846560847,0.59557987472721,1.12562168851531
27,2026081527,PHM2010,force_z+vibration_y,Saturation,945,0.0189951287211047,0.0136041246506154,0.0126408701501635,0.0134764210936959,0.0120652874907217,0.012063596183814,0.0120501203448286,0.986243386243386,1,0.0137566137566138,0.400658305553606,0.400658305553606
27,2026081527,PHM2010,force_z+vibration_y,Dropout,945,0.0201484985668013,0.0137535455835536,0.0124813076186877,0.0133499142611203,0.0107821581438295,0.0117224739414541,0.0120501203448286,0.641269841269841,0.648677248677249,0.0137566137566138,0.394033672737838,0.394033672737838
27,2026081527,PHM2010,force_z+vibration_y,Bias,945,0.0155487800452207,0.0137967933992664,0.0155733470376366,0.0176667305530896,0.0137678034911481,0.0137201378087857,0.0120501203448286,0.035978835978836,0.037037037037037,0.0137566137566138,0.614138998025956,1.74361305242031
27,2026081527,PHM2010,force_z+vibration_y,Noise,945,0.015373350677876,0.0153304769212661,0.0140082411939346,0.0138916066271411,0.0149332904608309,0.0149433181385888,0.0120501203448286,0,0,0.0137566137566138,0.595488168449559,1.14646634956702
27,2026081527,PHM2010,vibration_x+vibration_y,Saturation,945,0.0158490475601013,0.0136287499590422,0.0136189001570198,0.0144037868687172,0.0156456677133765,0.013856383007175,0.013837131998922,0.990476190476191,1,0.00952380952380952,0.392727827748906,0.392727827748906
27,2026081527,PHM2010,vibration_x+vibration_y,Dropout,945,0.0119102429755648,0.0134597855667008,0.0137855073749544,0.0143961616158165,0.0127546606904132,0.0141152027332966,0.013837131998922,0.602116402116402,0.608465608465608,0.00952380952380952,0.400536704900657,0.400536704900657
27,2026081527,PHM2010,vibration_x+vibration_y,Bias,945,0.0169904663619335,0.0166958419353494,0.0177499888524256,0.0199068369110336,0.0168369962226514,0.0168262939909083,0.013837131998922,0.0158730158730159,0.0158730158730159,0.00952380952380952,0.593700793577294,1.76736922722759
27,2026081527,PHM2010,vibration_x+vibration_y,Noise,945,0.0157504844351874,0.0157785718220404,0.0141639011128359,0.0146954452197745,0.0157973254297558,0.0157877068267959,0.013837131998922,0,0,0.00952380952380952,0.603618636481285,1.13780004980755
28,2026081528,NUAA,force_z+vibration_x,Saturation,152,0.0878608965599009,0.0423744037466465,0.0407721214821052,0.0429862814396431,0.0976793300560456,0.0569215659152334,0.0586484258120297,0.921052631578947,0.940789473684211,0.0197368421052632,0.402476232154826,0.402476232154826
28,2026081528,NUAA,force_z+vibration_x,Dropout,152,0.053919165389449,0.0412547790291237,0.0393447314611329,0.0423645760637049,0.0519746931050721,0.0584984099312517,0.0586484258120297,0.914473684210526,0.934210526315789,0.0197368421052632,0.386495250345577,0.386495250345577
28,2026081528,NUAA,force_z+vibration_x,Bias,152,0.0640734194975818,0.042891372981477,0.0423643197942284,0.0428280516973902,0.0447913203607336,0.0438050903764357,0.0586484258120297,0.0723684210526316,0.0723684210526316,0.0197368421052632,0.590985643336186,1.75619632848024
28,2026081528,NUAA,force_z+vibration_x,Noise,152,0.0905141126225489,0.0463059726097002,0.0455876712479608,0.0455752385532497,0.0486271029929647,0.0475448509135957,0.0586484258120297,0.00657894736842105,0.00657894736842105,0.0197368421052632,0.576932325981157,1.15616185965603
28,2026081528,NUAA,force_z+vibration_y,Saturation,152,0.110800223831709,0.0398363080578477,0.0383034733196978,0.0400737143348173,0.0939186577515619,0.0402916738771853,0.040833826260722,0.960526315789474,0.967105263157895,0.00657894736842105,0.393797907684595,0.393797907684595
28,2026081528,NUAA,force_z+vibration_y,Dropout,152,0.0555171653701686,0.0405254224655157,0.0389277550537292,0.0407729883257565,0.0500397256182237,0.0406211159282085,0.040833826260722,0.934210526315789,0.940789473684211,0.00657894736842105,0.406306926866671,0.406306926866671
28,2026081528,NUAA,force_z+vibration_y,Bias,152,0.0788320317284623,0.0461095633211093,0.0454034759812298,0.0453664314314023,0.0530906424024968,0.0472906980295455,0.040833826260722,0.335526315789474,0.335526315789474,0.00657894736842105,0.626540587393515,1.72828055261503
28,2026081528,NUAA,force_z+vibration_y,Noise,152,0.0860548934110357,0.0467153209273795,0.0458936549847426,0.0467529494232715,0.0468239206566047,0.0460425354433728,0.040833826260722,0.0263157894736842,0.0263157894736842,0.00657894736842105,0.621672033022024,1.10221424453243
28,2026081528,NUAA,vibration_x+vibration_y,Saturation,152,0.0515166618864303,0.0381550550447359,0.0374069017775911,0.0377409178067707,0.0381010468630627,0.0378296641271633,0.0379406954754658,0.986842105263158,1,0.0131578947368421,0.415452595425471,0.415452595425471
28,2026081528,NUAA,vibration_x+vibration_y,Dropout,152,0.0421488179483718,0.0381550550447359,0.0374069017775911,0.0377409178067707,0.0402470298779735,0.0378296641271633,0.0379406954754658,0.986842105263158,1,0.0131578947368421,0.384689929433477,0.384689929433477
28,2026081528,NUAA,vibration_x+vibration_y,Bias,152,0.0461025991013547,0.0386155105699064,0.0393625938140649,0.0384585195045615,0.0385212276769617,0.0382967540280712,0.0379406954754658,0.0394736842105263,0.0394736842105263,0.0131578947368421,0.612648027104376,1.66903542947996
28,2026081528,NUAA,vibration_x+vibration_y,Noise,152,0.0407492143952125,0.0408375617765482,0.0408198567579076,0.0409931218377349,0.0407921120646033,0.0407921120646033,0.0379406954754658,0,0,0.0131578947368421,0.606290393975697,1.10126572513302
28,2026081528,PHM2010,force_z+vibration_x,Saturation,945,0.0256158279846362,0.0136915375033421,0.01196071396682,0.0128342106137564,0.0150155804220473,0.0114857559756938,0.0114861988707107,0.991534391534391,1,0.00846560846560847,0.401448750177065,0.401448750177065
28,2026081528,PHM2010,force_z+vibration_x,Dropout,945,0.0224027690997515,0.0142849195646766,0.0121666133515629,0.0130307920723176,0.0112902233400604,0.011914877377496,0.0114861988707107,0.82962962962963,0.838095238095238,0.00846560846560847,0.401586116612413,0.401586116612413
28,2026081528,PHM2010,force_z+vibration_x,Bias,945,0.0172836940668152,0.0157667016506017,0.0140399283968141,0.0155456596522766,0.015601190237295,0.0156209983316736,0.0114861988707107,0.0994708994708995,0.101587301587302,0.00846560846560847,0.606093141804151,1.74512735878985
28,2026081528,PHM2010,force_z+vibration_x,Noise,945,0.0144513779335416,0.0144736456423033,0.0144342818992127,0.0145914166451832,0.0141509092734202,0.014134995455432,0.0114861988707107,0.00105820105820106,0.00105820105820106,0.00846560846560847,0.601757070401176,1.11834736257483
28,2026081528,PHM2010,force_z+vibration_y,Saturation,945,0.0191945544574116,0.0136041246506154,0.0126408701501635,0.0134764210936959,0.0117715623024224,0.012063596183814,0.0120501203448286,0.986243386243386,1,0.0137566137566138,0.393791370703578,0.393791370703578
28,2026081528,PHM2010,force_z+vibration_y,Dropout,945,0.0206936801045266,0.0137604847911332,0.012503830558504,0.0133772912034434,0.0107529421664793,0.0116819445425223,0.0120501203448286,0.653968253968254,0.664550264550265,0.0137566137566138,0.400406055045528,0.400406055045528
28,2026081528,PHM2010,force_z+vibration_y,Bias,945,0.0158931638094349,0.014082426330079,0.0154061449813906,0.0178900263249931,0.0141662032842529,0.0141992721715849,0.0120501203448286,0.0264550264550265,0.0264550264550265,0.0137566137566138,0.596527334033365,1.74725608200878
28,2026081528,PHM2010,force_z+vibration_y,Noise,945,0.0155579465042249,0.0154813338311018,0.0140535298483575,0.0138154059664852,0.0150271473004879,0.0150121136467735,0.0120501203448286,0,0,0.0137566137566138,0.609829188724431,1.13455188506249
28,2026081528,PHM2010,vibration_x+vibration_y,Saturation,945,0.0159933167132939,0.0136287499590422,0.0136189001570198,0.0144037868687172,0.0155383823930593,0.013856383007175,0.013837131998922,0.990476190476191,1,0.00952380952380952,0.397169854143449,0.397169854143449
28,2026081528,PHM2010,vibration_x+vibration_y,Dropout,945,0.011938239505901,0.013470599086573,0.0137570923010016,0.0144318168807223,0.0127002494485904,0.0139677030434264,0.013837131998922,0.589417989417989,0.594708994708995,0.00952380952380952,0.400747935858024,0.400747935858024
28,2026081528,PHM2010,vibration_x+vibration_y,Bias,945,0.0168887234081117,0.0166497519647733,0.0185267807049127,0.020028310879472,0.0168306206562597,0.0168185896130261,0.013837131998922,0.0148148148148148,0.0148148148148148,0.00952380952380952,0.605625353104955,1.76292450122413
28,2026081528,PHM2010,vibration_x+vibration_y,Noise,945,0.0158476759483783,0.0159326162936527,0.014234470573326,0.014839543079525,0.0159331638742458,0.0159235712674464,0.013837131998922,0,0,0.00952380952380952,0.597567697253511,1.13160389351092
29,2026081529,NUAA,force_z+vibration_x,Saturation,152,0.0865574008310949,0.0422556690747575,0.0403702766640793,0.0430617611947706,0.0963844005535566,0.0583838835383918,0.0586484258120297,0.940789473684211,0.953947368421053,0.0197368421052632,0.40857657843102,0.40857657843102
29,2026081529,NUAA,force_z+vibration_x,Dropout,152,0.0525716276555864,0.0417241362956477,0.0400202710789732,0.0426341332375615,0.0523108497455968,0.0579058064467857,0.0586484258120297,0.914473684210526,0.927631578947368,0.0197368421052632,0.383414948784841,0.383414948784841
29,2026081529,NUAA,force_z+vibration_x,Bias,152,0.063641763987912,0.0455156954198113,0.0454490358670994,0.0458372049500825,0.046399934017835,0.0463054048757132,0.0586484258120297,0.0460526315789474,0.0460526315789474,0.0197368421052632,0.603261147626407,1.71159936688701
29,2026081529,NUAA,force_z+vibration_x,Noise,152,0.0941850457661808,0.0483775313619076,0.048010857027541,0.0476556283812507,0.0493206739981755,0.0493124390512516,0.0586484258120297,0,0,0.0197368421052632,0.60596356686567,1.11635797916077
29,2026081529,NUAA,force_z+vibration_y,Saturation,152,0.114543070884754,0.0418036318037888,0.0405723372122969,0.0420587352072854,0.0937448763268135,0.0416092848020589,0.040833826260722,0.947368421052632,0.953947368421053,0.00657894736842105,0.405661373787481,0.405661373787481
29,2026081529,NUAA,force_z+vibration_y,Dropout,152,0.057772563347899,0.0405786486434696,0.0389513795305092,0.0408661446985433,0.0531520220094989,0.0405723389768241,0.040833826260722,0.940789473684211,0.947368421052632,0.00657894736842105,0.413885742370828,0.413885742370828
29,2026081529,NUAA,force_z+vibration_y,Bias,152,0.0771881968089966,0.0471449634464721,0.0450951259524369,0.0468816784176012,0.0525037171113828,0.0474561337831038,0.040833826260722,0.296052631578947,0.296052631578947,0.00657894736842105,0.600198867006053,1.77113742946559
29,2026081529,NUAA,force_z+vibration_y,Noise,152,0.0803376400419284,0.0459910926615686,0.0446591432693533,0.0457013248369976,0.0473881362030994,0.0461599007476007,0.040833826260722,0.0263157894736842,0.0263157894736842,0.00657894736842105,0.589157527741267,1.09322343877283
29,2026081529,NUAA,vibration_x+vibration_y,Saturation,152,0.0539681268750795,0.0381550550447359,0.0374069017775911,0.0377409178067707,0.0384960454845144,0.0378296641271633,0.0379406954754658,0.986842105263158,1,0.0131578947368421,0.396748200994931,0.396748200994931
29,2026081529,NUAA,vibration_x+vibration_y,Dropout,152,0.0416455868612531,0.0381550550447359,0.0374069017775911,0.0377409178067707,0.0396210671048432,0.0378296641271633,0.0379406954754658,0.986842105263158,1,0.0131578947368421,0.392765872833032,0.392765872833032
29,2026081529,NUAA,vibration_x+vibration_y,Bias,152,0.0464212271362993,0.0404519333467307,0.0406453108050343,0.0399001968828387,0.040321767831615,0.0402153808672997,0.0379406954754658,0.0197368421052632,0.0197368421052632,0.0131578947368421,0.57962644176233,1.73755147354029
29,2026081529,NUAA,vibration_x+vibration_y,Noise,152,0.0410061638252737,0.0405463176837552,0.0406723916706364,0.0408333158576912,0.0405919500836143,0.0405919500836143,0.0379406954754658,0,0,0.0131578947368421,0.617697801289384,1.08832238977585
29,2026081529,PHM2010,force_z+vibration_x,Saturation,945,0.0252214850292536,0.0136915375033421,0.01196071396682,0.0128342106137564,0.0148227488305103,0.0114857559756938,0.0114861988707107,0.991534391534391,1,0.00846560846560847,0.400292910709909,0.400292910709909
29,2026081529,PHM2010,force_z+vibration_x,Dropout,945,0.0225467375242779,0.014336705946289,0.0120313993390823,0.0129069833409535,0.0111522218500872,0.0118015227676602,0.0114861988707107,0.811640211640212,0.82010582010582,0.00846560846560847,0.395409409598539,0.395409409598539
29,2026081529,PHM2010,force_z+vibration_x,Bias,945,0.0170955756787003,0.0154576231073034,0.0138317333185974,0.0153523891981289,0.0153851716612691,0.0153307328295366,0.0114861988707107,0.105820105820106,0.105820105820106,0.00846560846560847,0.60117231089551,1.75425543548453
29,2026081529,PHM2010,force_z+vibration_x,Noise,945,0.0147617405176466,0.0149360996950007,0.0146256267834143,0.0148509737611055,0.014591564834195,0.0145815264167819,0.0114861988707107,0.00211640211640212,0.00211640211640212,0.00846560846560847,0.60030740178788,1.14600338511492
29,2026081529,PHM2010,force_z+vibration_y,Saturation,945,0.0189858932002978,0.0136041246506154,0.0126408701501635,0.0134764210936959,0.0120857356867818,0.012063596183814,0.0120501203448286,0.986243386243386,1,0.0137566137566138,0.389074101373934,0.389074101373934
29,2026081529,PHM2010,force_z+vibration_y,Dropout,945,0.0205828186923896,0.0138037684660439,0.0124892770636944,0.0133180724035882,0.0107764021920186,0.0117713112065093,0.0120501203448286,0.650793650793651,0.661375661375661,0.0137566137566138,0.40029810353338,0.40029810353338
29,2026081529,PHM2010,force_z+vibration_y,Bias,945,0.0161070223602629,0.0143008637855395,0.0153427999071093,0.0176506907721213,0.0142498253652758,0.0142292140061729,0.0120501203448286,0.0328042328042328,0.0328042328042328,0.0137566137566138,0.601512831922619,1.75768122749079
29,2026081529,PHM2010,force_z+vibration_y,Noise,945,0.0150671531903546,0.0149253098539356,0.0140882277039653,0.013924817459567,0.0145863186186336,0.014571662213171,0.0120501203448286,0,0,0.0137566137566138,0.591636997335552,1.12492364310082
29,2026081529,PHM2010,vibration_x+vibration_y,Saturation,945,0.0161412350608129,0.0136287499590422,0.0136189001570198,0.0144037868687172,0.015388001822955,0.013856383007175,0.013837131998922,0.990476190476191,1,0.00952380952380952,0.395250336191713,0.395250336191713
29,2026081529,PHM2010,vibration_x+vibration_y,Dropout,945,0.0119545943834658,0.013513285016817,0.0136903898968971,0.0143019252315374,0.0128673158542113,0.014101256121885,0.013837131998922,0.574603174603175,0.580952380952381,0.00952380952380952,0.386947466021959,0.386947466021959
29,2026081529,PHM2010,vibration_x+vibration_y,Bias,945,0.0168180076519853,0.0165405158441491,0.0181554208570534,0.0204555666615743,0.016823869234804,0.0168110707584966,0.013837131998922,0.0169312169312169,0.0169312169312169,0.00952380952380952,0.606747013439892,1.74642352512471
29,2026081529,PHM2010,vibration_x+vibration_y,Noise,945,0.0157288644526422,0.0157641437253547,0.0140975903694053,0.0145899093395297,0.0157525834861431,0.0157429152406544,0.013837131998922,0,0,0.00952380952380952,0.596550236049533,1.12339112215901
30,2026081530,NUAA,force_z+vibration_x,Saturation,152,0.0873314000519135,0.041668966516853,0.0400689291905084,0.0424835419417939,0.0983629628216847,0.0573608913885431,0.0586484258120297,0.940789473684211,0.960526315789474,0.0197368421052632,0.400385062026588,0.400385062026588
30,2026081530,NUAA,force_z+vibration_x,Dropout,152,0.0549012685131451,0.0415419482209753,0.0399828315197562,0.0427808164765828,0.054075541059621,0.0576699729855332,0.0586484258120297,0.894736842105263,0.914473684210526,0.0197368421052632,0.391485462962537,0.391485462962537
30,2026081530,NUAA,force_z+vibration_x,Bias,152,0.0669366158927093,0.0471601213223464,0.0463262624147681,0.0463597565386003,0.04776155413466,0.04861505880504,0.0586484258120297,0.0460526315789474,0.0460526315789474,0.0197368421052632,0.607822140548723,1.78603640628906
30,2026081530,NUAA,force_z+vibration_x,Noise,152,0.0948818529553182,0.0446750778332304,0.0440560989504003,0.0442602284519393,0.046653995993819,0.045356827399015,0.0586484258120297,0.00657894736842105,0.00657894736842105,0.0197368421052632,0.608226379669441,1.13411444874879
30,2026081530,NUAA,force_z+vibration_y,Saturation,152,0.107409731061301,0.0403330003153168,0.0388144937315128,0.0407439679675806,0.0920707078995165,0.0406932311687382,0.040833826260722,0.986842105263158,0.993421052631579,0.00657894736842105,0.39572235925281,0.39572235925281
30,2026081530,NUAA,force_z+vibration_y,Dropout,152,0.0553946549383879,0.0407887298496686,0.0391516744459456,0.0410551251096924,0.0527300985408622,0.0410557589950741,0.040833826260722,0.940789473684211,0.947368421052632,0.00657894736842105,0.418673414875691,0.418673414875691
30,2026081530,NUAA,force_z+vibration_y,Bias,152,0.0706721360037319,0.0445217846381522,0.0435946972863438,0.0442105432538754,0.0484802736571393,0.0456521761860967,0.040833826260722,0.315789473684211,0.315789473684211,0.00657894736842105,0.593106908026899,1.69853690569598
30,2026081530,NUAA,force_z+vibration_y,Noise,152,0.0870597387720985,0.0450948423417574,0.0438683852912022,0.0457611899874751,0.0453086409157641,0.0455495454487207,0.040833826260722,0.0263157894736842,0.0263157894736842,0.00657894736842105,0.596818048667785,1.11952858710944
30,2026081530,NUAA,vibration_x+vibration_y,Saturation,152,0.0463588963742394,0.0381550550447359,0.0374069017775911,0.0377409178067707,0.0375981714078205,0.0378296641271633,0.0379406954754658,0.986842105263158,1,0.0131578947368421,0.390111823472645,0.390111823472645
30,2026081530,NUAA,vibration_x+vibration_y,Dropout,152,0.0420559258315379,0.0381550550447359,0.0374069017775911,0.0377409178067707,0.0390713094800872,0.0378296641271633,0.0379406954754658,0.986842105263158,1,0.0131578947368421,0.391915968206278,0.391915968206278
30,2026081530,NUAA,vibration_x+vibration_y,Bias,152,0.0479655626234692,0.0400835032368658,0.0403478473226507,0.0391852829523246,0.0400164403384726,0.039954867083765,0.0379406954754658,0.0263157894736842,0.0263157894736842,0.0131578947368421,0.580816253300116,1.75039628271858
30,2026081530,NUAA,vibration_x+vibration_y,Noise,152,0.0406890676758697,0.0402741417176524,0.0403049487558123,0.0405715967024787,0.0402254778191903,0.0402254778191903,0.0379406954754658,0,0,0.0131578947368421,0.600791851470463,1.10982353699245
30,2026081530,PHM2010,force_z+vibration_x,Saturation,945,0.0256248812832555,0.0136915375033421,0.01196071396682,0.0128342106137564,0.0151339172773358,0.0114857559756938,0.0114861988707107,0.991534391534391,1,0.00846560846560847,0.397505602481403,0.397505602481403
30,2026081530,PHM2010,force_z+vibration_x,Dropout,945,0.0221523421672713,0.0142268332602519,0.0120706079319771,0.0129354928207001,0.0112747098339286,0.0118230207966198,0.0114861988707107,0.835978835978836,0.844444444444444,0.00846560846560847,0.398685457494172,0.398685457494172
30,2026081530,PHM2010,force_z+vibration_x,Bias,945,0.0169786783135627,0.0149426673190319,0.013749941739449,0.0151037371555334,0.0149561036538864,0.014891713188457,0.0114861988707107,0.111111111111111,0.113227513227513,0.00846560846560847,0.595518937893099,1.77109901177669
30,2026081530,PHM2010,force_z+vibration_x,Noise,945,0.0147968518024023,0.0146487102001279,0.0146159629941416,0.0147984117884048,0.0144059723358596,0.0143840379646229,0.0114861988707107,0.00105820105820106,0.00105820105820106,0.00846560846560847,0.602982176693393,1.12904858769462
30,2026081530,PHM2010,force_z+vibration_y,Saturation,945,0.0191983360487112,0.0136041246506154,0.0126408701501635,0.0134764210936959,0.0120212826961034,0.012063596183814,0.0120501203448286,0.986243386243386,1,0.0137566137566138,0.400743020863006,0.400743020863006
30,2026081530,PHM2010,force_z+vibration_y,Dropout,945,0.021084463867523,0.0138788342837838,0.01245250599746,0.0132352433692352,0.0107924488442251,0.0118361663418998,0.0120501203448286,0.650793650793651,0.66031746031746,0.0137566137566138,0.404753802994755,0.404753802994755
30,2026081530,PHM2010,force_z+vibration_y,Bias,945,0.0161600474089879,0.0142771844509442,0.0155010593032004,0.0177493031717449,0.014294403679637,0.0142826243682242,0.0120501203448286,0.0391534391534392,0.0391534391534392,0.0137566137566138,0.595862903278465,1.76929901708037
30,2026081530,PHM2010,force_z+vibration_y,Noise,945,0.0152334216077012,0.0149641293115623,0.0139444242319152,0.0138791174016594,0.0145398642563177,0.0145341198041307,0.0120501203448286,0,0,0.0137566137566138,0.598139263781608,1.14593105753931
30,2026081530,PHM2010,vibration_x+vibration_y,Saturation,945,0.0158190394624511,0.0136287499590422,0.0136189001570198,0.0144037868687172,0.0153440789523654,0.013856383007175,0.013837131998922,0.990476190476191,1,0.00952380952380952,0.394193459665279,0.394193459665279
30,2026081530,PHM2010,vibration_x+vibration_y,Dropout,945,0.011953037552852,0.0134751401984873,0.0137955271854615,0.014441714753266,0.0127482618008145,0.0141234035827128,0.013837131998922,0.584126984126984,0.591534391534392,0.00952380952380952,0.403841825727761,0.403841825727761
30,2026081530,PHM2010,vibration_x+vibration_y,Bias,945,0.0166081459601036,0.016378588061887,0.0178116422417785,0.0206179086595789,0.0165740940519424,0.0165840172873201,0.013837131998922,0.0232804232804233,0.0232804232804233,0.00952380952380952,0.58659521271761,1.76278426777303
30,2026081530,PHM2010,vibration_x+vibration_y,Noise,945,0.01579339761048,0.0158358678252407,0.0141616750448669,0.0146588343557723,0.0158468088963249,0.0158371608789267,0.013837131998922,0,0,0.00952380952380952,0.618537683315818,1.13778705964674
