Repeat,Seed,Dataset,TargetSensor,FaultType,RunLevelN,FullMAE,MedianReplacementMAE,MaskDropoutMAE,AutoMAE,MedianImprovementPercent,MaskDropoutImprovementPercent,AutoImprovementPercent,CorrectDetectionRate,MeanDurationFraction,MeanSeverity
1,2026071801,NUAA,force_z,Saturation,152,0.0960904859008732,0.0419172371549095,0.0413103109041697,0.0436509447166754,56.3773283463763,57.0089478506901,54.5730835811303,0.973684210526316,0.419309585983234,0.419309585983234
1,2026071801,NUAA,force_z,Dropout,152,0.0541804286687371,0.0414203321771882,0.0405642834214178,0.0432505034382295,23.5511176361579,25.1311139130504,20.1731981438056,0.914473684210526,0.405049293902675,0.405049293902675
1,2026071801,NUAA,force_z,Bias,152,0.0635470731746169,0.0450662615514883,0.0450450380973659,0.0456035426875388,29.0820815182886,29.115479522417,28.2365962595511,0.572368421052632,0.613628120588837,1.72079938500812
1,2026071801,NUAA,force_z,Noise,152,0.0902443362911333,0.0456132529631225,0.0448317347792841,0.0463404266242184,49.455827548034,50.3218300208288,48.6500443920141,0.592105263157895,0.616484322739211,1.10417046287773
1,2026071801,NUAA,vibration_x,Saturation,152,0.0393534336214625,0.0395381377630809,0.0395176528204299,0.0401040677128648,-0.469346953038696,-0.417293191102483,-1.90741702140311,1,0.414227657365456,0.414227657365456
1,2026071801,NUAA,vibration_x,Dropout,152,0.0394922523714091,0.0395381377630809,0.0395176528204299,0.0401040677128648,-0.116188338006896,-0.0643175496345623,-1.54920346325618,1,0.402224415151834,0.402224415151834
1,2026071801,NUAA,vibration_x,Bias,152,0.0395807129639349,0.0398160221999515,0.0405273467859616,0.0400117174505032,-0.594504793865151,-2.39165429609441,-1.08892552532105,0.0131578947368421,0.588279649133209,1.81732091873455
1,2026071801,NUAA,vibration_x,Noise,152,0.0401511673498522,0.0403344891622751,0.0413040542389597,0.0403814957834744,-0.456579034989349,-2.87136580379333,-0.573653143419843,0.00657894736842105,0.586636359279844,1.07448974345539
1,2026071801,NUAA,vibration_y,Saturation,152,0.0537696619898312,0.0381670474217936,0.0380965929566498,0.0380944885855088,29.0175053936333,29.1485355369083,29.1524492143672,1,0.416709501112774,0.416709501112774
1,2026071801,NUAA,vibration_y,Dropout,152,0.041654234351607,0.0381670474217936,0.0380965929566498,0.0380944885855088,8.37174655613107,8.54088774007179,8.54593973820307,1,0.399319207443247,0.399319207443247
1,2026071801,NUAA,vibration_y,Bias,152,0.0496001818253437,0.0395996851480023,0.0398759476671347,0.0399414907671235,20.162217776854,19.6052389332983,19.4730960709603,0.473684210526316,0.630755362715336,1.76716859318271
1,2026071801,NUAA,vibration_y,Noise,152,0.0399961375058289,0.0393935796780728,0.0390211822056805,0.0393163825756949,1.50654004444378,2.4376236330479,1.69955143802321,0.0263157894736842,0.584455940672517,1.14109963296269
1,2026071801,PHM2010,force_z,Saturation,945,0.018661928455378,0.0132185972114446,0.0112049374226772,0.0109959153803692,29.1681069132207,39.9583089739678,41.0783542190654,1,0.400787299339733,0.400787299339733
1,2026071801,PHM2010,force_z,Dropout,945,0.0215438783279252,0.0132185972114446,0.0112049374226772,0.0109959153803692,38.643372329528,47.9901564048782,48.9603718838482,1,0.398381933572295,0.398381933572295
1,2026071801,PHM2010,force_z,Bias,945,0.014121124612518,0.0125035177903534,0.0124584879264216,0.0123715356444889,11.4552265952714,11.7741095820545,12.3898699008584,0.278306878306878,0.608223981560233,1.71613602866086
1,2026071801,PHM2010,force_z,Noise,945,0.0133247743472455,0.013149532127146,0.0136395807971303,0.0131844129691534,1.31516088402403,-2.36256496118351,1.05338652973966,0.0423280423280423,0.603012915380967,1.10727592384493
1,2026071801,PHM2010,vibration_x,Saturation,945,0.0149756927191576,0.0120398101287495,0.0124170466189279,0.0129484263922632,19.6043191154187,17.0853271912867,13.5370454302993,0.998941798941799,0.40361336739702,0.40361336739702
1,2026071801,PHM2010,vibration_x,Dropout,945,0.0127432402405541,0.0127636605746333,0.0126934900118052,0.0132424825118482,-0.160244440925367,0.390404856298707,-3.91770273391937,0.757671957671958,0.398478210264789,0.398478210264789
1,2026071801,PHM2010,vibration_x,Bias,945,0.0153236321477599,0.0153158390068132,0.0143445435625207,0.0152802719532101,0.0508570087797099,6.38940282433204,0.282962904171436,0.0412698412698413,0.592901625530451,1.7754037093256
1,2026071801,PHM2010,vibration_x,Noise,945,0.0137667299299453,0.0137709210415466,0.0132810292106871,0.0137665788306196,-0.0304437700354875,3.52807617880017,0.00109756875076217,0.00105820105820106,0.588986882766347,1.12658174890618
1,2026071801,PHM2010,vibration_y,Saturation,945,0.014130047137843,0.0124332760605846,0.0130952703342575,0.013044103703886,12.0082478190332,7.3232367414692,7.68534898265518,0.998941798941799,0.400609017702784,0.400609017702784
1,2026071801,PHM2010,vibration_y,Dropout,945,0.0117771990135213,0.0129023237111415,0.0131745198171716,0.012962955453215,-9.55341500409699,-11.8646275913822,-10.0682381127492,0.662433862433862,0.409675797260443,0.409675797260443
1,2026071801,PHM2010,vibration_y,Bias,945,0.0141299485075843,0.0141214526290995,0.0154951878072823,0.0140874890751417,0.0601267476680735,-9.66202600784589,0.300492478226287,0.037037037037037,0.603691716767983,1.74632178867428
1,2026071801,PHM2010,vibration_y,Noise,945,0.0142704712244052,0.0142738541602331,0.0130135979008775,0.0142806400907561,-0.0237058452708117,8.80751100480977,-0.0712580978647668,0,0.59482942007694,1.10397120836324
2,2026071802,NUAA,force_z,Saturation,152,0.0910496464853221,0.0431321694743225,0.0419849771213062,0.0446188402565856,52.6278561869257,53.8878197313215,50.9950428376694,0.940789473684211,0.375200980858882,0.375200980858882
2,2026071802,NUAA,force_z,Dropout,152,0.0571211414638822,0.0416574446890498,0.0408960921541215,0.0432710629279483,27.0717572837897,28.4046307443276,24.246851832769,0.940789473684211,0.413703667254674,0.413703667254674
2,2026071802,NUAA,force_z,Bias,152,0.068855707523002,0.0455349317284031,0.0456151474990729,0.0465390435644695,33.8690525935099,33.7525542325816,32.4107684915988,0.631578947368421,0.609313417937053,1.82583705433526
2,2026071802,NUAA,force_z,Noise,152,0.0847676049916552,0.0468461840646695,0.0465105922742017,0.0486247597506003,44.7357465516678,45.1316428265488,42.6375680244982,0.565789473684211,0.595403163137453,1.09605312915161
2,2026071802,NUAA,vibration_x,Saturation,152,0.039588920920547,0.0395381377630809,0.0395176528204299,0.0401040677128648,0.128276185067099,0.180020314926445,-1.30123979219256,1,0.398958785831643,0.398958785831643
2,2026071802,NUAA,vibration_x,Dropout,152,0.0394591371700549,0.0395381377630809,0.0395176528204299,0.0401040677128648,-0.200208617551655,-0.148294297776342,-1.63442636880393,1,0.422968568170348,0.422968568170348
2,2026071802,NUAA,vibration_x,Bias,152,0.0403533299926729,0.040405625385821,0.0409853594166234,0.0405428591091413,-0.129593748911499,-1.56623858319804,-0.469674043016536,0.0197368421052632,0.603896447176841,1.70635471934917
2,2026071802,NUAA,vibration_x,Noise,152,0.0402141820540088,0.0402968539281187,0.04122286174434,0.040333428438939,-0.205578902484843,-2.50826857295389,-0.296528186921845,0.00657894736842105,0.622078105594151,1.06629752854967
2,2026071802,NUAA,vibration_y,Saturation,152,0.0485725886350056,0.0381670474217936,0.0380965929566498,0.0380944885855088,21.4226614344226,21.5677112806912,21.5720437060368,1,0.413858571784701,0.413858571784701
2,2026071802,NUAA,vibration_y,Dropout,152,0.0424803215945334,0.0381670474217936,0.0380965929566498,0.0380944885855088,10.1535817311112,10.319433736226,10.3243874914286,1,0.408617444382707,0.408617444382707
2,2026071802,NUAA,vibration_y,Bias,152,0.0460092767667944,0.0405217504120528,0.0388039075224657,0.0405042633549648,11.9269998147462,15.6606879105062,11.9650074912777,0.361842105263158,0.604844545922645,1.72298489320216
2,2026071802,NUAA,vibration_y,Noise,152,0.0401564061342117,0.0403619193769086,0.0397903641878217,0.0403837169794746,-0.51178196079095,0.911540602430109,-0.566063717214013,0.0131578947368421,0.611450179798384,1.12898146174177
2,2026071802,PHM2010,force_z,Saturation,945,0.0188385312571467,0.0132185972114446,0.0112049374226772,0.0109959153803692,29.8321242191858,40.5211729633836,41.6307182854409,1,0.395094904669679,0.395094904669679
2,2026071802,PHM2010,force_z,Dropout,945,0.0219763126091898,0.0132185972114446,0.0112049374226772,0.0109959153803692,39.8507044993665,49.0135691918049,49.9646934592153,1,0.400621924074399,0.400621924074399
2,2026071802,PHM2010,force_z,Bias,945,0.0144556375932798,0.0125980074461472,0.0125052419681757,0.0123880111651544,12.8505583731309,13.4922836334169,14.3032530719132,0.287830687830688,0.609365880780524,1.74647038678415
2,2026071802,PHM2010,force_z,Noise,945,0.0131616619046657,0.0130640859003268,0.0133307890911304,0.0131403040011846,0.741365376543663,-1.28499871588991,0.162273606751481,0.0465608465608466,0.606084387648301,1.10777961518804
2,2026071802,PHM2010,vibration_x,Saturation,945,0.0150911064079273,0.0120365032104259,0.0124135687634924,0.0129449080412498,20.2410818327866,17.7424873435948,14.2216104549509,0.998941798941799,0.406853427169461,0.406853427169461
2,2026071802,PHM2010,vibration_x,Dropout,945,0.0127247674269336,0.0127420288515044,0.0127006752963604,0.0132848544733367,-0.135652181228302,0.189332580823282,-4.40155035932241,0.756613756613757,0.396246540732191,0.396246540732191
2,2026071802,PHM2010,vibration_x,Bias,945,0.0151393687365243,0.0152334650279255,0.014188767135091,0.0151589834136502,-0.62153378412778,6.27900421726255,-0.129560733127047,0.0402116402116402,0.6039212456124,1.77004739387481
2,2026071802,PHM2010,vibration_x,Noise,945,0.013827226169603,0.0138409213176015,0.013253233928105,0.0138379773120276,-0.0990447963353291,4.15117417229972,-0.0777534285817964,0,0.612179151230911,1.09830320284528
2,2026071802,PHM2010,vibration_y,Saturation,945,0.0140051081717606,0.0124337958311898,0.0130965240320262,0.0130446596147047,11.2195658990993,6.48751961492472,6.85784461838329,0.998941798941799,0.393192779465636,0.393192779465636
2,2026071802,PHM2010,vibration_y,Dropout,945,0.0117810474631129,0.0127434789057767,0.0131747564526069,0.012846007983788,-8.16931979670963,-11.8300940035918,-9.03960809944607,0.652910052910053,0.399378933030254,0.399378933030254
2,2026071802,PHM2010,vibration_y,Bias,945,0.0139374819377197,0.0139870263819325,0.0155942811678138,0.0139617145080458,-0.355476293595476,-11.8873641415112,-0.173866200755492,0.0380952380952381,0.593493620587927,1.76115763323123
2,2026071802,PHM2010,vibration_y,Noise,945,0.0141654704443527,0.0141774121418685,0.0130191067069972,0.014175778611985,-0.0843014537548172,8.0926626606493,-0.0727696808430705,0,0.608284691373054,1.10105114166319
3,2026071803,NUAA,force_z,Saturation,152,0.0935914982407196,0.0425050507138177,0.041845390625534,0.0441670543373065,54.5844959074235,55.28932497917,52.8086897127047,0.973684210526316,0.408136989266563,0.408136989266563
3,2026071803,NUAA,force_z,Dropout,152,0.0497011411405309,0.0418599231953463,0.0411056492630017,0.0431093376759097,15.7767362383358,17.2943551803475,13.262881522142,0.914473684210526,0.376101734617204,0.376101734617204
3,2026071803,NUAA,force_z,Bias,152,0.0674606421507779,0.0455830689010417,0.0452921914996371,0.0462665656048365,32.4301289644394,32.8613098606343,31.4169504917722,0.546052631578947,0.596821294305799,1.78392659452768
3,2026071803,NUAA,force_z,Noise,152,0.102662042500369,0.042862955643966,0.0420012165622357,0.0441939770096631,58.2484873668749,59.0878814221093,56.9519795892391,0.736842105263158,0.623012080085227,1.22231119623801
3,2026071803,NUAA,vibration_x,Saturation,152,0.038226446435983,0.0395381377630809,0.0395176528204299,0.0401040677128648,-3.43137133945883,-3.37778293519701,-4.91183840492791,1,0.40121043653729,0.40121043653729
3,2026071803,NUAA,vibration_x,Dropout,152,0.0394426428525521,0.0395381377630809,0.0395176528204299,0.0401040677128648,-0.242110831380665,-0.190174801820932,-1.67692835083422,1,0.403774551640927,0.403774551640927
3,2026071803,NUAA,vibration_x,Bias,152,0.0399211230410389,0.0397959426869663,0.0407098447131006,0.0398099060078901,0.313569219843731,-1.97570011056755,0.278591945007452,0.0131578947368421,0.568946664615631,1.67059463366117
3,2026071803,NUAA,vibration_x,Noise,152,0.0401293810389991,0.0402570143553034,0.0411664059547525,0.0403020736428987,-0.318054535105572,-2.58420361566408,-0.430339565247353,0.00657894736842105,0.578483842730251,1.06238461808375
3,2026071803,NUAA,vibration_y,Saturation,152,0.0515849700898398,0.0381670474217936,0.0380965929566498,0.0380944885855088,26.0113026036028,26.1478820472296,26.1519614741196,1,0.390278815052219,0.390278815052219
3,2026071803,NUAA,vibration_y,Dropout,152,0.0418991538427677,0.0381670474217936,0.0380965929566498,0.0380944885855088,8.90735511027122,9.07550758754591,9.08053005446479,1,0.398114195202703,0.398114195202703
3,2026071803,NUAA,vibration_y,Bias,152,0.0444731713001441,0.0403406378801748,0.0396545824289817,0.0406870438303421,9.2921941457229,10.8348218269444,8.5132842095965,0.440789473684211,0.608361864697048,1.77427676685809
3,2026071803,NUAA,vibration_y,Noise,152,0.0399603756955451,0.0396871349785255,0.0393232705533519,0.0395901669860023,0.683779149379005,1.59434222302445,0.926439511888944,0.0394736842105263,0.60282299024532,1.20245456914411
3,2026071803,PHM2010,force_z,Saturation,945,0.0188222521624809,0.0132185972114446,0.0112049374226772,0.0109959153803692,29.7714370345453,40.4697305829723,41.5802355347901,1,0.39971129045716,0.39971129045716
3,2026071803,PHM2010,force_z,Dropout,945,0.0223182491272594,0.0132185972114446,0.0112049374226772,0.0109959153803692,40.7722481451314,49.7947291528726,50.7312813040567,1,0.40738749712364,0.40738749712364
3,2026071803,PHM2010,force_z,Bias,945,0.0139823757199689,0.0126563116612158,0.0125141071639246,0.0125474680734011,9.48382510462289,10.5008518255404,10.2622592562618,0.251851851851852,0.597465207423654,1.75864094012011
3,2026071803,PHM2010,force_z,Noise,945,0.013425875517881,0.0133239919296083,0.0137689420472984,0.013333635020754,0.758859920435062,-2.55526374395889,0.687035247750219,0.0476190476190476,0.596504731378876,1.12646548016104
3,2026071803,PHM2010,vibration_x,Saturation,945,0.0149095640663578,0.0120365175441585,0.0124136152570225,0.012944913798517,19.2698224402287,16.7405887806422,13.1771140933214,0.998941798941799,0.41327030485312,0.41327030485312
3,2026071803,PHM2010,vibration_x,Dropout,945,0.0127491993952554,0.0125501368516191,0.012687962732974,0.0131037046582106,1.56137289460217,0.480317707668634,-2.78060803635375,0.79047619047619,0.418115479867185,0.418115479867185
3,2026071803,PHM2010,vibration_x,Bias,945,0.0152126780858145,0.0152512828808097,0.0143371548134772,0.0151865240505172,-0.253767251087608,5.75522118721317,0.171922623680915,0.0455026455026455,0.587687811618022,1.78295020155696
3,2026071803,PHM2010,vibration_x,Noise,945,0.0139023572256072,0.0139086094969365,0.0134315059756202,0.0139063516635663,-0.0449727425920977,3.38684470803107,-0.0287320912149977,0,0.603479615902178,1.13739279836491
3,2026071803,PHM2010,vibration_y,Saturation,945,0.0138043217553277,0.0124344488868633,0.0130972397709015,0.0130453374381044,9.92350723740327,5.12217837977671,5.49816449280002,0.998941798941799,0.398244157426437,0.398244157426437
3,2026071803,PHM2010,vibration_y,Dropout,945,0.011779626063371,0.0128726190743586,0.0131449947635053,0.0129075365726378,-9.27867323722792,-11.5909341501075,-9.57509604463628,0.651851851851852,0.40917882777845,0.40917882777845
3,2026071803,PHM2010,vibration_y,Bias,945,0.0138236616703328,0.0138909592587486,0.015309007868037,0.0138407153663701,-0.486828960522493,-10.7449547965424,-0.123365982501479,0.0476190476190476,0.6067346215131,1.76808094449389
3,2026071803,PHM2010,vibration_y,Noise,945,0.0141001972133141,0.0141092398816486,0.0129288889310216,0.0141069964824914,-0.0641315025441355,8.3070347497439,-0.0482210927586907,0.00105820105820106,0.593100814943191,1.13599750969938
4,2026071804,NUAA,force_z,Saturation,152,0.093995462264972,0.0416797022514988,0.0409234364506301,0.0433935503911513,55.6577506539579,56.4623275799555,53.8344199331395,0.980263157894737,0.385849546078786,0.385849546078786
4,2026071804,NUAA,force_z,Dropout,152,0.0540232182554421,0.0419473027856921,0.0410806818675087,0.0436819352612556,22.3531952736518,23.9573590872285,19.1422934955283,0.960526315789474,0.392372897868565,0.392372897868565
4,2026071804,NUAA,force_z,Bias,152,0.0654335414848615,0.047567411916141,0.0476857434014132,0.048661998120394,27.3042374954655,27.1233952506672,25.631416218466,0.519736842105263,0.637229172561418,1.72495338307648
4,2026071804,NUAA,force_z,Noise,152,0.0887802101658435,0.0465316685379354,0.0461029295461308,0.0474791136117034,47.5877918614823,48.0707136646676,46.5206113806091,0.625,0.601795904712739,1.1133730571697
4,2026071804,NUAA,vibration_x,Saturation,152,0.0396190059189493,0.0395381377630809,0.0395176528204299,0.0401040677128648,0.20411455056154,0.255819388115891,-1.22431591269052,1,0.377696511186241,0.377696511186241
4,2026071804,NUAA,vibration_x,Dropout,152,0.0395413200830913,0.0395381377630809,0.0395176528204299,0.0401040677128648,0.00804808742768755,0.0598545081743776,-1.42318877718553,1,0.389870748643746,0.389870748643746
4,2026071804,NUAA,vibration_x,Bias,152,0.0400721356797747,0.0400486286533014,0.0407004218664135,0.0400733263565827,0.0586617760059777,-1.56788795001985,-0.00297133354088879,0.0131578947368421,0.589257715720058,1.66362454036822
4,2026071804,NUAA,vibration_x,Noise,152,0.0402519561870559,0.0403797161731273,0.0413250976704596,0.0404173423171197,-0.317400688497388,-2.66606044788662,-0.410877248537341,0.00657894736842105,0.596968636220224,1.15992560865956
4,2026071804,NUAA,vibration_y,Saturation,152,0.0525335693251714,0.0381670474217936,0.0380965929566498,0.0380944885855088,27.3473173209538,27.4814305480747,27.4854363127087,1,0.41496796403309,0.41496796403309
4,2026071804,NUAA,vibration_y,Dropout,152,0.0421554449178869,0.0381670474217936,0.0380965929566498,0.0380944885855088,9.46116807416501,9.62829824034161,9.63329017233318,1,0.435379442871072,0.435379442871072
4,2026071804,NUAA,vibration_y,Bias,152,0.0496664062635141,0.0408893060673418,0.0401110018603564,0.0409663232058627,17.6721064729422,19.239170139389,17.5170375957776,0.473684210526316,0.602693811974263,1.91092065810479
4,2026071804,NUAA,vibration_y,Noise,152,0.0396783264606575,0.0398571647041483,0.0393046205575894,0.0398735617181445,-0.450720228001737,0.941838873770605,-0.49204509086474,0.0131578947368421,0.621800780934772,1.16638560698875
4,2026071804,PHM2010,force_z,Saturation,945,0.0185265943731584,0.0132185972114446,0.0112049374226772,0.0109959153803692,28.6506902175399,39.5197131378278,40.6479401508336,1,0.396074066828053,0.396074066828053
4,2026071804,PHM2010,force_z,Dropout,945,0.0217841885626961,0.0132185972114446,0.0112049374226772,0.0109959153803692,39.3202222180519,48.5638981207458,49.5234107585767,1,0.387848766101238,0.387848766101238
4,2026071804,PHM2010,force_z,Bias,945,0.0142232459938033,0.0125940365916604,0.0125373330729004,0.0124212977317841,11.4545540648927,11.853221983487,12.6690367501501,0.315343915343915,0.603601382794434,1.80577896616907
4,2026071804,PHM2010,force_z,Noise,945,0.0137383705994387,0.0136313614409416,0.0142456290607893,0.0136611214560025,0.77890720535259,-3.69227527878245,0.562287520758197,0.0497354497354497,0.606669003179745,1.14675393492551
4,2026071804,PHM2010,vibration_x,Saturation,945,0.0146290948771249,0.0120319356753811,0.0124089976778037,0.0129399527082719,17.7533827181945,15.1759026649878,11.5464571324521,0.998941798941799,0.404835699752364,0.404835699752364
4,2026071804,PHM2010,vibration_x,Dropout,945,0.0128365512070219,0.0127129233707986,0.0127641927689962,0.0132527284520229,0.96309229971098,0.563690642905195,-3.24212662956825,0.757671957671958,0.395205954684464,0.395205954684464
4,2026071804,PHM2010,vibration_x,Bias,945,0.015686807677849,0.0157113412698893,0.0143445530883003,0.0156422048200524,-0.156396333429582,8.55658217474048,0.284333554108073,0.0412698412698413,0.613283519188923,1.76253354625508
4,2026071804,PHM2010,vibration_x,Noise,945,0.0138151567727529,0.013825692641221,0.013307862783651,0.0138169470916953,-0.0762631118952891,3.67201036836882,-0.012959092479926,0,0.59965933676503,1.1176265659762
4,2026071804,PHM2010,vibration_y,Saturation,945,0.0136904882548505,0.012434612162076,0.0130974842120892,0.0130455224290679,9.17334772431944,4.33150397357976,4.7110505759655,0.998941798941799,0.404247339185318,0.404247339185318
4,2026071804,PHM2010,vibration_y,Dropout,945,0.0117951943590016,0.0127062339546239,0.0131528644687831,0.0129431730700214,-7.72382012448164,-11.5103665820083,-9.73259681934485,0.652910052910053,0.39739762515151,0.39739762515151
4,2026071804,PHM2010,vibration_y,Bias,945,0.0143445377245476,0.014354217695476,0.0152095816955776,0.0143321785115646,-0.0674819301559759,-6.03047646178021,0.0861597161249919,0.037037037037037,0.597102769949849,1.73601501119506
4,2026071804,PHM2010,vibration_y,Noise,945,0.0143463862977907,0.0143544873753798,0.0130923316710958,0.0143636995483132,-0.0564677224007789,8.74125790749145,-0.12068021983483,0.00105820105820106,0.607619235368263,1.13758576241198
5,2026071805,NUAA,force_z,Saturation,152,0.0937235467075041,0.0426109178273227,0.0420656971499451,0.0441265095114017,54.5355256771231,55.1172585463231,52.9184382563826,0.947368421052632,0.393956737794651,0.393956737794651
5,2026071805,NUAA,force_z,Dropout,152,0.0537131575625166,0.0411268284859761,0.0401301884276094,0.0428737011596572,23.4324877696705,25.2879736572888,20.1802628904163,0.940789473684211,0.387825705180473,0.387825705180473
5,2026071805,NUAA,force_z,Bias,152,0.0618657571787584,0.0462067776727866,0.0457729917634224,0.0470235285503883,25.311222589139,26.0123954659387,23.9910239609354,0.506578947368421,0.648194304174382,1.73442280556439
5,2026071805,NUAA,force_z,Noise,152,0.0848350336414738,0.0458029387391619,0.0444967958442942,0.0472771907808341,46.0094058160779,47.5490325938401,44.2716189862847,0.598684210526316,0.580382360301457,1.08489685055977
5,2026071805,NUAA,vibration_x,Saturation,152,0.039050779028372,0.0395381377630809,0.0395176528204299,0.0401040677128648,-1.24801283568451,-1.19555564235641,-2.69722835420909,1,0.409454194380138,0.409454194380138
5,2026071805,NUAA,vibration_x,Dropout,152,0.0393853726270332,0.0395381377630809,0.0395176528204299,0.0401040677128648,-0.387872770671362,-0.335861220990145,-1.82477665664722,1,0.408935841690885,0.408935841690885
5,2026071805,NUAA,vibration_x,Bias,152,0.0405860709682623,0.0401763103989597,0.0408931007225241,0.0403820488255979,1.00960886217095,-0.756490458270469,0.502690055472285,0.0131578947368421,0.606060655124848,1.7227340193449
5,2026071805,NUAA,vibration_x,Noise,152,0.0402354553487756,0.0403774308764107,0.0413689525797536,0.0404198155425366,-0.352861739489306,-2.81716019155854,-0.45820332381719,0.00657894736842105,0.590730861792616,1.13105143020935
5,2026071805,NUAA,vibration_y,Saturation,152,0.0499092325703165,0.0381670474217936,0.0380965929566498,0.0380944885855088,23.5270801489073,23.6682453432318,23.6724617397434,1,0.385569820212393,0.385569820212393
5,2026071805,NUAA,vibration_y,Dropout,152,0.0417547112218523,0.0381670474217936,0.0380965929566498,0.0380944885855088,8.59223712743848,8.76097129678624,8.76601113799089,1,0.411691996209645,0.411691996209645
5,2026071805,NUAA,vibration_y,Bias,152,0.0408523003619545,0.0378098412997368,0.0392153599696133,0.0379248328260789,7.44746081679921,4.00697238059481,7.16597966317188,0.315789473684211,0.568845274391258,1.63031008676786
5,2026071805,NUAA,vibration_y,Noise,152,0.0401755584648007,0.0404464642726702,0.0397671013337295,0.0404568096716652,-0.674305020817186,1.01668065530225,-0.700055500437947,0.0197368421052632,0.592097124350642,1.11368530404047
5,2026071805,PHM2010,force_z,Saturation,945,0.0190002453488998,0.0132185972114446,0.0112049374226772,0.0109959153803692,30.429334102204,41.0274066627983,42.127508469221,1,0.395895641292108,0.395895641292108
5,2026071805,PHM2010,force_z,Dropout,945,0.0222942773097422,0.0132185972114446,0.0112049374226772,0.0109959153803692,40.7085637816647,49.7407461699559,50.678305344465,1,0.411811457976632,0.411811457976632
5,2026071805,PHM2010,force_z,Bias,945,0.0141585492982963,0.0124633305642013,0.0123060421086468,0.0124162751896003,11.9731103687227,13.0840183596526,12.3054563853211,0.285714285714286,0.610472336595413,1.73070290556148
5,2026071805,PHM2010,force_z,Noise,945,0.0133147280766943,0.0131328193744695,0.0136675739865536,0.0131981094180887,1.3662216845661,-2.65004217755591,0.875862112495335,0.0412698412698413,0.595983330730693,1.14327427583457
5,2026071805,PHM2010,vibration_x,Saturation,945,0.0151030012929814,0.0120378319533378,0.0124149976772695,0.0129463032784128,20.2951008225632,17.7978109355064,14.2799300134532,0.998941798941799,0.407363908119522,0.407363908119522
5,2026071805,PHM2010,vibration_x,Dropout,945,0.0127150001343344,0.0127050733399128,0.0127271614298343,0.0132212733861664,0.0780715243156531,-0.0956452644235227,-3.98170071949063,0.765079365079365,0.406193023854796,0.406193023854796
5,2026071805,PHM2010,vibration_x,Bias,945,0.0156125107762625,0.0157111766940652,0.0140039872237054,0.01563698371813,-0.631967011691383,10.3027858594194,-0.156752121540515,0.0455026455026455,0.612964660276546,1.74473261680485
5,2026071805,PHM2010,vibration_x,Noise,945,0.0138842063708673,0.0138949155542751,0.0133772518080518,0.0138959119269884,-0.0771321249611308,3.65130385759162,-0.0843084279249023,0,0.594401678628352,1.1217268260412
5,2026071805,PHM2010,vibration_y,Saturation,945,0.0141262682108605,0.0124342461045356,0.0130970090459379,0.0130451143984275,11.9778421382655,7.2861363635392,7.65349911452032,0.998941798941799,0.399674448253581,0.399674448253581
5,2026071805,PHM2010,vibration_y,Dropout,945,0.0117822821128741,0.0127413202042789,0.0131760901205438,0.0128334725827653,-8.13966328608715,-11.8296947426397,-8.92179002183812,0.665608465608466,0.401791196642457,0.401791196642457
5,2026071805,PHM2010,vibration_y,Bias,945,0.0140139442425546,0.0140430578747943,0.0157758517145257,0.014031471682425,-0.207747595793639,-12.5725309126102,-0.125071425767383,0.0328042328042328,0.601326362528651,1.74083812790597
5,2026071805,PHM2010,vibration_y,Noise,945,0.0143800454997853,0.0143913768902261,0.0130675762652677,0.0143853694784667,-0.0787994060309763,9.12701725830563,-0.0370233785525674,0,0.607247174962821,1.12303054385361
6,2026071806,NUAA,force_z,Saturation,152,0.0898227305959331,0.0433998980030616,0.0427747646079703,0.0449647015642293,51.6827224967188,52.3786859693765,49.94062052455,0.953947368421053,0.38094749627809,0.38094749627809
6,2026071806,NUAA,force_z,Dropout,152,0.0545683265020045,0.0417898648087356,0.0410604759231245,0.0431935391405959,23.4173604220747,24.7540128949781,20.8450361053142,0.921052631578947,0.409323221365967,0.409323221365967
6,2026071806,NUAA,force_z,Bias,152,0.0647431674420931,0.0425599253931284,0.0425045135495567,0.043119773160144,34.2634488323507,34.3490360004812,33.3987278291401,0.625,0.601459421342192,1.77564829306283
6,2026071806,NUAA,force_z,Noise,152,0.0920713300594214,0.0455446919011437,0.0462421436233691,0.0463480344670921,50.5332529987892,49.7757406203157,49.6607310471351,0.631578947368421,0.601407530132474,1.13676341399775
6,2026071806,NUAA,vibration_x,Saturation,152,0.0397145519139725,0.0395381377630809,0.0395176528204299,0.0401040677128648,0.444205316161567,0.495785761272506,-0.980788602968622,1,0.392237210485089,0.392237210485089
6,2026071806,NUAA,vibration_x,Dropout,152,0.0392262205795413,0.0395381377630809,0.0395176528204299,0.0401040677128648,-0.795175214260484,-0.742952638778089,-2.23790903215748,1,0.40445599282023,0.40445599282023
6,2026071806,NUAA,vibration_x,Bias,152,0.0406759229816399,0.0403950205376935,0.0409720933527608,0.0404281799546576,0.690586527251478,-0.728122066841785,0.609065532684169,0.0131578947368421,0.577674096733514,1.73197919140956
6,2026071806,NUAA,vibration_x,Noise,152,0.0401517767931614,0.040330056413732,0.0412237604680569,0.0403732719968961,-0.444014274857602,-2.66982873614238,-0.551644837227818,0.00657894736842105,0.586340374000071,1.11538730533326
6,2026071806,NUAA,vibration_y,Saturation,152,0.0461434664832644,0.0381670474217936,0.0380965929566498,0.0380944885855088,17.2861288268488,17.438814505913,17.4433750023417,1,0.397722977295507,0.397722977295507
6,2026071806,NUAA,vibration_y,Dropout,152,0.0422108102493251,0.0381670474217936,0.0380965929566498,0.0380944885855088,9.5799223081633,9.74683325994934,9.75181864432982,1,0.39258415846686,0.39258415846686
6,2026071806,NUAA,vibration_y,Bias,152,0.0446660727905169,0.0388833811278636,0.0387530248129922,0.038775874406547,12.9464967510665,13.2383431273592,13.1871866407302,0.348684210526316,0.611521730884293,1.70164146726341
6,2026071806,NUAA,vibration_y,Noise,152,0.0399541438322958,0.039863519832,0.0395785963526198,0.039828872920962,0.22682002817056,0.939946257520369,0.313536718142672,0.0197368421052632,0.617900510955381,1.1726649987412
6,2026071806,PHM2010,force_z,Saturation,945,0.0188417367410478,0.0132185972114446,0.0112049374226772,0.0109959153803692,29.8440616535785,40.531291904389,41.6406484630793,1,0.408900709227286,0.408900709227286
6,2026071806,PHM2010,force_z,Dropout,945,0.0214270012775439,0.0132185972114446,0.0112049374226772,0.0109959153803692,38.3086926620104,47.7064602856009,48.6819679621092,1,0.39562541429823,0.39562541429823
6,2026071806,PHM2010,force_z,Bias,945,0.0141106921298396,0.0128422521108289,0.0124954849605483,0.012686611019299,8.98921192057138,11.4466898889787,10.0922130355969,0.279365079365079,0.599829512083527,1.7256736138376
6,2026071806,PHM2010,force_z,Noise,945,0.0137063678131116,0.0134248720896775,0.0137898204764743,0.0135065604970467,2.0537587147255,-0.608860527461467,1.4577699853772,0.0518518518518519,0.607184168554449,1.15137751032815
6,2026071806,PHM2010,vibration_x,Saturation,945,0.0148483331772457,0.0120327751615191,0.01240993401874,0.0129408632073249,18.9621150207031,16.4220396282756,12.8463575483604,0.998941798941799,0.403064728050674,0.403064728050674
6,2026071806,PHM2010,vibration_x,Dropout,945,0.0127590355209492,0.0127525230551479,0.0128041995622894,0.0131968261928074,0.051041991305859,-0.35397692298889,-3.43122073090368,0.762962962962963,0.394961307384415,0.394961307384415
6,2026071806,PHM2010,vibration_x,Bias,945,0.015220801590038,0.0153728467446748,0.0142701592494057,0.0152870009396738,-0.998930008629028,6.24567855384477,-0.434926828552277,0.035978835978836,0.598721689734313,1.72134268746609
6,2026071806,PHM2010,vibration_x,Noise,945,0.0139580824897375,0.0139732045769956,0.0134131106973273,0.0139767707890268,-0.108339288503563,3.90434569226017,-0.133888729366008,0,0.596179647485809,1.16229683451869
6,2026071806,PHM2010,vibration_y,Saturation,945,0.0138290983620905,0.0124351153521854,0.0130981370762768,0.0130460477521461,10.0800715520713,5.28567565776667,5.66234030188776,0.998941798941799,0.396475451444897,0.396475451444897
6,2026071806,PHM2010,vibration_y,Dropout,945,0.0117908567171676,0.0128766631362874,0.0132567166018776,0.0129739057658498,-9.20888486023999,-12.4321745219386,-10.0336139863327,0.657142857142857,0.402861073832235,0.402861073832235
6,2026071806,PHM2010,vibration_y,Bias,945,0.0137307275954344,0.0137950508069417,0.0157029720957461,0.0137578700213134,-0.468461784419174,-14.3637289910802,-0.197676530179332,0.0380952380952381,0.597168814984959,1.75331166057021
6,2026071806,PHM2010,vibration_y,Noise,945,0.0141816921779685,0.0141835792441634,0.0130044597117306,0.0141952071846446,-0.0133063542151014,8.30107191345384,-0.0952989707185968,0,0.620768034399201,1.12738258858534
7,2026071807,NUAA,force_z,Saturation,152,0.0905569446781724,0.0416750362751459,0.040850667935119,0.0433583354556892,53.9791935082907,54.8895249499671,52.120364031959,0.986842105263158,0.366839281712639,0.366839281712639
7,2026071807,NUAA,force_z,Dropout,152,0.058855765755053,0.0419022243188634,0.0412617213209113,0.0436853538814001,28.8052346591618,29.8934933704965,25.7755747105379,0.940789473684211,0.403776817273569,0.403776817273569
7,2026071807,NUAA,force_z,Bias,152,0.0657110093070609,0.0459258707220542,0.0456857789644974,0.0473543801555633,30.1093207875605,30.4746960269438,27.9353936959314,0.605263157894737,0.561926591011175,1.70796399082478
7,2026071807,NUAA,force_z,Noise,152,0.091233486283364,0.0465198335183758,0.0461180216637461,0.0477138793867366,49.0101327774663,49.450554240022,47.7013525071913,0.618421052631579,0.591105555238617,1.12562227838476
7,2026071807,NUAA,vibration_x,Saturation,152,0.0385364945441777,0.0395381377630809,0.0395176528204299,0.0401040677128648,-2.59920688363336,-2.54604962869011,-4.06776274601243,1,0.40531725070051,0.40531725070051
7,2026071807,NUAA,vibration_x,Dropout,152,0.0395693275809178,0.0395381377630809,0.0395176528204299,0.0401040677128648,0.0788232192550648,0.130592970988022,-1.35140060405001,1,0.413385419051828,0.413385419051828
7,2026071807,NUAA,vibration_x,Bias,152,0.0395704498764803,0.0399479012737301,0.0404729800463544,0.0400981145131235,-0.95387188780519,-2.28081857217019,-1.33348152040283,0.0197368421052632,0.59398273066354,1.7513806083811
7,2026071807,NUAA,vibration_x,Noise,152,0.0404367587668537,0.0405474279986387,0.0415527752575901,0.0405900114551053,-0.273684724394246,-2.75990589940973,-0.378993502261703,0.00657894736842105,0.621939305358776,1.10805544614992
7,2026071807,NUAA,vibration_y,Saturation,152,0.0511243819510254,0.0381670474217936,0.0380965929566498,0.0380944885855088,25.3447260089019,25.4825359196627,25.4866520987943,1,0.407552712547194,0.407552712547194
7,2026071807,NUAA,vibration_y,Dropout,152,0.0423784561091622,0.0381670474217936,0.0380965929566498,0.0380944885855088,9.93761706778688,10.1038677328943,10.1088333954839,1,0.403677718055408,0.403677718055408
7,2026071807,NUAA,vibration_y,Bias,152,0.0464054551806559,0.0399985115322617,0.0403054676331163,0.0402988465739667,13.8064450040455,13.1449794507832,13.1592472973625,0.361842105263158,0.587586166666985,1.64046265088788
7,2026071807,NUAA,vibration_y,Noise,152,0.0403508074590207,0.0398850165054257,0.0394518883747615,0.0398933979436027,1.15435348863366,2.22775984141615,1.13358206247182,0.0328947368421053,0.604755048340695,1.13466217582514
7,2026071807,PHM2010,force_z,Saturation,945,0.0188599241804236,0.0132185972114446,0.0112049374226772,0.0109959153803692,29.9117160546946,40.5886401478334,41.6969269060853,1,0.405533777363437,0.405533777363437
7,2026071807,PHM2010,force_z,Dropout,945,0.0222689296378334,0.0132185972114446,0.0112049374226772,0.0109959153803692,40.6410751373202,49.6835384326654,50.6221647865467,1,0.398516907959335,0.398516907959335
7,2026071807,PHM2010,force_z,Bias,945,0.0142871373645592,0.0129682403182397,0.0126011840388772,0.0128077500036855,9.231359737544,11.8004977670629,10.3546800392881,0.300529100529101,0.611895626023508,1.73810529878035
7,2026071807,PHM2010,force_z,Noise,945,0.0135496241405578,0.0133008206484586,0.0135760963615209,0.0133885094205397,1.83623906846569,-0.195372363753229,1.18907150742159,0.0507936507936508,0.601741857672777,1.14655566335669
7,2026071807,PHM2010,vibration_x,Saturation,945,0.0148070790161533,0.0120381901625594,0.0124153309526814,0.012946702003892,18.6997641504667,16.1527338434727,12.5641053865639,0.998941798941799,0.399859299266286,0.399859299266286
7,2026071807,PHM2010,vibration_x,Dropout,945,0.0127509316599191,0.012727973907471,0.0127308095736,0.013317851676398,0.180047647187689,0.157808753554739,-4.44610661871032,0.778835978835979,0.405548490715054,0.405548490715054
7,2026071807,PHM2010,vibration_x,Bias,945,0.0156076312862871,0.0156324183554336,0.0141509574511799,0.015614800892002,-0.158813779565859,9.33308718272363,-0.045936539525791,0.0455026455026455,0.596814421344919,1.76566516650049
7,2026071807,PHM2010,vibration_x,Noise,945,0.0139471343880575,0.0139509885422261,0.0134245913627437,0.013943498436418,-0.027634021881482,3.74659776535339,0.0260695246657756,0,0.599976967923639,1.11261240118743
7,2026071807,PHM2010,vibration_y,Saturation,945,0.0136642648048681,0.012433357675554,0.0130956521285625,0.0130442098278132,9.00822069018749,4.16131189219192,4.53778513450618,0.998941798941799,0.400596990085238,0.400596990085238
7,2026071807,PHM2010,vibration_y,Dropout,945,0.0118054358757554,0.0128976825500565,0.0131800080327021,0.0130994355647412,-9.25206562295797,-11.6435527786793,-10.9610496605495,0.641269841269841,0.399886007752756,0.399886007752756
7,2026071807,PHM2010,vibration_y,Bias,945,0.0141382773909593,0.014147257044535,0.0155608816847567,0.0141192741995459,-0.0635130668855023,-10.0620765490647,0.134409524497883,0.0486772486772487,0.610375933699898,1.74955169320324
7,2026071807,PHM2010,vibration_y,Noise,945,0.014117701161586,0.0141246737734347,0.013015017269461,0.0141298950072505,-0.0493891446551327,7.81064763663808,-0.0863727424518186,0.00211640211640212,0.588117688643943,1.11351723765385
8,2026071808,NUAA,force_z,Saturation,152,0.0918632878810695,0.0420240328700138,0.0417367143260212,0.0435912133385307,54.2537243774465,54.5664919156219,52.5477322399281,0.953947368421053,0.367047164558563,0.367047164558563
8,2026071808,NUAA,force_z,Dropout,152,0.0537647274599278,0.0416482654166576,0.0408778662306648,0.0432479487631621,22.5360800950789,23.9689882904512,19.5607402727078,0.934210526315789,0.394612605777531,0.394612605777531
8,2026071808,NUAA,force_z,Bias,152,0.0646674531231259,0.0448188273890409,0.0443490866953359,0.0451971887962085,30.6933778515963,31.4197721520038,30.1082900077204,0.559210526315789,0.612816320822252,1.70912987352361
8,2026071808,NUAA,force_z,Noise,152,0.0892504483013796,0.0447414695934876,0.0438837312928172,0.0460088823794893,49.869753659494,50.8308001494499,48.4496904439884,0.611842105263158,0.585321944622013,1.11723399803017
8,2026071808,NUAA,vibration_x,Saturation,152,0.0384597463553568,0.0395381377630809,0.0395176528204299,0.0401040677128648,-2.80394830938326,-2.75068497669831,-4.27543474237968,1,0.394557221928279,0.394557221928279
8,2026071808,NUAA,vibration_x,Dropout,152,0.0394668838877382,0.0395381377630809,0.0395176528204299,0.0401040677128648,-0.180540920193646,-0.128636790368474,-1.61447715745442,1,0.402816903948826,0.402816903948826
8,2026071808,NUAA,vibration_x,Bias,152,0.0398329667736643,0.039697731564564,0.0402983111893223,0.039713791520938,0.339505741233634,-1.1682394090857,0.299187488101111,0.00657894736842105,0.603995332476936,1.74471781776202
8,2026071808,NUAA,vibration_x,Noise,152,0.0400705310420262,0.0402527867451951,0.0410968305611251,0.0402822139308551,-0.454837254284817,-2.56123263757714,-0.528275726136204,0.00657894736842105,0.590172532328666,1.07802988844294
8,2026071808,NUAA,vibration_y,Saturation,152,0.05114732099279,0.0381670474217936,0.0380965929566498,0.0380944885855088,25.3782081232098,25.5159562276583,25.5200705607264,1,0.423837032561811,0.423837032561811
8,2026071808,NUAA,vibration_y,Dropout,152,0.0418729073382042,0.0381670474217936,0.0380965929566498,0.0380944885855088,8.85025700861596,9.01851488613732,9.02354050120639,1,0.382070232684617,0.382070232684617
8,2026071808,NUAA,vibration_y,Bias,152,0.0500058884082956,0.0438419492537755,0.040916114794476,0.0437748178500138,12.3264266483814,18.1774065078137,12.4606736458821,0.388157894736842,0.600402072090399,1.68985745371407
8,2026071808,NUAA,vibration_y,Noise,152,0.0398739124600681,0.040163111679202,0.0397503880176283,0.0401029403561524,-0.72528428060217,0.309787615056596,-0.574380295170898,0.0328947368421053,0.604693340603468,1.13902438981091
8,2026071808,PHM2010,force_z,Saturation,945,0.0187223144875876,0.0132185972114446,0.0112049374226772,0.0109959153803692,29.3965646170075,40.151964490791,41.2683971970494,1,0.403287361883073,0.403287361883073
8,2026071808,PHM2010,force_z,Dropout,945,0.0217523908376096,0.0132185972114446,0.0112049374226772,0.0109959153803692,39.231520295278,48.4887086374705,49.4496238944113,1,0.397422207814373,0.397422207814373
8,2026071808,PHM2010,force_z,Bias,945,0.0142150585383517,0.0128065642882512,0.0121666942145111,0.0126888038963673,9.90846605591124,14.4098198281361,10.7368860836319,0.261375661375661,0.584831599683978,1.71127481658098
8,2026071808,PHM2010,force_z,Noise,945,0.0136648553882521,0.0133713711951365,0.0137035435067937,0.0134254004167309,2.14772995964402,-0.283121317001877,1.75234179007148,0.0507936507936508,0.616292963645449,1.11399473851818
8,2026071808,PHM2010,vibration_x,Saturation,945,0.0147042744803617,0.0120341249535824,0.0124110868159765,0.0129424076281958,18.1590022026955,15.5953812440586,11.9820046512257,0.998941798941799,0.405438055454837,0.405438055454837
8,2026071808,PHM2010,vibration_x,Dropout,945,0.0127400209662982,0.0127385919560772,0.0127887896337263,0.0132460319963458,0.0112167022706148,-0.382798957372947,-3.9718225847988,0.772486772486772,0.398770132471936,0.398770132471936
8,2026071808,PHM2010,vibration_x,Bias,945,0.0156666300503042,0.0157706328528851,0.0143483985522721,0.0156699917525128,-0.663849227606133,8.41426327039964,-0.0214577238232027,0.0423280423280423,0.602333117926687,1.80045651802988
8,2026071808,PHM2010,vibration_x,Noise,945,0.0137868447129528,0.0137940860411238,0.0132086898694659,0.01378700565783,-0.052523462197182,4.19352546231055,-0.00116738006801865,0,0.611527651552333,1.12412909417515
8,2026071808,PHM2010,vibration_y,Saturation,945,0.0139091193087022,0.0124338666628528,0.0130964377746861,0.0130447441101471,10.6063699153579,5.84279648466064,6.21444952315811,0.998941798941799,0.398319349662939,0.398319349662939
8,2026071808,PHM2010,vibration_y,Dropout,945,0.0118609701230202,0.0129003163782143,0.0132756263128322,0.0129365891892238,-8.762742376164,-11.9269855259678,-9.06855893782219,0.614814814814815,0.387991850100511,0.387991850100511
8,2026071808,PHM2010,vibration_y,Bias,945,0.0141612795393789,0.0141632413710103,0.0155178164523208,0.014143185135159,-0.0138534913171872,-9.57919733997038,0.127773794518879,0.0391534391534392,0.602470814213819,1.76398854197082
8,2026071808,PHM2010,vibration_y,Noise,945,0.0142508551136864,0.0142516314573363,0.0130511874521175,0.0142640568591985,-0.00544769870782329,8.41821527198553,-0.0926382691200493,0,0.603487810325007,1.13128668459682
9,2026071809,NUAA,force_z,Saturation,152,0.0931607758457969,0.0416471892241067,0.0405288887007418,0.0430021721194304,55.2953602565068,56.4957587216462,53.8409038256517,0.960526315789474,0.403256643655136,0.403256643655136
9,2026071809,NUAA,force_z,Dropout,152,0.0534296767316638,0.0417147015154048,0.0408972801964289,0.043309512744138,21.9259706082339,23.4558719083694,18.9410915554507,0.914473684210526,0.386760691322768,0.386760691322768
9,2026071809,NUAA,force_z,Bias,152,0.0679250645041651,0.0446543439611918,0.0440355648026342,0.0451974988687481,34.2594014637209,35.1703747002935,33.4597630511244,0.611842105263158,0.5807966801728,1.8011424734905
9,2026071809,NUAA,force_z,Noise,152,0.0886879513189962,0.0476720667898148,0.0469898348151604,0.0483520849024877,46.2474145801992,47.0166644777422,45.4806609202494,0.585526315789474,0.608817525785896,1.08997030909636
9,2026071809,NUAA,vibration_x,Saturation,152,0.038825799123099,0.0395381377630809,0.0395176528204299,0.0401040677128648,-1.83470438747028,-1.78194322578473,-3.29231752761352,1,0.400517656450743,0.400517656450743
9,2026071809,NUAA,vibration_x,Dropout,152,0.0392677300895785,0.0395381377630809,0.0395176528204299,0.0401040677128648,-0.68862568038835,-0.636458308848638,-2.12983439933619,1,0.387118690339891,0.387118690339891
9,2026071809,NUAA,vibration_x,Bias,152,0.0408211088744646,0.0402342596397764,0.0408485990280125,0.0402628804882918,1.43761218366908,-0.067342985788164,1.36749931975016,0.0131578947368421,0.604889875975547,1.76603453619907
9,2026071809,NUAA,vibration_x,Noise,152,0.0403266747240033,0.0404159869424497,0.0413929866972532,0.0404585357958486,-0.221471815014856,-2.64418522119126,-0.326982258636018,0.00657894736842105,0.566907299111718,1.1101851270937
9,2026071809,NUAA,vibration_y,Saturation,152,0.0529409441494908,0.0381670474217936,0.0380965929566498,0.0380944885855088,27.9063718357191,28.0394530761004,28.04342801681,1,0.440218864955271,0.440218864955271
9,2026071809,NUAA,vibration_y,Dropout,152,0.0419320413234099,0.0381670474217936,0.0380965929566498,0.0380944885855088,8.97879946406147,9.14682005862388,9.15183858640032,1,0.395624016908707,0.395624016908707
9,2026071809,NUAA,vibration_y,Bias,152,0.0479357630266513,0.0414154607727407,0.0407066831009092,0.0418316659061822,13.6021664039966,15.0807653186263,12.7339104148095,0.381578947368421,0.58360571364403,1.69094101404617
9,2026071809,NUAA,vibration_y,Noise,152,0.0395556629656991,0.0397944354641532,0.03949066731698,0.039840214739327,-0.603636699658237,0.164314396083931,-0.719370508022235,0.0131578947368421,0.641248483051263,1.08503083306681
9,2026071809,PHM2010,force_z,Saturation,945,0.0186219488422669,0.0132185972114446,0.0112049374226772,0.0109959153803692,29.0160373470588,39.8294049801868,40.9518548595118,1,0.401209750337744,0.401209750337744
9,2026071809,PHM2010,force_z,Dropout,945,0.0227332402075445,0.0132185972114446,0.0112049374226772,0.0109959153803692,41.8534397614921,50.7112170531738,51.6306726186792,1,0.39649289211231,0.39649289211231
9,2026071809,PHM2010,force_z,Bias,945,0.0142819776664349,0.0124680892051051,0.0123642995072301,0.0123469022771111,12.7005412254128,13.4272591933235,13.5490716658347,0.28042328042328,0.591951418411464,1.71400306331298
9,2026071809,PHM2010,force_z,Noise,945,0.013367135409516,0.0132514119906479,0.0137987477917757,0.013263966997355,0.865730878926329,-3.22890708470283,0.771806441697276,0.0423280423280423,0.605608337916557,1.12844732503963
9,2026071809,PHM2010,vibration_x,Saturation,945,0.0151456758352563,0.0120329876711946,0.012410115341526,0.0129410332179043,20.5516623881252,18.0616601298339,14.5562511790992,0.998941798941799,0.399479438919522,0.399479438919522
9,2026071809,PHM2010,vibration_x,Dropout,945,0.0127427390189373,0.012774218540368,0.0128216918293251,0.0133572841266478,-0.247038893160322,-0.619590578371659,-4.82270810692415,0.769312169312169,0.4039950213938,0.4039950213938
9,2026071809,PHM2010,vibration_x,Bias,945,0.0148554545653055,0.0149389946244404,0.0139901577574307,0.0148948891699724,-0.562352762533706,5.82477502839682,-0.265455388750353,0.0306878306878307,0.595735860435953,1.7276910143488
9,2026071809,PHM2010,vibration_x,Noise,945,0.0138792198545804,0.0138902459698135,0.0133365948284731,0.0139007302789511,-0.0794433357829713,3.90962195132489,-0.154982950022437,0,0.599409487383672,1.13754464636853
9,2026071809,PHM2010,vibration_y,Saturation,945,0.0138341868818715,0.0124353907569983,0.0130984789519442,0.0130463323110232,10.1111553343711,5.31804244231634,5.69498285353268,0.998941798941799,0.399124288289712,0.399124288289712
9,2026071809,PHM2010,vibration_y,Dropout,945,0.0117884138166446,0.012725752040401,0.0132009744111233,0.0128934639680411,-7.95135154173871,-11.9826179878772,-9.37403596942135,0.662433862433862,0.396260715347594,0.396260715347594
9,2026071809,PHM2010,vibration_y,Bias,945,0.0142108519257773,0.0142382923189454,0.0158959575777657,0.0142187376947955,-0.193094638600426,-11.8578791812736,-0.0554911771606045,0.0423280423280423,0.605413537137576,1.81802122712094
9,2026071809,PHM2010,vibration_y,Noise,945,0.014279623610276,0.014283407948522,0.0129335031135937,0.0142925487971789,-0.0265016666354577,9.42686259400785,-0.090514899101477,0,0.601840414984838,1.10034560143507
10,2026071810,NUAA,force_z,Saturation,152,0.0953469940087859,0.0422851767780955,0.0415115231788456,0.043904032940245,55.6512743608895,56.4626828455437,53.9534167839634,0.947368421052632,0.404070582605205,0.404070582605205
10,2026071810,NUAA,force_z,Dropout,152,0.0553764307722944,0.0416148949283,0.0407192428713936,0.0431151904597164,24.8508899040122,26.4682784652022,22.1416226029368,0.940789473684211,0.416593662539641,0.416593662539641
10,2026071810,NUAA,force_z,Bias,152,0.0649511865046078,0.0480242956008519,0.0471520979176097,0.0490496220131134,26.0609417851899,27.4037928248399,24.4823310354251,0.546052631578947,0.62773994659943,1.74018488327313
10,2026071810,NUAA,force_z,Noise,152,0.087998923579956,0.0461155361899258,0.0459008808527864,0.046857895311283,47.5953405861548,47.8392700893883,46.7517403565649,0.638157894736842,0.609387294811653,1.1162545450671
10,2026071810,NUAA,vibration_x,Saturation,152,0.0385550859715729,0.0395381377630809,0.0395176528204299,0.0401040677128648,-2.54973310715181,-2.4966014848643,-4.01758082561152,1,0.417930424610566,0.417930424610566
10,2026071810,NUAA,vibration_x,Dropout,152,0.0393648217476454,0.0395381377630809,0.0395176528204299,0.0401040677128648,-0.440281468938359,-0.388242766001092,-1.87793550789704,1,0.396296306050251,0.396296306050251
10,2026071810,NUAA,vibration_x,Bias,152,0.0408191078710598,0.0407186375815843,0.0414899784114049,0.0407193048403004,0.246135436847057,-1.64352082966718,0.244500764383736,0.0131578947368421,0.603606785861145,1.74845821586363
10,2026071810,NUAA,vibration_x,Noise,152,0.0402785381750636,0.0403017571940128,0.0411769560667908,0.0403341084655263,-0.0576461311687442,-2.23051265620026,-0.137965013082619,0.00657894736842105,0.598097107012918,1.12037206189201
10,2026071810,NUAA,vibration_y,Saturation,152,0.0501291121695205,0.0381670474217936,0.0380965929566498,0.0380944885855088,23.8625106849591,24.0030566912508,24.0072545935275,1,0.386653606589656,0.386653606589656
10,2026071810,NUAA,vibration_y,Dropout,152,0.0420217366940085,0.0381670474217936,0.0380965929566498,0.0380944885855088,9.17308415947636,9.34074611418513,9.34575392991719,1,0.424224701879091,0.424224701879091
10,2026071810,NUAA,vibration_y,Bias,152,0.050250576447887,0.0404341714361562,0.0402030478272719,0.0398555222080685,19.5349102550317,19.9948524591256,20.686437797582,0.473684210526316,0.621537363685056,1.82722783674055
10,2026071810,NUAA,vibration_y,Noise,152,0.0396401173199982,0.0394818195093474,0.039272480321425,0.0394281379205591,0.399337391897363,0.927436706620806,0.534759768059811,0.0328947368421053,0.601843538319522,1.05205995450955
10,2026071810,PHM2010,force_z,Saturation,945,0.0183632516724752,0.0132185972114446,0.0112049374226772,0.0109959153803692,28.0160319794669,38.9817357920745,40.1199984812544,1,0.400413244569012,0.400413244569012
10,2026071810,PHM2010,force_z,Dropout,945,0.0224663570338914,0.0132185972114446,0.0112049374226772,0.0109959153803692,41.1627030074176,50.1257039324437,51.0560819282739,1,0.401034961433401,0.401034961433401
10,2026071810,PHM2010,force_z,Bias,945,0.0141161199995319,0.0125704257221043,0.0124250174033116,0.0124086906936288,10.9498522078223,11.9799392203832,12.0955992578674,0.285714285714286,0.607729972074215,1.76674745500942
10,2026071810,PHM2010,force_z,Noise,945,0.0136585104242787,0.0133548634015386,0.0137106201305377,0.0134147417357214,2.22313424603273,-0.381518222999825,1.78473845964921,0.0486772486772487,0.614301165655112,1.13847154788468
10,2026071810,PHM2010,vibration_x,Saturation,945,0.0147877086435584,0.0120394870614951,0.0124166761877525,0.0129480789697577,18.58449911549,16.0338055946125,12.4402618292185,0.998941798941799,0.399974587373907,0.399974587373907
10,2026071810,PHM2010,vibration_x,Dropout,945,0.0126718478080561,0.0127647082798748,0.0127692079353691,0.0132279745639605,-0.732809241598046,-0.768318313064424,-4.38867925442477,0.774603174603175,0.405996127237782,0.405996127237782
10,2026071810,PHM2010,vibration_x,Bias,945,0.0152140064841802,0.0152135952553965,0.0142329905913851,0.0151980527534411,0.00270296180152809,6.44811012677866,0.104862126591986,0.0402116402116402,0.599850174177461,1.74572351121757
10,2026071810,PHM2010,vibration_x,Noise,945,0.0137986690838763,0.0138041884003579,0.01335170074786,0.0138019286105724,-0.0399989045904437,3.23921338572083,-0.0236220368525699,0.00211640211640212,0.608337319751794,1.13378349948917
10,2026071810,PHM2010,vibration_y,Saturation,945,0.0139053823405406,0.0124343834894257,0.0130972323747849,0.0130452730862871,10.5786293040374,5.81177810119954,6.18544124274715,0.998941798941799,0.412115869390854,0.412115869390854
10,2026071810,PHM2010,vibration_y,Dropout,945,0.0116687774624278,0.0127221876815351,0.013110071042283,0.0128620427538058,-9.02759712831274,-12.3517102326786,-10.2261380441974,0.638095238095238,0.38500031260562,0.38500031260562
10,2026071810,PHM2010,vibration_y,Bias,945,0.0140574795947102,0.0140263810947004,0.0156089073626576,0.0139945024318557,0.221223867338959,-11.0363152761122,0.447997540599149,0.0423280423280423,0.606429686878855,1.75594836747622
10,2026071810,PHM2010,vibration_y,Noise,945,0.0143152298877208,0.0143240764620231,0.0130248448986282,0.0143272620118799,-0.0617983390535734,9.01407102235556,-0.0840512115663544,0.00211640211640212,0.601336080711206,1.12229211800561
11,2026071811,NUAA,force_z,Saturation,152,0.0972260945200221,0.0407599897952372,0.0400707627099449,0.0425841791092066,58.0771088292112,58.7859998822713,56.2008745497465,0.986842105263158,0.417019606825004,0.417019606825004
11,2026071811,NUAA,force_z,Dropout,152,0.0547886258271432,0.0414691591833695,0.0407249020874857,0.0431168001665161,24.3106419310393,25.6690572675216,21.3033736189175,0.940789473684211,0.389682256542267,0.389682256542267
11,2026071811,NUAA,force_z,Bias,152,0.065173299862528,0.0469039403817198,0.0457955526792012,0.0478705914738424,28.0319694097802,29.7326469953199,26.5487683225841,0.611842105263158,0.60649766287407,1.75155044365837
11,2026071811,NUAA,force_z,Noise,152,0.0893833561458174,0.0471143649026966,0.0466713947800602,0.0479064175745723,47.2895548631721,47.7851394347714,46.4034249324683,0.605263157894737,0.624671396916844,1.08956954926431
11,2026071811,NUAA,vibration_x,Saturation,152,0.0387117860495038,0.0395381377630809,0.0395176528204299,0.0401040677128648,-2.13462564739437,-2.08170909473301,-3.59653171667315,1,0.422447330181471,0.422447330181471
11,2026071811,NUAA,vibration_x,Dropout,152,0.0395525985105089,0.0395381377630809,0.0395176528204299,0.0401040677128648,0.0365608025073714,0.0883524506480087,-1.39426794477088,1,0.37894108144622,0.37894108144622
11,2026071811,NUAA,vibration_x,Bias,152,0.0404162977386492,0.0403973092428296,0.041153507958981,0.0404182077491468,0.0469822741863646,-1.82404193748524,-0.00472584230748493,0.00657894736842105,0.581708131854499,1.71197627728825
11,2026071811,NUAA,vibration_x,Noise,152,0.0402299936851037,0.0403621272991096,0.041366645515189,0.0404078744084014,-0.328445525097926,-2.82538406290188,-0.442159461147581,0.00657894736842105,0.610621333291554,1.18324039764798
11,2026071811,NUAA,vibration_y,Saturation,152,0.0526613414154931,0.0381670474217936,0.0380965929566498,0.0380944885855088,27.5235943561349,27.6573821846443,27.661378230101,1,0.397507424330336,0.397507424330336
11,2026071811,NUAA,vibration_y,Dropout,152,0.0418600831034052,0.0381670474217936,0.0380965929566498,0.0380944885855088,8.82233241747005,8.99064184239333,8.99566899710739,1,0.38865729319111,0.38865729319111
11,2026071811,NUAA,vibration_y,Bias,152,0.0474172248853393,0.0390295891327068,0.0387222929937067,0.0389409850994669,17.6890059950047,18.3370745813532,17.8758664311735,0.434210526315789,0.628565345503865,1.74741748989213
11,2026071811,NUAA,vibration_y,Noise,152,0.0403620500118693,0.0402687064957162,0.0398297643894076,0.0402012887483691,0.231265548022506,1.31877747117706,0.398298063287011,0.0197368421052632,0.565160689005096,1.08073030840293
11,2026071811,PHM2010,force_z,Saturation,945,0.0186338889556806,0.0132185972114446,0.0112049374226772,0.0109959153803692,29.0615220317988,39.8679607390203,40.9896913815348,1,0.403434256751447,0.403434256751447
11,2026071811,PHM2010,force_z,Dropout,945,0.0223578239922249,0.0132185972114446,0.0112049374226772,0.0109959153803692,40.8770852832482,49.8835958876237,50.8184902779753,1,0.401881007038677,0.401881007038677
11,2026071811,PHM2010,force_z,Bias,945,0.0143434330361551,0.012541205305101,0.0124883353397795,0.0124398537302491,12.5648282842139,12.9334287802614,13.2714343986391,0.279365079365079,0.601793593288878,1.7580673241012
11,2026071811,PHM2010,force_z,Noise,945,0.0132241897765913,0.0130685146358304,0.0136138897670533,0.0131059512496913,1.17719983901395,-2.94687233808306,0.894107910560183,0.0433862433862434,0.606435489242977,1.12824359111803
11,2026071811,PHM2010,vibration_x,Saturation,945,0.0148448505475115,0.0120401539051877,0.0124174032267708,0.0129487963058359,18.8933976354108,16.3521169375972,12.7724710707403,0.998941798941799,0.39376632861081,0.39376632861081
11,2026071811,PHM2010,vibration_x,Dropout,945,0.0127962433075747,0.0126111098322809,0.0127645443067411,0.0131729413783608,1.44677989347226,0.247721148087685,-2.94381766376016,0.787301587301587,0.408574027869629,0.408574027869629
11,2026071811,PHM2010,vibration_x,Bias,945,0.0157250724406422,0.0158069099564265,0.0142266829142943,0.015749932448231,-0.520426955699476,9.52866533368237,-0.158091529833655,0.037037037037037,0.597701673992158,1.77617478817784
11,2026071811,PHM2010,vibration_x,Noise,945,0.0139067907238022,0.0139116972014783,0.0134243168556031,0.0139078457621616,-0.0352811642422355,3.4693401071555,-0.00758649770693359,0.00105820105820106,0.5885694779618,1.12269343679321
11,2026071811,PHM2010,vibration_y,Saturation,945,0.0139370414545925,0.0124337103001088,0.0130962142579547,0.0130445828073258,10.7865873785451,6.03303936045013,6.40350141867881,0.998941798941799,0.403377922855034,0.403377922855034
11,2026071811,PHM2010,vibration_y,Dropout,945,0.0118799397777529,0.0129507396470565,0.013178319961659,0.0129802420877256,-9.01351260474201,-10.9291815295013,-9.26185090629125,0.667724867724868,0.404905976904214,0.404905976904214
11,2026071811,PHM2010,vibration_y,Bias,945,0.0140560925422931,0.0141767658749841,0.0152533363221756,0.0141019532209559,-0.858512650851589,-8.51761452395249,-0.326269043298019,0.0380952380952381,0.591445064118389,1.73072494858262
11,2026071811,PHM2010,vibration_y,Noise,945,0.0144660039294472,0.0144689435049602,0.0130475616786304,0.0144814020002292,-0.0203205773161246,9.8053495473576,-0.106443153597186,0,0.598242987852012,1.11272379206595
12,2026071812,NUAA,force_z,Saturation,152,0.0984775319418763,0.0421336946635607,0.0413593722305209,0.0438335838177022,57.2149161004269,58.0012096008538,55.4887465665023,0.967105263157895,0.419737315483096,0.419737315483096
12,2026071812,NUAA,force_z,Dropout,152,0.054834405683928,0.0415125535700029,0.0406819263471298,0.0430402903171685,24.2946959081017,25.8094879670527,21.5086043509657,0.960526315789474,0.374240066831951,0.374240066831951
12,2026071812,NUAA,force_z,Bias,152,0.0646441735131831,0.0444281482454597,0.0441674603767766,0.0451961912177625,31.2727724233347,31.6760382623357,30.0846638428358,0.539473684210526,0.572801957475458,1.70347136491056
12,2026071812,NUAA,force_z,Noise,152,0.0834319239040425,0.0460509083540238,0.0459993174514978,0.0464970303783244,44.8042113867729,44.8660473125336,44.2694975704959,0.592105263157895,0.59805106914662,1.06016716293547
12,2026071812,NUAA,vibration_x,Saturation,152,0.0388346792432791,0.0395381377630809,0.0395176528204299,0.0401040677128648,-1.81141838560066,-1.7586692885302,-3.2686982210762,1,0.395219679554795,0.395219679554795
12,2026071812,NUAA,vibration_x,Dropout,152,0.0394343241211874,0.0395381377630809,0.0395176528204299,0.0401040677128648,-0.263257058937989,-0.211310073392887,-1.69837725535552,1,0.405235987347494,0.405235987347494
12,2026071812,NUAA,vibration_x,Bias,152,0.0405798260703947,0.040248596568722,0.0407291295259344,0.0403904376524771,0.816241797335652,-0.367925321514966,0.466705839470604,0.0263157894736842,0.598755125462872,1.5870932610278
12,2026071812,NUAA,vibration_x,Noise,152,0.0402490047540366,0.0404101907100351,0.0413701870034643,0.0404461666029766,-0.400471904792388,-2.78561484011656,-0.489855215414433,0.00657894736842105,0.596392388352043,1.06421427734944
12,2026071812,NUAA,vibration_y,Saturation,152,0.0509550962743202,0.0381670474217936,0.0380965929566498,0.0380944885855088,25.096702366494,25.2349701165233,25.2390999706398,1,0.396136615229214,0.396136615229214
12,2026071812,NUAA,vibration_y,Dropout,152,0.0422006897054912,0.0381670474217936,0.0380965929566498,0.0380944885855088,9.55823781992079,9.72518880019014,9.73017538016248,1,0.387925427123002,0.387925427123002
12,2026071812,NUAA,vibration_y,Bias,152,0.0480419600188672,0.0403729545947529,0.0392439373668423,0.0408092176629407,15.9631401822542,18.3132050577655,15.0550526104388,0.394736842105263,0.619209880043243,1.72919444301
12,2026071812,NUAA,vibration_y,Noise,152,0.0404199253745825,0.0404672351079056,0.0402498737347482,0.0404107213375612,-0.117045573154189,0.420712404237095,0.0227710391247968,0.0263157894736842,0.621004258464512,1.07683488037591
12,2026071812,PHM2010,force_z,Saturation,945,0.0186498495897454,0.0132185972114446,0.0112049374226772,0.0109959153803692,29.1222315341739,39.919422037386,41.0401926972358,1,0.403281607582148,0.403281607582148
12,2026071812,PHM2010,force_z,Dropout,945,0.022209366561019,0.0132185972114446,0.0112049374226772,0.0109959153803692,40.4818810337197,49.5485952204343,50.489738866894,1,0.394446215654941,0.394446215654941
12,2026071812,PHM2010,force_z,Bias,945,0.0144751642446025,0.0127870400984102,0.0124782360832137,0.0126971677622145,11.6622106503681,13.7955475160389,12.2830833028434,0.28994708994709,0.607305234600948,1.80646743159845
12,2026071812,PHM2010,force_z,Noise,945,0.0133542354530032,0.0131948179605494,0.0135194163694657,0.0131916694243372,1.19375978516197,-1.23691780816539,1.21733684596269,0.0476190476190476,0.592166007617712,1.12376852438387
12,2026071812,PHM2010,vibration_x,Saturation,945,0.0149003008536446,0.0120373700746465,0.0124145010334323,0.0129458194068235,19.2139125720924,16.6828834171105,13.1170602930675,0.998941798941799,0.411000066688822,0.411000066688822
12,2026071812,PHM2010,vibration_x,Dropout,945,0.0126789173941343,0.012735440204402,0.0127506350208192,0.0132333828905659,-0.445801550011112,-0.565644719146871,-4.37312965449323,0.757671957671958,0.397842017133438,0.397842017133438
12,2026071812,PHM2010,vibration_x,Bias,945,0.0156525481752656,0.015732733358557,0.0143678004715191,0.0157022510566361,-0.512281977308259,8.20791406843708,-0.317538593805398,0.0412698412698413,0.595931328679358,1.78091513376648
12,2026071812,PHM2010,vibration_x,Noise,945,0.0138859311547932,0.0138923354369412,0.013460202415054,0.0138907640828247,-0.0461206531745648,3.06589983050822,-0.0348044936823256,0,0.588373255584454,1.1113115168547
12,2026071812,PHM2010,vibration_y,Saturation,945,0.0135457312947122,0.0124335043022592,0.0130958087142915,0.0130443547162026,8.21090399812675,3.32150823482181,3.70136220482481,0.998941798941799,0.400436540532928,0.400436540532928
12,2026071812,PHM2010,vibration_y,Dropout,945,0.0117690821846452,0.0127485034110695,0.0131502094033254,0.0128793246637632,-8.32198476532107,-11.7352160262942,-9.43355192613533,0.633862433862434,0.391806524651304,0.391806524651304
12,2026071812,PHM2010,vibration_y,Bias,945,0.0137864901517293,0.0139161868686447,0.0156046975523231,0.0138591880698675,-0.940752254475646,-13.1883269823087,-0.527312733974606,0.0391534391534392,0.598548181657818,1.7636600900682
12,2026071812,PHM2010,vibration_y,Noise,945,0.0142580863185853,0.0142651225205009,0.0130368245926351,0.0142680683667511,-0.0493488520009971,8.56539719750714,-0.0700097330227001,0.00105820105820106,0.617951910152939,1.12029325253064
13,2026071813,NUAA,force_z,Saturation,152,0.0906825895009425,0.0424239689557547,0.0415176859272103,0.0441711652552185,53.2170737633008,54.2164751186568,51.2903573902029,0.980263157894737,0.384945797318657,0.384945797318657
13,2026071813,NUAA,force_z,Dropout,152,0.0540902326820565,0.0416251824121282,0.0407344250671877,0.0433687028317851,23.0449189287059,24.6917178067517,19.8215635589752,0.914473684210526,0.392251712369742,0.392251712369742
13,2026071813,NUAA,force_z,Bias,152,0.0645390544912114,0.0449331463441071,0.0447723414096814,0.0464723738481658,30.378362840401,30.6275219514127,27.9934076900768,0.532894736842105,0.616847721079404,1.71208548176905
13,2026071813,NUAA,force_z,Noise,152,0.0895814563259626,0.0429516719728504,0.0425940874110623,0.0442478295643008,52.0529429477447,52.4521154734591,50.6060390408312,0.631578947368421,0.56098184578214,1.18047709947172
13,2026071813,NUAA,vibration_x,Saturation,152,0.0381186883027681,0.0395381377630809,0.0395176528204299,0.0401040677128648,-3.72376260441724,-3.67002271051445,-5.20841481828372,1,0.411877289156212,0.411877289156212
13,2026071813,NUAA,vibration_x,Dropout,152,0.0394581841590656,0.0395381377630809,0.0395176528204299,0.0401040677128648,-0.202628695970935,-0.150713122338702,-1.63688108706554,1,0.430270530859884,0.430270530859884
13,2026071813,NUAA,vibration_x,Bias,152,0.0400370590214966,0.0399407218260961,0.0406254524691456,0.0399591755005168,0.240620059901826,-1.46962205024374,0.194528576482187,0.0131578947368421,0.592514236780098,1.72508493068129
13,2026071813,NUAA,vibration_x,Noise,152,0.0402325857088785,0.0403600574862347,0.0413063957382787,0.0403901247624843,-0.31683714857051,-2.66900575859148,-0.391570789771721,0.00657894736842105,0.613124008512832,1.16906518459092
13,2026071813,NUAA,vibration_y,Saturation,152,0.0498833938340526,0.0381670474217936,0.0380965929566498,0.0380944885855088,23.4874684975042,23.6287068129607,23.6329253934928,1,0.402838973584144,0.402838973584144
13,2026071813,NUAA,vibration_y,Dropout,152,0.0416344376332858,0.0381670474217936,0.0380965929566498,0.0380944885855088,8.32817832687661,8.49739993559463,8.5024543358956,1,0.385237118168985,0.385237118168985
13,2026071813,NUAA,vibration_y,Bias,152,0.045052655394577,0.0394356425653462,0.0389563036998685,0.0393629425332824,12.4676620723823,13.5316145992191,12.6290288806805,0.394736842105263,0.59927263103523,1.67394692226811
13,2026071813,NUAA,vibration_y,Noise,152,0.0401421398583778,0.0400324548014542,0.039419895586333,0.0401007246614709,0.273241678970266,1.79921716827478,0.103171373158043,0.0263157894736842,0.601610789072112,1.17218266964261
13,2026071813,PHM2010,force_z,Saturation,945,0.0184825310902082,0.0132185972114446,0.0112049374226772,0.0109959153803692,28.4805898773919,39.3755250945394,40.5064418574427,1,0.410498875515668,0.410498875515668
13,2026071813,PHM2010,force_z,Dropout,945,0.0219576114345886,0.0132185972114446,0.0112049374226772,0.0109959153803692,39.7994756814848,48.9701443344301,49.9220786690486,1,0.404554127921233,0.404554127921233
13,2026071813,PHM2010,force_z,Bias,945,0.0144620796548721,0.0127547738298301,0.0124633201720447,0.0127321300471805,11.8053963592075,13.8206919787914,11.961969847876,0.263492063492063,0.597792163968065,1.74015642561734
13,2026071813,PHM2010,force_z,Noise,945,0.0135516791983866,0.0134087315707745,0.0139864578996581,0.0134349371134347,1.05483332005873,-3.20830131016719,0.861458445428769,0.0486772486772487,0.60852518739567,1.1220080827152
13,2026071813,PHM2010,vibration_x,Saturation,945,0.0152152212756563,0.0120385187801348,0.0124156848241813,0.0129470490998024,20.8784508484547,18.3995776384411,14.9072572443155,0.998941798941799,0.406989558085213,0.406989558085213
13,2026071813,PHM2010,vibration_x,Dropout,945,0.0126927927141472,0.0127892529444541,0.0127733106091304,0.0132254944739225,-0.759960652310926,-0.634359173718286,-4.1968837888728,0.754497354497354,0.399214816283779,0.399214816283779
13,2026071813,PHM2010,vibration_x,Bias,945,0.0155083401807712,0.0156392678852079,0.0141972247000234,0.0155635661400288,-0.844240601577166,8.45426051701755,-0.356104899776081,0.0328042328042328,0.583932657775496,1.80750910825081
13,2026071813,PHM2010,vibration_x,Noise,945,0.013847237529154,0.0138542040386251,0.0133614354620759,0.0138432753940104,-0.0503097419712352,3.50829590418559,0.0286131810428564,0.00105820105820106,0.605374820938184,1.1323971866598
13,2026071813,PHM2010,vibration_y,Saturation,945,0.0136782246085562,0.0124346271298973,0.0130975070467542,0.0130455402027112,9.09180477911566,4.24556240609425,4.62548630360426,0.998941798941799,0.405339872386901,0.405339872386901
13,2026071813,PHM2010,vibration_y,Dropout,945,0.0119229480937336,0.0128504524237657,0.0132044225376628,0.0128905298439174,-7.77915262853114,-10.7479663071145,-8.11528946177621,0.641269841269841,0.393938695798768,0.393938695798768
13,2026071813,PHM2010,vibration_y,Bias,945,0.013487738974529,0.0135494741654523,0.0154577543083591,0.013524319776498,-0.457713416903758,-14.6059716721268,-0.271215227682635,0.0423280423280423,0.585990607681897,1.78122040528851
13,2026071813,PHM2010,vibration_y,Noise,945,0.0144621797247939,0.0144681402527569,0.0131518169771188,0.0144768279199456,-0.0412145891999196,9.06061722790432,-0.101286219853883,0.00105820105820106,0.60494772855508,1.15844957758664
14,2026071814,NUAA,force_z,Saturation,152,0.0957067649500358,0.0423355431290509,0.0414145139410179,0.0440829977228171,55.7653597933726,56.7277047106977,53.9395174982344,0.993421052631579,0.414448628225594,0.414448628225594
14,2026071814,NUAA,force_z,Dropout,152,0.0530751409165708,0.0417279077872399,0.0410372196319429,0.0431058357109239,21.3795628864512,22.6809031059387,18.7833796264765,0.888157894736842,0.375918566531819,0.375918566531819
14,2026071814,NUAA,force_z,Bias,152,0.0646639125687219,0.042981354692215,0.0429956701257349,0.044064964966961,33.5311567382558,33.5090185270787,31.85539937731,0.631578947368421,0.591074032655316,1.77213040523581
14,2026071814,NUAA,force_z,Noise,152,0.0874709672409098,0.0465154654339749,0.0456921983347782,0.047735209863635,46.8218233989988,47.7630123730836,45.427367080366,0.618421052631579,0.578049241863597,1.11733971217888
14,2026071814,NUAA,vibration_x,Saturation,152,0.0385375950582603,0.0395381377630809,0.0395176528204299,0.0401040677128648,-2.59627696878345,-2.54312123184638,-4.06479089376592,1,0.409391938857073,0.409391938857073
14,2026071814,NUAA,vibration_x,Dropout,152,0.0392964543863379,0.0395381377630809,0.0395176528204299,0.0401040677128648,-0.615025911414127,-0.562896672349333,-2.05518115855181,1,0.395288184779035,0.395288184779035
14,2026071814,NUAA,vibration_x,Bias,152,0.0409224609212498,0.0404917253016188,0.041137299395166,0.0404868809211968,1.05256529039127,-0.524989135745388,1.06440324029202,0.00657894736842105,0.613855845788446,1.82054828369533
14,2026071814,NUAA,vibration_x,Noise,152,0.0401579844493249,0.0403291243275603,0.0412622806238699,0.0403706970756172,-0.42616650357872,-2.7498794814728,-0.529689498138746,0.00657894736842105,0.587411966749111,1.10670122233458
14,2026071814,NUAA,vibration_y,Saturation,152,0.0507643576169535,0.0381670474217936,0.0380965929566498,0.0380944885855088,24.8152656440843,24.9540529122605,24.9581982836191,1,0.405242253748814,0.405242253748814
14,2026071814,NUAA,vibration_y,Dropout,152,0.0417919747781123,0.0381670474217936,0.0380965929566498,0.0380944885855088,8.67374029479273,8.84232401336026,8.84735936082162,1,0.394529439265052,0.394529439265052
14,2026071814,NUAA,vibration_y,Bias,152,0.0431554541012974,0.0401897549723785,0.0403559966246973,0.0404416517534341,6.87213051207295,6.48691465516513,6.28843423010518,0.282894736842105,0.583141599568097,1.65074470517813
14,2026071814,NUAA,vibration_y,Noise,152,0.0399676038314093,0.0397320812231179,0.03939590754901,0.0396746920727657,0.589283784148869,1.43039919233284,0.732872953502773,0.0197368421052632,0.575654258788852,1.1072615168053
14,2026071814,PHM2010,force_z,Saturation,945,0.0184767734846981,0.0132185972114446,0.0112049374226772,0.0109959153803692,28.4583034890164,39.3566337112005,40.487902882634,1,0.396823989922012,0.396823989922012
14,2026071814,PHM2010,force_z,Dropout,945,0.0222513149023545,0.0132185972114446,0.0112049374226772,0.0109959153803692,40.5940850262028,49.6437065771264,50.5830759727115,1,0.406775597578529,0.406775597578529
14,2026071814,PHM2010,force_z,Bias,945,0.0144819613322192,0.0126357070893638,0.0125495124910071,0.0124202758825239,12.7486477867326,13.3438337313665,14.2362308695612,0.276190476190476,0.59678566881961,1.73796865528053
14,2026071814,PHM2010,force_z,Noise,945,0.0134270359727136,0.0132217206452172,0.0136604106880382,0.0132781492922139,1.5291187713626,-1.73809555436428,1.10885738894461,0.0412698412698413,0.617973366645083,1.10398762892181
14,2026071814,PHM2010,vibration_x,Saturation,945,0.0151553441203483,0.0120351033674431,0.0124121550674987,0.0129434324164555,20.5883860381356,18.1004735429693,14.5949289328443,0.998941798941799,0.397935204798658,0.397935204798658
14,2026071814,PHM2010,vibration_x,Dropout,945,0.012729502533463,0.0127922821135276,0.0127823290708906,0.0134215943257841,-0.493181724105154,-0.414992944843498,-5.4369115407432,0.783068783068783,0.413361108436461,0.413361108436461
14,2026071814,PHM2010,vibration_x,Bias,945,0.0155216032381293,0.0155724642266479,0.0142383655201127,0.0154970074240158,-0.327678705210203,8.2674302282401,0.158461814389865,0.0507936507936508,0.606506271039175,1.77651499407988
14,2026071814,PHM2010,vibration_x,Noise,945,0.0139275453943025,0.013936064526509,0.0134157204480454,0.0139257556527464,-0.0611675063002415,3.67491134845969,0.0128503731660516,0.00105820105820106,0.609119840089599,1.12137908352439
14,2026071814,PHM2010,vibration_y,Saturation,945,0.0141321866008835,0.0124343854613112,0.0130972416286078,0.0130452631032332,12.0137186659154,7.32331805052025,7.69112047800414,0.998941798941799,0.402310810205309,0.402310810205309
14,2026071814,PHM2010,vibration_y,Dropout,945,0.0118511267562933,0.0129436434618925,0.0131863126987305,0.0130126822269901,-9.21867370137681,-11.266320662111,-9.80122392227426,0.661375661375661,0.39747298316786,0.39747298316786
14,2026071814,PHM2010,vibration_y,Bias,945,0.0142122358071074,0.01425718071909,0.0157250388511095,0.0142392186459523,-0.316240967238571,-10.6443705588224,-0.18985639705883,0.0349206349206349,0.602549523488786,1.75887223183706
14,2026071814,PHM2010,vibration_y,Noise,945,0.0141953419671326,0.0142064033014256,0.0129904236511809,0.0142114874040126,-0.0779222812566194,8.48812461680433,-0.113737569107863,0,0.595713067884408,1.09135178363647
15,2026071815,NUAA,force_z,Saturation,152,0.092470547741614,0.0421328668913588,0.041489057977097,0.043730406402258,54.4364471495415,55.132678468578,52.7088273290521,0.953947368421053,0.399716935386762,0.399716935386762
15,2026071815,NUAA,force_z,Dropout,152,0.0548816412206508,0.0417490957752613,0.0410636726807485,0.0434254627854359,23.9288497087583,25.1777611466598,20.8743364455073,0.947368421052632,0.397589007851253,0.397589007851253
15,2026071815,NUAA,force_z,Bias,152,0.0599260013815188,0.0448982829065414,0.0443892812211337,0.0449420263983442,25.0771253354673,25.9265090314814,25.0041294892665,0.506578947368421,0.60918884051323,1.6226844014177
15,2026071815,NUAA,force_z,Noise,152,0.0873824310378013,0.0464380493375799,0.0464753934168455,0.0476302406652336,46.8565376517265,46.8138012814722,45.492200091539,0.598684210526316,0.597554130073382,1.08345734078432
15,2026071815,NUAA,vibration_x,Saturation,152,0.0390591685767287,0.0395381377630809,0.0395176528204299,0.0401040677128648,-1.22626569843996,-1.17381977243209,-2.67516993886737,1,0.390681339482513,0.390681339482513
15,2026071815,NUAA,vibration_x,Dropout,152,0.0395261022989569,0.0395381377630809,0.0395176528204299,0.0401040677128648,-0.0304494079204384,0.0213769586059225,-1.46223730722678,1,0.384339177314212,0.384339177314212
15,2026071815,NUAA,vibration_x,Bias,152,0.0399412508882099,0.0398644804278898,0.0404666490753353,0.0399318893834554,0.192208452697022,-1.31542747270477,0.0234381862015958,0.0131578947368421,0.608226596514869,1.73438601776446
15,2026071815,NUAA,vibration_x,Noise,152,0.0401660576064363,0.0403486155833802,0.0412465076220301,0.0403921171727965,-0.454508079266082,-2.68995783997644,-0.562812433759903,0.00657894736842105,0.567362036914794,1.0808646108203
15,2026071815,NUAA,vibration_y,Saturation,152,0.0502035236928576,0.0381670474217936,0.0380965929566498,0.0380944885855088,23.975361460089,24.1156991494807,24.1198908296383,1,0.390623043377503,0.390623043377503
15,2026071815,NUAA,vibration_y,Dropout,152,0.0420485509272678,0.0381670474217936,0.0380965929566498,0.0380944885855088,9.23100420794095,9.39855924513026,9.40356386739342,1,0.386866903588325,0.386866903588325
15,2026071815,NUAA,vibration_y,Bias,152,0.044534704309267,0.0365994726448179,0.0380418142527275,0.036798705805421,17.8180854403875,14.5793941090308,17.3707193610721,0.440789473684211,0.608206779637771,1.79292233133537
15,2026071815,NUAA,vibration_y,Noise,152,0.0401038159535442,0.0399517325674473,0.0394570958247524,0.0398859369767798,0.379224227123486,1.61261494302919,0.543287394438488,0.0197368421052632,0.624593901741716,1.0795772324733
15,2026071815,PHM2010,force_z,Saturation,945,0.0184536235771616,0.0132185972114446,0.0112049374226772,0.0109959153803692,28.3685550636027,39.2805571446436,40.4132454832454,1,0.393353471482371,0.393353471482371
15,2026071815,PHM2010,force_z,Dropout,945,0.0217278912980792,0.0132185972114446,0.0112049374226772,0.0109959153803692,39.1630000808539,48.4306264747017,49.3926252229487,1,0.400751035928361,0.400751035928361
15,2026071815,PHM2010,force_z,Bias,945,0.0143912801499959,0.0127750149293037,0.0124520659044013,0.0125334212008638,11.23086482819,13.4749252699049,12.9096156128448,0.304761904761905,0.615058471881934,1.74300384065424
15,2026071815,PHM2010,force_z,Noise,945,0.0132785032142516,0.0131251686456962,0.0135366350448322,0.013175647349947,1.15475792776723,-1.94398289035737,0.774604355965482,0.0476190476190476,0.607371733199451,1.1235426132565
15,2026071815,PHM2010,vibration_x,Saturation,945,0.015032372224223,0.0120384720963703,0.0124157063961469,0.0129469842143237,19.9163517453914,17.4068722424238,13.8726475022947,0.998941798941799,0.392657589280075,0.392657589280075
15,2026071815,PHM2010,vibration_x,Dropout,945,0.0126635966762308,0.0127825872830771,0.0127559802726973,0.0132658330736794,-0.939627263000789,-0.72952099493161,-4.75565049050378,0.753439153439153,0.396960631572153,0.396960631572153
15,2026071815,PHM2010,vibration_x,Bias,945,0.0154743404581449,0.0155273906479071,0.0141984177241741,0.0154721702265812,-0.342826822931333,8.24540947268112,0.0140247112280252,0.0391534391534392,0.596354946967534,1.76035763899364
15,2026071815,PHM2010,vibration_x,Noise,945,0.0138583876593658,0.0138752157294463,0.0133412801005248,0.0138550646671746,-0.121428772914849,3.73136883994973,0.0239782020307666,0,0.602734282819504,1.13068391287835
15,2026071815,PHM2010,vibration_y,Saturation,945,0.013873949523014,0.012434209141118,0.0130969175177802,0.0130451004593312,10.3772929223061,5.60065469421604,5.97413924786082,0.998941798941799,0.398046095478021,0.398046095478021
15,2026071815,PHM2010,vibration_y,Dropout,945,0.0118658028385488,0.012680807534805,0.0131529561036533,0.0129349028276573,-6.86851709358006,-10.8475868225525,-9.00992544419624,0.66031746031746,0.406013927643293,0.406013927643293
15,2026071815,PHM2010,vibration_y,Bias,945,0.0138525554671454,0.0138958066296757,0.0152045633257134,0.0138422579846296,-0.312225153206749,-9.75998877445181,0.0743363384476875,0.0380952380952381,0.598510303287037,1.7529260386571
15,2026071815,PHM2010,vibration_y,Noise,945,0.0143719291080046,0.0143821887154436,0.0131023475324468,0.0143782693396286,-0.0713864322729506,8.83375896177188,-0.0441153833719011,0,0.597613061035675,1.11062930225344
16,2026071816,NUAA,force_z,Saturation,152,0.0933709731841431,0.0419667498670531,0.041239790177355,0.0436976299651973,55.0537512506294,55.8323226469716,53.1999844544639,0.973684210526316,0.408050870089805,0.408050870089805
16,2026071816,NUAA,force_z,Dropout,152,0.0560210734789908,0.0419486462258457,0.0411603087952196,0.0434726095433423,25.1198814646466,26.5270973240888,22.3995420943771,0.927631578947368,0.376958944337403,0.376958944337403
16,2026071816,NUAA,force_z,Bias,152,0.0695978917640213,0.0464670405834262,0.0458427222223011,0.0470642058796356,33.2349882939309,34.1320246053782,32.376966188557,0.638157894736842,0.58226671932515,1.84839788641431
16,2026071816,NUAA,force_z,Noise,152,0.0931458474790973,0.0466893358750118,0.0462580573319363,0.0482541877938659,49.8750216583844,50.3380359040515,48.1950198534674,0.638157894736842,0.585694734139605,1.14079332863999
16,2026071816,NUAA,vibration_x,Saturation,152,0.0388103370636111,0.0395381377630809,0.0395176528204299,0.0401040677128648,-1.87527538932964,-1.82249320756847,-3.3334692433442,1,0.438937557415666,0.438937557415666
16,2026071816,NUAA,vibration_x,Dropout,152,0.0396388416656607,0.0395381377630809,0.0395176528204299,0.0401040677128648,0.254053595786706,0.305732559626832,-1.17366206391225,1,0.40265853890692,0.40265853890692
16,2026071816,NUAA,vibration_x,Bias,152,0.0402868717729307,0.0402703378858264,0.0408615999181099,0.0403142322654911,0.0410403845636051,-1.42658915891655,-0.0679141649781386,0.0131578947368421,0.626832476055507,1.75151382708464
16,2026071816,NUAA,vibration_x,Noise,152,0.0402852758753861,0.0403380336991569,0.0413790557669592,0.0403761680772325,-0.130960562201222,-2.71508601543755,-0.225621396083939,0.00657894736842105,0.604133337755543,1.18629623943267
16,2026071816,NUAA,vibration_y,Saturation,152,0.0532529698968227,0.0381670474217936,0.0380965929566498,0.0380944885855088,28.3287908716791,28.4610923475973,28.4650439978905,1,0.428454068796656,0.428454068796656
16,2026071816,NUAA,vibration_y,Dropout,152,0.0413557802060046,0.0381670474217936,0.0380965929566498,0.0380944885855088,7.71048875955687,7.8808505923957,7.88593904951237,1,0.395509741019334,0.395509741019334
16,2026071816,NUAA,vibration_y,Bias,152,0.0466664071683983,0.0386373763810402,0.039172082525582,0.038157030496113,17.2051616452599,16.0593563926457,18.2344799795251,0.407894736842105,0.608372007973274,1.73755780588187
16,2026071816,NUAA,vibration_y,Noise,152,0.0407693155696661,0.0397748659070995,0.0392303572988592,0.039799574524676,2.43921107987997,3.7747954541379,2.3786051628288,0.0394736842105263,0.630556386255882,1.18602217662431
16,2026071816,PHM2010,force_z,Saturation,945,0.0187782577440978,0.0132185972114446,0.0112049374226772,0.0109959153803692,29.6069028789462,40.3302607974957,41.4433674826656,1,0.391709240988298,0.391709240988298
16,2026071816,PHM2010,force_z,Dropout,945,0.0220151242505265,0.0132185972114446,0.0112049374226772,0.0109959153803692,39.9567449130865,49.1034559007349,50.0529033802465,1,0.401057446570639,0.401057446570639
16,2026071816,PHM2010,force_z,Bias,945,0.0140943968786068,0.012629605639948,0.0125832823775158,0.0125178608830093,10.3927202509963,10.7213846332409,11.1855513164271,0.270899470899471,0.593627640524783,1.71526683335938
16,2026071816,PHM2010,force_z,Noise,945,0.0132219887310969,0.0131655369669452,0.01349963308572,0.0131801486603332,0.426953655004837,-2.0998683350112,0.316443098044463,0.037037037037037,0.616159391016673,1.11033206318073
16,2026071816,PHM2010,vibration_x,Saturation,945,0.0148708449010405,0.0120336338416944,0.0124108149293258,0.0129417175878114,19.079017219442,16.5426375440346,12.9725467925098,0.998941798941799,0.408347402390857,0.408347402390857
16,2026071816,PHM2010,vibration_x,Dropout,945,0.0127049122995361,0.0127427696918749,0.0127880421126509,0.0132832397032332,-0.297974448356946,-0.65431237268613,-4.55199839292219,0.75978835978836,0.394086052262015,0.394086052262015
16,2026071816,PHM2010,vibration_x,Bias,945,0.0158213662063392,0.0158567751896887,0.0141382135460108,0.015801694241207,-0.223804840162193,10.6384786141537,0.124337967249907,0.0476190476190476,0.605098772230962,1.7502222246528
16,2026071816,PHM2010,vibration_x,Noise,945,0.0139426366192298,0.0139523944049619,0.0134138502167917,0.0139358938558407,-0.0699852258833443,3.79258541177789,0.0483607482088631,0,0.596469667838285,1.13296755174318
16,2026071816,PHM2010,vibration_y,Saturation,945,0.0140415901239959,0.0124332611786574,0.013095954002867,0.0130441234619392,11.4540371221205,6.73453727660748,7.10365886803758,0.998941798941799,0.397612202646649,0.397612202646649
16,2026071816,PHM2010,vibration_y,Dropout,945,0.0117250377478716,0.0127645818629171,0.0131195574347481,0.0129072504872637,-8.86601934594333,-11.8935198066172,-10.0828054016857,0.662433862433862,0.401957898687293,0.401957898687293
16,2026071816,PHM2010,vibration_y,Bias,945,0.0137559907492407,0.0138196276305372,0.0153729301496609,0.0137878724940972,-0.462612126283685,-11.7544379746649,-0.231766256881189,0.0391534391534392,0.5970284116746,1.71004641739829
16,2026071816,PHM2010,vibration_y,Noise,945,0.0142533940181495,0.0142586478188678,0.012985918584985,0.01426598904504,-0.0368599977773878,8.89244646959571,-0.0883651071068989,0,0.590370568949325,1.13085428541221
17,2026071817,NUAA,force_z,Saturation,152,0.0937014965848482,0.0425454135476272,0.0412093263485787,0.0439370506642103,54.594734237674,56.0206316328545,53.1095529254171,0.960526315789474,0.394053247655625,0.394053247655625
17,2026071817,NUAA,force_z,Dropout,152,0.0573901696468056,0.0416046192813254,0.0407875995074513,0.0432561042595416,27.5056694598198,28.9292926672476,24.6280251029903,0.947368421052632,0.397869617794338,0.397869617794338
17,2026071817,NUAA,force_z,Bias,152,0.0644988756135672,0.044055052014993,0.0429850868415849,0.0448921773404416,31.6964030831475,33.3552927354549,30.3985117362283,0.605263157894737,0.605878481215877,1.74516832264735
17,2026071817,NUAA,force_z,Noise,152,0.0896329291490289,0.0453935443142826,0.0444632607103129,0.0461482826849725,49.3561744046001,50.3940559206921,48.5141419307589,0.638157894736842,0.612989128820465,1.12965246242817
17,2026071817,NUAA,vibration_x,Saturation,152,0.0389894205209715,0.0395381377630809,0.0395176528204299,0.0401040677128648,-1.40734905719945,-1.35480931083409,-2.85884523801473,1,0.364403978328157,0.364403978328157
17,2026071817,NUAA,vibration_x,Dropout,152,0.0394101575307157,0.0395381377630809,0.0395176528204299,0.0401040677128648,-0.324739205281092,-0.272760365472913,-1.7607394276675,1,0.372244333370342,0.372244333370342
17,2026071817,NUAA,vibration_x,Bias,152,0.0400885006318715,0.0401737396569595,0.0410219220802095,0.0401925606426492,-0.212627121853869,-2.32840199465059,-0.25957571158195,0.00657894736842105,0.593770090680681,1.7504368551879
17,2026071817,NUAA,vibration_x,Noise,152,0.0401699272943287,0.0403079799558462,0.0412655535888837,0.0403495272008474,-0.343671673851891,-2.72747890860554,-0.447100402255647,0.00657894736842105,0.58801804036364,1.09637496208277
17,2026071817,NUAA,vibration_y,Saturation,152,0.0514106916150298,0.0381670474217936,0.0380965929566498,0.0380944885855088,25.7604863447596,25.8975287826854,25.9016220385334,1,0.386888393389844,0.386888393389844
17,2026071817,NUAA,vibration_y,Dropout,152,0.0419844890323138,0.0381670474217936,0.0380965929566498,0.0380944885855088,9.09250463327561,9.26031533376913,9.26532759231877,1,0.383900084983226,0.383900084983226
17,2026071817,NUAA,vibration_y,Bias,152,0.0499596954292997,0.040141527795518,0.0406233854089577,0.039395925060446,19.6521767184827,18.6876840223219,21.1445852062948,0.447368421052632,0.590295183353647,1.76022206919694
17,2026071817,NUAA,vibration_y,Noise,152,0.0397717835246797,0.0392586587266777,0.0390028057483709,0.0394212722556358,1.29017296315998,1.93347571609803,0.881306388551466,0.0263157894736842,0.590226493339056,1.20747055248094
17,2026071817,PHM2010,force_z,Saturation,945,0.0185842069405571,0.0132185972114446,0.0112049374226772,0.0109959153803692,28.871878936103,39.7072069929213,40.831936409552,1,0.395278539068229,0.395278539068229
17,2026071817,PHM2010,force_z,Dropout,945,0.0217088850470312,0.0132185972114446,0.0112049374226772,0.0109959153803692,39.1097369450013,48.3854771979201,49.3483181814858,1,0.392463012257866,0.392463012257866
17,2026071817,PHM2010,force_z,Bias,945,0.0140945819636158,0.0126784096879097,0.0124740969539279,0.0125850930205819,10.04763588847,11.4972193845197,10.7097106315781,0.263492063492063,0.588452449545259,1.73821214556913
17,2026071817,PHM2010,force_z,Noise,945,0.0132927705676861,0.0131544458363262,0.013631779894086,0.0131594720410487,1.04060120992445,-2.55032857652749,1.00278964387873,0.0444444444444444,0.607724883290493,1.14019315600739
17,2026071817,PHM2010,vibration_x,Saturation,945,0.0148841263666792,0.0120394508984868,0.012416692941629,0.0129480280105464,19.1121426821581,16.5776167459449,13.0078064942199,0.998941798941799,0.406680638297064,0.406680638297064
17,2026071817,PHM2010,vibration_x,Dropout,945,0.0127301456759067,0.0127616965645695,0.0127509606405158,0.0132577995517023,-0.247843893275433,-0.16350924128447,-4.144916242351,0.765079365079365,0.397358142289397,0.397358142289397
17,2026071817,PHM2010,vibration_x,Bias,945,0.0151869616703027,0.0152882439431374,0.0141624648190127,0.0152129036968629,-0.666902801452274,6.74589739232291,-0.170817752249435,0.0391534391534392,0.600275134189145,1.71456023929729
17,2026071817,PHM2010,vibration_x,Noise,945,0.0137935852459899,0.0138031940093831,0.013232893858322,0.0138108079870712,-0.0696611013150115,4.06487057330426,-0.124860511419732,0,0.605141544297985,1.08893188893769
17,2026071817,PHM2010,vibration_y,Saturation,945,0.0140145541529665,0.0124345580337001,0.0130973479775833,0.0130454303747989,11.2739663497034,6.54466895894106,6.91512386045082,0.998941798941799,0.398312337708446,0.398312337708446
17,2026071817,PHM2010,vibration_y,Dropout,945,0.0117759801296586,0.0128148189176115,0.0131492708627243,0.0130618276578961,-8.82167578846764,-11.6617956038065,-10.9192399620222,0.662433862433862,0.39686483364484,0.39686483364484
17,2026071817,PHM2010,vibration_y,Bias,945,0.0137518698016877,0.0138382137210107,0.0155408048617494,0.0138030338928792,-0.627870395576334,-13.0086678092471,-0.372051887701821,0.0423280423280423,0.607262353757382,1.71817369039178
17,2026071817,PHM2010,vibration_y,Noise,945,0.0143540101411509,0.0143625953890573,0.0130688233495173,0.0143655524808669,-0.0598107972747971,8.95350343907851,-0.0804119517995644,0.00211640211640212,0.600195357346097,1.13579711880881
18,2026071818,NUAA,force_z,Saturation,152,0.0920110662253224,0.0418489001976363,0.0407957943819304,0.0435882691250755,54.5175358633991,55.6620784264937,52.6271448498012,0.973684210526316,0.376122878392499,0.376122878392499
18,2026071818,NUAA,force_z,Dropout,152,0.0571985383958078,0.0415189565465579,0.0408755965623657,0.0429336566553802,27.4125568397376,28.5373407979222,24.9392417018004,0.921052631578947,0.427403781095251,0.427403781095251
18,2026071818,NUAA,force_z,Bias,152,0.0610953444042284,0.0462666457202456,0.0461120165733732,0.0471446997798438,24.271405339613,24.5245001513049,22.8342188106548,0.552631578947368,0.640014429466113,1.70818854418626
18,2026071818,NUAA,force_z,Noise,152,0.0905742518818834,0.0438276555400863,0.0430732339271726,0.0453057969344091,51.6113524213909,52.4442840738627,49.9793859810271,0.638157894736842,0.617626607664049,1.09575421558931
18,2026071818,NUAA,vibration_x,Saturation,152,0.0383065741861963,0.0395381377630809,0.0395176528204299,0.0401040677128648,-3.21501883958199,-3.16154252882794,-4.6923891390849,1,0.410215962797577,0.410215962797577
18,2026071818,NUAA,vibration_x,Dropout,152,0.0392594890163195,0.0395381377630809,0.0395176528204299,0.0401040677128648,-0.709761521974069,-0.657583199830023,-2.15127276922608,1,0.395063532521762,0.395063532521762
18,2026071818,NUAA,vibration_x,Bias,152,0.0399964874292383,0.0400823345279082,0.0406360439860765,0.0402175554737632,-0.214636594830362,-1.59903180990498,-0.552718647896203,0.00657894736842105,0.567424293787005,1.86664222105058
18,2026071818,NUAA,vibration_x,Noise,152,0.0403281010200859,0.0404949021582975,0.0415341711894019,0.040528214125074,-0.413610197337383,-2.99064458481522,-0.496212566241179,0.00657894736842105,0.595494808144459,1.02293437137582
18,2026071818,NUAA,vibration_y,Saturation,152,0.0492083248479087,0.0381670474217936,0.0380965929566498,0.0380944885855088,22.4378242101131,22.5810001165507,22.5852765700726,1,0.3978133138972,0.3978133138972
18,2026071818,NUAA,vibration_y,Dropout,152,0.041940167902614,0.0381670474217936,0.0380965929566498,0.0380944885855088,8.99643627937226,9.16442431725362,9.16944187260993,1,0.385145532668405,0.385145532668405
18,2026071818,NUAA,vibration_y,Bias,152,0.0479305165972368,0.0404329313132278,0.0388064257113664,0.0400390627787381,15.6426131331145,19.0360787523754,16.4643621198809,0.440789473684211,0.626154626721645,1.73848987805918
18,2026071818,NUAA,vibration_y,Noise,152,0.0404866209819354,0.0405919780731862,0.0399413960136018,0.0404848309905871,-0.260226931009649,1.34667936002064,0.00442119224771207,0.0263157894736842,0.620586852922151,1.11867146927407
18,2026071818,PHM2010,force_z,Saturation,945,0.0190269786562697,0.0132185972114446,0.0112049374226772,0.0109959153803692,30.5270823589807,41.110264403513,42.2088205436341,1,0.399776221434171,0.399776221434171
18,2026071818,PHM2010,force_z,Dropout,945,0.0219416892280018,0.0132185972114446,0.0112049374226772,0.0109959153803692,39.7557905679609,48.9331140084803,49.8857391237847,1,0.403537857225953,0.403537857225953
18,2026071818,PHM2010,force_z,Bias,945,0.0140053710872103,0.0124988014453406,0.0125338966873564,0.0124111619651991,10.7570847818912,10.5065006181644,11.3828409978159,0.277248677248677,0.601950282124161,1.73354142638591
18,2026071818,PHM2010,force_z,Noise,945,0.0134747130761456,0.0132526832251455,0.013783385333198,0.0132805957268248,1.64775197620456,-2.29075198342355,1.44060469580203,0.0465608465608466,0.617262009397753,1.14473654265595
18,2026071818,PHM2010,vibration_x,Saturation,945,0.0151261993400018,0.0120356060252791,0.0124126361626617,0.0129439615596501,20.432054644087,17.9394910535393,14.4268744005026,0.998941798941799,0.397565795775235,0.397565795775235
18,2026071818,PHM2010,vibration_x,Dropout,945,0.0127632212472441,0.0128215931473498,0.012816421315902,0.0132618790911581,-0.457344576066915,-0.416823211219522,-3.90699051794306,0.754497354497354,0.399658058130536,0.399658058130536
18,2026071818,PHM2010,vibration_x,Bias,945,0.0155957217593796,0.0155331607188624,0.0140896665281437,0.0155312280572224,0.40114232276314,9.65684855418863,0.413534577958409,0.0455026455026455,0.598695335323936,1.76778360596896
18,2026071818,PHM2010,vibration_x,Noise,945,0.0137556089230715,0.0137648915403207,0.0132359854211693,0.0137562800701709,-0.0674824160898208,3.77753907375691,-0.00487907953132753,0.00211640211640212,0.615105565022135,1.11102511118947
18,2026071818,PHM2010,vibration_y,Saturation,945,0.0136067324072225,0.012435447307104,0.0130985586821883,0.0130463911286342,8.60812916036129,3.73472270803583,4.1181178685551,0.998941798941799,0.395531987565457,0.395531987565457
18,2026071818,PHM2010,vibration_y,Dropout,945,0.0117814973859471,0.0127411918629767,0.0131078242291947,0.012892986627449,-8.14577676836147,-11.2577102875703,-9.43419333800205,0.648677248677249,0.395977418769972,0.395977418769972
18,2026071818,PHM2010,vibration_y,Bias,945,0.0140050992405873,0.0140262899824669,0.0157961930290543,0.0139917038717513,-0.151307331105361,-12.7888689519338,0.0956463685538189,0.0444444444444444,0.603001614636194,1.83531010734966
18,2026071818,PHM2010,vibration_y,Noise,945,0.0140626683895652,0.0140692470266393,0.0129397075871443,0.0140759737317163,-0.0467808590220952,7.98540341926983,-0.0946146334574341,0,0.61006963137106,1.11006349891039
19,2026071819,NUAA,force_z,Saturation,152,0.0944442691502137,0.0438307931897855,0.0433061981821342,0.0453271481485399,53.5908387198459,54.1462932883142,52.0064599404681,0.934210526315789,0.389981404398696,0.389981404398696
19,2026071819,NUAA,force_z,Dropout,152,0.0533445362281839,0.0413455600130916,0.0406767363579216,0.0428142430550702,22.4933555777223,23.7471365691047,19.7401531959522,0.907894736842105,0.391861537387833,0.391861537387833
19,2026071819,NUAA,force_z,Bias,152,0.0617318587062761,0.0445974551146051,0.0443985597671481,0.0449662082656506,27.7561763905369,28.0783687748669,27.1588298035824,0.532894736842105,0.607111790670527,1.63642841667558
19,2026071819,NUAA,force_z,Noise,152,0.0947531767279537,0.0439422351077582,0.0438919889958385,0.0449554164720725,53.6245257149309,53.6775541342989,52.5552408642254,0.684210526315789,0.592979586639283,1.19109379660614
19,2026071819,NUAA,vibration_x,Saturation,152,0.0382959580730551,0.0395381377630809,0.0395176528204299,0.0401040677128648,-3.24363131914901,-3.19014018410033,-4.72141116396792,1,0.429743722722739,0.429743722722739
19,2026071819,NUAA,vibration_x,Dropout,152,0.0395264638134058,0.0395381377630809,0.0395176528204299,0.0401040677128648,-0.0295345157367767,0.0222913767785413,-1.46130931971499,1,0.393631927395235,0.393631927395235
19,2026071819,NUAA,vibration_x,Bias,152,0.0400691577572208,0.0401928749304779,0.0409290330647752,0.0403039827792172,-0.308759105960573,-2.14597799325958,-0.586049308596036,0.0131578947368421,0.601700683720894,1.77496416065857
19,2026071819,NUAA,vibration_x,Noise,152,0.0402063452821404,0.040320818903731,0.0412783518727029,0.0403614407078211,-0.284715312439508,-2.66626221070309,-0.385748628959679,0.00657894736842105,0.573941483195531,1.1173794417992
19,2026071819,NUAA,vibration_y,Saturation,152,0.048923574601946,0.0381670474217936,0.0380965929566498,0.0380944885855088,21.9863885001662,22.1303977343993,22.1346990781956,1,0.402289468189861,0.402289468189861
19,2026071819,NUAA,vibration_y,Dropout,152,0.0421644180112705,0.0381670474217936,0.0380965929566498,0.0380944885855088,9.48043582247115,9.64753042134576,9.65252129099439,1,0.39544759620409,0.39544759620409
19,2026071819,NUAA,vibration_y,Bias,152,0.0455200548070524,0.0427066141823101,0.039962137461701,0.0423732985098151,6.18066176912075,12.2098212950533,6.91290094130069,0.315789473684211,0.555390439423529,1.65686231472418
19,2026071819,NUAA,vibration_y,Noise,152,0.0401201072794721,0.0400145817010307,0.0396261085755894,0.0401066519672079,0.263024168171658,1.23129955870128,0.0335375779791075,0.0197368421052632,0.60325506328653,1.11283214335141
19,2026071819,PHM2010,force_z,Saturation,945,0.0187527292618028,0.0132185972114446,0.0112049374226772,0.0109959153803692,29.5110752845489,40.2490311343618,41.3636531149273,1,0.400615583278927,0.400615583278927
19,2026071819,PHM2010,force_z,Dropout,945,0.022035721757937,0.0132185972114446,0.0112049374226772,0.0109959153803692,40.0128693008052,49.1510305595443,50.0995905595484,1,0.39843761824336,0.39843761824336
19,2026071819,PHM2010,force_z,Bias,945,0.0145990693350462,0.0128498633936155,0.0124750525086194,0.0126244564377841,11.9816263714263,14.5489878682058,13.5256080503833,0.322751322751323,0.612448756983506,1.8036679587976
19,2026071819,PHM2010,force_z,Noise,945,0.0135657246088325,0.013514073090098,0.0140913380555458,0.0135686316050638,0.380750164284392,-3.87456963685609,-0.0214289786586147,0.0328042328042328,0.590933496151227,1.15259525460442
19,2026071819,PHM2010,vibration_x,Saturation,945,0.0144808448328622,0.012037676844277,0.0124147778293233,0.0129461627663363,16.8717227260169,14.2675860931145,10.5980147169535,0.998941798941799,0.39641771343108,0.39641771343108
19,2026071819,PHM2010,vibration_x,Dropout,945,0.0126925191309706,0.0128945478907089,0.0127892679096772,0.0133214115990475,-1.59171522732134,-0.762250406781421,-4.95482781304115,0.747089947089947,0.391198508119537,0.391198508119537
19,2026071819,PHM2010,vibration_x,Bias,945,0.0154468226280569,0.0155470107960506,0.0142401138792271,0.0154606427724381,-0.648600494781767,7.8120191957019,-0.0894691724890903,0.037037037037037,0.604470335520887,1.7443889347567
19,2026071819,PHM2010,vibration_x,Noise,945,0.0138145445224036,0.0138214076587408,0.0133877540755371,0.013819234532712,-0.0496805111889066,3.08942829185862,-0.0339498005217374,0,0.608314886588649,1.11688553416327
19,2026071819,PHM2010,vibration_y,Saturation,945,0.0137844307155825,0.0124333638393216,0.013096089749133,0.0130442287523163,9.80139770831114,4.99361185566688,5.3698406451373,0.998941798941799,0.406291501499054,0.406291501499054
19,2026071819,PHM2010,vibration_y,Dropout,945,0.0117963605274723,0.0127605743927174,0.0130969989999171,0.012939874496825,-8.17382499457814,-11.0257606099424,-9.69378620371582,0.643386243386243,0.404760507290763,0.404760507290763
19,2026071819,PHM2010,vibration_y,Bias,945,0.0139338492101622,0.0139298692432837,0.0154523315112526,0.0139550672869572,0.0285632980408814,-10.8977948461146,-0.152277209800477,0.0380952380952381,0.586331848498767,1.7773563782707
19,2026071819,PHM2010,vibration_y,Noise,945,0.014137464175709,0.0141536118175793,0.0129787876600234,0.014146845489751,-0.114218799564258,8.1957874572473,-0.0663578271561964,0.00105820105820106,0.588187152927332,1.08998390944584
20,2026071820,NUAA,force_z,Saturation,152,0.0951605936380886,0.0416906490004591,0.0409553744105018,0.0434360737866684,56.189166747934,56.9618338382148,54.3549781206042,0.993421052631579,0.411163782901094,0.411163782901094
20,2026071820,NUAA,force_z,Dropout,152,0.0564335044426538,0.0417086108381159,0.0408390522300027,0.0432162041717922,26.0924671433455,27.6333223794347,23.4210162941283,0.934210526315789,0.413707374497062,0.413707374497062
20,2026071820,NUAA,force_z,Bias,152,0.0648167772886236,0.0449440341432423,0.0438934940598802,0.0459616563501316,30.6598753851795,32.2806595822773,29.0898772312171,0.578947368421053,0.605314376997315,1.75831155067683
20,2026071820,NUAA,force_z,Noise,152,0.0882515203144956,0.0449531379859807,0.0441522051085354,0.0460179878594943,49.0624775349089,49.9700345657578,47.8558695697215,0.631578947368421,0.610622167132907,1.14729006251036
20,2026071820,NUAA,vibration_x,Saturation,152,0.0391772843919408,0.0395381377630809,0.0395176528204299,0.0401040677128648,-0.921078060260681,-0.868790253770306,-2.36561399113885,1,0.39515302563579,0.39515302563579
20,2026071820,NUAA,vibration_x,Dropout,152,0.039553494799334,0.0395381377630809,0.0395176528204299,0.0401040677128648,0.0388259908029354,0.0906164653361407,-1.39197033365596,1,0.415242448336287,0.415242448336287
20,2026071820,NUAA,vibration_x,Bias,152,0.040728712846888,0.0403306788563088,0.0410278435992903,0.0404146590624819,0.977281045132878,-0.734446859459771,0.771086937087204,0.0131578947368421,0.607198285845804,1.7068611945057
20,2026071820,NUAA,vibration_x,Noise,152,0.0401356357823596,0.0403128824996883,0.0412671260583995,0.0403558381729897,-0.44161930881028,-2.81916619478891,-0.548645577272412,0.00657894736842105,0.583390225839947,1.12355143662491
20,2026071820,NUAA,vibration_y,Saturation,152,0.0508946926595956,0.0381670474217936,0.0380965929566498,0.0380944885855088,25.007804493348,25.1462363444155,25.1503710999883,1,0.41343258993811,0.41343258993811
20,2026071820,NUAA,vibration_y,Dropout,152,0.04156922179464,0.0381670474217936,0.0380965929566498,0.0380944885855088,8.18435906655623,8.35384615845274,8.35890848834537,1,0.404228891448046,0.404228891448046
20,2026071820,NUAA,vibration_y,Bias,152,0.049976311285542,0.0396747727454299,0.0389384198668805,0.0404306798152304,20.612842915224,22.0862467331692,19.1003121774477,0.480263157894737,0.586642554253237,1.83377491973509
20,2026071820,NUAA,vibration_y,Noise,152,0.0397739992859264,0.0399685114733912,0.0395381597117082,0.0399832203395551,-0.489043573583076,0.592949108594245,-0.526024682920939,0.0131578947368421,0.581431097225371,1.07472223928671
20,2026071820,PHM2010,force_z,Saturation,945,0.0188284612562756,0.0132185972114446,0.0112049374226772,0.0109959153803692,29.7945964275825,40.4893619814919,41.5995007201969,1,0.400074882555772,0.400074882555772
20,2026071820,PHM2010,force_z,Dropout,945,0.022188721845382,0.0132185972114446,0.0112049374226772,0.0109959153803692,40.4265044937877,49.5016544857483,50.4436737862043,1,0.401208207424751,0.401208207424751
20,2026071820,PHM2010,force_z,Bias,945,0.0140962691451834,0.0128768173015596,0.0124833765827031,0.0127562435462324,8.65088365626493,11.4419818880334,9.50624300053849,0.28042328042328,0.600655768427586,1.72058879265482
20,2026071820,PHM2010,force_z,Noise,945,0.0134734590277232,0.0133661730931853,0.0138763238516655,0.013398657858221,0.79627610339046,-2.9900623374697,0.555174208406754,0.0338624338624339,0.60091134041302,1.11850796804724
20,2026071820,PHM2010,vibration_x,Saturation,945,0.0150193350068785,0.0120357707099018,0.0124128084344522,0.0129441326395217,19.864822880709,17.3544738913714,13.816872494065,0.998941798941799,0.409015877384787,0.409015877384787
20,2026071820,PHM2010,vibration_x,Dropout,945,0.0127468608129263,0.0127697949949093,0.0127426059237498,0.0133028411372667,-0.179920235418295,0.0333798983053099,-4.36170389321767,0.753439153439153,0.39222020014889,0.39222020014889
20,2026071820,PHM2010,vibration_x,Bias,945,0.0154476975528135,0.0155488793168175,0.0142230232372287,0.015480907660586,-0.654995760099898,7.92787605659531,-0.214984192039048,0.0296296296296296,0.588270780231927,1.76828881901603
20,2026071820,PHM2010,vibration_x,Noise,945,0.0139716497840605,0.0139809162623843,0.0133710633606118,0.0139755447239623,-0.0663234368672272,4.29860777167361,-0.0278774515682555,0.00105820105820106,0.597551435770225,1.13568673835424
20,2026071820,PHM2010,vibration_y,Saturation,945,0.0139018275078726,0.0124348762225776,0.0130978300975876,0.0130457978574787,10.5522190119555,5.78339365691121,6.15767711050367,0.998941798941799,0.397979635791443,0.397979635791443
20,2026071820,PHM2010,vibration_y,Dropout,945,0.0117911273928272,0.0127849575583702,0.0131072921969645,0.012926717249434,-8.42862715695554,-11.1623321527165,-9.63088446739731,0.683597883597884,0.410702805967987,0.410702805967987
20,2026071820,PHM2010,vibration_y,Bias,945,0.0140280316115282,0.0140631632652912,0.015273464486092,0.0140699061417319,-0.250438940657458,-8.87817271198883,-0.298506100950541,0.0433862433862434,0.601966610469756,1.71419093118473
20,2026071820,PHM2010,vibration_y,Noise,945,0.0140375975442163,0.0140539972478373,0.0129879438894566,0.0140486815234461,-0.11682699670938,7.4774451358461,-0.0789592321256581,0,0.590292395770473,1.11999937156288
21,2026071821,NUAA,force_z,Saturation,152,0.0908665658495496,0.0427466513998782,0.0419025543009158,0.0442845308597793,52.9566777392522,53.885619084257,51.2642186421984,0.953947368421053,0.397085329052576,0.397085329052576
21,2026071821,NUAA,force_z,Dropout,152,0.055536941008588,0.0411546941020879,0.0405944076676032,0.0431393654937424,25.8967214349744,26.9055750453994,22.3231155510141,0.901315789473684,0.391062307782492,0.391062307782492
21,2026071821,NUAA,force_z,Bias,152,0.0644936989868521,0.0440323157202728,0.0446410118015247,0.0443855881481764,31.7261741658679,30.7823671105834,31.1784114643121,0.532894736842105,0.588403986777063,1.63608378818992
21,2026071821,NUAA,force_z,Noise,152,0.0880715087147247,0.0441254020155469,0.0444089894596339,0.044448732029559,49.8982103753043,49.5762135704061,49.5310882279372,0.605263157894737,0.611366467622895,1.08272656742711
21,2026071821,NUAA,vibration_x,Saturation,152,0.0392238301899624,0.0395381377630809,0.0395176528204299,0.0401040677128648,-0.80131790188865,-0.749092143843522,-2.24413964327161,1,0.416393873242953,0.416393873242953
21,2026071821,NUAA,vibration_x,Dropout,152,0.0395162696289577,0.0395381377630809,0.0395176528204299,0.0401040677128648,-0.0553395710894801,-0.00350030882260292,-1.48748373625935,1,0.408059676629246,0.408059676629246
21,2026071821,NUAA,vibration_x,Bias,152,0.0399833181434186,0.0401175633695057,0.0408172288231092,0.0402226680512943,-0.335753089839964,-2.08564651062582,-0.598624423858869,0.0197368421052632,0.58548844632483,1.86826777529324
21,2026071821,NUAA,vibration_x,Noise,152,0.0402411637194947,0.0403666235831941,0.0412383026619538,0.040414378507081,-0.311769969113917,-2.47790781948979,-0.430441795355847,0.00657894736842105,0.600590982686728,1.13942933090017
21,2026071821,NUAA,vibration_y,Saturation,152,0.0508078283836805,0.0381670474217936,0.0380965929566498,0.0380944885855088,24.8795930942547,25.0182616171675,25.02240344178,1,0.395588755869273,0.395588755869273
21,2026071821,NUAA,vibration_y,Dropout,152,0.042061410781596,0.0381670474217936,0.0380965929566498,0.0380944885855088,9.25875591768405,9.42625972660188,9.431262818752,1,0.402400092315939,0.402400092315939
21,2026071821,NUAA,vibration_y,Bias,152,0.0486571067937699,0.0406657907983546,0.0397991548465335,0.0410783919179627,16.4237385286511,18.204847207172,15.5757614358968,0.440789473684211,0.620091923994895,1.73166346244251
21,2026071821,NUAA,vibration_y,Noise,152,0.0406210850975462,0.0398455113230807,0.0392828080193163,0.0397609446956531,1.90928866770318,3.2945379844389,2.11747273571725,0.0328947368421053,0.607104705847623,1.13028947647578
21,2026071821,PHM2010,force_z,Saturation,945,0.0188453371851786,0.0132185972114446,0.0112049374226772,0.0109959153803692,29.8574651036719,40.542653535063,41.6517981486832,1,0.400978523071805,0.400978523071805
21,2026071821,PHM2010,force_z,Dropout,945,0.0217049873794434,0.0132185972114446,0.0112049374226772,0.0109959153803692,39.0988025915013,48.3762085331166,49.339222418607,1,0.392870174870112,0.392870174870112
21,2026071821,PHM2010,force_z,Bias,945,0.0143415304908997,0.0127879242689761,0.0121959957817114,0.0126500921744917,10.8329178877345,14.960291096893,11.7939875209361,0.288888888888889,0.613316370620876,1.73580109081831
21,2026071821,PHM2010,force_z,Noise,945,0.0130865725816513,0.0129375792591588,0.0133280243940954,0.0130141126876275,1.13852058331452,-1.8450347555679,0.553696497472263,0.0412698412698413,0.585692907770611,1.11993744936951
21,2026071821,PHM2010,vibration_x,Saturation,945,0.0149701235281151,0.0120392015228996,0.0124163801270553,0.0129477762928004,19.5784757534632,17.0589333899862,13.509222095039,0.998941798941799,0.401507639719824,0.401507639719824
21,2026071821,PHM2010,vibration_x,Dropout,945,0.0127632279797159,0.012770696428481,0.0127526316782816,0.0132337528139209,-0.0585153597269367,0.0830221120481334,-3.68656608620303,0.754497354497354,0.399174289266172,0.399174289266172
21,2026071821,PHM2010,vibration_x,Bias,945,0.0157235511412242,0.0158365413810083,0.0143358933860782,0.0157636123820132,-0.718605096070346,8.82534576752106,-0.25478494284851,0.035978835978836,0.600897452178787,1.76997920662299
21,2026071821,PHM2010,vibration_x,Noise,945,0.0136327497299096,0.0136486525029787,0.013170215698595,0.0136435296282974,-0.116651250731826,3.39281539291982,-0.0790735442327212,0,0.591937844408626,1.11302278205334
21,2026071821,PHM2010,vibration_y,Saturation,945,0.013674792844118,0.0124346608621696,0.0130974455703269,0.013045561413534,9.0687441929462,4.22198186380178,4.60139643617783,0.998941798941799,0.403978951348005,0.403978951348005
21,2026071821,PHM2010,vibration_y,Dropout,945,0.0118146736388195,0.0129122585184695,0.0131855635459419,0.0129931441904226,-9.29001437706869,-11.6032820628925,-9.97463482809247,0.658201058201058,0.400651286742715,0.400651286742715
21,2026071821,PHM2010,vibration_y,Bias,945,0.0139939182543835,0.0140473129764587,0.0153751837312025,0.0140443681814134,-0.381556624131626,-9.87046981202892,-0.360513232339909,0.0486772486772487,0.601100960061665,1.7591347263784
21,2026071821,PHM2010,vibration_y,Noise,945,0.0142403688553461,0.0142431800326869,0.0131094316221238,0.014259141201989,-0.0197409025663743,7.9417692386366,-0.131824862358484,0.00211640211640212,0.604050100097686,1.13074430292898
22,2026071822,NUAA,force_z,Saturation,152,0.0913737989871246,0.0428775438782878,0.0412495412925505,0.0443207688377522,53.0745746006143,54.8562697952802,51.4951010803465,0.953947368421053,0.403242494852278,0.403242494852278
22,2026071822,NUAA,force_z,Dropout,152,0.0564779604393317,0.0419959855998874,0.0411416457954993,0.0434296984641927,25.6418162532635,27.1545121752521,23.1032811270784,0.940789473684211,0.409872691084654,0.409872691084654
22,2026071822,NUAA,force_z,Bias,152,0.0630925929291483,0.0438767493609579,0.0434868653941003,0.0447404542582218,30.4565760829792,31.0745312957178,29.0876279114658,0.592105263157895,0.561955113545729,1.68646497861475
22,2026071822,NUAA,force_z,Noise,152,0.0856818422492035,0.0470127330072459,0.0466464344895324,0.0475909923452493,45.1310432022335,45.5585532884991,44.4561518567351,0.592105263157895,0.582099039146648,1.08787963303026
22,2026071822,NUAA,vibration_x,Saturation,152,0.0383310187496754,0.0395381377630809,0.0395176528204299,0.0401040677128648,-3.14919627179425,-3.09575406410126,-4.62562441861647,1,0.410287879424644,0.410287879424644
22,2026071822,NUAA,vibration_x,Dropout,152,0.0394902617083839,0.0395381377630809,0.0395176528204299,0.0401040677128648,-0.121235090946243,-0.0693616878214095,-1.55432245299774,1,0.397226097278726,0.397226097278726
22,2026071822,NUAA,vibration_x,Bias,152,0.0401277568350346,0.0402020086822603,0.0408450857295396,0.0403622221431992,-0.185038619354956,-1.78761274260579,-0.584297071796048,0.0197368421052632,0.609759989792085,1.77448526056495
22,2026071822,NUAA,vibration_x,Noise,152,0.04052805503991,0.0406574988406534,0.041622968707394,0.0407020862090746,-0.319393073800209,-2.70161907943963,-0.429409131509637,0.00657894736842105,0.605951250426659,1.16826339257912
22,2026071822,NUAA,vibration_y,Saturation,152,0.0534008917685889,0.0381670474217936,0.0380965929566498,0.0380944885855088,28.5273220020571,28.6592569994146,28.6631977035327,1,0.411552615988936,0.411552615988936
22,2026071822,NUAA,vibration_y,Dropout,152,0.0417658078151281,0.0381670474217936,0.0380965929566498,0.0380944885855088,8.61652289658586,8.78521223561554,8.7902507378046,1,0.365534129366609,0.365534129366609
22,2026071822,NUAA,vibration_y,Bias,152,0.0437167506400774,0.0380146853120382,0.0385710663684133,0.0376334913921389,13.0432048232146,11.7705094645045,13.91516789073,0.427631578947368,0.617755055171477,1.68097263906733
22,2026071822,NUAA,vibration_y,Noise,152,0.0398363733813264,0.0400163900378936,0.0396675757051384,0.0400357969900951,-0.451890172943354,0.423727517995247,-0.500606837022437,0.0131578947368421,0.579711554552235,1.16748920400057
22,2026071822,PHM2010,force_z,Saturation,945,0.0184942334689643,0.0132185972114446,0.0112049374226772,0.0109959153803692,28.5258443739933,39.4138857310278,40.5440868970223,1,0.395963146034976,0.395963146034976
22,2026071822,PHM2010,force_z,Dropout,945,0.0219158756744509,0.0132185972114446,0.0112049374226772,0.0109959153803692,39.6848320924974,48.8729650180497,49.8267121802115,1,0.39538705991577,0.39538705991577
22,2026071822,PHM2010,force_z,Bias,945,0.0139778317788023,0.0124064690075211,0.0123426171774906,0.0123065013959438,11.2418205924052,11.6986284224102,11.9570074193701,0.311111111111111,0.598998972950626,1.72833158245029
22,2026071822,PHM2010,force_z,Noise,945,0.0133795638594335,0.0132042327114284,0.0136306087959134,0.0132398348637685,1.31043993546545,-1.87633124007177,1.04434641616903,0.0402116402116402,0.587157438693602,1.11674468008073
22,2026071822,PHM2010,vibration_x,Saturation,945,0.0147809593221562,0.0120343315649808,0.0124113296113227,0.0129426366481836,18.5822022597567,16.0316367780099,12.4370998790115,0.998941798941799,0.407354366693499,0.407354366693499
22,2026071822,PHM2010,vibration_x,Dropout,945,0.0127021328534862,0.0127930889023795,0.0127942710022089,0.0132970446310434,-0.716069103846256,-0.725375413605146,-4.68355814270897,0.760846560846561,0.405413531720668,0.405413531720668
22,2026071822,PHM2010,vibration_x,Bias,945,0.0151594444776564,0.0153191526954351,0.0142047907358086,0.0152096881862879,-1.05352289138338,6.29741903309756,-0.331435025244733,0.0412698412698413,0.603049855626061,1.73010371304796
22,2026071822,PHM2010,vibration_x,Noise,945,0.013875752431431,0.0138881236759974,0.0133263761900312,0.0138764185040907,-0.0891572880642616,3.95925369895884,-0.00480026335864856,0,0.590475327869444,1.13230413242398
22,2026071822,PHM2010,vibration_y,Saturation,945,0.0141319456303609,0.0124338914905506,0.0130966142448758,0.0130447519198486,12.0157137893466,7.32617724809797,7.69316369415216,0.998941798941799,0.389754665974095,0.389754665974095
22,2026071822,PHM2010,vibration_y,Dropout,945,0.0117721225774573,0.0126800381896354,0.0131345434866358,0.0128879983906499,-7.71242064635503,-11.5732817103634,-9.4789686893795,0.670899470899471,0.405210260505129,0.405210260505129
22,2026071822,PHM2010,vibration_y,Bias,945,0.0138422144191613,0.0138620322377072,0.0154418890888878,0.0138381084160407,-0.143169423227535,-11.5564939343236,0.029662906499405,0.0402116402116402,0.58979782345379,1.74598290316062
22,2026071822,PHM2010,vibration_y,Noise,945,0.0141130370118964,0.0141265582700119,0.0129803782726494,0.0141251857670195,-0.095806863569829,8.02562012904966,-0.0860817917002774,0.00105820105820106,0.60093316522134,1.12676099412293
23,2026071823,NUAA,force_z,Saturation,152,0.0940955237151175,0.0418814413188466,0.0414152526086214,0.0436592792635584,55.4905061736556,55.9859481371189,53.6011092347594,0.973684210526316,0.400680219497817,0.400680219497817
23,2026071823,NUAA,force_z,Dropout,152,0.0538854332054202,0.0417378173829756,0.0408759408839229,0.0432702330727767,22.5434131263933,24.142874145417,19.6995727809715,0.901315789473684,0.370746787064049,0.370746787064049
23,2026071823,NUAA,force_z,Bias,152,0.062003123714618,0.0464888003909193,0.045636261016222,0.0472779978798263,25.0218414722242,26.3968357041619,23.7490064251716,0.539473684210526,0.615925906129545,1.73341790388776
23,2026071823,NUAA,force_z,Noise,152,0.0867871422359277,0.0451156115913864,0.0449436964830713,0.0461875128292695,48.0157884808083,48.2138767043469,46.7806962652251,0.605263157894737,0.585832799086126,1.09030248231573
23,2026071823,NUAA,vibration_x,Saturation,152,0.0391367954909403,0.0395381377630809,0.0395176528204299,0.0401040677128648,-1.02548577906315,-0.973143878317129,-2.47151615197633,1,0.40058966519139,0.40058966519139
23,2026071823,NUAA,vibration_x,Dropout,152,0.0396880426856923,0.0395381377630809,0.0395176528204299,0.0401040677128648,0.377708026063555,0.429322923813165,-1.04823770339901,1,0.380130701991038,0.380130701991038
23,2026071823,NUAA,vibration_x,Bias,152,0.0401587873132234,0.0400771084712115,0.0407990819188822,0.0401429968754484,0.203389712380663,-1.59440722316813,0.039320006482828,0.0131578947368421,0.574963583031704,1.76748188350735
23,2026071823,NUAA,vibration_x,Noise,152,0.0401212853413456,0.0402499633115619,0.0412484689803905,0.0402896677449774,-0.320722452238562,-2.80944049886506,-0.419683472748412,0.00657894736842105,0.57045061515596,1.09459388097014
23,2026071823,NUAA,vibration_y,Saturation,152,0.0494275521528636,0.0381670474217936,0.0380965929566498,0.0380944885855088,22.7818377415189,22.9243786161425,22.9286361021992,1,0.387115884322545,0.387115884322545
23,2026071823,NUAA,vibration_y,Dropout,152,0.0419595154420606,0.0381670474217936,0.0380965929566498,0.0380944885855088,9.03839803751755,9.2063086160871,9.21132385784782,1,0.397641246404254,0.397641246404254
23,2026071823,NUAA,vibration_y,Bias,152,0.0460929431762177,0.0398178097553232,0.0404841582015052,0.0395708741467055,13.6140870781544,12.168424466343,14.1498211658512,0.421052631578947,0.60653689799148,1.7520377614898
23,2026071823,NUAA,vibration_y,Noise,152,0.0397623492675195,0.0393231877482101,0.038962581394695,0.0392440240434187,1.10446572549017,2.01136976953686,1.30355784718246,0.0328947368421053,0.608149582460763,1.16679346079909
23,2026071823,PHM2010,force_z,Saturation,945,0.0190175230356281,0.0132185972114446,0.0112049374226772,0.0109959153803692,30.4925400291067,41.0809840919581,42.1800864404416,1,0.403367321225074,0.403367321225074
23,2026071823,PHM2010,force_z,Dropout,945,0.0218860245421914,0.0132185972114446,0.0112049374226772,0.0109959153803692,39.6025660760726,48.8032310250014,49.7582790370559,1,0.40099140497972,0.40099140497972
23,2026071823,PHM2010,force_z,Bias,945,0.0142214332223388,0.0127435309824084,0.0124553538593662,0.0124850943264299,10.3920766411148,12.4184344528546,12.209310192319,0.287830687830688,0.591270170177888,1.76665937834982
23,2026071823,PHM2010,force_z,Noise,945,0.0133169698043287,0.0131488994056251,0.0134825106920605,0.0131700737564001,1.26207689266509,-1.24308224892135,1.10307412337002,0.0423280423280423,0.611700510623795,1.11522890383824
23,2026071823,PHM2010,vibration_x,Saturation,945,0.0148939812225744,0.0120395010842117,0.0124167258525486,0.0129480954158,19.1653265551069,16.6325936162126,13.0649137909818,0.998941798941799,0.398004666759158,0.398004666759158
23,2026071823,PHM2010,vibration_x,Dropout,945,0.0127078068363221,0.0126688510848018,0.0127663730591678,0.0131636657018997,0.306549761276779,-0.460868060083605,-3.58723477189388,0.777777777777778,0.402648225072532,0.402648225072532
23,2026071823,PHM2010,vibration_x,Bias,945,0.0157078131516426,0.0157317863090053,0.0142860935190126,0.0157002305061857,-0.152619318368691,9.0510347869866,0.0482730815785949,0.037037037037037,0.598238030483373,1.73626782612308
23,2026071823,PHM2010,vibration_x,Noise,945,0.0138913104757332,0.0139086669670213,0.0133979554971043,0.0138935787268035,-0.124944952590297,3.5515366206145,-0.0163285607521735,0,0.60260218119257,1.14526551636521
23,2026071823,PHM2010,vibration_y,Saturation,945,0.0137661016132642,0.0124336312736571,0.0130960462659541,0.0130444897750041,9.67935859432593,4.8674299096013,5.24194763726547,0.998941798941799,0.395510115217667,0.395510115217667
23,2026071823,PHM2010,vibration_y,Dropout,945,0.0117352280144266,0.0128000313990384,0.0131524533519301,0.0128953410714999,-9.0735636606532,-12.076674912164,-9.88573085795306,0.642328042328042,0.400159161507017,0.400159161507017
23,2026071823,PHM2010,vibration_y,Bias,945,0.0142036132645525,0.0141877243627488,0.015435085751268,0.0141731766595537,0.111865209984352,-8.67013529429721,0.214287762077915,0.0412698412698413,0.59643326656431,1.77632572444547
23,2026071823,PHM2010,vibration_y,Noise,945,0.0143775458543849,0.0143940583295966,0.0130544593750458,0.014381350014436,-0.114849052675752,9.20245007555018,-0.0264590361228717,0,0.595502473001569,1.12218890539838
24,2026071824,NUAA,force_z,Saturation,152,0.0927560645624801,0.0416082436116076,0.0411041358362129,0.0431922444099598,55.1422930588215,55.6857699492788,53.4345871467351,0.980263157894737,0.412238777059052,0.412238777059052
24,2026071824,NUAA,force_z,Dropout,152,0.0572223600799819,0.042060405253781,0.0414329942122901,0.0435273948315774,26.496556250054,27.5930000888156,23.9328913195166,0.947368421052632,0.41324119281538,0.41324119281538
24,2026071824,NUAA,force_z,Bias,152,0.0610712107380725,0.0454067931251032,0.0450809159022116,0.0460852056755014,25.6494302694477,26.183032303783,24.5385753474651,0.572368421052632,0.592383277221696,1.67430494316236
24,2026071824,NUAA,force_z,Noise,152,0.0934200919730408,0.0476443719363209,0.0477029269585732,0.0489955047287345,48.9998661636192,48.937186903713,47.5535683021232,0.638157894736842,0.582895822446373,1.15687720557215
24,2026071824,NUAA,vibration_x,Saturation,152,0.0384078269408259,0.0395381377630809,0.0395176528204299,0.0401040677128648,-2.94291792138208,-2.88958258772053,-4.41639349878412,1,0.389588118784725,0.389588118784725
24,2026071824,NUAA,vibration_x,Dropout,152,0.0395558778975939,0.0395381377630809,0.0395176528204299,0.0401040677128648,0.044848289194609,0.0966356435394554,-1.38586183497213,1,0.380341028129219,0.380341028129219
24,2026071824,NUAA,vibration_x,Bias,152,0.0408994350975341,0.0405987892645607,0.041159350614504,0.0407152609662871,0.735085539094797,-0.635499038923253,0.450309718967688,0.0197368421052632,0.609006915036638,1.70455454558555
24,2026071824,NUAA,vibration_x,Noise,152,0.040334514263352,0.0404667398436071,0.0413868505614325,0.0405058538589456,-0.32782241876484,-2.60902186948294,-0.42479647696994,0.00657894736842105,0.574997341780064,1.14953708284819
24,2026071824,NUAA,vibration_y,Saturation,152,0.050789420693241,0.0381670474217936,0.0380965929566498,0.0380944885855088,24.8523670858234,24.9910858665893,24.9952291923299,1,0.402831339650047,0.402831339650047
24,2026071824,NUAA,vibration_y,Dropout,152,0.0413249288900928,0.0381670474217936,0.0380965929566498,0.0380944885855088,7.64158960006421,7.81207861731364,7.81717087324139,1,0.426715476348222,0.426715476348222
24,2026071824,NUAA,vibration_y,Bias,152,0.04848583923207,0.0404962411187621,0.0401093299159292,0.0402196441433784,16.4782093903066,17.2761974399329,17.0486789949675,0.486842105263158,0.63713532762861,1.72266624357177
24,2026071824,NUAA,vibration_y,Noise,152,0.0398530529265145,0.0393413916616984,0.0388289429559704,0.0392204357635383,1.28386968436162,2.56971522967738,1.5873744080351,0.0263157894736842,0.618819104162716,1.08569085317122
24,2026071824,PHM2010,force_z,Saturation,945,0.0188287694130811,0.0132185972114446,0.0112049374226772,0.0109959153803692,29.7957454284768,40.4903359489192,41.6004565187891,1,0.403895852798652,0.403895852798652
24,2026071824,PHM2010,force_z,Dropout,945,0.0218255027188668,0.0132185972114446,0.0112049374226772,0.0109959153803692,39.4350848101293,48.6612630783012,49.6189594255532,1,0.401668230950137,0.401668230950137
24,2026071824,PHM2010,force_z,Bias,945,0.0141128135200839,0.0127363717730244,0.0126809154907296,0.0125502443728212,9.75313494435864,10.1460848137513,11.0719889059608,0.292063492063492,0.605480546982573,1.73091928521523
24,2026071824,PHM2010,force_z,Noise,945,0.0134996538151618,0.0134107228352821,0.0137496069717481,0.0133892190991814,0.658764892028663,-1.85155234355397,0.818055910859196,0.0412698412698413,0.599445901599355,1.11076622359136
24,2026071824,PHM2010,vibration_x,Saturation,945,0.0150219383737095,0.0120323914477387,0.0124094720412425,0.0129403989661422,19.9012061665947,17.3910068559406,13.8566632067287,0.998941798941799,0.408166383813822,0.408166383813822
24,2026071824,PHM2010,vibration_x,Dropout,945,0.0126470735005523,0.012857601264669,0.012843022415586,0.0133398288954448,-1.66463620305074,-1.54936171617159,-5.47759444002772,0.747089947089947,0.393077541399577,0.393077541399577
24,2026071824,PHM2010,vibration_x,Bias,945,0.0149134560419084,0.0150782692245545,0.0140706156522448,0.0150212465483048,-1.10513071003088,5.65154305812889,-0.722773487872594,0.0380952380952381,0.587728664637096,1.72127322820468
24,2026071824,PHM2010,vibration_x,Noise,945,0.0137370128303296,0.0137496874378861,0.0132110221722361,0.0137406799949497,-0.092266111366425,3.82900317987764,-0.0266955026203761,0,0.605708587983019,1.10955369668295
24,2026071824,PHM2010,vibration_y,Saturation,945,0.0135882788616019,0.0124345794459053,0.0130973454361106,0.0130454498774461,8.49040137788727,3.61291838717438,3.99483252945136,0.998941798941799,0.398268987102682,0.398268987102682
24,2026071824,PHM2010,vibration_y,Dropout,945,0.0118548173388717,0.0128309955106146,0.0131824346441907,0.0129366619360764,-8.23444295967399,-11.1989688863936,-9.12578040032158,0.665608465608466,0.406024021908237,0.406024021908237
24,2026071824,PHM2010,vibration_y,Bias,945,0.0138807017930218,0.0139206055274954,0.0154943995736982,0.0139099604235641,-0.287476347151434,-11.6254769012299,-0.210786392349289,0.0423280423280423,0.597696006754597,1.76476055467924
24,2026071824,PHM2010,vibration_y,Noise,945,0.0142634644734445,0.0142692203210494,0.0131115838953226,0.0142745751146874,-0.0403537837223175,8.07574190875182,-0.0778958104012822,0,0.596904620131687,1.11675253601458
25,2026071825,NUAA,force_z,Saturation,152,0.0951020256422491,0.0422056519683868,0.0414509049957306,0.0439456799465492,55.6206593041937,56.4142774921967,53.7910158592602,0.980263157894737,0.413360836134445,0.413360836134445
25,2026071825,NUAA,force_z,Dropout,152,0.0522500204605955,0.0418376179081434,0.0412039213569234,0.0431956007561281,19.9280353589615,21.1408512500058,17.329026141331,0.934210526315789,0.405535928154842,0.405535928154842
25,2026071825,NUAA,force_z,Bias,152,0.0636890311620813,0.0431744225924766,0.0428335382779007,0.0440681782203974,32.2105835106792,32.7458158864213,30.8072718075284,0.585526315789474,0.628424871620927,1.74531517711667
25,2026071825,NUAA,force_z,Noise,152,0.0822319644077771,0.0449175137024403,0.0449574267289464,0.0452414014202091,45.3770634984464,45.3285263793424,44.9831926720574,0.598684210526316,0.614144601152598,1.06208501248896
25,2026071825,NUAA,vibration_x,Saturation,152,0.0388878799902196,0.0395381377630809,0.0395176528204299,0.0401040677128648,-1.67213479630391,-1.61945786288354,-3.1274209932533,1,0.405878949842326,0.405878949842326
25,2026071825,NUAA,vibration_x,Dropout,152,0.0395262358845383,0.0395381377630809,0.0395176528204299,0.0401040677128648,-0.0301113381435797,0.0217148532268335,-1.4618943984812,1,0.416882488277093,0.416882488277093
25,2026071825,NUAA,vibration_x,Bias,152,0.0405447656619707,0.040298145987404,0.0409278767501299,0.0403372089032306,0.608265137410673,-0.944908872709517,0.511919986097592,0.0131578947368421,0.573602004763167,1.72249198696605
25,2026071825,NUAA,vibration_x,Noise,152,0.0399653435887988,0.0401552500050384,0.0410336520729108,0.0401897904827656,-0.475177739477468,-2.67308720050995,-0.561603814234887,0.00657894736842105,0.581103102718551,1.04262201898427
25,2026071825,NUAA,vibration_y,Saturation,152,0.0464660273625834,0.0381670474217936,0.0380965929566498,0.0380944885855088,17.8603173368605,18.0119430925851,18.0164719306643,1,0.385055748850118,0.385055748850118
25,2026071825,NUAA,vibration_y,Dropout,152,0.0420937171151997,0.0381670474217936,0.0380965929566498,0.0380944885855088,9.32839854142566,9.49577379353498,9.50077304588251,1,0.404987557703472,0.404987557703472
25,2026071825,NUAA,vibration_y,Bias,152,0.0449888700746548,0.0396791812821089,0.039144856081037,0.0398322344382471,11.8022274925666,12.9899105799284,11.4620252250185,0.394736842105263,0.579740159072207,1.75212550418245
25,2026071825,NUAA,vibration_y,Noise,152,0.0397783610343515,0.040355406247089,0.039823966696335,0.0403312611525544,-1.45065105180966,-0.114649424455047,-1.38995198350537,0.0263157894736842,0.614748261067252,1.1346395086078
25,2026071825,PHM2010,force_z,Saturation,945,0.0186456923892853,0.0132185972114446,0.0112049374226772,0.0109959153803692,29.1064287908097,39.9060266106498,41.0270471549343,1,0.398609681407613,0.398609681407613
25,2026071825,PHM2010,force_z,Dropout,945,0.0219504453023809,0.0132185972114446,0.0112049374226772,0.0109959153803692,39.7798220976828,48.9534846864274,49.9057297977614,1,0.395379766095167,0.395379766095167
25,2026071825,PHM2010,force_z,Bias,945,0.0146614831458053,0.0127736191945737,0.0125906037494047,0.0126397587608973,12.8763504514322,14.1246241993806,13.7893579033059,0.278306878306878,0.609149765541773,1.74933977565678
25,2026071825,PHM2010,force_z,Noise,945,0.013513247536292,0.0133789962065245,0.013965204290138,0.0134397986452335,0.993479394252615,-3.34454580686251,0.543532491809825,0.0423280423280423,0.598890623708271,1.12199621728293
25,2026071825,PHM2010,vibration_x,Saturation,945,0.0146652696290558,0.0120332055396712,0.0124103704321055,0.0129412969537007,17.9476010735579,15.3757772886955,11.7554788896584,0.998941798941799,0.393752844884163,0.393752844884163
25,2026071825,PHM2010,vibration_x,Dropout,945,0.0127325569316672,0.012768505788173,0.0127395919597183,0.0133193746913063,-0.282338077879609,-0.0552522803456443,-4.60879745355506,0.753439153439153,0.389014598237545,0.389014598237545
25,2026071825,PHM2010,vibration_x,Bias,945,0.0157350174372641,0.0157751664389278,0.0143487140165964,0.0157180661765808,-0.2551570204716,8.81030749533614,0.107729532242196,0.037037037037037,0.605871204765697,1.74570305281687
25,2026071825,PHM2010,vibration_x,Noise,945,0.0139125978212127,0.0139302247019941,0.0134116673800363,0.0139323730446362,-0.126697263932577,3.60055287742596,-0.142138971294964,0,0.601983697174066,1.11993949598222
25,2026071825,PHM2010,vibration_y,Saturation,945,0.0137395494659786,0.0124338808838849,0.0130964325149792,0.0130447516664575,9.50299415076681,4.68077175741338,5.05691835996148,0.998941798941799,0.400924813350965,0.400924813350965
25,2026071825,PHM2010,vibration_y,Dropout,945,0.0117837911463827,0.0127818006828503,0.0131614655706884,0.0129346002791124,-8.46934169207442,-11.6912664794521,-9.76603470338169,0.639153439153439,0.390813140373082,0.390813140373082
25,2026071825,PHM2010,vibration_y,Bias,945,0.0138456364597055,0.0138831397837379,0.0152305592993543,0.0138666029943156,-0.270867461684192,-10.0025942735044,-0.151430630662264,0.0328042328042328,0.607660638857611,1.75405323732164
25,2026071825,PHM2010,vibration_y,Noise,945,0.0143223890313244,0.0143340402216476,0.0130549729417917,0.0143282551410037,-0.0813494892350518,8.84919468924338,-0.0409576200345845,0.00105820105820106,0.603019288750257,1.14015358835768
26,2026071826,NUAA,force_z,Saturation,152,0.0950317606856179,0.0427286905505307,0.0417422587027732,0.044531452455759,55.0374630099879,56.075465295372,53.1404531132733,0.953947368421053,0.382024060835266,0.382024060835266
26,2026071826,NUAA,force_z,Dropout,152,0.0543230797527074,0.0415346399129272,0.0407614848097688,0.0431846173956477,23.541448492973,24.9647019364044,20.5041069242849,0.940789473684211,0.399014326726558,0.399014326726558
26,2026071826,NUAA,force_z,Bias,152,0.0606991782836386,0.0466301537741411,0.0461391335183794,0.0466519932364647,23.1782783677152,23.9872188997719,23.1422985357947,0.506578947368421,0.619680729912543,1.65840039842552
26,2026071826,NUAA,force_z,Noise,152,0.0940939406177356,0.0461176226050761,0.0461729177305699,0.0466406071659598,50.9876807132217,50.9289148403815,50.4318696190638,0.572368421052632,0.631794955866109,1.10301270800675
26,2026071826,NUAA,vibration_x,Saturation,152,0.0397209542565819,0.0395381377630809,0.0395176528204299,0.0401040677128648,0.460252017914811,0.511824149134813,-0.964512216419099,1,0.41086776355948,0.41086776355948
26,2026071826,NUAA,vibration_x,Dropout,152,0.0394469998294784,0.0395381377630809,0.0395176528204299,0.0401040677128648,-0.231038948453687,-0.179108655301878,-1.66569799028276,1,0.428631358752052,0.428631358752052
26,2026071826,NUAA,vibration_x,Bias,152,0.0403818608606405,0.0403143689844479,0.0409960671850561,0.0403297893060877,0.167134140810248,-1.52099559387609,0.128947882646015,0.0131578947368421,0.581134586263888,1.79698477919721
26,2026071826,NUAA,vibration_x,Noise,152,0.0402175781890452,0.0403500053166552,0.041245869973219,0.0403873019472759,-0.329276733142918,-2.55682174431369,-0.422013870235883,0.00657894736842105,0.586334699161718,1.12148701551233
26,2026071826,NUAA,vibration_y,Saturation,152,0.0522203013488238,0.0381670474217936,0.0380965929566498,0.0380944885855088,26.9114761195202,27.046393887752,27.0504236828445,1,0.391445534544076,0.391445534544076
26,2026071826,NUAA,vibration_y,Dropout,152,0.0416913906688211,0.0381670474217936,0.0380965929566498,0.0380944885855088,8.45340774315607,8.62239818462013,8.62744568029558,1,0.405314451613195,0.405314451613195
26,2026071826,NUAA,vibration_y,Bias,152,0.047607996761235,0.0398161509167318,0.0392695294503004,0.0394628275289155,16.3666744550944,17.5148459884879,17.108825799097,0.447368421052632,0.632675064639076,1.78630129167327
26,2026071826,NUAA,vibration_y,Noise,152,0.0397861204579522,0.0402109262672427,0.0397838330320072,0.0401395871898416,-1.06772362924777,0.00574930633760783,-0.888417186247066,0.0263157894736842,0.603426437814997,1.07375162428153
26,2026071826,PHM2010,force_z,Saturation,945,0.0189314977393699,0.0132185972114446,0.0112049374226772,0.0109959153803692,30.1766960362823,40.8132543080546,41.9173510107328,1,0.400236958272635,0.400236958272635
26,2026071826,PHM2010,force_z,Dropout,945,0.0225472492638064,0.0132185972114446,0.0112049374226772,0.0109959153803692,41.3737921784388,50.3046367582241,51.231676859047,1,0.400128821458557,0.400128821458557
26,2026071826,PHM2010,force_z,Bias,945,0.0145879840774932,0.012560578250876,0.0124179112394805,0.0124280702007728,13.897779267152,14.8757554606928,14.8061162203542,0.294179894179894,0.606609181045286,1.75267421240086
26,2026071826,PHM2010,force_z,Noise,945,0.0133110924913634,0.013081030996161,0.0135469702494924,0.0131293119346351,1.72834420128664,-1.77203905901795,1.36563213610182,0.0497354497354497,0.602049656954346,1.10024625014311
26,2026071826,PHM2010,vibration_x,Saturation,945,0.014729979309657,0.0120382194470117,0.0124153679428541,0.0129467341650509,18.274023378163,15.7136090835197,12.1062297992299,0.998941798941799,0.403317156442114,0.403317156442114
26,2026071826,PHM2010,vibration_x,Dropout,945,0.0126532931909219,0.0128629708286335,0.0128453175846597,0.0132566103744129,-1.65709933807638,-1.5175843224396,-4.76806452192132,0.752380952380952,0.399035245406424,0.399035245406424
26,2026071826,PHM2010,vibration_x,Bias,945,0.0154744299536556,0.0154659694816469,0.0142422252353428,0.0154423015983058,0.0546738848159147,7.96284400784503,0.207622222247115,0.0317460317460317,0.594432538165967,1.75125585418079
26,2026071826,PHM2010,vibration_x,Noise,945,0.0141282302257483,0.0141346810391916,0.0134396953955466,0.0141382491676309,-0.0456590340066034,4.87346836227838,-0.0709143447023692,0,0.616175657429948,1.12893023937117
26,2026071826,PHM2010,vibration_y,Saturation,945,0.0135192875339515,0.0124336825064243,0.0130961490630101,0.0130445446367965,8.03004614555928,3.12988735448342,3.5115970125108,0.998941798941799,0.402008156660958,0.402008156660958
26,2026071826,PHM2010,vibration_y,Dropout,945,0.0116978331125946,0.0127710882377033,0.0131261946833914,0.0129691613969398,-9.17481994125168,-12.2104799841858,-10.8680665223065,0.666666666666667,0.400842963650208,0.400842963650208
26,2026071826,PHM2010,vibration_y,Bias,945,0.0138654940079186,0.0139266130891126,0.0154030014740921,0.0138937589117254,-0.440799881771631,-11.0887319650885,-0.203850679901349,0.035978835978836,0.598636873969509,1.74191982330388
26,2026071826,PHM2010,vibration_y,Noise,945,0.014423632308101,0.0144311211084752,0.0130838711969207,0.0144320607399933,-0.0519203499803218,9.2886526955334,-0.058434877652982,0,0.616074838316124,1.11401961641532
27,2026071827,NUAA,force_z,Saturation,152,0.0947898657973059,0.0424597363890881,0.0415491440188158,0.044290257244355,55.2064600662248,56.1671032347883,53.2753244539209,0.980263157894737,0.406414847280896,0.406414847280896
27,2026071827,NUAA,force_z,Dropout,152,0.0543541309304085,0.0419370718923128,0.041232675112888,0.043684283704663,22.844738432105,24.1406781654193,19.6302416083269,0.921052631578947,0.407514433021109,0.407514433021109
27,2026071827,NUAA,force_z,Bias,152,0.0620077191831579,0.0447108275707444,0.0449621224408791,0.0457286735404649,27.8947393006379,27.4894754505155,26.2532566221443,0.546052631578947,0.629014797055778,1.72525610677548
27,2026071827,NUAA,force_z,Noise,152,0.0874483770372319,0.0435218776692765,0.043406395327043,0.0446346586085596,50.2313488897036,50.3634066203855,48.9588484992054,0.618421052631579,0.604602590265126,1.09062712489488
27,2026071827,NUAA,vibration_x,Saturation,152,0.0387214851164445,0.0395381377630809,0.0395176528204299,0.0401040677128648,-2.10904267793603,-2.05613937996221,-3.57058256485418,1,0.391045968081546,0.391045968081546
27,2026071827,NUAA,vibration_x,Dropout,152,0.039436852159189,0.0395381377630809,0.0395176528204299,0.0401040677128648,-0.256829838961586,-0.204886183397108,-1.69185803923352,1,0.400195452416825,0.400195452416825
27,2026071827,NUAA,vibration_x,Bias,152,0.0397084932515695,0.0400315257460257,0.0407062467200782,0.0401133478871505,-0.813509826247155,-2.51269536264594,-1.01956685441619,0.0197368421052632,0.599073359534327,1.70757641660913
27,2026071827,NUAA,vibration_x,Noise,152,0.0402355663068212,0.0403696523426178,0.0413080382203698,0.0404060727662842,-0.333252512899111,-2.66548233811431,-0.423770497382443,0.00657894736842105,0.609271719877637,1.15736601021392
27,2026071827,NUAA,vibration_y,Saturation,152,0.051729546005276,0.0381670474217936,0.0380965929566498,0.0380944885855088,26.21808933351,26.3542870591513,26.3583550846871,1,0.400287715789386,0.400287715789386
27,2026071827,NUAA,vibration_y,Dropout,152,0.0420370541935565,0.0381670474217936,0.0380965929566498,0.0380944885855088,9.20617975261491,9.37378061451009,9.37878660548975,1,0.408832269098891,0.408832269098891
27,2026071827,NUAA,vibration_y,Bias,152,0.0488630044660613,0.0394746222522418,0.0401139224804717,0.0392288745725522,19.2136818364093,17.9053295661884,19.7166138242698,0.434210526315789,0.594024305944506,1.69851874993993
27,2026071827,NUAA,vibration_y,Noise,152,0.0399583446129162,0.0401706426302361,0.0397519105966559,0.0401857607563487,-0.531298329238669,0.516623043972587,-0.569133045013459,0.0131578947368421,0.613077703567458,1.12533245570721
27,2026071827,PHM2010,force_z,Saturation,945,0.0186424008271316,0.0132185972114446,0.0112049374226772,0.0109959153803692,29.0939115942266,39.8954162257369,41.0166347010085,1,0.403947820582689,0.403947820582689
27,2026071827,PHM2010,force_z,Dropout,945,0.0221213521753147,0.0132185972114446,0.0112049374226772,0.0109959153803692,40.2450758584494,49.3478638472162,50.292752028786,1,0.402658231102167,0.402658231102167
27,2026071827,PHM2010,force_z,Bias,945,0.0141271975088136,0.0127065909246344,0.0123752204834823,0.0125532176253289,10.055827302569,12.401447804763,11.1414870677835,0.292063492063492,0.59845846788092,1.77783583939856
27,2026071827,PHM2010,force_z,Noise,945,0.0140209561836548,0.013837626945674,0.0141167804890675,0.0138965206295963,1.30753734324137,-0.683436308890633,0.887496918388138,0.0507936507936508,0.589610663253289,1.13798682656756
27,2026071827,PHM2010,vibration_x,Saturation,945,0.0148328350710604,0.0120359932010475,0.0124130607210679,0.0129443604592796,18.8557471084521,16.313633492181,12.7317171851069,0.998941798941799,0.396419407260782,0.396419407260782
27,2026071827,PHM2010,vibration_x,Dropout,945,0.0127393687990558,0.0128064852584595,0.0127944912936439,0.0133139871115176,-0.526842895142152,-0.432694079727597,-4.51057129694224,0.766137566137566,0.398593781329637,0.398593781329637
27,2026071827,PHM2010,vibration_x,Bias,945,0.0154937034142249,0.0155469449847233,0.0142445992638654,0.0154646305782766,-0.343633597952692,8.06201149566781,0.187642909968395,0.0423280423280423,0.612564313435309,1.73840585304976
27,2026071827,PHM2010,vibration_x,Noise,945,0.0140442672842434,0.0140500041165722,0.0134590904457285,0.0140577798191831,-0.0408482138134903,4.16665979556933,-0.0962138833322401,0.00105820105820106,0.5979305508283,1.12749345417824
27,2026071827,PHM2010,vibration_y,Saturation,945,0.0138847749906352,0.012433400041398,0.0130956906611217,0.0130442531880709,10.4529958189174,5.68309050773687,6.05355004406725,0.998941798941799,0.393964289355721,0.393964289355721
27,2026071827,PHM2010,vibration_y,Dropout,945,0.0117733214256176,0.012758470269926,0.0132053037168274,0.0128896118300259,-8.36763737856408,-12.16294229506,-9.48152491597971,0.655026455026455,0.394290609949681,0.394290609949681
27,2026071827,PHM2010,vibration_y,Bias,945,0.014013363242438,0.0140039155183523,0.0155311761944341,0.0139922839520382,0.0674193904935976,-10.8311825343936,0.150422778851187,0.0253968253968254,0.591603736752149,1.76052043017684
27,2026071827,PHM2010,vibration_y,Noise,945,0.0142653965525296,0.0142709501476413,0.012990904679886,0.0142773302655078,-0.0389305343971631,8.93414962528731,-0.0836549684006763,0.00105820105820106,0.597325319546885,1.13123113524567
28,2026071828,NUAA,force_z,Saturation,152,0.0967201317106673,0.0426647171772654,0.0419208363923641,0.0444270473634534,55.8884831702934,56.6575896342161,54.0663907526983,0.967105263157895,0.41371815493,0.41371815493
28,2026071828,NUAA,force_z,Dropout,152,0.0519285266810897,0.0416908829043977,0.0410366844801052,0.0431322508405603,19.7148743301824,20.9746798091827,16.9391977834271,0.921052631578947,0.38666675754024,0.38666675754024
28,2026071828,NUAA,force_z,Bias,152,0.0597188829371081,0.047237677548252,0.0464356605321398,0.047515321327821,20.899931102195,22.24291840649,20.43501319698,0.440789473684211,0.63001442044082,1.61372420376408
28,2026071828,NUAA,force_z,Noise,152,0.0861616385756134,0.0465892491033934,0.0466038078294374,0.0468171911383948,45.928083688302,45.9111866952959,45.6635320400631,0.598684210526316,0.602170181839603,1.09285985745738
28,2026071828,NUAA,vibration_x,Saturation,152,0.0387378607928925,0.0395381377630809,0.0395176528204299,0.0401040677128648,-2.06587806814368,-2.01299713400909,-3.52680011752991,1,0.388474483196847,0.388474483196847
28,2026071828,NUAA,vibration_x,Dropout,152,0.039462926187668,0.0395381377630809,0.0395176528204299,0.0401040677128648,-0.190587933229516,-0.138678597987562,-1.62466797861845,1,0.395182045482888,0.395182045482888
28,2026071828,NUAA,vibration_x,Bias,152,0.0397848659632894,0.0398088718227672,0.0404864639262795,0.0398680234297924,-0.0603391739461448,-1.76347951916578,-0.209017837535866,0.0131578947368421,0.582192631280695,1.70044489792229
28,2026071828,NUAA,vibration_x,Noise,152,0.0403096167620838,0.0404291168227504,0.0414041655463741,0.040465057101635,-0.296455462158998,-2.71535398302224,-0.385616019295451,0.00657894736842105,0.630932621254491,1.16755216980004
28,2026071828,NUAA,vibration_y,Saturation,152,0.0519487002219401,0.0381670474217936,0.0380965929566498,0.0380944885855088,26.5293505732911,26.6649737262145,26.6690245901092,1,0.410827473760094,0.410827473760094
28,2026071828,NUAA,vibration_y,Dropout,152,0.0417144163404881,0.0381670474217936,0.0380965929566498,0.0380944885855088,8.50393995624841,8.67283711776848,8.67788182730934,1,0.38577030706357,0.38577030706357
28,2026071828,NUAA,vibration_y,Bias,152,0.0443150192395095,0.0397259696862723,0.0401666289636155,0.039500648114675,10.3555174565867,9.36113838397123,10.8639716454013,0.434210526315789,0.603304766388288,1.73167453729586
28,2026071828,NUAA,vibration_y,Noise,152,0.0401548972505027,0.0403031067702483,0.0397095366736685,0.0403307757879191,-0.369094506259079,1.10910650338814,-0.438000217804598,0.0131578947368421,0.626364455879709,1.14146967348145
28,2026071828,PHM2010,force_z,Saturation,945,0.0187931051545982,0.0132185972114446,0.0112049374226772,0.0109959153803692,29.66251663733,40.3774026138748,41.4896298939783,1,0.40398068718874,0.40398068718874
28,2026071828,PHM2010,force_z,Dropout,945,0.0221897008938677,0.0132185972114446,0.0112049374226772,0.0109959153803692,40.4291329807981,49.5038825612389,50.4458602981527,1,0.398901991365689,0.398901991365689
28,2026071828,PHM2010,force_z,Bias,945,0.0144470900723667,0.012577656191304,0.0123974517193077,0.0124841691950458,12.9398645104211,14.1872054703906,13.5869636548848,0.285714285714286,0.60009279829183,1.73956124224917
28,2026071828,PHM2010,force_z,Noise,945,0.0134746727765885,0.0133860294762611,0.0138383452838114,0.0133818534926612,0.65785122798235,-2.69893386839615,0.688842582423128,0.0465608465608466,0.593581630585038,1.11368433437741
28,2026071828,PHM2010,vibration_x,Saturation,945,0.014658398098757,0.0120319579893873,0.0124090190664501,0.0129399719760322,17.9176475606321,15.3453263934591,11.7231508596463,0.998941798941799,0.4093897448303,0.4093897448303
28,2026071828,PHM2010,vibration_x,Dropout,945,0.0127610287864895,0.0127990811176191,0.0127782049128515,0.0132512756507342,-0.298191719227678,-0.134598288659504,-3.84175032003506,0.754497354497354,0.398963563397742,0.398963563397742
28,2026071828,PHM2010,vibration_x,Bias,945,0.0154732651297504,0.0155354132658743,0.0139797365590321,0.0154674982950265,-0.401648492433107,9.65231680705041,0.0372696691718426,0.0402116402116402,0.598025628862554,1.74764402066462
28,2026071828,PHM2010,vibration_x,Noise,945,0.0138113545836693,0.0138188871979235,0.0132131007731393,0.0138069112757814,-0.0545392865598295,4.33160851027174,0.0321714127386783,0,0.599699013954561,1.12587873895431
28,2026071828,PHM2010,vibration_y,Saturation,945,0.0138466877148008,0.0124343437185598,0.0130971850015886,0.013045232874953,10.1998689168914,5.41286644611103,5.7880617831162,0.998941798941799,0.399183211356692,0.399183211356692
28,2026071828,PHM2010,vibration_y,Dropout,945,0.0117752235121876,0.0126884456174182,0.0131175687635922,0.0129570833529406,-7.75545452946542,-11.3997432831339,-10.0368357299519,0.662433862433862,0.393271895800339,0.393271895800339
28,2026071828,PHM2010,vibration_y,Bias,945,0.0136409369933078,0.013700163796233,0.0153410994186021,0.0136645515645405,-0.434184271610248,-12.4636777233736,-0.173115462994214,0.0433862433862434,0.611205993958766,1.75019772077705
28,2026071828,PHM2010,vibration_y,Noise,945,0.0143126476293952,0.0143185718612939,0.0130456536197678,0.0143198440574176,-0.0413915863234727,8.85226858394273,-0.0502802011810853,0,0.598133497568865,1.14685157465342
29,2026071829,NUAA,force_z,Saturation,152,0.0917460524778562,0.0423262605800353,0.0416256351562103,0.0440122193814946,53.8658509691725,54.6295082654841,52.0282146285068,0.973684210526316,0.410892237250441,0.410892237250441
29,2026071829,NUAA,force_z,Dropout,152,0.0548800499332789,0.0417248168759344,0.0410740394741833,0.0437482959462329,23.9708839065162,25.1567017083264,20.2837898299646,0.927631578947368,0.393132969445668,0.393132969445668
29,2026071829,NUAA,force_z,Bias,152,0.0654497576692306,0.043173341313229,0.0432669084434638,0.0438849037673956,34.0359034919303,33.8929432525545,32.9487146626567,0.592105263157895,0.581339126574908,1.77555055683162
29,2026071829,NUAA,force_z,Noise,152,0.0910898503293161,0.0474234678237112,0.0469347740011481,0.0483107052427534,47.9377036494608,48.4742001096002,46.9636791935696,0.611842105263158,0.583662295767638,1.14779472838768
29,2026071829,NUAA,vibration_x,Saturation,152,0.0380396149795524,0.0395381377630809,0.0395176528204299,0.0401040677128648,-3.93937421378735,-3.88552261023655,-5.42711258886848,1,0.395494312749481,0.395494312749481
29,2026071829,NUAA,vibration_x,Dropout,152,0.0395537479984616,0.0395381377630809,0.0395176528204299,0.0401040677128648,0.0394658816688966,0.0912560246708656,-1.3913212836989,1,0.423792316063029,0.423792316063029
29,2026071829,NUAA,vibration_x,Bias,152,0.0396995677736703,0.0397976041906446,0.0405371181586671,0.0398893789097496,-0.246945804380759,-2.10972167196334,-0.47811889832531,0.0131578947368421,0.587979811938135,1.84545187057589
29,2026071829,NUAA,vibration_x,Noise,152,0.0402372744994289,0.0403185790533398,0.0411258349479561,0.0403552630230693,-0.202062776175529,-2.20830177883889,-0.293231897806613,0.00657894736842105,0.579549038966803,1.14108622544637
29,2026071829,NUAA,vibration_y,Saturation,152,0.0528044304618633,0.0381670474217936,0.0380965929566498,0.0380944885855088,27.7199903720981,27.8534156633616,27.8574008803645,1,0.403599686927167,0.403599686927167
29,2026071829,NUAA,vibration_y,Dropout,152,0.0420310385381997,0.0381670474217936,0.0380965929566498,0.0380944885855088,9.19318496709126,9.36080981671213,9.36581652416984,1,0.398230250741717,0.398230250741717
29,2026071829,NUAA,vibration_y,Bias,152,0.0445528643409959,0.038643486956918,0.0397238820112267,0.0383906882919317,13.2637429074123,10.8387696306336,13.8311557297428,0.407894736842105,0.591504071802988,1.68436447268023
29,2026071829,NUAA,vibration_y,Noise,152,0.0399580464791322,0.039464725273239,0.0392516786863756,0.0395741120855063,1.23459790796033,1.76777359004658,0.960843753526265,0.0263157894736842,0.576720993620039,1.13491137949834
29,2026071829,PHM2010,force_z,Saturation,945,0.018029659963143,0.0132185972114446,0.0112049374226772,0.0109959153803692,26.6841568922176,37.8527523781211,39.0120756417615,1,0.39030231309989,0.39030231309989
29,2026071829,PHM2010,force_z,Dropout,945,0.0218878208323676,0.0132185972114446,0.0112049374226772,0.0109959153803692,39.607522774049,48.8074326425982,49.7624022757509,1,0.397738029941945,0.397738029941945
29,2026071829,PHM2010,force_z,Bias,945,0.0139978045683547,0.0125925853439086,0.0124881681889642,0.0125386103125597,10.0388544330944,10.7848082320235,10.4244508391973,0.271957671957672,0.602430528792845,1.73176789749574
29,2026071829,PHM2010,force_z,Noise,945,0.013564723720646,0.0132586982385117,0.0135333276448932,0.013297601689414,2.25603918249044,0.231453853387623,1.9692404853437,0.0497354497354497,0.597244980228674,1.12787055711749
29,2026071829,PHM2010,vibration_x,Saturation,945,0.014880987207084,0.0120319211573204,0.0124089817133766,0.0129399376356766,19.1456790474718,16.6118380407628,13.0438225931908,0.998941798941799,0.402961161613868,0.402961161613868
29,2026071829,PHM2010,vibration_x,Dropout,945,0.0127995298389785,0.0127650047376935,0.0127517994388063,0.0132898516461146,0.269737261597379,0.372907448731923,-3.83077982788797,0.755555555555556,0.392203919413701,0.392203919413701
29,2026071829,PHM2010,vibration_x,Bias,945,0.0156053579465875,0.0156668064726199,0.0142158989608728,0.0156170071867514,-0.393765565921176,8.9037303115406,-0.0746489776378849,0.0391534391534392,0.598836268663957,1.78006135794387
29,2026071829,PHM2010,vibration_x,Noise,945,0.0138621239791407,0.0138702684491357,0.013256128861327,0.0138650930376588,-0.0587534060957272,4.37158922200953,-0.02141849634697,0,0.597099280941509,1.13827533005244
29,2026071829,PHM2010,vibration_y,Saturation,945,0.0139457210955541,0.0124333686137395,0.0130955557358996,0.0130442085603783,10.8445627978085,6.09624524848395,6.46443829615363,0.998941798941799,0.4050039176671,0.4050039176671
29,2026071829,PHM2010,vibration_y,Dropout,945,0.0117239685987213,0.0127075295615798,0.0131215619888507,0.0128239723704876,-8.38931761524697,-11.9208216770718,-9.38252062434135,0.655026455026455,0.39760344736168,0.39760344736168
29,2026071829,PHM2010,vibration_y,Bias,945,0.0139718207120052,0.0140780032601825,0.0155179247770056,0.0140040498407432,-0.759976458086165,-11.0658739248776,-0.230672361192707,0.035978835978836,0.595802940958845,1.76629964135242
29,2026071829,PHM2010,vibration_y,Noise,945,0.0144798252703553,0.0144912775030814,0.0131331405733351,0.0144879905644148,-0.0790909594023612,9.30042090892672,-0.0563908328108334,0,0.605323688770337,1.1597972388044
30,2026071830,NUAA,force_z,Saturation,152,0.0964368935495593,0.0418512101498986,0.0412485037320727,0.0435596921019109,56.6024903857038,57.2274653259389,54.8308842201296,0.973684210526316,0.411104176045103,0.411104176045103
30,2026071830,NUAA,force_z,Dropout,152,0.0506755842294827,0.0413017419814601,0.0405433337650121,0.0432111512864071,18.4977487493257,19.994343663779,14.7298409215631,0.934210526315789,0.387932154305964,0.387932154305964
30,2026071830,NUAA,force_z,Bias,152,0.0642419292605112,0.0443017005520359,0.0438065923233688,0.0454222678649572,31.0392744084857,31.8099676836819,29.2949816610228,0.625,0.581650335238349,1.66825170243232
30,2026071830,NUAA,force_z,Noise,152,0.0899504908094563,0.0452038381791141,0.0446982719420136,0.0466866590026433,49.7458682300353,50.3079176780717,48.097382701846,0.638157894736842,0.614981327546044,1.13632271302716
30,2026071830,NUAA,vibration_x,Saturation,152,0.0394351173238887,0.0395381377630809,0.0395176528204299,0.0401040677128648,-0.261240351705016,-0.209294411027841,-1.696331681942,1,0.392614939684741,0.392614939684741
30,2026071830,NUAA,vibration_x,Dropout,152,0.0394770514100019,0.0395381377630809,0.0395176528204299,0.0401040677128648,-0.15473889486994,-0.10284813322645,-1.58830581430944,1,0.402876554539571,0.402876554539571
30,2026071830,NUAA,vibration_x,Bias,152,0.0404225868512919,0.0401758286461205,0.0407394149316794,0.0402941031062781,0.610446347927291,-0.783789720220025,0.317851367322231,0.0131578947368421,0.598080757009113,1.76559672236901
30,2026071830,NUAA,vibration_x,Noise,152,0.0400738991905949,0.0401871011964672,0.041053741621206,0.040225107566575,-0.282483132808887,-2.44508882440122,-0.377323841787607,0.00657894736842105,0.5847713708612,1.13613297134781
30,2026071830,NUAA,vibration_y,Saturation,152,0.0493452849277529,0.0381670474217936,0.0380965929566498,0.0380944885855088,22.6531015523075,22.7958800675129,22.8001446515438,1,0.395337035244818,0.395337035244818
30,2026071830,NUAA,vibration_y,Dropout,152,0.0419105978569202,0.0381670474217936,0.0380965929566498,0.0380944885855088,8.9322286642316,9.10033522616678,9.10535632166207,1,0.401394840955585,0.401394840955585
30,2026071830,NUAA,vibration_y,Bias,152,0.0448152249688616,0.0396176258237433,0.0401043491847548,0.0391609313837794,11.5978423598892,10.5117753785237,12.6169032711783,0.447368421052632,0.591547511101549,1.85146028010351
30,2026071830,NUAA,vibration_y,Noise,152,0.0398682490867193,0.0397917664222168,0.0395156854279718,0.0397856187426621,0.19183853380684,0.884321902325269,0.207258522634003,0.0197368421052632,0.596058025961092,1.15845513872769
30,2026071830,PHM2010,force_z,Saturation,945,0.0186237451576339,0.0132185972114446,0.0112049374226772,0.0109959153803692,29.0228839604462,39.8352086122467,40.9575502279571,1,0.409939101943994,0.409939101943994
30,2026071830,PHM2010,force_z,Dropout,945,0.0211388428840996,0.0132185972114446,0.0112049374226772,0.0109959153803692,37.4677351834266,46.9936103687803,47.9824158746162,1,0.393078458121907,0.393078458121907
30,2026071830,PHM2010,force_z,Bias,945,0.0144454798765465,0.01284334981183,0.0127047076955848,0.0127824382282887,11.0908746432003,12.0506358794488,11.5125399950047,0.275132275132275,0.599394672104374,1.75671572686012
30,2026071830,PHM2010,force_z,Noise,945,0.0136247756001824,0.013464952133159,0.0138407942952788,0.0135525593751306,1.17303559128879,-1.58548442510503,0.530036069370735,0.0444444444444444,0.607811043982893,1.13413000091689
30,2026071830,PHM2010,vibration_x,Saturation,945,0.0152428801575032,0.0120345983133051,0.0124116647476375,0.0129429094165727,21.0477403945134,18.57401869339,15.0888199419344,0.998941798941799,0.402908938436697,0.402908938436697
30,2026071830,PHM2010,vibration_x,Dropout,945,0.0127473015618677,0.0126284666325857,0.012760587304177,0.0132169932132898,0.932235961510787,-0.104223958653857,-3.68463591405984,0.778835978835979,0.399545767886185,0.399545767886185
30,2026071830,PHM2010,vibration_x,Bias,945,0.0159165683788993,0.0160056657368484,0.0144411355480832,0.0159658039996234,-0.559777433351757,9.26979230505565,-0.309335652962636,0.0455026455026455,0.608235580195326,1.76449613038471
30,2026071830,PHM2010,vibration_x,Noise,945,0.0139082440149571,0.0139090733785554,0.0133974459786212,0.013909032547328,-0.00596310790544169,3.67262780108354,-0.00566953218592481,0.00105820105820106,0.608003497818938,1.12105924900737
30,2026071830,PHM2010,vibration_y,Saturation,945,0.0139205036139442,0.0124348966646601,0.0130977488574247,0.013045806737766,10.67207760929,5.91038068260251,6.28351459427133,0.998941798941799,0.398982453686535,0.398982453686535
30,2026071830,PHM2010,vibration_y,Dropout,945,0.0117747904722827,0.0127339569671344,0.0131751047381269,0.012856365558415,-8.14593259310734,-11.8924771454785,-9.18551449962751,0.662433862433862,0.403205872139216,0.403205872139216
30,2026071830,PHM2010,vibration_y,Bias,945,0.0139867417788569,0.0140098966087454,0.0151822077139338,0.0139912796986132,-0.16554841902821,-8.54713666684004,-0.0324444379403652,0.0317460317460317,0.590633694411136,1.75025526002229
30,2026071830,PHM2010,vibration_y,Noise,945,0.0142896304425926,0.0142938690066053,0.0130053864044789,0.0143014659733114,-0.0296618168655626,8.98724458461724,-0.0828260098562655,0,0.614609824634624,1.09347261845321
