Dataset,Unit,Repeat,TargetSensor,FaultMode,SequenceLength,FaultOnsetRecord,FullRelativeMAE,PointRelativeMAE,StatefulRelativeMAE,OracleRelativeMAE,PointEventDetected,StatefulEventDetected,PointDetectionDelay,StatefulDetectionDelay,PointTriggerRate,StatefulTriggerRate,StatefulSwitchCount,PointPreOnsetFalseRate,StatefulPreOnsetFalseRate
NUAA,W1,0,None,Clean,29,Inf,1,1,1,1,0,0,NaN,NaN,0.0689655172413793,0,0,0.0689655172413793,0
NUAA,W1,1,force_z,LinearBiasDrift,29,9,2.03575943307707,2.00688074824168,2.03575943307707,0.756227409810476,0,0,NaN,NaN,0,0,0,0,0
NUAA,W1,1,force_z,GainDrift,29,7,3.04460886712013,0.802207645718597,0.822999524570618,0.744868120862816,1,1,1,4,0,0,1,0,0
NUAA,W1,1,force_z,ColoredNoiseRamp,29,12,3.69610239512665,1.5290773390506,1.39499629357133,0.778003647649525,1,1,9,9,0,0,1,0,0
NUAA,W1,1,force_z,IntermittentRecordDropout,29,10,0.849382405297701,0.892355751484499,0.89431273095521,0.7750044235785,1,1,7,7,0,0,2,0,0
NUAA,W1,1,vibration_x,LinearBiasDrift,29,6,0.915198443494194,0.888860448775408,0.915198443494194,1.00468253429265,0,0,NaN,NaN,0,0,0,0,0
NUAA,W1,1,vibration_x,GainDrift,29,11,1.21957383331908,1.18711743895188,1.21957383331908,1.19776781318497,0,0,NaN,NaN,0,0,0,0,0
NUAA,W1,1,vibration_x,ColoredNoiseRamp,29,9,1.17880389040108,1.15104061026266,1.17880389040108,1.11284477334268,0,0,NaN,NaN,0,0,0,0,0
NUAA,W1,1,vibration_x,IntermittentRecordDropout,29,6,1.04667362176336,1.00350140701886,1.00971005716826,1.00468253429265,1,1,3,3,0,0,1,0,0
NUAA,W1,1,vibration_y,LinearBiasDrift,29,7,1.8772062265585,1.14538229752234,1.22988651480178,0.997411155086653,1,1,10,12,0,0,1,0,0
NUAA,W1,1,vibration_y,GainDrift,29,13,1.01912663130674,0.990951102808435,1.01912663130674,1.04160026463169,1,0,5,NaN,0,0,0,0,0
NUAA,W1,1,vibration_y,ColoredNoiseRamp,29,12,1.14733713158821,1.11077362161144,1.14733713158821,1.09969994057556,1,0,6,NaN,0,0,0,0,0
NUAA,W1,1,vibration_y,IntermittentRecordDropout,29,7,1.11763291121033,1.02098935511746,1.00062018405346,0.997411155086653,1,1,6,6,0,0,3,0,0
NUAA,W1,2,force_z,LinearBiasDrift,29,13,1.47344437227745,1.43700608764747,1.47344437227745,0.797355964121897,0,0,NaN,NaN,0,0,0,0,0
NUAA,W1,2,force_z,GainDrift,29,8,3.70137942494485,1.30779496057592,1.14607906448119,0.723470513699527,1,1,6,7,0,0,1,0,0
NUAA,W1,2,force_z,ColoredNoiseRamp,29,11,5.8971480097463,1.15615538138033,1.2688758985381,0.797698007322858,1,1,5,6,0,0,1,0,0
NUAA,W1,2,force_z,IntermittentRecordDropout,29,13,0.847394573114157,0.929226861184759,0.965951933341256,0.797355964121897,1,1,12,12,0,0,1,0,0
NUAA,W1,2,vibration_x,LinearBiasDrift,29,12,1.37176701762777,1.34167890934383,1.37176701762777,1.16224061201938,0,0,NaN,NaN,0,0,0,0,0
NUAA,W1,2,vibration_x,GainDrift,29,11,1.22064484579849,1.18805229912587,1.22064484579849,1.19776781318497,0,0,NaN,NaN,0,0,0,0,0
NUAA,W1,2,vibration_x,ColoredNoiseRamp,29,7,1.10167124867315,1.07633361082042,1.10167124867315,1.04020474904155,0,0,NaN,NaN,0,0,0,0,0
NUAA,W1,2,vibration_x,IntermittentRecordDropout,29,9,1.14983517640228,1.10325220715374,1.11580827379498,1.11284477334268,1,1,5,5,0,0,1,0,0
NUAA,W1,2,vibration_y,LinearBiasDrift,29,6,1.81622466807123,1.16043433878486,1.20032095736256,0.968305281058302,1,1,11,13,0,0,1,0,0
NUAA,W1,2,vibration_y,GainDrift,29,11,1.45187192644021,1.40394023939185,1.45187192644021,1.13313964857551,1,0,7,NaN,0,0,0,0,0
NUAA,W1,2,vibration_y,ColoredNoiseRamp,29,7,1.00539574371724,0.981168391932156,1.00539574371724,0.997411155086653,1,0,11,NaN,0,0,0,0,0
NUAA,W1,2,vibration_y,IntermittentRecordDropout,29,10,1.26132822485846,1.11566139327057,1.08380841906462,1.08380841906462,1,1,0,0,0,0,1,0,0
NUAA,W1,3,force_z,LinearBiasDrift,29,6,0.676134819540499,0.653397468604328,0.676134819540499,0.736037569024192,0,0,NaN,NaN,0,0,0,0,0
NUAA,W1,3,force_z,GainDrift,29,7,5.59957605562063,0.754481544709742,0.815279809967161,0.744868120862816,1,1,3,4,0,0,1,0,0
NUAA,W1,3,force_z,ColoredNoiseRamp,29,8,5.83313437788764,0.956222176925822,1.05675020543151,0.723470513699527,1,1,4,7,0,0,1,0,0
NUAA,W1,3,force_z,IntermittentRecordDropout,29,11,0.945276011870756,1.03250007822217,1.10721579477167,0.797698007322858,1,1,6,6,0,0,7,0,0
NUAA,W1,3,vibration_x,LinearBiasDrift,29,7,1.19034194397193,1.16658179182364,1.19034194397193,1.04020474904155,0,0,NaN,NaN,0,0,0,0,0
NUAA,W1,3,vibration_x,GainDrift,29,12,1.18752437371857,1.15306265388466,1.18752437371857,1.16224061201938,0,0,NaN,NaN,0,0,0,0,0
NUAA,W1,3,vibration_x,ColoredNoiseRamp,29,8,1.10614716484553,1.08002803106009,1.10614716484553,1.0649896165821,0,0,NaN,NaN,0,0,0,0,0
NUAA,W1,3,vibration_x,IntermittentRecordDropout,29,12,1.22649525443966,1.16731916365203,1.20507880775475,1.16224061201938,1,1,7,7,0,0,1,0,0
NUAA,W1,3,vibration_y,LinearBiasDrift,29,11,0.834676274664983,1.04076115381924,1.06202789415848,1.13313964857551,1,1,7,11,0,0,1,0,0
NUAA,W1,3,vibration_y,GainDrift,29,7,1.19342644414569,1.15821190686635,1.19342644414569,0.997411155086653,1,0,11,NaN,0,0,0,0,0
NUAA,W1,3,vibration_y,ColoredNoiseRamp,29,13,1.03524790643152,1.00496157988978,1.03524790643152,1.04160026463169,1,0,5,NaN,0,0,0,0,0
NUAA,W1,3,vibration_y,IntermittentRecordDropout,29,8,1.18002261984603,1.02613429028723,1.01743462554567,1.01777950167728,1,1,5,5,0,0,1,0,0
NUAA,W1,4,force_z,LinearBiasDrift,29,13,1.5821015457354,1.54577858598055,1.5821015457354,0.797355964121897,0,0,NaN,NaN,0,0,0,0,0
NUAA,W1,4,force_z,GainDrift,29,10,2.44815983973744,0.793918813358586,0.752961761842338,0.7750044235785,1,1,3,4,0,0,1,0,0
NUAA,W1,4,force_z,ColoredNoiseRamp,29,13,3.89620386753485,1.11699155806795,1.35542193950982,0.797355964121897,1,1,5,8,0,0,1,0,0
NUAA,W1,4,force_z,IntermittentRecordDropout,29,13,0.979917658798857,1.03633424099987,1.04920900885955,0.797355964121897,1,1,6,6,0,0,4,0,0
NUAA,W1,4,vibration_x,LinearBiasDrift,29,6,1.23749972159085,1.2170821454134,1.23749972159085,1.00468253429265,0,0,NaN,NaN,0,0,0,0,0
NUAA,W1,4,vibration_x,GainDrift,29,12,1.19143917127834,1.15648816997578,1.19143917127834,1.16224061201938,0,0,NaN,NaN,0,0,0,0,0
NUAA,W1,4,vibration_x,ColoredNoiseRamp,29,13,1.17992877494273,1.1462100279298,1.17992877494273,1.11048886390095,0,0,NaN,NaN,0,0,0,0,0
NUAA,W1,4,vibration_x,IntermittentRecordDropout,29,10,1.20551818146624,1.15890487984864,1.15358278718789,1.14869283256373,1,1,3,3,0,0,1,0,0
NUAA,W1,4,vibration_y,LinearBiasDrift,29,11,0.821665333072409,1.05920757893707,1.04213319582876,1.13313964857551,1,1,7,9,0,0,1,0,0
NUAA,W1,4,vibration_y,GainDrift,29,6,0.838909818105985,0.826982300738204,0.838909818105985,0.968305281058302,1,0,12,NaN,0,0,0,0,0
NUAA,W1,4,vibration_y,ColoredNoiseRamp,29,9,1.11850053847507,1.08592241852002,1.11850053847507,1.05674190727695,1,0,9,NaN,0,0,0,0,0
NUAA,W1,4,vibration_y,IntermittentRecordDropout,29,6,1.0898844731007,0.98745857173187,0.968305281058302,0.968305281058302,1,1,0,0,0,0,1,0,0
NUAA,W1,5,force_z,LinearBiasDrift,29,11,0.854656340762512,0.82592900499858,0.854656340762512,0.797698007322858,0,0,NaN,NaN,0,0,0,0,0
NUAA,W1,5,force_z,GainDrift,29,6,3.99495383127233,0.874775784584448,0.862355362475732,0.736037569024192,1,1,5,6,0,0,1,0,0
NUAA,W1,5,force_z,ColoredNoiseRamp,29,11,2.54236717561743,1.44972383965566,1.5440365653221,0.797698007322858,1,1,12,13,0,0,1,0,0
NUAA,W1,5,force_z,IntermittentRecordDropout,29,6,0.796613115432974,0.856653118342679,0.839459305295251,0.736037569024192,1,1,5,5,0,0,5,0,0
NUAA,W1,5,vibration_x,LinearBiasDrift,29,8,1.01333665520747,0.984241060020951,1.01333665520747,1.0649896165821,0,0,NaN,NaN,0,0,0,0,0
NUAA,W1,5,vibration_x,GainDrift,29,11,1.21993845545288,1.18743570855004,1.21993845545288,1.19776781318497,0,0,NaN,NaN,0,0,0,0,0
NUAA,W1,5,vibration_x,ColoredNoiseRamp,29,10,1.20028010742781,1.16871409126487,1.20028010742781,1.14869283256373,0,0,NaN,NaN,0,0,0,0,0
NUAA,W1,5,vibration_x,IntermittentRecordDropout,29,12,1.2153095249507,1.16504512525954,1.20184452574765,1.16224061201938,1,1,9,9,0,0,1,0,0
NUAA,W1,5,vibration_y,LinearBiasDrift,29,10,1.81727015597042,1.32913118227053,1.37399110410209,1.08380841906462,1,1,8,12,0,0,1,0,0
NUAA,W1,5,vibration_y,GainDrift,29,11,1.0711735827366,1.04995402823296,1.0711735827366,1.13313964857551,1,0,7,NaN,0,0,0,0,0
NUAA,W1,5,vibration_y,ColoredNoiseRamp,29,8,1.02136622845558,0.993227349565271,1.02136622845558,1.01777950167728,1,0,10,NaN,0,0,0,0,0
NUAA,W1,5,vibration_y,IntermittentRecordDropout,29,10,1.21995745937292,1.13004770095923,1.08825446599584,1.08380841906462,1,1,1,1,0,0,3,0,0
NUAA,W1,6,force_z,LinearBiasDrift,29,8,0.766057132009155,0.741242671879299,0.766057132009155,0.723470513699527,0,0,NaN,NaN,0,0,0,0,0
NUAA,W1,6,force_z,GainDrift,29,9,4.62886759778408,1.08615198476218,1.08615198476218,0.756227409810476,1,1,5,5,0,0,1,0,0
NUAA,W1,6,force_z,ColoredNoiseRamp,29,6,1.68211618265056,1.42164210098521,1.58554578158548,0.736037569024192,1,1,19,23,0,0,1,0,0
NUAA,W1,6,force_z,IntermittentRecordDropout,29,13,0.945076294333869,0.95321570406279,0.93613803041672,0.797355964121897,1,1,4,4,0,0,5,0,0
NUAA,W1,6,vibration_x,LinearBiasDrift,29,8,1.01275539694506,0.983659707947431,1.01275539694506,1.0649896165821,0,0,NaN,NaN,0,0,0,0,0
NUAA,W1,6,vibration_x,GainDrift,29,11,1.22606294155264,1.19278162024656,1.22606294155264,1.19776781318497,0,0,NaN,NaN,0,0,0,0,0
NUAA,W1,6,vibration_x,ColoredNoiseRamp,29,12,1.2090114258415,1.1749464728168,1.2090114258415,1.16224061201938,0,0,NaN,NaN,0,0,0,0,0
NUAA,W1,6,vibration_x,IntermittentRecordDropout,29,9,1.15500300001119,1.11166977211999,1.1186955376332,1.11284477334268,1,1,6,6,0,0,1,0,0
NUAA,W1,6,vibration_y,LinearBiasDrift,29,11,1.46432687882208,1.40962281286438,1.46432687882208,1.13313964857551,1,0,7,NaN,0,0,0,0,0
NUAA,W1,6,vibration_y,GainDrift,29,6,1.17089891591043,1.13612328370235,1.17089891591043,0.968305281058302,1,0,12,NaN,0,0,0,0,0
NUAA,W1,6,vibration_y,ColoredNoiseRamp,29,10,1.13324270334792,1.10213040061479,1.13324270334792,1.08380841906462,1,0,8,NaN,0,0,0,0,0
NUAA,W1,6,vibration_y,IntermittentRecordDropout,29,9,1.21196913965503,1.07849376904927,1.06427463852792,1.05674190727695,1,1,5,5,0,0,1,0,0
NUAA,W1,7,force_z,LinearBiasDrift,29,11,0.939497416891501,0.908946250718295,0.939497416891501,0.797698007322858,0,0,NaN,NaN,0,0,0,0,0
NUAA,W1,7,force_z,GainDrift,29,10,6.07162577351762,0.99026949228174,1.14957318244235,0.7750044235785,1,1,2,4,0,0,1,0,0
NUAA,W1,7,force_z,ColoredNoiseRamp,29,11,6.38267594121797,1.05164010521103,1.29167826307281,0.797698007322858,1,1,4,6,0,0,1,0,0
NUAA,W1,7,force_z,IntermittentRecordDropout,29,10,1.02125209341783,0.899880673775926,1.0130849213429,0.7750044235785,1,1,2,6,0,0,7,0,0
NUAA,W1,7,vibration_x,LinearBiasDrift,29,6,0.879975055268854,0.85442796461361,0.879975055268854,1.00468253429265,0,0,NaN,NaN,0,0,0,0,0
NUAA,W1,7,vibration_x,GainDrift,29,8,1.08573217245484,1.05780580902423,1.08573217245484,1.0649896165821,0,0,NaN,NaN,0,0,0,0,0
NUAA,W1,7,vibration_x,ColoredNoiseRamp,29,7,1.07415772310069,1.04760696091128,1.07415772310069,1.04020474904155,0,0,NaN,NaN,0,0,0,0,0
NUAA,W1,7,vibration_x,IntermittentRecordDropout,29,10,1.21150369399208,1.15001321378259,1.15358278718789,1.14869283256373,1,1,3,3,0,0,1,0,0
NUAA,W1,7,vibration_y,LinearBiasDrift,29,12,1.68331410062619,1.38612840690808,1.31223911914285,1.09969994057556,1,1,6,10,0,0,1,0,0
NUAA,W1,7,vibration_y,GainDrift,29,8,0.94708840912118,0.929109745563592,0.94708840912118,1.01777950167728,1,0,10,NaN,0,0,0,0,0
NUAA,W1,7,vibration_y,ColoredNoiseRamp,29,11,1.17808157754864,1.13485140167919,1.17808157754864,1.13313964857551,1,0,7,NaN,0,0,0,0,0
NUAA,W1,7,vibration_y,IntermittentRecordDropout,29,8,1.14517685986636,1.03128525040846,1.00843985483709,1.01777950167728,1,1,2,2,0,0,3,0,0
NUAA,W1,8,force_z,LinearBiasDrift,29,9,0.781940285944922,0.755945479025033,0.781940285944922,0.756227409810476,0,0,NaN,NaN,0,0,0,0,0
NUAA,W1,8,force_z,GainDrift,29,9,3.07381360927575,0.757623836947892,0.761358139936945,0.756227409810476,1,1,3,4,0,0,1,0,0
NUAA,W1,8,force_z,ColoredNoiseRamp,29,9,2.26292786460037,1.24576672235636,1.51523772318085,0.756227409810476,1,1,12,16,0,0,1,0,0
NUAA,W1,8,force_z,IntermittentRecordDropout,29,10,1.01629244645032,1.09594013325529,1.05712421145201,0.7750044235785,1,1,10,10,0,0,5,0,0
NUAA,W1,8,vibration_x,LinearBiasDrift,29,7,0.982776360788444,0.954941807103134,0.982776360788444,1.04020474904155,0,0,NaN,NaN,0,0,0,0,0
NUAA,W1,8,vibration_x,GainDrift,29,10,1.17059833656462,1.13981646986475,1.17059833656462,1.14869283256373,0,0,NaN,NaN,0,0,0,0,0
NUAA,W1,8,vibration_x,ColoredNoiseRamp,29,8,1.10692215562751,1.081115037572,1.10692215562751,1.0649896165821,0,0,NaN,NaN,0,0,0,0,0
NUAA,W1,8,vibration_x,IntermittentRecordDropout,29,12,1.20758001375839,1.15957319281463,1.19775570962177,1.16224061201938,1,1,11,11,0,0,1,0,0
NUAA,W1,8,vibration_y,LinearBiasDrift,29,12,0.779162021219635,0.995854657080814,1.05801109844081,1.09969994057556,1,1,6,9,0,0,1,0,0
NUAA,W1,8,vibration_y,GainDrift,29,6,0.902396335499305,0.885311652943863,0.902396335499305,0.968305281058302,1,0,12,NaN,0,0,0,0,0
NUAA,W1,8,vibration_y,ColoredNoiseRamp,29,9,1.10632161105219,1.07302724480704,1.10632161105219,1.05674190727695,1,0,9,NaN,0,0,0,0,0
NUAA,W1,8,vibration_y,IntermittentRecordDropout,29,12,1.23511328519818,1.13819792582554,1.123938787344,1.09969994057556,1,1,6,6,0,0,3,0,0
NUAA,W1,9,force_z,LinearBiasDrift,29,11,0.832392886556836,0.803683386897717,0.832392886556836,0.797698007322858,0,0,NaN,NaN,0,0,0,0,0
NUAA,W1,9,force_z,GainDrift,29,8,3.21673593856197,0.777560719722627,0.749649630209934,0.723470513699527,1,1,0,4,0,0,1,0,0
NUAA,W1,9,force_z,ColoredNoiseRamp,29,7,3.66361920281943,1.13759540360049,1.2223287003723,0.744868120862816,1,1,10,11,0,0,1,0,0
NUAA,W1,9,force_z,IntermittentRecordDropout,29,7,1.0070414810409,0.969028282474129,0.947153890786788,0.744868120862816,1,1,5,5,0,0,4,0,0
NUAA,W1,9,vibration_x,LinearBiasDrift,29,6,1.09388974026188,1.06959724593391,1.09388974026188,1.00468253429265,0,0,NaN,NaN,0,0,0,0,0
NUAA,W1,9,vibration_x,GainDrift,29,6,1.03084371145737,1.00449358074486,1.03084371145737,1.00468253429265,0,0,NaN,NaN,0,0,0,0,0
NUAA,W1,9,vibration_x,ColoredNoiseRamp,29,11,1.23247878220024,1.19907083246961,1.23247878220024,1.19776781318497,0,0,NaN,NaN,0,0,0,0,0
NUAA,W1,9,vibration_x,IntermittentRecordDropout,29,12,1.21738775105583,1.16651296743867,1.16807233673427,1.16224061201938,1,1,2,2,0,0,1,0,0
NUAA,W1,9,vibration_y,LinearBiasDrift,29,10,0.905826618120581,0.902647138326613,0.905826618120581,1.08380841906462,1,0,8,NaN,0,0,0,0,0
NUAA,W1,9,vibration_y,GainDrift,29,7,0.911000615914164,0.895072350121641,0.911000615914164,0.997411155086653,1,0,11,NaN,0,0,0,0,0
NUAA,W1,9,vibration_y,ColoredNoiseRamp,29,11,1.18805851043733,1.15988968399666,1.18805851043733,1.13313964857551,1,0,7,NaN,0,0,0,0,0
NUAA,W1,9,vibration_y,IntermittentRecordDropout,29,13,1.21040569490223,1.05392999501858,1.05378933507901,1.04160026463169,1,1,4,4,0,0,1,0,0
NUAA,W1,10,force_z,LinearBiasDrift,29,11,0.912922664852668,0.884148881833845,0.912922664852668,0.797698007322858,0,0,NaN,NaN,0,0,0,0,0
NUAA,W1,10,force_z,GainDrift,29,8,5.71346822130867,0.801027582273302,0.904919629444311,0.723470513699527,1,1,3,4,0,0,1,0,0
NUAA,W1,10,force_z,ColoredNoiseRamp,29,8,4.85746237943473,0.90489740313941,1.11668067172468,0.723470513699527,1,1,4,8,0,0,1,0,0
NUAA,W1,10,force_z,IntermittentRecordDropout,29,13,1.07410385537083,1.02097906621581,0.942415280986035,0.797355964121897,1,1,4,4,0,0,5,0,0
NUAA,W1,10,vibration_x,LinearBiasDrift,29,10,0.979291694086616,0.949123731046028,0.979291694086616,1.14869283256373,0,0,NaN,NaN,0,0,0,0,0
NUAA,W1,10,vibration_x,GainDrift,29,11,1.22482632619522,1.1917022094363,1.22482632619522,1.19776781318497,0,0,NaN,NaN,0,0,0,0,0
NUAA,W1,10,vibration_x,ColoredNoiseRamp,29,7,1.09140052666257,1.067215565085,1.09140052666257,1.04020474904155,0,0,NaN,NaN,0,0,0,0,0
NUAA,W1,10,vibration_x,IntermittentRecordDropout,29,10,1.18290422702785,1.15591416769476,1.15995764911054,1.14869283256373,1,1,6,6,0,0,1,0,0
NUAA,W1,10,vibration_y,LinearBiasDrift,29,9,1.52338233401342,1.41661692187498,1.52338233401342,1.05674190727695,1,0,9,NaN,0,0,0,0,0
NUAA,W1,10,vibration_y,GainDrift,29,12,1.00949180958624,0.989160105169964,1.00949180958624,1.09969994057556,1,0,6,NaN,0,0,0,0,0
NUAA,W1,10,vibration_y,ColoredNoiseRamp,29,12,1.11344701788863,1.08923373508534,1.11344701788863,1.09969994057556,1,0,6,NaN,0,0,0,0,0
NUAA,W1,10,vibration_y,IntermittentRecordDropout,29,7,1.1346986146349,0.997073754573262,0.9949893424951,0.997411155086653,1,1,6,6,0,0,1,0,0
NUAA,W1,11,force_z,LinearBiasDrift,29,12,2.24906364346324,2.21539183812002,2.24906364346324,0.778003647649525,0,0,NaN,NaN,0,0,0,0,0
NUAA,W1,11,force_z,GainDrift,29,9,3.94454101415443,1.33623191538938,1.15169215144767,0.756227409810476,1,1,5,6,0,0,1,0,0
NUAA,W1,11,force_z,ColoredNoiseRamp,29,6,2.80518028032578,1.17091984232148,1.19211265016851,0.736037569024192,1,1,12,13,0,0,1,0,0
NUAA,W1,11,force_z,IntermittentRecordDropout,29,10,0.951658938722668,1.06381292513989,0.983364607925243,0.7750044235785,1,1,6,8,0,0,4,0,0
NUAA,W1,11,vibration_x,LinearBiasDrift,29,12,1.3727932837429,1.34273327595699,1.3727932837429,1.16224061201938,0,0,NaN,NaN,0,0,0,0,0
NUAA,W1,11,vibration_x,GainDrift,29,11,1.22068398271945,1.18808646077145,1.22068398271945,1.19776781318497,0,0,NaN,NaN,0,0,0,0,0
NUAA,W1,11,vibration_x,ColoredNoiseRamp,29,7,1.08839921278918,1.06277410400707,1.08839921278918,1.04020474904155,0,0,NaN,NaN,0,0,0,0,0
NUAA,W1,11,vibration_x,IntermittentRecordDropout,29,10,1.19020344591939,1.14349719114001,1.18812731760947,1.14869283256373,1,1,9,9,0,0,1,0,0
NUAA,W1,11,vibration_y,LinearBiasDrift,29,11,1.55953279787221,1.49642581570887,1.55953279787221,1.13313964857551,1,0,7,NaN,0,0,0,0,0
NUAA,W1,11,vibration_y,GainDrift,29,9,0.936838616190393,0.922324010934421,0.936838616190393,1.05674190727695,1,0,9,NaN,0,0,0,0,0
NUAA,W1,11,vibration_y,ColoredNoiseRamp,29,10,1.09937274465855,1.0801247509621,1.09937274465855,1.08380841906462,1,0,8,NaN,0,0,0,0,0
NUAA,W1,11,vibration_y,IntermittentRecordDropout,29,11,1.30474090211213,1.17015750037513,1.14566565720867,1.13313964857551,1,1,3,3,0,0,1,0,0
NUAA,W1,12,force_z,LinearBiasDrift,29,10,0.785381375310554,0.75810776071232,0.785381375310554,0.7750044235785,0,0,NaN,NaN,0,0,0,0,0
NUAA,W1,12,force_z,GainDrift,29,6,2.79508866153184,0.780470159863629,0.712634677367124,0.736037569024192,1,1,0,2,0,0,1,0,0
NUAA,W1,12,force_z,ColoredNoiseRamp,29,11,6.50135607802337,1.24366471095017,1.24366471095017,0.797698007322858,1,1,6,6,0,0,1,0,0
NUAA,W1,12,force_z,IntermittentRecordDropout,29,11,0.959473202629845,1.09122788257227,1.04700939107594,0.797698007322858,1,1,7,7,0,0,5,0,0
NUAA,W1,12,vibration_x,LinearBiasDrift,29,6,0.881651334831282,0.856058649536833,0.881651334831282,1.00468253429265,0,0,NaN,NaN,0,0,0,0,0
NUAA,W1,12,vibration_x,GainDrift,29,9,1.13657371362064,1.10650593233816,1.13657371362064,1.11284477334268,0,0,NaN,NaN,0,0,0,0,0
NUAA,W1,12,vibration_x,ColoredNoiseRamp,29,11,1.24203952606037,1.21080489061515,1.24203952606037,1.19776781318497,0,0,NaN,NaN,0,0,0,0,0
NUAA,W1,12,vibration_x,IntermittentRecordDropout,29,12,1.22127141839654,1.16812180762554,1.20721127893512,1.16224061201938,1,1,8,8,0,0,1,0,0
NUAA,W1,12,vibration_y,LinearBiasDrift,29,11,1.47348117662808,1.41797427576279,1.47348117662808,1.13313964857551,1,0,7,NaN,0,0,0,0,0
NUAA,W1,12,vibration_y,GainDrift,29,13,1.36368709171712,1.31138981823649,1.36368709171712,1.04160026463169,1,0,5,NaN,0,0,0,0,0
NUAA,W1,12,vibration_y,ColoredNoiseRamp,29,9,1.11497530618257,1.08355224371925,1.11497530618257,1.05674190727695,1,0,9,NaN,0,0,0,0,0
NUAA,W1,12,vibration_y,IntermittentRecordDropout,29,6,1.10442435541446,0.984362950313717,0.971572867115259,0.968305281058302,1,1,10,10,0,0,1,0,0
NUAA,W1,13,force_z,LinearBiasDrift,29,13,0.748321125504949,0.716260653936436,0.748321125504949,0.797355964121897,0,0,NaN,NaN,0,0,0,0,0
NUAA,W1,13,force_z,GainDrift,29,6,3.68489638862581,0.737452745691582,0.721558952459209,0.736037569024192,1,1,0,2,0,0,1,0,0
NUAA,W1,13,force_z,ColoredNoiseRamp,29,9,5.86225383416838,1.07063086818175,1.07063086818175,0.756227409810476,1,1,6,6,0,0,1,0,0
NUAA,W1,13,force_z,IntermittentRecordDropout,29,11,0.881694305050774,0.899277795995389,0.975907957833288,0.797698007322858,1,1,8,8,0,0,3,0,0
NUAA,W1,13,vibration_x,LinearBiasDrift,29,10,1.04049040891982,1.00890571985133,1.04049040891982,1.14869283256373,0,0,NaN,NaN,0,0,0,0,0
NUAA,W1,13,vibration_x,GainDrift,29,9,1.13199812120496,1.10253381958099,1.13199812120496,1.11284477334268,0,0,NaN,NaN,0,0,0,0,0
NUAA,W1,13,vibration_x,ColoredNoiseRamp,29,6,1.04249563555723,1.01834762268884,1.04249563555723,1.00468253429265,0,0,NaN,NaN,0,0,0,0,0
NUAA,W1,13,vibration_x,IntermittentRecordDropout,29,7,1.09553216003369,1.0363305009222,1.04165486836876,1.04020474904155,1,1,3,3,0,0,1,0,0
NUAA,W1,13,vibration_y,LinearBiasDrift,29,8,0.846959736889662,0.843445797467199,0.846959736889662,1.01777950167728,1,0,10,NaN,0,0,0,0,0
NUAA,W1,13,vibration_y,GainDrift,29,7,1.19547149459202,1.1601298342492,1.19547149459202,0.997411155086653,1,0,11,NaN,0,0,0,0,0
NUAA,W1,13,vibration_y,ColoredNoiseRamp,29,12,1.15785943615613,1.11710475768953,1.15785943615613,1.09969994057556,1,0,6,NaN,0,0,0,0,0
NUAA,W1,13,vibration_y,IntermittentRecordDropout,29,9,1.18284237114364,1.0922874241603,1.0572033628018,1.05674190727695,1,1,3,3,0,0,1,0,0
NUAA,W1,14,force_z,LinearBiasDrift,29,8,2.12843213929807,2.10102642953314,2.12843213929807,0.723470513699527,0,0,NaN,NaN,0,0,0,0,0
NUAA,W1,14,force_z,GainDrift,29,10,3.9020390547383,0.755235781240612,0.762799559132846,0.7750044235785,1,1,2,3,0,0,1,0,0
NUAA,W1,14,force_z,ColoredNoiseRamp,29,12,6.16558309793443,1.09914875049949,1.20864693944741,0.778003647649525,1,1,5,6,0,0,1,0,0
NUAA,W1,14,force_z,IntermittentRecordDropout,29,7,0.722770589157414,0.871208167495714,0.819536992526907,0.744868120862816,1,1,4,4,0,0,7,0,0
NUAA,W1,14,vibration_x,LinearBiasDrift,29,9,0.937241414704307,0.908879427874029,0.937241414704307,1.11284477334268,0,0,NaN,NaN,0,0,0,0,0
NUAA,W1,14,vibration_x,GainDrift,29,8,1.0924946863614,1.06367859180655,1.0924946863614,1.0649896165821,0,0,NaN,NaN,0,0,0,0,0
NUAA,W1,14,vibration_x,ColoredNoiseRamp,29,10,1.19191388903376,1.16092299381341,1.19191388903376,1.14869283256373,0,0,NaN,NaN,0,0,0,0,0
NUAA,W1,14,vibration_x,IntermittentRecordDropout,29,10,1.1971362825812,1.14597254844385,1.15358278718789,1.14869283256373,1,1,3,3,0,0,1,0,0
NUAA,W1,14,vibration_y,LinearBiasDrift,29,8,1.78687917691886,1.2162782261433,1.33470456518955,1.01777950167728,1,1,10,14,0,0,1,0,0
NUAA,W1,14,vibration_y,GainDrift,29,6,1.22698791814558,1.18876755057958,1.22698791814558,0.968305281058302,1,0,12,NaN,0,0,0,0,0
NUAA,W1,14,vibration_y,ColoredNoiseRamp,29,7,1.01867187818719,0.993278658268802,1.01867187818719,0.997411155086653,1,0,11,NaN,0,0,0,0,0
NUAA,W1,14,vibration_y,IntermittentRecordDropout,29,7,1.1380972297196,1.01923760383747,0.995319224012295,0.997411155086653,1,1,1,1,0,0,1,0,0
NUAA,W1,15,force_z,LinearBiasDrift,29,6,0.68960616615311,0.666885502084221,0.68960616615311,0.736037569024192,0,0,NaN,NaN,0,0,0,0,0
NUAA,W1,15,force_z,GainDrift,29,12,2.49152986182887,0.838134398082917,0.785925682592067,0.778003647649525,1,1,3,4,0,0,1,0,0
NUAA,W1,15,force_z,ColoredNoiseRamp,29,10,6.34511303851962,1.04352891834409,1.16534506905223,0.7750044235785,1,1,5,6,0,0,1,0,0
NUAA,W1,15,force_z,IntermittentRecordDropout,29,6,0.803746123425362,0.815889413210628,0.831053309220204,0.736037569024192,1,1,13,13,0,0,3,0,0
NUAA,W1,15,vibration_x,LinearBiasDrift,29,11,1.1444109008122,1.11079974395011,1.1444109008122,1.19776781318497,0,0,NaN,NaN,0,0,0,0,0
NUAA,W1,15,vibration_x,GainDrift,29,9,1.13715979991928,1.10701471910327,1.13715979991928,1.11284477334268,0,0,NaN,NaN,0,0,0,0,0
NUAA,W1,15,vibration_x,ColoredNoiseRamp,29,12,1.22579393899137,1.19271169313051,1.22579393899137,1.16224061201938,0,0,NaN,NaN,0,0,0,0,0
NUAA,W1,15,vibration_x,IntermittentRecordDropout,29,9,1.16394197968806,1.12125032883813,1.1186955376332,1.11284477334268,1,1,6,6,0,0,1,0,0
NUAA,W1,15,vibration_y,LinearBiasDrift,29,7,1.35949549717591,1.30620213848784,1.35949549717591,0.997411155086653,1,0,11,NaN,0,0,0,0,0
NUAA,W1,15,vibration_y,GainDrift,29,6,0.928282216005236,0.909094760022012,0.928282216005236,0.968305281058302,1,0,12,NaN,0,0,0,0,0
NUAA,W1,15,vibration_y,ColoredNoiseRamp,29,10,1.11655338546889,1.09941947734882,1.11655338546889,1.08380841906462,1,0,8,NaN,0,0,0,0,0
NUAA,W1,15,vibration_y,IntermittentRecordDropout,29,12,1.23447472343292,1.1225819454307,1.10163454130981,1.09969994057556,1,1,1,1,0,0,1,0,0
NUAA,W1,16,force_z,LinearBiasDrift,29,9,0.754426713555537,0.728448731467191,0.754426713555537,0.756227409810476,0,0,NaN,NaN,0,0,0,0,0
NUAA,W1,16,force_z,GainDrift,29,6,2.74637968003228,0.779441202743557,0.712127325285137,0.736037569024192,1,1,0,2,0,0,1,0,0
NUAA,W1,16,force_z,ColoredNoiseRamp,29,11,5.05873111291752,1.08549608402982,1.26158612094884,0.797698007322858,1,1,5,7,0,0,1,0,0
NUAA,W1,16,force_z,IntermittentRecordDropout,29,12,0.948752008670589,1.08723390045756,1.09596862375176,0.778003647649525,1,1,6,8,0,0,5,0,0
NUAA,W1,16,vibration_x,LinearBiasDrift,29,10,1.02806368034474,0.996693454261694,1.02806368034474,1.14869283256373,0,0,NaN,NaN,0,0,0,0,0
NUAA,W1,16,vibration_x,GainDrift,29,6,1.02486230173635,0.999282552525065,1.02486230173635,1.00468253429265,0,0,NaN,NaN,0,0,0,0,0
NUAA,W1,16,vibration_x,ColoredNoiseRamp,29,10,1.18666269543793,1.15804072305996,1.18666269543793,1.14869283256373,0,0,NaN,NaN,0,0,0,0,0
NUAA,W1,16,vibration_x,IntermittentRecordDropout,29,7,1.09554952283643,1.04645391748511,1.04297260078126,1.04020474904155,1,1,4,4,0,0,1,0,0
NUAA,W1,16,vibration_y,LinearBiasDrift,29,7,1.65144612980006,1.2352032000334,1.27538173190431,0.997411155086653,1,1,11,15,0,0,1,0,0
NUAA,W1,16,vibration_y,GainDrift,29,13,0.997711365598113,0.971508045348639,0.997711365598113,1.04160026463169,1,0,5,NaN,0,0,0,0,0
NUAA,W1,16,vibration_y,ColoredNoiseRamp,29,12,1.16629487022335,1.13035415235342,1.16629487022335,1.09969994057556,1,0,6,NaN,0,0,0,0,0
NUAA,W1,16,vibration_y,IntermittentRecordDropout,29,10,1.21173868069212,1.13501582874106,1.10985034419897,1.08380841906462,1,1,8,8,0,0,1,0,0
NUAA,W1,17,force_z,LinearBiasDrift,29,13,1.73999499935325,1.70383431126159,1.73999499935325,0.797355964121897,0,0,NaN,NaN,0,0,0,0,0
NUAA,W1,17,force_z,GainDrift,29,11,6.43579013192488,1.11534009156847,1.11534009156847,0.797698007322858,1,1,3,3,0,0,1,0,0
NUAA,W1,17,force_z,ColoredNoiseRamp,29,8,2.50733935366795,1.58672058749144,1.61815590869578,0.723470513699527,1,1,17,17,0,0,1,0,0
NUAA,W1,17,force_z,IntermittentRecordDropout,29,8,0.671703973189574,0.832396775422478,0.851899340732615,0.723470513699527,1,1,7,7,0,0,3,0,0
NUAA,W1,17,vibration_x,LinearBiasDrift,29,10,1.2524053293675,1.22319202080674,1.2524053293675,1.14869283256373,0,0,NaN,NaN,0,0,0,0,0
NUAA,W1,17,vibration_x,GainDrift,29,10,1.17048540674642,1.13971824538675,1.17048540674642,1.14869283256373,0,0,NaN,NaN,0,0,0,0,0
NUAA,W1,17,vibration_x,ColoredNoiseRamp,29,10,1.20704153384836,1.17955180188297,1.20704153384836,1.14869283256373,0,0,NaN,NaN,0,0,0,0,0
NUAA,W1,17,vibration_x,IntermittentRecordDropout,29,8,1.11188569141399,1.07668907386051,1.10381559269365,1.0649896165821,1,1,12,12,0,0,1,0,0
NUAA,W1,17,vibration_y,LinearBiasDrift,29,7,1.34994848326966,1.29748513451372,1.34994848326966,0.997411155086653,1,0,11,NaN,0,0,0,0,0
NUAA,W1,17,vibration_y,GainDrift,29,10,1.01825260278773,0.99883143352281,1.01825260278773,1.08380841906462,1,0,8,NaN,0,0,0,0,0
NUAA,W1,17,vibration_y,ColoredNoiseRamp,29,11,1.16868676946195,1.1348109914806,1.16868676946195,1.13313964857551,1,0,7,NaN,0,0,0,0,0
NUAA,W1,17,vibration_y,IntermittentRecordDropout,29,12,1.28247288850059,1.13216660364787,1.11314644117672,1.09969994057556,1,1,5,5,0,0,1,0,0
NUAA,W1,18,force_z,LinearBiasDrift,29,11,0.86129660715305,0.832567791423528,0.86129660715305,0.797698007322858,0,0,NaN,NaN,0,0,0,0,0
NUAA,W1,18,force_z,GainDrift,29,10,5.34967353017297,1.11443831660309,1.11443831660309,0.7750044235785,1,1,4,4,0,0,1,0,0
NUAA,W1,18,force_z,ColoredNoiseRamp,29,12,6.41459962483228,1.25245210032725,1.25245210032725,0.778003647649525,1,1,6,6,0,0,1,0,0
NUAA,W1,18,force_z,IntermittentRecordDropout,29,12,0.923852549016961,0.955270320722125,0.921992725642102,0.778003647649525,1,1,8,8,0,0,4,0,0
NUAA,W1,18,vibration_x,LinearBiasDrift,29,11,0.996462854837327,0.965369664444508,0.996462854837327,1.19776781318497,0,0,NaN,NaN,0,0,0,0,0
NUAA,W1,18,vibration_x,GainDrift,29,6,1.03081714381061,1.00447043490409,1.03081714381061,1.00468253429265,0,0,NaN,NaN,0,0,0,0,0
NUAA,W1,18,vibration_x,ColoredNoiseRamp,29,9,1.14254020934295,1.11314156978121,1.14254020934295,1.11284477334268,0,0,NaN,NaN,0,0,0,0,0
NUAA,W1,18,vibration_x,IntermittentRecordDropout,29,10,1.21072559584661,1.14832670742228,1.15785312072117,1.14869283256373,1,1,5,5,0,0,1,0,0
NUAA,W1,18,vibration_y,LinearBiasDrift,29,10,1.94121754769667,1.27774356904981,1.41687048493116,1.08380841906462,1,1,8,12,0,0,1,0,0
NUAA,W1,18,vibration_y,GainDrift,29,11,1.38973683428217,1.34589247810329,1.38973683428217,1.13313964857551,1,0,7,NaN,0,0,0,0,0
NUAA,W1,18,vibration_y,ColoredNoiseRamp,29,10,1.14052363295598,1.1020205401415,1.14052363295598,1.08380841906462,1,0,8,NaN,0,0,0,0,0
NUAA,W1,18,vibration_y,IntermittentRecordDropout,29,10,1.29889057055685,1.10906807756673,1.10071117666062,1.08380841906462,1,1,4,4,0,0,1,0,0
NUAA,W1,19,force_z,LinearBiasDrift,29,11,0.850832880880471,0.822106880742192,0.850832880880471,0.797698007322858,0,0,NaN,NaN,0,0,0,0,0
NUAA,W1,19,force_z,GainDrift,29,11,1.92708988738187,0.832446115295417,0.814495055073301,0.797698007322858,1,1,2,5,0,0,1,0,0
NUAA,W1,19,force_z,ColoredNoiseRamp,29,8,2.97700729909611,1.2722278080314,1.37216082020616,0.723470513699527,1,1,10,13,0,0,1,0,0
NUAA,W1,19,force_z,IntermittentRecordDropout,29,13,0.795092897541343,0.956004627959873,1.0097384220025,0.797355964121897,1,1,4,4,0,0,5,0,0
NUAA,W1,19,vibration_x,LinearBiasDrift,29,11,1.04904440263852,1.01647330632379,1.04904440263852,1.19776781318497,0,0,NaN,NaN,0,0,0,0,0
NUAA,W1,19,vibration_x,GainDrift,29,13,1.13093618577781,1.09463448690085,1.13093618577781,1.11048886390095,0,0,NaN,NaN,0,0,0,0,0
NUAA,W1,19,vibration_x,ColoredNoiseRamp,29,11,1.2594868921539,1.22794219679485,1.2594868921539,1.19776781318497,0,0,NaN,NaN,0,0,0,0,0
NUAA,W1,19,vibration_x,IntermittentRecordDropout,29,8,1.11858248894742,1.06578481801383,1.06622131168632,1.0649896165821,1,1,2,2,0,0,1,0,0
NUAA,W1,19,vibration_y,LinearBiasDrift,29,9,1.36888524466909,1.31816308955215,1.36888524466909,1.05674190727695,1,0,9,NaN,0,0,0,0,0
NUAA,W1,19,vibration_y,GainDrift,29,12,1.38900616666115,1.3409521124236,1.38900616666115,1.09969994057556,1,0,6,NaN,0,0,0,0,0
NUAA,W1,19,vibration_y,ColoredNoiseRamp,29,10,1.10281416361178,1.09650859646562,1.10281416361178,1.08380841906462,1,0,8,NaN,0,0,0,0,0
NUAA,W1,19,vibration_y,IntermittentRecordDropout,29,6,1.1320880344536,0.985412280691401,0.962474773495678,0.968305281058302,1,1,7,7,0,0,1,0,0
NUAA,W1,20,force_z,LinearBiasDrift,29,6,1.75794906628319,1.73261709111655,1.75794906628319,0.736037569024192,0,0,NaN,NaN,0,0,0,0,0
NUAA,W1,20,force_z,GainDrift,29,9,5.33906679762589,0.973341665494331,1.13233222547135,0.756227409810476,1,1,3,5,0,0,1,0,0
NUAA,W1,20,force_z,ColoredNoiseRamp,29,7,5.27721006947382,0.918022834874493,1.08955670302278,0.744868120862816,1,1,6,8,0,0,1,0,0
NUAA,W1,20,force_z,IntermittentRecordDropout,29,9,0.888190428984082,0.942212862496209,0.905717333900029,0.756227409810476,1,1,9,9,0,0,3,0,0
NUAA,W1,20,vibration_x,LinearBiasDrift,29,7,0.947179277725249,0.919685485249789,0.947179277725249,1.04020474904155,0,0,NaN,NaN,0,0,0,0,0
NUAA,W1,20,vibration_x,GainDrift,29,10,1.17115508844605,1.14030072339316,1.17115508844605,1.14869283256373,0,0,NaN,NaN,0,0,0,0,0
NUAA,W1,20,vibration_x,ColoredNoiseRamp,29,9,1.15520894721435,1.12561876952273,1.15520894721435,1.11284477334268,0,0,NaN,NaN,0,0,0,0,0
NUAA,W1,20,vibration_x,IntermittentRecordDropout,29,8,1.11515959682934,1.05551993185494,1.0649896165821,1.0649896165821,1,1,0,0,0,0,1,0,0
NUAA,W1,20,vibration_y,LinearBiasDrift,29,13,0.7305556628374,0.965547676662371,0.989628037128712,1.04160026463169,1,1,5,9,0,0,1,0,0
NUAA,W1,20,vibration_y,GainDrift,29,10,1.03482138775437,1.01396935183811,1.03482138775437,1.08380841906462,1,0,8,NaN,0,0,0,0,0
NUAA,W1,20,vibration_y,ColoredNoiseRamp,29,10,1.14482053400344,1.10383109365579,1.14482053400344,1.08380841906462,1,0,8,NaN,0,0,0,0,0
NUAA,W1,20,vibration_y,IntermittentRecordDropout,29,11,1.29550484171521,1.15786227371107,1.13919699627583,1.13313964857551,1,1,2,2,0,0,3,0,0
NUAA,W1,21,force_z,LinearBiasDrift,29,13,1.63163921272183,1.59536775775245,1.63163921272183,0.797355964121897,0,0,NaN,NaN,0,0,0,0,0
NUAA,W1,21,force_z,GainDrift,29,12,4.3854910092951,1.4937763226333,1.28687111568517,0.778003647649525,1,1,4,5,0,0,1,0,0
NUAA,W1,21,force_z,ColoredNoiseRamp,29,9,6.07213225742781,1.08187693478282,1.08187693478282,0.756227409810476,1,1,6,6,0,0,1,0,0
NUAA,W1,21,force_z,IntermittentRecordDropout,29,12,0.927776237569499,1.08118801637222,1.03518159866129,0.778003647649525,1,1,6,8,0,0,1,0,0
NUAA,W1,21,vibration_x,LinearBiasDrift,29,8,0.99556083924694,0.966512168086411,0.99556083924694,1.0649896165821,0,0,NaN,NaN,0,0,0,0,0
NUAA,W1,21,vibration_x,GainDrift,29,12,1.19204659970511,1.15701968043535,1.19204659970511,1.16224061201938,0,0,NaN,NaN,0,0,0,0,0
NUAA,W1,21,vibration_x,ColoredNoiseRamp,29,10,1.22942384398118,1.20215640567243,1.22942384398118,1.14869283256373,0,0,NaN,NaN,0,0,0,0,0
NUAA,W1,21,vibration_x,IntermittentRecordDropout,29,12,1.21122087578938,1.15687767186311,1.15278504270603,1.16224061201938,1,1,0,0,0,0,3,0,0
NUAA,W1,21,vibration_y,LinearBiasDrift,29,11,0.998252808517993,0.989136608078356,0.998252808517993,1.13313964857551,1,0,7,NaN,0,0,0,0,0
NUAA,W1,21,vibration_y,GainDrift,29,6,0.928013819752878,0.908848166254118,0.928013819752878,0.968305281058302,1,0,12,NaN,0,0,0,0,0
NUAA,W1,21,vibration_y,ColoredNoiseRamp,29,10,1.1320994387639,1.10031166963995,1.1320994387639,1.08380841906462,1,0,8,NaN,0,0,0,0,0
NUAA,W1,21,vibration_y,IntermittentRecordDropout,29,7,1.12671092505847,1.01188942091747,1.00504317316256,0.997411155086653,1,1,0,0,0,0,3,0,0
NUAA,W1,22,force_z,LinearBiasDrift,29,8,0.716812812208023,0.692015922865429,0.716812812208023,0.723470513699527,0,0,NaN,NaN,0,0,0,0,0
NUAA,W1,22,force_z,GainDrift,29,6,1.65499117005486,0.749507512931633,0.75154152653855,0.736037569024192,1,1,0,7,0,0,1,0,0
NUAA,W1,22,force_z,ColoredNoiseRamp,29,8,2.50377823479579,1.24370783839158,1.36234235414502,0.723470513699527,1,1,13,14,0,0,1,0,0
NUAA,W1,22,force_z,IntermittentRecordDropout,29,8,0.928190678615508,0.929475500090488,1.02987293898949,0.723470513699527,1,1,11,11,0,0,5,0,0
NUAA,W1,22,vibration_x,LinearBiasDrift,29,8,1.28400455341141,1.26081185822397,1.28400455341141,1.0649896165821,0,0,NaN,NaN,0,0,0,0,0
NUAA,W1,22,vibration_x,GainDrift,29,8,1.09147455519357,1.062792677361,1.09147455519357,1.0649896165821,0,0,NaN,NaN,0,0,0,0,0
NUAA,W1,22,vibration_x,ColoredNoiseRamp,29,7,1.10499934449795,1.08213236938259,1.10499934449795,1.04020474904155,0,0,NaN,NaN,0,0,0,0,0
NUAA,W1,22,vibration_x,IntermittentRecordDropout,29,12,1.22162286233558,1.16647173504515,1.1753712399109,1.16224061201938,1,1,5,5,0,0,1,0,0
NUAA,W1,22,vibration_y,LinearBiasDrift,29,8,0.724301202179646,0.897842639415981,0.916322659565125,1.01777950167728,1,1,10,14,0,0,1,0,0
NUAA,W1,22,vibration_y,GainDrift,29,12,1.03995800001353,1.01686906850882,1.03995800001353,1.09969994057556,1,0,6,NaN,0,0,0,0,0
NUAA,W1,22,vibration_y,ColoredNoiseRamp,29,7,1.03320128507817,1.00814813406626,1.03320128507817,0.997411155086653,1,0,11,NaN,0,0,0,0,0
NUAA,W1,22,vibration_y,IntermittentRecordDropout,29,7,1.13597176769152,1.02266234435292,0.993475307137861,0.997411155086653,1,1,5,5,0,0,1,0,0
NUAA,W1,23,force_z,LinearBiasDrift,29,6,1.79192546292733,1.76662472475876,1.79192546292733,0.736037569024192,0,0,NaN,NaN,0,0,0,0,0
NUAA,W1,23,force_z,GainDrift,29,9,2.11432458471454,0.780623349426395,0.780623349426395,0.756227409810476,1,1,4,4,0,0,1,0,0
NUAA,W1,23,force_z,ColoredNoiseRamp,29,7,6.34052021370453,0.794870436646234,0.794870436646234,0.744868120862816,1,1,5,5,0,0,1,0,0
NUAA,W1,23,force_z,IntermittentRecordDropout,29,6,0.971995518841853,0.879675742678731,0.897477640457206,0.736037569024192,1,1,6,6,0,0,7,0,0
NUAA,W1,23,vibration_x,LinearBiasDrift,29,6,0.810555005807211,0.787282930686055,0.810555005807211,1.00468253429265,0,0,NaN,NaN,0,0,0,0,0
NUAA,W1,23,vibration_x,GainDrift,29,9,1.13591073541192,1.10593039501724,1.13591073541192,1.11284477334268,0,0,NaN,NaN,0,0,0,0,0
NUAA,W1,23,vibration_x,ColoredNoiseRamp,29,11,1.23306142834306,1.20010057624488,1.23306142834306,1.19776781318497,0,0,NaN,NaN,0,0,0,0,0
NUAA,W1,23,vibration_x,IntermittentRecordDropout,29,7,1.07710262741897,1.03810670723442,1.07594572493027,1.04020474904155,1,1,12,12,0,0,1,0,0
NUAA,W1,23,vibration_y,LinearBiasDrift,29,13,0.749630659418616,0.970631132971241,1.00241062511333,1.04160026463169,1,1,5,9,0,0,1,0,0
NUAA,W1,23,vibration_y,GainDrift,29,11,1.09172052367804,1.06868176590671,1.09172052367804,1.13313964857551,1,0,7,NaN,0,0,0,0,0
NUAA,W1,23,vibration_y,ColoredNoiseRamp,29,13,1.04924275418298,1.01328492821792,1.04924275418298,1.04160026463169,1,0,5,NaN,0,0,0,0,0
NUAA,W1,23,vibration_y,IntermittentRecordDropout,29,8,1.15011788522675,1.04369837669429,1.02499430830636,1.01777950167728,1,1,5,5,0,0,3,0,0
NUAA,W1,24,force_z,LinearBiasDrift,29,7,0.707013541722558,0.683277783924041,0.707013541722558,0.744868120862816,0,0,NaN,NaN,0,0,0,0,0
NUAA,W1,24,force_z,GainDrift,29,13,5.86656658652601,0.956843326718562,1.08372778271858,0.797355964121897,1,1,2,3,0,0,1,0,0
NUAA,W1,24,force_z,ColoredNoiseRamp,29,9,3.66053287907922,1.36736736833877,1.22811639454935,0.756227409810476,1,1,9,9,0,0,1,0,0
NUAA,W1,24,force_z,IntermittentRecordDropout,29,11,1.0241313958797,0.978667620694511,1.05338333724401,0.797698007322858,1,1,8,8,0,0,3,0,0
NUAA,W1,24,vibration_x,LinearBiasDrift,29,7,0.98899628283922,0.961153301823803,0.98899628283922,1.04020474904155,0,0,NaN,NaN,0,0,0,0,0
NUAA,W1,24,vibration_x,GainDrift,29,8,1.09262691097758,1.06379341988085,1.09262691097758,1.0649896165821,0,0,NaN,NaN,0,0,0,0,0
NUAA,W1,24,vibration_x,ColoredNoiseRamp,29,12,1.21692397877352,1.18490683409808,1.21692397877352,1.16224061201938,0,0,NaN,NaN,0,0,0,0,0
NUAA,W1,24,vibration_x,IntermittentRecordDropout,29,11,1.22903876516107,1.19365358275884,1.19709909382658,1.19776781318497,1,1,1,1,0,0,1,0,0
NUAA,W1,24,vibration_y,LinearBiasDrift,29,11,0.880235612742369,1.03234553522754,1.08867658318744,1.13313964857551,1,1,7,11,0,0,1,0,0
NUAA,W1,24,vibration_y,GainDrift,29,8,0.9752306829323,0.954905307882243,0.9752306829323,1.01777950167728,1,0,10,NaN,0,0,0,0,0
NUAA,W1,24,vibration_y,ColoredNoiseRamp,29,6,0.96776174442609,0.948842937530195,0.96776174442609,0.968305281058302,1,0,12,NaN,0,0,0,0,0
NUAA,W1,24,vibration_y,IntermittentRecordDropout,29,11,1.30568906066952,1.15612342775673,1.15528583356483,1.13313964857551,1,1,7,7,0,0,1,0,0
NUAA,W1,25,force_z,LinearBiasDrift,29,10,0.823071645605935,0.795778419598688,0.823071645605935,0.7750044235785,0,0,NaN,NaN,0,0,0,0,0
NUAA,W1,25,force_z,GainDrift,29,11,5.72556903057864,1.09229674032832,1.22207919582727,0.797698007322858,1,1,3,4,0,0,1,0,0
NUAA,W1,25,force_z,ColoredNoiseRamp,29,11,2.25625844706843,1.42589484995351,1.51048309685588,0.797698007322858,1,1,12,14,0,0,1,0,0
NUAA,W1,25,force_z,IntermittentRecordDropout,29,9,0.867830238194809,0.91684704230626,0.93034115057196,0.756227409810476,1,1,7,7,0,0,3,0,0
NUAA,W1,25,vibration_x,LinearBiasDrift,29,6,0.896345410940461,0.870384307408965,0.896345410940461,1.00468253429265,0,0,NaN,NaN,0,0,0,0,0
NUAA,W1,25,vibration_x,GainDrift,29,13,1.1368623586903,1.09984299885113,1.1368623586903,1.11048886390095,0,0,NaN,NaN,0,0,0,0,0
NUAA,W1,25,vibration_x,ColoredNoiseRamp,29,12,1.24010199815893,1.20866981307292,1.24010199815893,1.16224061201938,0,0,NaN,NaN,0,0,0,0,0
NUAA,W1,25,vibration_x,IntermittentRecordDropout,29,13,1.16737447149168,1.11330144540389,1.15338739858791,1.11048886390095,1,1,7,7,0,0,1,0,0
NUAA,W1,25,vibration_y,LinearBiasDrift,29,9,0.755491924595543,0.907485943830269,0.960676222702616,1.05674190727695,1,1,9,13,0,0,1,0,0
NUAA,W1,25,vibration_y,GainDrift,29,11,1.03877488953179,1.02042387924187,1.03877488953179,1.13313964857551,1,0,7,NaN,0,0,0,0,0
NUAA,W1,25,vibration_y,ColoredNoiseRamp,29,12,1.15915916565934,1.12462579417431,1.15915916565934,1.09969994057556,1,0,6,NaN,0,0,0,0,0
NUAA,W1,25,vibration_y,IntermittentRecordDropout,29,13,1.20232444853412,1.06148167955193,1.05444463209463,1.04160026463169,1,1,3,3,0,0,1,0,0
NUAA,W1,26,force_z,LinearBiasDrift,29,12,2.4128972770597,2.37938157556393,2.4128972770597,0.778003647649525,0,0,NaN,NaN,0,0,0,0,0
NUAA,W1,26,force_z,GainDrift,29,9,1.7383759821001,0.788829050590607,0.77344678835087,0.756227409810476,1,1,4,6,0,0,1,0,0
NUAA,W1,26,force_z,ColoredNoiseRamp,29,12,7.07193752367001,1.08436915513495,1.32200087599738,0.778003647649525,1,1,4,6,0,0,1,0,0
NUAA,W1,26,force_z,IntermittentRecordDropout,29,10,0.967207731635713,0.922555794841893,0.956539808868536,0.7750044235785,1,1,10,10,0,0,4,0,0
NUAA,W1,26,vibration_x,LinearBiasDrift,29,6,0.895447247080182,0.86950693270612,0.895447247080182,1.00468253429265,0,0,NaN,NaN,0,0,0,0,0
NUAA,W1,26,vibration_x,GainDrift,29,9,1.13651817771315,1.10645772111947,1.13651817771315,1.11284477334268,0,0,NaN,NaN,0,0,0,0,0
NUAA,W1,26,vibration_x,ColoredNoiseRamp,29,11,1.27476963440282,1.24299465892245,1.27476963440282,1.19776781318497,0,0,NaN,NaN,0,0,0,0,0
NUAA,W1,26,vibration_x,IntermittentRecordDropout,29,8,1.11413616188057,1.06951587896411,1.07776465167383,1.0649896165821,1,1,9,9,0,0,1,0,0
NUAA,W1,26,vibration_y,LinearBiasDrift,29,12,1.57368656453624,1.45622154771366,1.57368656453624,1.09969994057556,1,0,6,NaN,0,0,0,0,0
NUAA,W1,26,vibration_y,GainDrift,29,7,0.903036726009,0.887765290486737,0.903036726009,0.997411155086653,1,0,11,NaN,0,0,0,0,0
NUAA,W1,26,vibration_y,ColoredNoiseRamp,29,9,1.12401817545496,1.09943126875352,1.12401817545496,1.05674190727695,1,0,9,NaN,0,0,0,0,0
NUAA,W1,26,vibration_y,IntermittentRecordDropout,29,8,1.13893464713719,1.03695564381901,1.0588199032214,1.01777950167728,1,1,10,13,0,0,1,0,0
NUAA,W1,27,force_z,LinearBiasDrift,29,7,1.91061205396772,1.88426097096914,1.91061205396772,0.744868120862816,0,0,NaN,NaN,0,0,0,0,0
NUAA,W1,27,force_z,GainDrift,29,12,2.26030289393301,0.792106207021864,0.750721661510621,0.778003647649525,1,1,4,5,0,0,1,0,0
NUAA,W1,27,force_z,ColoredNoiseRamp,29,11,5.67025434082903,1.25415449307417,1.34777990911916,0.797698007322858,1,1,6,7,0,0,1,0,0
NUAA,W1,27,force_z,IntermittentRecordDropout,29,11,1.01742835704987,1.06708787182937,1.0135315082331,0.797698007322858,1,1,6,6,0,0,4,0,0
NUAA,W1,27,vibration_x,LinearBiasDrift,29,8,0.959431863606199,0.930835123225101,0.959431863606199,1.0649896165821,0,0,NaN,NaN,0,0,0,0,0
NUAA,W1,27,vibration_x,GainDrift,29,9,1.13123480100008,1.10187117447448,1.13123480100008,1.11284477334268,0,0,NaN,NaN,0,0,0,0,0
NUAA,W1,27,vibration_x,ColoredNoiseRamp,29,13,1.15787650683704,1.12113878539991,1.15787650683704,1.11048886390095,0,0,NaN,NaN,0,0,0,0,0
NUAA,W1,27,vibration_x,IntermittentRecordDropout,29,8,1.11518098257122,1.07422089400555,1.09686568734541,1.0649896165821,1,1,3,3,0,0,3,0,0
NUAA,W1,27,vibration_y,LinearBiasDrift,29,11,1.56507051615991,1.50146744140716,1.56507051615991,1.13313964857551,1,0,7,NaN,0,0,0,0,0
NUAA,W1,27,vibration_y,GainDrift,29,10,1.05297950120286,1.03055934553388,1.05297950120286,1.08380841906462,1,0,8,NaN,0,0,0,0,0
NUAA,W1,27,vibration_y,ColoredNoiseRamp,29,12,1.15122305363306,1.10169161331575,1.15122305363306,1.09969994057556,1,0,6,NaN,0,0,0,0,0
NUAA,W1,27,vibration_y,IntermittentRecordDropout,29,9,1.18602858965153,1.08517447927711,1.06130046003819,1.05674190727695,1,1,6,6,0,0,1,0,0
NUAA,W1,28,force_z,LinearBiasDrift,29,11,2.16937492579311,2.13741775538342,2.16937492579311,0.797698007322858,0,0,NaN,NaN,0,0,0,0,0
NUAA,W1,28,force_z,GainDrift,29,6,2.8495966758612,0.781621619157551,0.713202432095379,0.736037569024192,1,1,0,2,0,0,1,0,0
NUAA,W1,28,force_z,ColoredNoiseRamp,29,12,3.14809291228396,1.48056863379988,1.43003736401895,0.778003647649525,1,1,6,10,0,0,1,0,0
NUAA,W1,28,force_z,IntermittentRecordDropout,29,13,0.802372321885816,0.828609283486912,0.859376927048902,0.797355964121897,1,1,5,6,0,0,1,0,0
NUAA,W1,28,vibration_x,LinearBiasDrift,29,13,1.06243871511902,1.02501555466178,1.06243871511902,1.11048886390095,0,0,NaN,NaN,0,0,0,0,0
NUAA,W1,28,vibration_x,GainDrift,29,6,1.02595919777425,1.00023817276749,1.02595919777425,1.00468253429265,0,0,NaN,NaN,0,0,0,0,0
NUAA,W1,28,vibration_x,ColoredNoiseRamp,29,9,1.18953733517252,1.16501766884301,1.18953733517252,1.11284477334268,0,0,NaN,NaN,0,0,0,0,0
NUAA,W1,28,vibration_x,IntermittentRecordDropout,29,6,1.04775327107459,1.00527141462231,1.00971005716826,1.00468253429265,1,1,3,3,0,0,1,0,0
NUAA,W1,28,vibration_y,LinearBiasDrift,29,12,1.65285397498681,1.41930847712147,1.54066647770154,1.09969994057556,1,1,6,16,0,0,1,0,0
NUAA,W1,28,vibration_y,GainDrift,29,12,1.03359730765244,1.0110840265009,1.03359730765244,1.09969994057556,1,0,6,NaN,0,0,0,0,0
NUAA,W1,28,vibration_y,ColoredNoiseRamp,29,8,1.01411861350887,1.0013857797394,1.01411861350887,1.01777950167728,1,0,10,NaN,0,0,0,0,0
NUAA,W1,28,vibration_y,IntermittentRecordDropout,29,8,1.14348914185276,1.05448381944182,1.02260162450167,1.01777950167728,1,1,6,6,0,0,1,0,0
NUAA,W1,29,force_z,LinearBiasDrift,29,7,0.734724748155133,0.711009008287549,0.734724748155133,0.744868120862816,0,0,NaN,NaN,0,0,0,0,0
NUAA,W1,29,force_z,GainDrift,29,9,2.67895634061599,0.769286326507543,0.769286326507543,0.756227409810476,1,1,4,4,0,0,1,0,0
NUAA,W1,29,force_z,ColoredNoiseRamp,29,10,5.149297447922,1.10898557141171,1.30618723894231,0.7750044235785,1,1,5,8,0,0,1,0,0
NUAA,W1,29,force_z,IntermittentRecordDropout,29,7,0.965412524801935,0.98909451691429,0.94525660004071,0.744868120862816,1,1,10,10,0,0,1,0,0
NUAA,W1,29,vibration_x,LinearBiasDrift,29,10,1.38302481471879,1.35729622530834,1.38302481471879,1.14869283256373,0,0,NaN,NaN,0,0,0,0,0
NUAA,W1,29,vibration_x,GainDrift,29,9,1.13034075207587,1.10109504259586,1.13034075207587,1.11284477334268,0,0,NaN,NaN,0,0,0,0,0
NUAA,W1,29,vibration_x,ColoredNoiseRamp,29,9,1.18997156572886,1.1635442936022,1.18997156572886,1.11284477334268,0,0,NaN,NaN,0,0,0,0,0
NUAA,W1,29,vibration_x,IntermittentRecordDropout,29,9,1.16238394195598,1.10805943927814,1.11080965261079,1.11284477334268,1,1,3,3,0,0,1,0,0
NUAA,W1,29,vibration_y,LinearBiasDrift,29,7,0.71016802668627,0.845854977512298,0.892616153734415,0.997411155086653,1,1,11,15,0,0,1,0,0
NUAA,W1,29,vibration_y,GainDrift,29,7,0.883912356141525,0.870218223316586,0.883912356141525,0.997411155086653,1,0,11,NaN,0,0,0,0,0
NUAA,W1,29,vibration_y,ColoredNoiseRamp,29,9,1.02785307123036,1.04658818363367,1.04522050538972,1.05674190727695,1,1,9,20,0,0,1,0,0
NUAA,W1,29,vibration_y,IntermittentRecordDropout,29,7,1.14966399115687,1.01656015727185,0.985233639239097,0.997411155086653,1,1,3,3,0,0,1,0,0
NUAA,W1,30,force_z,LinearBiasDrift,29,7,2.00620231314516,1.97993924584229,2.00620231314516,0.744868120862816,0,0,NaN,NaN,0,0,0,0,0
NUAA,W1,30,force_z,GainDrift,29,6,1.44697402252741,0.757916346046149,0.75201251638438,0.736037569024192,1,1,0,7,0,0,1,0,0
NUAA,W1,30,force_z,ColoredNoiseRamp,29,8,2.34635504408537,1.39038369204758,1.42253808219698,0.723470513699527,1,1,15,15,0,0,1,0,0
NUAA,W1,30,force_z,IntermittentRecordDropout,29,10,1.03763156236898,1.10826198837115,0.976638281447844,0.7750044235785,1,1,8,8,0,0,3,0,0
NUAA,W1,30,vibration_x,LinearBiasDrift,29,9,0.935746003489193,0.907431436882806,0.935746003489193,1.11284477334268,0,0,NaN,NaN,0,0,0,0,0
NUAA,W1,30,vibration_x,GainDrift,29,8,1.09111813649867,1.06248315199755,1.09111813649867,1.0649896165821,0,0,NaN,NaN,0,0,0,0,0
NUAA,W1,30,vibration_x,ColoredNoiseRamp,29,11,1.26311274546615,1.23433921034941,1.26311274546615,1.19776781318497,0,0,NaN,NaN,0,0,0,0,0
NUAA,W1,30,vibration_x,IntermittentRecordDropout,29,8,1.11555982458259,1.06634948569701,1.06896402591576,1.0649896165821,1,1,1,1,0,0,1,0,0
NUAA,W1,30,vibration_y,LinearBiasDrift,29,12,0.784145131823786,1.00714747869523,1.02958962102052,1.09969994057556,1,1,6,10,0,0,1,0,0
NUAA,W1,30,vibration_y,GainDrift,29,9,1.26957417173647,1.23121099058802,1.26957417173647,1.05674190727695,1,0,9,NaN,0,0,0,0,0
NUAA,W1,30,vibration_y,ColoredNoiseRamp,29,11,1.21351312462499,1.16073144398037,1.21351312462499,1.13313964857551,1,0,7,NaN,0,0,0,0,0
NUAA,W1,30,vibration_y,IntermittentRecordDropout,29,12,1.26069843539319,1.13013597550242,1.11314644117672,1.09969994057556,1,1,5,5,0,0,1,0,0
NUAA,W2,0,None,Clean,17,Inf,1,1,1,1,0,0,NaN,NaN,0.117647058823529,0.0588235294117647,1,0.117647058823529,0.0588235294117647
NUAA,W2,1,force_z,LinearBiasDrift,17,5,1.34023872039235,1.15820743437843,1.34023872039235,1.40724850805331,1,0,0,NaN,0.25,0.25,1,0.25,0.25
NUAA,W2,1,force_z,GainDrift,17,6,4.9825186484793,1.41271908975361,1.51198464808794,1.52148152933907,1,1,1,2,0.4,0.2,2,0.4,0.2
NUAA,W2,1,force_z,ColoredNoiseRamp,17,6,3.25579423107573,1.31026578288396,1.20099011031459,1.52148152933907,1,1,4,6,0.4,0.2,2,0.4,0.2
NUAA,W2,1,force_z,IntermittentRecordDropout,17,6,1.34039712734496,1.37821645235925,1.32347186901748,1.52148152933907,1,1,3,8,0.4,0.2,2,0.4,0.2
NUAA,W2,1,vibration_x,LinearBiasDrift,17,4,1.00752539690538,0.851864074056194,1.00752539690538,1.11774074570117,0,0,NaN,NaN,0.333333333333333,0.333333333333333,1,0.333333333333333,0.333333333333333
NUAA,W2,1,vibration_x,GainDrift,17,4,1.09572910898354,0.93255303430232,1.09572910898354,1.11774074570117,0,0,NaN,NaN,0.333333333333333,0.333333333333333,1,0.333333333333333,0.333333333333333
NUAA,W2,1,vibration_x,ColoredNoiseRamp,17,6,1.06349528282515,1.06349528282515,1.06349528282515,1.05145526489355,0,0,NaN,NaN,0.4,0.2,1,0.4,0.2
NUAA,W2,1,vibration_x,IntermittentRecordDropout,17,4,1.11090657180046,0.941679598048984,1.10979392228686,1.11774074570117,1,1,4,4,0.333333333333333,0.333333333333333,2,0.333333333333333,0.333333333333333
NUAA,W2,1,vibration_y,LinearBiasDrift,17,7,1.17170334282052,1.17170334282052,1.17170334282052,1.02758854585686,0,0,NaN,NaN,0.333333333333333,0.166666666666667,1,0.333333333333333,0.166666666666667
NUAA,W2,1,vibration_y,GainDrift,17,4,1.08506250571739,0.92141112402898,1.08506250571739,1.05430829041928,0,0,NaN,NaN,0.333333333333333,0.333333333333333,1,0.333333333333333,0.333333333333333
NUAA,W2,1,vibration_y,ColoredNoiseRamp,17,4,1.10506606253954,0.939283502981003,1.10506606253954,1.05430829041928,0,0,NaN,NaN,0.333333333333333,0.333333333333333,1,0.333333333333333,0.333333333333333
NUAA,W2,1,vibration_y,IntermittentRecordDropout,17,4,1.11533217713029,1.09537281558175,1.06200405586739,1.05430829041928,1,1,1,1,0.333333333333333,0.333333333333333,2,0.333333333333333,0.333333333333333
NUAA,W2,2,force_z,LinearBiasDrift,17,4,1.32079038441831,1.17319659009527,1.32079038441831,1.35121118012195,1,0,1,NaN,0.333333333333333,0.333333333333333,1,0.333333333333333,0.333333333333333
NUAA,W2,2,force_z,GainDrift,17,7,4.17197604224761,1.66180142201622,1.66180142201622,1.5336524697369,1,1,2,2,0.333333333333333,0.166666666666667,2,0.333333333333333,0.166666666666667
NUAA,W2,2,force_z,ColoredNoiseRamp,17,7,1.53198441010758,1.53198441010758,1.53198441010758,1.5336524697369,0,0,NaN,NaN,0.333333333333333,0.166666666666667,1,0.333333333333333,0.166666666666667
NUAA,W2,2,force_z,IntermittentRecordDropout,17,5,1.17027150784146,1.09432648233316,1.25431226886162,1.40724850805331,1,1,0,9,0.25,0.25,2,0.25,0.25
NUAA,W2,2,vibration_x,LinearBiasDrift,17,6,0.976751589416497,0.976751589416497,0.976751589416497,1.05145526489355,0,0,NaN,NaN,0.4,0.2,1,0.4,0.2
NUAA,W2,2,vibration_x,GainDrift,17,6,1.05558633497501,1.05558633497501,1.05558633497501,1.05145526489355,0,0,NaN,NaN,0.4,0.2,1,0.4,0.2
NUAA,W2,2,vibration_x,ColoredNoiseRamp,17,5,1.15869987244138,0.981078564198908,1.15869987244138,1.15499253436501,0,0,NaN,NaN,0.25,0.25,1,0.25,0.25
NUAA,W2,2,vibration_x,IntermittentRecordDropout,17,4,1.11682686843387,0.943152780428557,1.10754718401793,1.11774074570117,1,1,5,5,0.333333333333333,0.333333333333333,2,0.333333333333333,0.333333333333333
NUAA,W2,2,vibration_y,LinearBiasDrift,17,6,1.36112224890491,1.07507734569897,1.13257943246246,0.997742445466575,1,1,6,8,0.4,0.2,2,0.4,0.2
NUAA,W2,2,vibration_y,GainDrift,17,5,1.17005753691968,0.991530470895446,1.17005753691968,1.09973681143909,0,0,NaN,NaN,0.25,0.25,1,0.25,0.25
NUAA,W2,2,vibration_y,ColoredNoiseRamp,17,7,1.06913935914594,1.06913935914594,1.06913935914594,1.02758854585686,0,0,NaN,NaN,0.333333333333333,0.166666666666667,1,0.333333333333333,0.166666666666667
NUAA,W2,2,vibration_y,IntermittentRecordDropout,17,6,1.0596843368112,1.03133486124772,1.00366490470189,0.997742445466575,1,1,3,3,0.4,0.2,2,0.4,0.2
NUAA,W2,3,force_z,LinearBiasDrift,17,7,0.999694972784857,0.999694972784857,0.999694972784857,1.5336524697369,0,0,NaN,NaN,0.333333333333333,0.166666666666667,1,0.333333333333333,0.166666666666667
NUAA,W2,3,force_z,GainDrift,17,7,5.68493697704497,1.40687372199532,1.20538665247048,1.5336524697369,1,1,1,2,0.333333333333333,0.166666666666667,2,0.333333333333333,0.166666666666667
NUAA,W2,3,force_z,ColoredNoiseRamp,17,7,4.87477402223039,1.35888162831401,1.35888162831401,1.5336524697369,1,1,3,3,0.333333333333333,0.166666666666667,2,0.333333333333333,0.166666666666667
NUAA,W2,3,force_z,IntermittentRecordDropout,17,7,1.26133603481307,1.21554526504696,1.30489712780456,1.5336524697369,1,1,3,3,0.333333333333333,0.166666666666667,4,0.333333333333333,0.166666666666667
NUAA,W2,3,vibration_x,LinearBiasDrift,17,5,1.10641495345667,0.930171801877503,1.10641495345667,1.15499253436501,0,0,NaN,NaN,0.25,0.25,1,0.25,0.25
NUAA,W2,3,vibration_x,GainDrift,17,5,1.14133414754703,0.964236521657278,1.14133414754703,1.15499253436501,0,0,NaN,NaN,0.25,0.25,1,0.25,0.25
NUAA,W2,3,vibration_x,ColoredNoiseRamp,17,4,1.12601251919407,0.960226607955353,1.12601251919407,1.11774074570117,0,0,NaN,NaN,0.333333333333333,0.333333333333333,1,0.333333333333333,0.333333333333333
NUAA,W2,3,vibration_x,IntermittentRecordDropout,17,7,1.09402199367875,1.06738424389059,1.0686716042763,1.07391006942532,1,1,5,5,0.333333333333333,0.166666666666667,2,0.333333333333333,0.166666666666667
NUAA,W2,3,vibration_y,LinearBiasDrift,17,4,1.39609485946838,0.925628996137376,1.19643464641469,1.05430829041928,1,1,8,10,0.333333333333333,0.333333333333333,2,0.333333333333333,0.333333333333333
NUAA,W2,3,vibration_y,GainDrift,17,5,1.13388758407123,0.956697048791642,1.13388758407123,1.09973681143909,0,0,NaN,NaN,0.25,0.25,1,0.25,0.25
NUAA,W2,3,vibration_y,ColoredNoiseRamp,17,5,1.16634850193738,0.981322766156701,1.16634850193738,1.09973681143909,1,0,11,NaN,0.25,0.25,1,0.25,0.25
NUAA,W2,3,vibration_y,IntermittentRecordDropout,17,5,1.14895583606279,0.982509661767816,1.11355566775957,1.09973681143909,1,1,1,1,0.25,0.25,4,0.25,0.25
NUAA,W2,4,force_z,LinearBiasDrift,17,5,1.76367104544988,1.57500386938367,1.76367104544988,1.40724850805331,1,0,0,NaN,0.25,0.25,1,0.25,0.25
NUAA,W2,4,force_z,GainDrift,17,5,6.22389975191428,1.40724850805331,1.74115804942802,1.40724850805331,1,1,0,2,0.25,0.25,2,0.25,0.25
NUAA,W2,4,force_z,ColoredNoiseRamp,17,5,6.0855984931535,1.53756767325701,1.42408232666451,1.40724850805331,1,1,2,3,0.25,0.25,2,0.25,0.25
NUAA,W2,4,force_z,IntermittentRecordDropout,17,7,1.30071434722832,1.25567762061529,1.25567762061529,1.5336524697369,1,1,2,2,0.333333333333333,0.166666666666667,6,0.333333333333333,0.166666666666667
NUAA,W2,4,vibration_x,LinearBiasDrift,17,4,1.17410905142891,1.00479885755778,1.17410905142891,1.11774074570117,0,0,NaN,NaN,0.333333333333333,0.333333333333333,1,0.333333333333333,0.333333333333333
NUAA,W2,4,vibration_x,GainDrift,17,5,1.15258739230345,0.974302561089296,1.15258739230345,1.15499253436501,0,0,NaN,NaN,0.25,0.25,1,0.25,0.25
NUAA,W2,4,vibration_x,ColoredNoiseRamp,17,8,1.03978006955915,1.03978006955915,1.03978006955915,1.0422933911631,0,0,NaN,NaN,0.285714285714286,0.142857142857143,1,0.285714285714286,0.142857142857143
NUAA,W2,4,vibration_x,IntermittentRecordDropout,17,5,1.15687786183872,0.968689252222105,1.14878325713968,1.15499253436501,1,1,4,4,0.25,0.25,2,0.25,0.25
NUAA,W2,4,vibration_y,LinearBiasDrift,17,7,0.930376337650559,1.00358821671562,1.02238911137706,1.02758854585686,1,1,7,8,0.333333333333333,0.166666666666667,2,0.333333333333333,0.166666666666667
NUAA,W2,4,vibration_y,GainDrift,17,4,1.08646877524489,0.922726913437483,1.08646877524489,1.05430829041928,0,0,NaN,NaN,0.333333333333333,0.333333333333333,1,0.333333333333333,0.333333333333333
NUAA,W2,4,vibration_y,ColoredNoiseRamp,17,6,1.07351463733721,1.07351463733721,1.07351463733721,0.997742445466575,0,0,NaN,NaN,0.4,0.2,1,0.4,0.2
NUAA,W2,4,vibration_y,IntermittentRecordDropout,17,6,1.08277017105626,1.02628139289451,1.00707615709747,0.997742445466575,1,1,1,1,0.4,0.2,2,0.4,0.2
NUAA,W2,5,force_z,LinearBiasDrift,17,4,1.08771165838712,0.930147264173486,1.08771165838712,1.35121118012195,1,0,1,NaN,0.333333333333333,0.333333333333333,1,0.333333333333333,0.333333333333333
NUAA,W2,5,force_z,GainDrift,17,6,4.41469301771966,1.49098792872107,1.49098792872107,1.52148152933907,1,1,2,2,0.4,0.2,2,0.4,0.2
NUAA,W2,5,force_z,ColoredNoiseRamp,17,6,4.79885725511986,1.45746357152289,1.45746357152289,1.52148152933907,1,1,4,4,0.4,0.2,2,0.4,0.2
NUAA,W2,5,force_z,IntermittentRecordDropout,17,7,1.1911557490541,1.29754892426069,1.16447288394442,1.5336524697369,1,1,6,6,0.333333333333333,0.166666666666667,2,0.333333333333333,0.166666666666667
NUAA,W2,5,vibration_x,LinearBiasDrift,17,7,1.02293767312395,1.02293767312395,1.02293767312395,1.07391006942532,0,0,NaN,NaN,0.333333333333333,0.166666666666667,1,0.333333333333333,0.166666666666667
NUAA,W2,5,vibration_x,GainDrift,17,5,1.15626266605718,0.977590097380317,1.15626266605718,1.15499253436501,0,0,NaN,NaN,0.25,0.25,1,0.25,0.25
NUAA,W2,5,vibration_x,ColoredNoiseRamp,17,6,1.05030645940553,1.05030645940553,1.05030645940553,1.05145526489355,0,0,NaN,NaN,0.4,0.2,1,0.4,0.2
NUAA,W2,5,vibration_x,IntermittentRecordDropout,17,4,1.10119041449846,0.931829978847114,1.10800103938814,1.11774074570117,1,1,3,3,0.333333333333333,0.333333333333333,2,0.333333333333333,0.333333333333333
NUAA,W2,5,vibration_y,LinearBiasDrift,17,7,1.22157201621222,1.22157201621222,1.22157201621222,1.02758854585686,0,0,NaN,NaN,0.333333333333333,0.166666666666667,1,0.333333333333333,0.166666666666667
NUAA,W2,5,vibration_y,GainDrift,17,7,1.04664821299899,1.04664821299899,1.04664821299899,1.02758854585686,0,0,NaN,NaN,0.333333333333333,0.166666666666667,1,0.333333333333333,0.166666666666667
NUAA,W2,5,vibration_y,ColoredNoiseRamp,17,4,1.13760541148453,0.971955577704442,1.13760541148453,1.05430829041928,0,0,NaN,NaN,0.333333333333333,0.333333333333333,1,0.333333333333333,0.333333333333333
NUAA,W2,5,vibration_y,IntermittentRecordDropout,17,6,1.0495686698295,1.03978980079526,1.01664101779804,0.997742445466575,1,1,5,5,0.4,0.2,2,0.4,0.2
NUAA,W2,6,force_z,LinearBiasDrift,17,4,1.71169350673757,1.52746510798068,1.71169350673757,1.35121118012195,1,0,1,NaN,0.333333333333333,0.333333333333333,1,0.333333333333333,0.333333333333333
NUAA,W2,6,force_z,GainDrift,17,4,3.98744923683023,1.44634974999818,1.68255624516529,1.35121118012195,1,1,1,3,0.333333333333333,0.333333333333333,2,0.333333333333333,0.333333333333333
NUAA,W2,6,force_z,ColoredNoiseRamp,17,7,2.09948412476218,1.76086228163754,1.91443276267986,1.5336524697369,1,1,6,10,0.333333333333333,0.166666666666667,2,0.333333333333333,0.166666666666667
NUAA,W2,6,force_z,IntermittentRecordDropout,17,4,1.5446240910005,1.17552488379617,1.40745062811341,1.35121118012195,1,1,1,8,0.333333333333333,0.333333333333333,2,0.333333333333333,0.333333333333333
NUAA,W2,6,vibration_x,LinearBiasDrift,17,7,1.25632100203539,1.25632100203539,1.25632100203539,1.07391006942532,0,0,NaN,NaN,0.333333333333333,0.166666666666667,1,0.333333333333333,0.166666666666667
NUAA,W2,6,vibration_x,GainDrift,17,4,1.11231362790178,0.946122031690496,1.11231362790178,1.11774074570117,0,0,NaN,NaN,0.333333333333333,0.333333333333333,1,0.333333333333333,0.333333333333333
NUAA,W2,6,vibration_x,ColoredNoiseRamp,17,5,1.17383179421276,0.996472176921161,1.17383179421276,1.15499253436501,0,0,NaN,NaN,0.25,0.25,1,0.25,0.25
NUAA,W2,6,vibration_x,IntermittentRecordDropout,17,6,1.05489932632937,1.04365580459529,1.0428946949188,1.05145526489355,1,1,5,5,0.4,0.2,2,0.4,0.2
NUAA,W2,6,vibration_y,LinearBiasDrift,17,7,0.921695909349682,0.999401519717908,0.999401519717908,1.02758854585686,1,1,7,7,0.333333333333333,0.166666666666667,2,0.333333333333333,0.166666666666667
NUAA,W2,6,vibration_y,GainDrift,17,7,1.08416371364525,1.08416371364525,1.08416371364525,1.02758854585686,0,0,NaN,NaN,0.333333333333333,0.166666666666667,1,0.333333333333333,0.166666666666667
NUAA,W2,6,vibration_y,ColoredNoiseRamp,17,4,1.10267740561966,0.935958918446262,1.10267740561966,1.05430829041928,0,0,NaN,NaN,0.333333333333333,0.333333333333333,1,0.333333333333333,0.333333333333333
NUAA,W2,6,vibration_y,IntermittentRecordDropout,17,5,1.16366553400323,0.935263831916586,1.11007688913428,1.09973681143909,1,1,2,2,0.25,0.25,2,0.25,0.25
NUAA,W2,7,force_z,LinearBiasDrift,17,6,1.55196451442729,1.55196451442729,1.55196451442729,1.52148152933907,0,0,NaN,NaN,0.4,0.2,1,0.4,0.2
NUAA,W2,7,force_z,GainDrift,17,7,3.54580303301363,1.35580793434592,1.47790491078801,1.5336524697369,1,1,3,4,0.333333333333333,0.166666666666667,2,0.333333333333333,0.166666666666667
NUAA,W2,7,force_z,ColoredNoiseRamp,17,6,2.07346375893673,1.21337584718054,1.48356918320201,1.52148152933907,1,1,7,9,0.4,0.2,2,0.4,0.2
NUAA,W2,7,force_z,IntermittentRecordDropout,17,7,1.41277711177069,1.34400181279983,1.42521418254133,1.5336524697369,1,1,0,2,0.333333333333333,0.166666666666667,4,0.333333333333333,0.166666666666667
NUAA,W2,7,vibration_x,LinearBiasDrift,17,5,1.05704146544725,0.882722936896475,1.05704146544725,1.15499253436501,0,0,NaN,NaN,0.25,0.25,1,0.25,0.25
NUAA,W2,7,vibration_x,GainDrift,17,5,1.15197793939009,0.973757404808537,1.15197793939009,1.15499253436501,0,0,NaN,NaN,0.25,0.25,1,0.25,0.25
NUAA,W2,7,vibration_x,ColoredNoiseRamp,17,7,1.10370142173958,1.10370142173958,1.10370142173958,1.07391006942532,0,0,NaN,NaN,0.333333333333333,0.166666666666667,1,0.333333333333333,0.166666666666667
NUAA,W2,7,vibration_x,IntermittentRecordDropout,17,7,1.07387673767166,1.0635556184006,1.06666331438922,1.07391006942532,1,1,4,4,0.333333333333333,0.166666666666667,2,0.333333333333333,0.166666666666667
NUAA,W2,7,vibration_y,LinearBiasDrift,17,5,1.38846189738396,1.03843687290215,1.26252466564391,1.09973681143909,1,1,9,11,0.25,0.25,2,0.25,0.25
NUAA,W2,7,vibration_y,GainDrift,17,4,1.08847606739078,0.92460505535387,1.08847606739078,1.05430829041928,0,0,NaN,NaN,0.333333333333333,0.333333333333333,1,0.333333333333333,0.333333333333333
NUAA,W2,7,vibration_y,ColoredNoiseRamp,17,3,1.04757261587584,0.895102260684389,1.04757261587584,0.98610109885964,0,0,NaN,NaN,0.5,0.5,1,0.5,0.5
NUAA,W2,7,vibration_y,IntermittentRecordDropout,17,6,1.05190982855934,1.03080230770454,1.00707615709747,0.997742445466575,1,1,1,1,0.4,0.2,2,0.4,0.2
NUAA,W2,8,force_z,LinearBiasDrift,17,6,1.57500958172784,1.57500958172784,1.57500958172784,1.52148152933907,0,0,NaN,NaN,0.4,0.2,1,0.4,0.2
NUAA,W2,8,force_z,GainDrift,17,5,3.89634905701531,1.46596534334592,1.56702613926927,1.40724850805331,1,1,2,3,0.25,0.25,2,0.25,0.25
NUAA,W2,8,force_z,ColoredNoiseRamp,17,4,6.2575796064851,1.53064863551355,1.41124663731063,1.35121118012195,1,1,2,4,0.333333333333333,0.333333333333333,2,0.333333333333333,0.333333333333333
NUAA,W2,8,force_z,IntermittentRecordDropout,17,4,1.58580929441881,1.08122859765928,1.32452603393939,1.35121118012195,1,1,1,8,0.333333333333333,0.333333333333333,2,0.333333333333333,0.333333333333333
NUAA,W2,8,vibration_x,LinearBiasDrift,17,7,1.19783211825719,1.19783211825719,1.19783211825719,1.07391006942532,0,0,NaN,NaN,0.333333333333333,0.166666666666667,1,0.333333333333333,0.166666666666667
NUAA,W2,8,vibration_x,GainDrift,17,5,1.15570214332513,0.97708870919891,1.15570214332513,1.15499253436501,0,0,NaN,NaN,0.25,0.25,1,0.25,0.25
NUAA,W2,8,vibration_x,ColoredNoiseRamp,17,4,1.11714499487797,0.95359367415696,1.11714499487797,1.11774074570117,0,0,NaN,NaN,0.333333333333333,0.333333333333333,1,0.333333333333333,0.333333333333333
NUAA,W2,8,vibration_x,IntermittentRecordDropout,17,6,1.06448156487784,1.04550947697922,1.04354467212071,1.05145526489355,1,1,7,7,0.4,0.2,2,0.4,0.2
NUAA,W2,8,vibration_y,LinearBiasDrift,17,7,0.934321746451675,1.02324494954344,0.996635283083034,1.02758854585686,1,1,8,9,0.333333333333333,0.166666666666667,2,0.333333333333333,0.166666666666667
NUAA,W2,8,vibration_y,GainDrift,17,6,1.06906266451213,1.06906266451213,1.06906266451213,0.997742445466575,0,0,NaN,NaN,0.4,0.2,1,0.4,0.2
NUAA,W2,8,vibration_y,ColoredNoiseRamp,17,5,1.15189817816296,0.974829451656339,1.15189817816296,1.09973681143909,0,0,NaN,NaN,0.25,0.25,1,0.25,0.25
NUAA,W2,8,vibration_y,IntermittentRecordDropout,17,7,1.0955343880414,1.02084625714024,1.02386717960714,1.02758854585686,1,1,2,2,0.333333333333333,0.166666666666667,2,0.333333333333333,0.166666666666667
NUAA,W2,9,force_z,LinearBiasDrift,17,5,1.33458830043929,1.15267069829966,1.33458830043929,1.40724850805331,1,0,0,NaN,0.25,0.25,1,0.25,0.25
NUAA,W2,9,force_z,GainDrift,17,5,5.42338610478745,1.51952499122527,1.48439758742099,1.40724850805331,1,1,1,2,0.25,0.25,2,0.25,0.25
NUAA,W2,9,force_z,ColoredNoiseRamp,17,7,5.41153451305885,1.43559647162939,1.43559647162939,1.5336524697369,1,1,3,3,0.333333333333333,0.166666666666667,2,0.333333333333333,0.166666666666667
NUAA,W2,9,force_z,IntermittentRecordDropout,17,5,1.34037991466742,1.41309535582863,1.55785578514448,1.40724850805331,1,1,0,4,0.25,0.25,4,0.25,0.25
NUAA,W2,9,vibration_x,LinearBiasDrift,17,6,0.989477330059298,0.989477330059298,0.989477330059298,1.05145526489355,0,0,NaN,NaN,0.4,0.2,1,0.4,0.2
NUAA,W2,9,vibration_x,GainDrift,17,3,1.04376739125286,0.887933073979038,1.04376739125286,1.04823909206448,0,0,NaN,NaN,0.5,0.5,1,0.5,0.5
NUAA,W2,9,vibration_x,ColoredNoiseRamp,17,5,1.15587707965184,0.978876176177086,1.15587707965184,1.15499253436501,0,0,NaN,NaN,0.25,0.25,1,0.25,0.25
NUAA,W2,9,vibration_x,IntermittentRecordDropout,17,7,1.08796450744941,1.06590464068837,1.06666331438922,1.07391006942532,1,1,4,4,0.333333333333333,0.166666666666667,2,0.333333333333333,0.166666666666667
NUAA,W2,9,vibration_y,LinearBiasDrift,17,7,0.941566359643094,1.02537946766228,0.996165248350374,1.02758854585686,1,1,8,9,0.333333333333333,0.166666666666667,2,0.333333333333333,0.166666666666667
NUAA,W2,9,vibration_y,GainDrift,17,4,1.12968805124292,0.963165438549007,1.12968805124292,1.05430829041928,0,0,NaN,NaN,0.333333333333333,0.333333333333333,1,0.333333333333333,0.333333333333333
NUAA,W2,9,vibration_y,ColoredNoiseRamp,17,5,1.16469533479634,0.971878644633875,1.16469533479634,1.09973681143909,1,0,11,NaN,0.25,0.25,1,0.25,0.25
NUAA,W2,9,vibration_y,IntermittentRecordDropout,17,5,1.18946430592998,1.13151082829015,1.12268172610501,1.09973681143909,1,1,0,0,0.25,0.25,4,0.25,0.25
NUAA,W2,10,force_z,LinearBiasDrift,17,7,1.35201367762527,1.35201367762527,1.35201367762527,1.5336524697369,0,0,NaN,NaN,0.333333333333333,0.166666666666667,1,0.333333333333333,0.166666666666667
NUAA,W2,10,force_z,GainDrift,17,4,5.08918938423964,1.37473117789278,1.38420603729702,1.35121118012195,1,1,2,3,0.333333333333333,0.333333333333333,2,0.333333333333333,0.333333333333333
NUAA,W2,10,force_z,ColoredNoiseRamp,17,5,4.29127581109909,1.39211827739036,1.39211827739036,1.40724850805331,1,1,4,4,0.25,0.25,2,0.25,0.25
NUAA,W2,10,force_z,IntermittentRecordDropout,17,5,1.419663783882,1.33013498891184,1.3966055715578,1.40724850805331,1,1,0,5,0.25,0.25,4,0.25,0.25
NUAA,W2,10,vibration_x,LinearBiasDrift,17,4,1.1620762085788,0.993394624347383,1.1620762085788,1.11774074570117,0,0,NaN,NaN,0.333333333333333,0.333333333333333,1,0.333333333333333,0.333333333333333
NUAA,W2,10,vibration_x,GainDrift,17,6,1.05135196688451,1.05135196688451,1.05135196688451,1.05145526489355,0,0,NaN,NaN,0.4,0.2,1,0.4,0.2
NUAA,W2,10,vibration_x,ColoredNoiseRamp,17,8,1.07321809107532,1.07321809107532,1.07321809107532,1.0422933911631,0,0,NaN,NaN,0.285714285714286,0.142857142857143,1,0.285714285714286,0.142857142857143
NUAA,W2,10,vibration_x,IntermittentRecordDropout,17,4,1.12473033123568,1.11151671033739,1.11331294144145,1.11774074570117,1,1,1,1,0.333333333333333,0.333333333333333,2,0.333333333333333,0.333333333333333
NUAA,W2,10,vibration_y,LinearBiasDrift,17,6,0.96024652009492,0.96024652009492,0.96024652009492,0.997742445466575,0,0,NaN,NaN,0.4,0.2,1,0.4,0.2
NUAA,W2,10,vibration_y,GainDrift,17,7,1.08642007963496,1.08642007963496,1.08642007963496,1.02758854585686,0,0,NaN,NaN,0.333333333333333,0.166666666666667,1,0.333333333333333,0.166666666666667
NUAA,W2,10,vibration_y,ColoredNoiseRamp,17,6,1.06474926662326,1.06474926662326,1.06474926662326,0.997742445466575,0,0,NaN,NaN,0.4,0.2,1,0.4,0.2
NUAA,W2,10,vibration_y,IntermittentRecordDropout,17,7,1.08573403654425,1.07418683741468,1.02386717960714,1.02758854585686,1,1,2,2,0.333333333333333,0.166666666666667,2,0.333333333333333,0.166666666666667
NUAA,W2,11,force_z,LinearBiasDrift,17,6,1.3072249992268,1.3072249992268,1.3072249992268,1.52148152933907,0,0,NaN,NaN,0.4,0.2,1,0.4,0.2
NUAA,W2,11,force_z,GainDrift,17,4,4.30029844544783,1.3832551383698,1.36777353358379,1.35121118012195,1,1,2,3,0.333333333333333,0.333333333333333,2,0.333333333333333,0.333333333333333
NUAA,W2,11,force_z,ColoredNoiseRamp,17,4,1.92889388887375,1.38346984737502,1.5346659707781,1.35121118012195,1,1,5,11,0.333333333333333,0.333333333333333,2,0.333333333333333,0.333333333333333
NUAA,W2,11,force_z,IntermittentRecordDropout,17,6,1.16482280198457,1.11617586350588,1.11617586350588,1.52148152933907,1,1,8,8,0.4,0.2,2,0.4,0.2
NUAA,W2,11,vibration_x,LinearBiasDrift,17,5,1.18641445624368,1.00727431825336,1.18641445624368,1.15499253436501,0,0,NaN,NaN,0.25,0.25,1,0.25,0.25
NUAA,W2,11,vibration_x,GainDrift,17,4,1.11040204291986,0.944558025417247,1.11040204291986,1.11774074570117,0,0,NaN,NaN,0.333333333333333,0.333333333333333,1,0.333333333333333,0.333333333333333
NUAA,W2,11,vibration_x,ColoredNoiseRamp,17,7,1.08625820962008,1.08625820962008,1.08625820962008,1.07391006942532,0,0,NaN,NaN,0.333333333333333,0.166666666666667,1,0.333333333333333,0.166666666666667
NUAA,W2,11,vibration_x,IntermittentRecordDropout,17,4,1.12203246381664,0.945752643882007,1.10754718401793,1.11774074570117,1,1,5,5,0.333333333333333,0.333333333333333,2,0.333333333333333,0.333333333333333
NUAA,W2,11,vibration_y,LinearBiasDrift,17,6,0.949947903258292,0.949947903258292,0.949947903258292,0.997742445466575,0,0,NaN,NaN,0.4,0.2,1,0.4,0.2
NUAA,W2,11,vibration_y,GainDrift,17,7,1.09402833387281,1.09402833387281,1.09402833387281,1.02758854585686,0,0,NaN,NaN,0.333333333333333,0.166666666666667,1,0.333333333333333,0.166666666666667
NUAA,W2,11,vibration_y,ColoredNoiseRamp,17,6,1.04169146877364,1.04169146877364,1.04169146877364,0.997742445466575,0,0,NaN,NaN,0.4,0.2,1,0.4,0.2
NUAA,W2,11,vibration_y,IntermittentRecordDropout,17,5,1.19171442797394,0.930889055614414,1.11877621845618,1.09973681143909,1,1,5,5,0.25,0.25,2,0.25,0.25
NUAA,W2,12,force_z,LinearBiasDrift,17,4,1.05789356980845,0.898667273359546,1.05789356980845,1.35121118012195,1,0,1,NaN,0.333333333333333,0.333333333333333,1,0.333333333333333,0.333333333333333
NUAA,W2,12,force_z,GainDrift,17,4,6.35139660202725,1.40501639889386,1.40501639889386,1.35121118012195,1,1,1,1,0.333333333333333,0.333333333333333,2,0.333333333333333,0.333333333333333
NUAA,W2,12,force_z,ColoredNoiseRamp,17,7,5.46146630680057,1.39608318330232,1.39608318330232,1.5336524697369,1,1,3,3,0.333333333333333,0.166666666666667,2,0.333333333333333,0.166666666666667
NUAA,W2,12,force_z,IntermittentRecordDropout,17,7,1.15707753610226,1.21571996048021,1.17871591972468,1.5336524697369,1,1,0,5,0.333333333333333,0.166666666666667,4,0.333333333333333,0.166666666666667
NUAA,W2,12,vibration_x,LinearBiasDrift,17,8,0.893637150132906,0.893637150132906,0.893637150132906,1.0422933911631,0,0,NaN,NaN,0.285714285714286,0.142857142857143,1,0.285714285714286,0.142857142857143
NUAA,W2,12,vibration_x,GainDrift,17,4,1.09796459336171,0.934382046155979,1.09796459336171,1.11774074570117,0,0,NaN,NaN,0.333333333333333,0.333333333333333,1,0.333333333333333,0.333333333333333
NUAA,W2,12,vibration_x,ColoredNoiseRamp,17,7,1.08763131444557,1.08763131444557,1.08763131444557,1.07391006942532,0,0,NaN,NaN,0.333333333333333,0.166666666666667,1,0.333333333333333,0.166666666666667
NUAA,W2,12,vibration_x,IntermittentRecordDropout,17,4,1.11243947728774,0.936775702573224,1.10800103938814,1.11774074570117,1,1,3,3,0.333333333333333,0.333333333333333,2,0.333333333333333,0.333333333333333
NUAA,W2,12,vibration_y,LinearBiasDrift,17,7,1.28202194952831,1.15680667389481,1.22720403258634,1.02758854585686,1,1,9,10,0.333333333333333,0.166666666666667,2,0.333333333333333,0.166666666666667
NUAA,W2,12,vibration_y,GainDrift,17,6,1.02561664158462,1.02561664158462,1.02561664158462,0.997742445466575,0,0,NaN,NaN,0.4,0.2,1,0.4,0.2
NUAA,W2,12,vibration_y,ColoredNoiseRamp,17,5,1.15178717869881,0.975323134855015,1.15178717869881,1.09973681143909,0,0,NaN,NaN,0.25,0.25,1,0.25,0.25
NUAA,W2,12,vibration_y,IntermittentRecordDropout,17,5,1.16707063641543,0.970531349703563,1.11890599131943,1.09973681143909,1,1,6,6,0.25,0.25,2,0.25,0.25
NUAA,W2,13,force_z,LinearBiasDrift,17,4,1.41476271439787,1.23815787093551,1.41476271439787,1.35121118012195,1,0,1,NaN,0.333333333333333,0.333333333333333,1,0.333333333333333,0.333333333333333
NUAA,W2,13,force_z,GainDrift,17,5,3.9267437348334,1.4663322251586,1.56844743965685,1.40724850805331,1,1,2,3,0.25,0.25,2,0.25,0.25
NUAA,W2,13,force_z,ColoredNoiseRamp,17,6,6.21416280058671,1.41908244331938,1.2645643584557,1.52148152933907,1,1,2,3,0.4,0.2,2,0.4,0.2
NUAA,W2,13,force_z,IntermittentRecordDropout,17,5,1.49146271415747,1.31127304286926,1.41519101158932,1.40724850805331,1,1,0,8,0.25,0.25,4,0.25,0.25
NUAA,W2,13,vibration_x,LinearBiasDrift,17,4,1.02160895537562,0.861959293517951,1.02160895537562,1.11774074570117,0,0,NaN,NaN,0.333333333333333,0.333333333333333,1,0.333333333333333,0.333333333333333
NUAA,W2,13,vibration_x,GainDrift,17,6,1.05594010072042,1.05594010072042,1.05594010072042,1.05145526489355,0,0,NaN,NaN,0.4,0.2,1,0.4,0.2
NUAA,W2,13,vibration_x,ColoredNoiseRamp,17,4,1.11403729057732,0.949538296910502,1.11403729057732,1.11774074570117,0,0,NaN,NaN,0.333333333333333,0.333333333333333,1,0.333333333333333,0.333333333333333
NUAA,W2,13,vibration_x,IntermittentRecordDropout,17,4,1.12568962863156,0.943184223264302,1.10800103938814,1.11774074570117,1,1,3,3,0.333333333333333,0.333333333333333,2,0.333333333333333,0.333333333333333
NUAA,W2,13,vibration_y,LinearBiasDrift,17,6,1.22192989732702,1.11773227071937,1.22192989732702,0.997742445466575,1,0,10,NaN,0.4,0.2,1,0.4,0.2
NUAA,W2,13,vibration_y,GainDrift,17,7,1.04967292576335,1.04967292576335,1.04967292576335,1.02758854585686,0,0,NaN,NaN,0.333333333333333,0.166666666666667,1,0.333333333333333,0.166666666666667
NUAA,W2,13,vibration_y,ColoredNoiseRamp,17,8,1.01228023861485,1.01228023861485,1.01228023861485,0.982097120538074,0,0,NaN,NaN,0.285714285714286,0.142857142857143,1,0.285714285714286,0.142857142857143
NUAA,W2,13,vibration_y,IntermittentRecordDropout,17,7,1.07034376883231,1.0571287105813,1.0200904377397,1.02758854585686,1,1,0,0,0.333333333333333,0.166666666666667,4,0.333333333333333,0.166666666666667
NUAA,W2,14,force_z,LinearBiasDrift,17,6,1.288976300896,1.288976300896,1.288976300896,1.52148152933907,0,0,NaN,NaN,0.4,0.2,1,0.4,0.2
NUAA,W2,14,force_z,GainDrift,17,7,4.42265744451121,1.27072669211483,1.35709655836998,1.5336524697369,1,1,2,3,0.333333333333333,0.166666666666667,2,0.333333333333333,0.166666666666667
NUAA,W2,14,force_z,ColoredNoiseRamp,17,6,2.05803270468511,1.10941753650021,1.24310396178116,1.52148152933907,1,1,6,8,0.4,0.2,2,0.4,0.2
NUAA,W2,14,force_z,IntermittentRecordDropout,17,4,1.17797272885986,1.19637315995268,1.3734850395561,1.35121118012195,1,1,1,2,0.333333333333333,0.333333333333333,8,0.333333333333333,0.333333333333333
NUAA,W2,14,vibration_x,LinearBiasDrift,17,6,1.10800903723567,1.10800903723567,1.10800903723567,1.05145526489355,0,0,NaN,NaN,0.4,0.2,1,0.4,0.2
NUAA,W2,14,vibration_x,GainDrift,17,4,1.10032692697708,0.936314842567797,1.10032692697708,1.11774074570117,0,0,NaN,NaN,0.333333333333333,0.333333333333333,1,0.333333333333333,0.333333333333333
NUAA,W2,14,vibration_x,ColoredNoiseRamp,17,7,1.07970851445087,1.07970851445087,1.07970851445087,1.07391006942532,0,0,NaN,NaN,0.333333333333333,0.166666666666667,1,0.333333333333333,0.166666666666667
NUAA,W2,14,vibration_x,IntermittentRecordDropout,17,7,1.08360310936137,1.06727938204349,1.07333243531778,1.07391006942532,1,1,2,2,0.333333333333333,0.166666666666667,2,0.333333333333333,0.166666666666667
NUAA,W2,14,vibration_y,LinearBiasDrift,17,5,1.30602807595798,1.0731754333337,1.30602807595798,1.09973681143909,1,0,11,NaN,0.25,0.25,1,0.25,0.25
NUAA,W2,14,vibration_y,GainDrift,17,7,1.09602114706079,1.09602114706079,1.09602114706079,1.02758854585686,0,0,NaN,NaN,0.333333333333333,0.166666666666667,1,0.333333333333333,0.166666666666667
NUAA,W2,14,vibration_y,ColoredNoiseRamp,17,5,1.1503144178301,0.974660822934819,1.1503144178301,1.09973681143909,0,0,NaN,NaN,0.25,0.25,1,0.25,0.25
NUAA,W2,14,vibration_y,IntermittentRecordDropout,17,5,1.13950821298534,0.979247699462399,1.10146115532115,1.09973681143909,1,1,1,1,0.25,0.25,2,0.25,0.25
NUAA,W2,15,force_z,LinearBiasDrift,17,7,1.43382311900726,1.43382311900726,1.43382311900726,1.5336524697369,0,0,NaN,NaN,0.333333333333333,0.166666666666667,1,0.333333333333333,0.166666666666667
NUAA,W2,15,force_z,GainDrift,17,6,4.06946985543656,1.38405351804893,1.20532995795647,1.52148152933907,1,1,2,3,0.4,0.2,2,0.4,0.2
NUAA,W2,15,force_z,ColoredNoiseRamp,17,4,1.84104922795479,1.37100050219837,1.36995494986764,1.35121118012195,1,1,9,11,0.333333333333333,0.333333333333333,2,0.333333333333333,0.333333333333333
NUAA,W2,15,force_z,IntermittentRecordDropout,17,8,1.21673638485916,1.16647467545838,1.16647467545838,1.49790739140012,1,1,6,6,0.285714285714286,0.142857142857143,2,0.285714285714286,0.142857142857143
NUAA,W2,15,vibration_x,LinearBiasDrift,17,4,1.26242906053401,1.08916134330271,1.26242906053401,1.11774074570117,0,0,NaN,NaN,0.333333333333333,0.333333333333333,1,0.333333333333333,0.333333333333333
NUAA,W2,15,vibration_x,GainDrift,17,5,1.13906008261567,0.962202368151738,1.13906008261567,1.15499253436501,0,0,NaN,NaN,0.25,0.25,1,0.25,0.25
NUAA,W2,15,vibration_x,ColoredNoiseRamp,17,6,1.06292005495413,1.06292005495413,1.06292005495413,1.05145526489355,0,0,NaN,NaN,0.4,0.2,1,0.4,0.2
NUAA,W2,15,vibration_x,IntermittentRecordDropout,17,6,1.07582386710039,1.04717811794856,1.04473562731529,1.05145526489355,1,1,6,6,0.4,0.2,2,0.4,0.2
NUAA,W2,15,vibration_y,LinearBiasDrift,17,4,1.27800636539529,1.01680748181133,1.27800636539529,1.05430829041928,1,0,12,NaN,0.333333333333333,0.333333333333333,1,0.333333333333333,0.333333333333333
NUAA,W2,15,vibration_y,GainDrift,17,5,1.13409572816438,0.95689750166714,1.13409572816438,1.09973681143909,0,0,NaN,NaN,0.25,0.25,1,0.25,0.25
NUAA,W2,15,vibration_y,ColoredNoiseRamp,17,4,1.09948627658509,0.934884790557649,1.09948627658509,1.05430829041928,0,0,NaN,NaN,0.333333333333333,0.333333333333333,1,0.333333333333333,0.333333333333333
NUAA,W2,15,vibration_y,IntermittentRecordDropout,17,4,1.12571969296839,0.921266065971998,1.06868162595957,1.05430829041928,1,1,5,5,0.333333333333333,0.333333333333333,2,0.333333333333333,0.333333333333333
NUAA,W2,16,force_z,LinearBiasDrift,17,6,1.12863581208783,1.12863581208783,1.12863581208783,1.52148152933907,0,0,NaN,NaN,0.4,0.2,1,0.4,0.2
NUAA,W2,16,force_z,GainDrift,17,7,5.90428416691913,1.40308155988072,1.19403246846222,1.5336524697369,1,1,1,2,0.333333333333333,0.166666666666667,2,0.333333333333333,0.166666666666667
NUAA,W2,16,force_z,ColoredNoiseRamp,17,3,1.44741726838474,1.40816445517707,1.44741726838474,1.35934005561456,1,0,10,NaN,0.5,0.5,1,0.5,0.5
NUAA,W2,16,force_z,IntermittentRecordDropout,17,7,1.26002965116172,1.41061694821458,1.46054606591409,1.5336524697369,1,1,2,3,0.333333333333333,0.166666666666667,2,0.333333333333333,0.166666666666667
NUAA,W2,16,vibration_x,LinearBiasDrift,17,7,1.1997183411684,1.1997183411684,1.1997183411684,1.07391006942532,0,0,NaN,NaN,0.333333333333333,0.166666666666667,1,0.333333333333333,0.166666666666667
NUAA,W2,16,vibration_x,GainDrift,17,5,1.15239391609368,0.974129496413385,1.15239391609368,1.15499253436501,0,0,NaN,NaN,0.25,0.25,1,0.25,0.25
NUAA,W2,16,vibration_x,ColoredNoiseRamp,17,7,1.07107846702852,1.07107846702852,1.07107846702852,1.07391006942532,0,0,NaN,NaN,0.333333333333333,0.166666666666667,1,0.333333333333333,0.166666666666667
NUAA,W2,16,vibration_x,IntermittentRecordDropout,17,6,1.05778576321729,1.04864162220387,1.04473562731529,1.05145526489355,1,1,6,6,0.4,0.2,2,0.4,0.2
NUAA,W2,16,vibration_y,LinearBiasDrift,17,7,0.937111288935557,1.02406264791387,0.99644148491091,1.02758854585686,1,1,8,9,0.333333333333333,0.166666666666667,2,0.333333333333333,0.166666666666667
NUAA,W2,16,vibration_y,GainDrift,17,5,1.16734956791926,0.988922565166868,1.16734956791926,1.09973681143909,0,0,NaN,NaN,0.25,0.25,1,0.25,0.25
NUAA,W2,16,vibration_y,ColoredNoiseRamp,17,7,1.07690574672265,1.07690574672265,1.07690574672265,1.02758854585686,0,0,NaN,NaN,0.333333333333333,0.166666666666667,1,0.333333333333333,0.166666666666667
NUAA,W2,16,vibration_y,IntermittentRecordDropout,17,5,1.19339247086,0.941112109152195,1.11877621845618,1.09973681143909,1,1,5,5,0.25,0.25,2,0.25,0.25
NUAA,W2,17,force_z,LinearBiasDrift,17,6,1.30701346429617,1.30701346429617,1.30701346429617,1.52148152933907,0,0,NaN,NaN,0.4,0.2,1,0.4,0.2
NUAA,W2,17,force_z,GainDrift,17,6,3.52681211122452,1.47936271620224,1.59649289197129,1.52148152933907,1,1,2,3,0.4,0.2,2,0.4,0.2
NUAA,W2,17,force_z,ColoredNoiseRamp,17,4,7.25986434928074,1.58343092464075,1.50039212992449,1.35121118012195,1,1,3,4,0.333333333333333,0.333333333333333,2,0.333333333333333,0.333333333333333
NUAA,W2,17,force_z,IntermittentRecordDropout,17,5,1.3839496643727,1.2444622377481,1.42117229378056,1.40724850805331,1,1,0,5,0.25,0.25,3,0.25,0.25
NUAA,W2,17,vibration_x,LinearBiasDrift,17,6,0.985534589795847,0.985534589795847,0.985534589795847,1.05145526489355,0,0,NaN,NaN,0.4,0.2,1,0.4,0.2
NUAA,W2,17,vibration_x,GainDrift,17,6,1.0542808547982,1.0542808547982,1.0542808547982,1.05145526489355,0,0,NaN,NaN,0.4,0.2,1,0.4,0.2
NUAA,W2,17,vibration_x,ColoredNoiseRamp,17,4,1.12362519879141,0.959016882103571,1.12362519879141,1.11774074570117,0,0,NaN,NaN,0.333333333333333,0.333333333333333,1,0.333333333333333,0.333333333333333
NUAA,W2,17,vibration_x,IntermittentRecordDropout,17,7,1.08536495521159,1.07052455100951,1.07619192038732,1.07391006942532,1,1,1,1,0.333333333333333,0.166666666666667,2,0.333333333333333,0.166666666666667
NUAA,W2,17,vibration_y,LinearBiasDrift,17,4,0.990652024736196,0.925195764326709,1.07509603341599,1.05430829041928,1,1,6,8,0.333333333333333,0.333333333333333,2,0.333333333333333,0.333333333333333
NUAA,W2,17,vibration_y,GainDrift,17,7,1.04697971544061,1.04697971544061,1.04697971544061,1.02758854585686,0,0,NaN,NaN,0.333333333333333,0.166666666666667,1,0.333333333333333,0.166666666666667
NUAA,W2,17,vibration_y,ColoredNoiseRamp,17,5,1.13348429215628,0.954208829434468,1.13348429215628,1.09973681143909,0,0,NaN,NaN,0.25,0.25,1,0.25,0.25
NUAA,W2,17,vibration_y,IntermittentRecordDropout,17,4,1.12654687928969,0.912238467983936,1.07160555658435,1.05430829041928,1,1,3,3,0.333333333333333,0.333333333333333,2,0.333333333333333,0.333333333333333
NUAA,W2,18,force_z,LinearBiasDrift,17,8,1.14134679057068,1.14134679057068,1.14134679057068,1.49790739140012,0,0,NaN,NaN,0.285714285714286,0.142857142857143,1,0.285714285714286,0.142857142857143
NUAA,W2,18,force_z,GainDrift,17,6,5.07260065273309,1.4139528932081,1.51559940883409,1.52148152933907,1,1,1,2,0.4,0.2,2,0.4,0.2
NUAA,W2,18,force_z,ColoredNoiseRamp,17,6,6.25522375222029,1.25582214925536,1.25582214925536,1.52148152933907,1,1,3,3,0.4,0.2,2,0.4,0.2
NUAA,W2,18,force_z,IntermittentRecordDropout,17,7,1.56208151433569,1.22386270307963,1.31100948169088,1.5336524697369,1,1,0,2,0.333333333333333,0.166666666666667,4,0.333333333333333,0.166666666666667
NUAA,W2,18,vibration_x,LinearBiasDrift,17,6,0.945351485100277,0.945351485100277,0.945351485100277,1.05145526489355,0,0,NaN,NaN,0.4,0.2,1,0.4,0.2
NUAA,W2,18,vibration_x,GainDrift,17,5,1.15466795089036,0.976163622963421,1.15466795089036,1.15499253436501,0,0,NaN,NaN,0.25,0.25,1,0.25,0.25
NUAA,W2,18,vibration_x,ColoredNoiseRamp,17,6,1.06142734074394,1.06142734074394,1.06142734074394,1.05145526489355,0,0,NaN,NaN,0.4,0.2,1,0.4,0.2
NUAA,W2,18,vibration_x,IntermittentRecordDropout,17,4,1.11007376322192,0.937716486706155,1.10979392228686,1.11774074570117,1,1,4,4,0.333333333333333,0.333333333333333,2,0.333333333333333,0.333333333333333
NUAA,W2,18,vibration_y,LinearBiasDrift,17,4,1.46423318681959,0.96054542797424,1.09785544912807,1.05430829041928,1,1,7,8,0.333333333333333,0.333333333333333,2,0.333333333333333,0.333333333333333
NUAA,W2,18,vibration_y,GainDrift,17,6,1.05856119745823,1.05856119745823,1.05856119745823,0.997742445466575,0,0,NaN,NaN,0.4,0.2,1,0.4,0.2
NUAA,W2,18,vibration_y,ColoredNoiseRamp,17,7,1.10066482017316,1.10066482017316,1.10066482017316,1.02758854585686,0,0,NaN,NaN,0.333333333333333,0.166666666666667,1,0.333333333333333,0.166666666666667
NUAA,W2,18,vibration_y,IntermittentRecordDropout,17,4,1.12596498822363,0.925536674288703,1.08987938211038,1.05430829041928,1,1,9,9,0.333333333333333,0.333333333333333,2,0.333333333333333,0.333333333333333
NUAA,W2,19,force_z,LinearBiasDrift,17,5,1.47382015349279,1.28930719572367,1.47382015349279,1.40724850805331,1,0,0,NaN,0.25,0.25,1,0.25,0.25
NUAA,W2,19,force_z,GainDrift,17,5,4.48884624245113,1.47311713625866,1.5947321897937,1.40724850805331,1,1,2,3,0.25,0.25,2,0.25,0.25
NUAA,W2,19,force_z,ColoredNoiseRamp,17,6,5.39321043401957,1.27402132909831,1.29946975161244,1.52148152933907,1,1,3,4,0.4,0.2,2,0.4,0.2
NUAA,W2,19,force_z,IntermittentRecordDropout,17,5,1.47400613475514,1.42295277321737,1.44805630073889,1.40724850805331,1,1,0,1,0.25,0.25,6,0.25,0.25
NUAA,W2,19,vibration_x,LinearBiasDrift,17,3,0.943623376098758,0.7983901265075,0.943623376098758,1.04823909206448,0,0,NaN,NaN,0.5,0.5,1,0.5,0.5
NUAA,W2,19,vibration_x,GainDrift,17,5,1.1371212136229,0.960468047770621,1.1371212136229,1.15499253436501,0,0,NaN,NaN,0.25,0.25,1,0.25,0.25
NUAA,W2,19,vibration_x,ColoredNoiseRamp,17,5,1.15984768098312,0.982023732375169,1.15984768098312,1.15499253436501,0,0,NaN,NaN,0.25,0.25,1,0.25,0.25
NUAA,W2,19,vibration_x,IntermittentRecordDropout,17,4,1.12680502750031,0.948766801355327,1.10754718401793,1.11774074570117,1,1,5,5,0.333333333333333,0.333333333333333,2,0.333333333333333,0.333333333333333
NUAA,W2,19,vibration_y,LinearBiasDrift,17,6,1.19628096117059,1.19628096117059,1.19628096117059,0.997742445466575,0,0,NaN,NaN,0.4,0.2,1,0.4,0.2
NUAA,W2,19,vibration_y,GainDrift,17,5,1.13518870821117,0.957950094560483,1.13518870821117,1.09973681143909,0,0,NaN,NaN,0.25,0.25,1,0.25,0.25
NUAA,W2,19,vibration_y,ColoredNoiseRamp,17,7,1.08079250664384,1.08079250664384,1.08079250664384,1.02758854585686,0,0,NaN,NaN,0.333333333333333,0.166666666666667,1,0.333333333333333,0.166666666666667
NUAA,W2,19,vibration_y,IntermittentRecordDropout,17,6,1.05816288460048,1.03997208107618,1.00707615709747,0.997742445466575,1,1,1,1,0.4,0.2,2,0.4,0.2
NUAA,W2,20,force_z,LinearBiasDrift,17,6,1.15965912287092,1.15965912287092,1.15965912287092,1.52148152933907,0,0,NaN,NaN,0.4,0.2,1,0.4,0.2
NUAA,W2,20,force_z,GainDrift,17,5,5.2507774806489,1.47341176199439,1.70706609223876,1.40724850805331,1,1,0,2,0.25,0.25,2,0.25,0.25
NUAA,W2,20,force_z,ColoredNoiseRamp,17,6,4.49042864572067,1.27592307525543,1.27592307525543,1.52148152933907,1,1,3,3,0.4,0.2,2,0.4,0.2
NUAA,W2,20,force_z,IntermittentRecordDropout,17,6,1.17723013683642,1.35692661759628,1.35692661759628,1.52148152933907,1,1,3,3,0.4,0.2,6,0.4,0.2
NUAA,W2,20,vibration_x,LinearBiasDrift,17,4,1.19764526827883,1.02719328395642,1.19764526827883,1.11774074570117,0,0,NaN,NaN,0.333333333333333,0.333333333333333,1,0.333333333333333,0.333333333333333
NUAA,W2,20,vibration_x,GainDrift,17,4,1.11453108084554,0.947936290720302,1.11453108084554,1.11774074570117,0,0,NaN,NaN,0.333333333333333,0.333333333333333,1,0.333333333333333,0.333333333333333
NUAA,W2,20,vibration_x,ColoredNoiseRamp,17,4,1.11708837915093,0.952798700575898,1.11708837915093,1.11774074570117,0,0,NaN,NaN,0.333333333333333,0.333333333333333,1,0.333333333333333,0.333333333333333
NUAA,W2,20,vibration_x,IntermittentRecordDropout,17,6,1.07224838176366,1.05543498767207,1.05162925041706,1.05145526489355,1,1,2,2,0.4,0.2,2,0.4,0.2
NUAA,W2,20,vibration_y,LinearBiasDrift,17,3,0.941589945309577,0.791389936818621,0.941589945309577,0.98610109885964,0,0,NaN,NaN,0.5,0.5,1,0.5,0.5
NUAA,W2,20,vibration_y,GainDrift,17,7,1.05637897686897,1.05637897686897,1.05637897686897,1.02758854585686,0,0,NaN,NaN,0.333333333333333,0.166666666666667,1,0.333333333333333,0.166666666666667
NUAA,W2,20,vibration_y,ColoredNoiseRamp,17,6,1.0371324827829,1.0371324827829,1.0371324827829,0.997742445466575,0,0,NaN,NaN,0.4,0.2,1,0.4,0.2
NUAA,W2,20,vibration_y,IntermittentRecordDropout,17,4,1.12916070708357,1.08885530753053,1.06200405586739,1.05430829041928,1,1,1,1,0.333333333333333,0.333333333333333,2,0.333333333333333,0.333333333333333
NUAA,W2,21,force_z,LinearBiasDrift,17,5,1.5165308172095,1.33134289998017,1.5165308172095,1.40724850805331,1,0,0,NaN,0.25,0.25,1,0.25,0.25
NUAA,W2,21,force_z,GainDrift,17,7,4.16376101057363,1.28412808445406,1.3567160845306,1.5336524697369,1,1,2,3,0.333333333333333,0.166666666666667,2,0.333333333333333,0.166666666666667
NUAA,W2,21,force_z,ColoredNoiseRamp,17,7,1.93946291550099,1.76523843506667,1.76523843506667,1.5336524697369,1,1,10,10,0.333333333333333,0.166666666666667,2,0.333333333333333,0.166666666666667
NUAA,W2,21,force_z,IntermittentRecordDropout,17,5,1.67503787942555,1.21927847059888,1.39694257990287,1.40724850805331,1,1,0,7,0.25,0.25,2,0.25,0.25
NUAA,W2,21,vibration_x,LinearBiasDrift,17,7,1.22655272009155,1.22655272009155,1.22655272009155,1.07391006942532,0,0,NaN,NaN,0.333333333333333,0.166666666666667,1,0.333333333333333,0.166666666666667
NUAA,W2,21,vibration_x,GainDrift,17,7,1.08002972968297,1.08002972968297,1.08002972968297,1.07391006942532,0,0,NaN,NaN,0.333333333333333,0.166666666666667,1,0.333333333333333,0.166666666666667
NUAA,W2,21,vibration_x,ColoredNoiseRamp,17,4,1.13822889147753,0.972462616400099,1.13822889147753,1.11774074570117,0,0,NaN,NaN,0.333333333333333,0.333333333333333,1,0.333333333333333,0.333333333333333
NUAA,W2,21,vibration_x,IntermittentRecordDropout,17,7,1.08261114629236,1.07820728450563,1.07489269653869,1.07391006942532,1,1,1,1,0.333333333333333,0.166666666666667,4,0.333333333333333,0.166666666666667
NUAA,W2,21,vibration_y,LinearBiasDrift,17,7,0.942713694322433,1.02572078495004,0.996100764572453,1.02758854585686,1,1,8,9,0.333333333333333,0.166666666666667,2,0.333333333333333,0.166666666666667
NUAA,W2,21,vibration_y,GainDrift,17,4,1.09172950806046,0.927649167944407,1.09172950806046,1.05430829041928,0,0,NaN,NaN,0.333333333333333,0.333333333333333,1,0.333333333333333,0.333333333333333
NUAA,W2,21,vibration_y,ColoredNoiseRamp,17,5,1.20033083961634,1.00306154006004,1.20033083961634,1.09973681143909,1,0,11,NaN,0.25,0.25,1,0.25,0.25
NUAA,W2,21,vibration_y,IntermittentRecordDropout,17,7,1.0882414610511,1.04087644500193,1.03786957141911,1.02758854585686,1,1,3,3,0.333333333333333,0.166666666666667,2,0.333333333333333,0.166666666666667
NUAA,W2,22,force_z,LinearBiasDrift,17,4,1.32156071209742,1.17399879382549,1.32156071209742,1.35121118012195,1,0,1,NaN,0.333333333333333,0.333333333333333,1,0.333333333333333,0.333333333333333
NUAA,W2,22,force_z,GainDrift,17,4,3.5320561462576,1.35963828752514,1.47345430538628,1.35121118012195,1,1,3,4,0.333333333333333,0.333333333333333,2,0.333333333333333,0.333333333333333
NUAA,W2,22,force_z,ColoredNoiseRamp,17,5,5.14484281760722,1.48960376658853,1.38006516005491,1.40724850805331,1,1,3,4,0.25,0.25,2,0.25,0.25
NUAA,W2,22,force_z,IntermittentRecordDropout,17,7,1.26843548684068,1.21457644484511,1.24730887307959,1.5336524697369,1,1,4,6,0.333333333333333,0.166666666666667,2,0.333333333333333,0.166666666666667
NUAA,W2,22,vibration_x,LinearBiasDrift,17,5,1.26275248825924,1.08124819653712,1.26275248825924,1.15499253436501,0,0,NaN,NaN,0.25,0.25,1,0.25,0.25
NUAA,W2,22,vibration_x,GainDrift,17,4,1.09744767224513,0.933959115511117,1.09744767224513,1.11774074570117,0,0,NaN,NaN,0.333333333333333,0.333333333333333,1,0.333333333333333,0.333333333333333
NUAA,W2,22,vibration_x,ColoredNoiseRamp,17,5,1.15975778338265,0.982005767644285,1.15975778338265,1.15499253436501,0,0,NaN,NaN,0.25,0.25,1,0.25,0.25
NUAA,W2,22,vibration_x,IntermittentRecordDropout,17,7,1.09160805508919,1.06928767193057,1.07333243531778,1.07391006942532,1,1,2,2,0.333333333333333,0.166666666666667,2,0.333333333333333,0.166666666666667
NUAA,W2,22,vibration_y,LinearBiasDrift,17,7,1.42137787064961,1.09848328859665,1.16020989488227,1.02758854585686,1,1,5,7,0.333333333333333,0.166666666666667,2,0.333333333333333,0.166666666666667
NUAA,W2,22,vibration_y,GainDrift,17,6,1.02983110793043,1.02983110793043,1.02983110793043,0.997742445466575,0,0,NaN,NaN,0.4,0.2,1,0.4,0.2
NUAA,W2,22,vibration_y,ColoredNoiseRamp,17,3,1.0380700976557,0.880336684303089,1.0380700976557,0.98610109885964,0,0,NaN,NaN,0.5,0.5,1,0.5,0.5
NUAA,W2,22,vibration_y,IntermittentRecordDropout,17,6,1.05655877758336,1.01955045640731,1.00146569156287,0.997742445466575,1,1,2,2,0.4,0.2,2,0.4,0.2
NUAA,W2,23,force_z,LinearBiasDrift,17,5,1.13229897423949,0.959093048549231,1.13229897423949,1.40724850805331,1,0,0,NaN,0.25,0.25,1,0.25,0.25
NUAA,W2,23,force_z,GainDrift,17,7,3.22810579675596,1.61752697304002,1.64934075842563,1.5336524697369,1,1,2,3,0.333333333333333,0.166666666666667,2,0.333333333333333,0.166666666666667
NUAA,W2,23,force_z,ColoredNoiseRamp,17,8,4.66960129804892,1.43381415473036,1.43381415473036,1.49790739140012,1,1,3,3,0.285714285714286,0.142857142857143,2,0.285714285714286,0.142857142857143
NUAA,W2,23,force_z,IntermittentRecordDropout,17,4,1.32854781959314,1.14828347113553,1.31727676526495,1.35121118012195,1,1,1,11,0.333333333333333,0.333333333333333,2,0.333333333333333,0.333333333333333
NUAA,W2,23,vibration_x,LinearBiasDrift,17,6,1.14273619809664,1.14273619809664,1.14273619809664,1.05145526489355,0,0,NaN,NaN,0.4,0.2,1,0.4,0.2
NUAA,W2,23,vibration_x,GainDrift,17,6,1.04137542283809,1.04137542283809,1.04137542283809,1.05145526489355,0,0,NaN,NaN,0.4,0.2,1,0.4,0.2
NUAA,W2,23,vibration_x,ColoredNoiseRamp,17,6,1.07664434616861,1.07664434616861,1.07664434616861,1.05145526489355,0,0,NaN,NaN,0.4,0.2,1,0.4,0.2
NUAA,W2,23,vibration_x,IntermittentRecordDropout,17,6,1.05875152578649,1.04184816231514,1.04482075610006,1.05145526489355,1,1,4,4,0.4,0.2,2,0.4,0.2
NUAA,W2,23,vibration_y,LinearBiasDrift,17,6,0.914710209643164,0.982599480560739,1.00315787551279,0.997742445466575,1,1,8,9,0.4,0.2,2,0.4,0.2
NUAA,W2,23,vibration_y,GainDrift,17,5,1.13085835623822,0.953779755197203,1.13085835623822,1.09973681143909,0,0,NaN,NaN,0.25,0.25,1,0.25,0.25
NUAA,W2,23,vibration_y,ColoredNoiseRamp,17,7,1.05400273902125,1.05400273902125,1.05400273902125,1.02758854585686,0,0,NaN,NaN,0.333333333333333,0.166666666666667,1,0.333333333333333,0.166666666666667
NUAA,W2,23,vibration_y,IntermittentRecordDropout,17,5,1.15024310467798,0.946094688874575,1.11890599131943,1.09973681143909,1,1,6,6,0.25,0.25,2,0.25,0.25
NUAA,W2,24,force_z,LinearBiasDrift,17,5,1.56258859967866,1.37668758451236,1.56258859967866,1.40724850805331,1,0,0,NaN,0.25,0.25,1,0.25,0.25
NUAA,W2,24,force_z,GainDrift,17,6,3.61647129066372,1.48053664280391,1.60131085899569,1.52148152933907,1,1,2,3,0.4,0.2,2,0.4,0.2
NUAA,W2,24,force_z,ColoredNoiseRamp,17,4,5.54280627967487,1.56566023805306,1.56566023805306,1.35121118012195,1,1,3,3,0.333333333333333,0.333333333333333,2,0.333333333333333,0.333333333333333
NUAA,W2,24,force_z,IntermittentRecordDropout,17,4,1.3134725912936,1.21603177218289,1.30566183861444,1.35121118012195,1,1,1,9,0.333333333333333,0.333333333333333,2,0.333333333333333,0.333333333333333
NUAA,W2,24,vibration_x,LinearBiasDrift,17,7,0.969305165327217,0.969305165327217,0.969305165327217,1.07391006942532,0,0,NaN,NaN,0.333333333333333,0.166666666666667,1,0.333333333333333,0.166666666666667
NUAA,W2,24,vibration_x,GainDrift,17,7,1.06180300391526,1.06180300391526,1.06180300391526,1.07391006942532,0,0,NaN,NaN,0.333333333333333,0.166666666666667,1,0.333333333333333,0.166666666666667
NUAA,W2,24,vibration_x,ColoredNoiseRamp,17,8,1.04053965116048,1.04053965116048,1.04053965116048,1.0422933911631,0,0,NaN,NaN,0.285714285714286,0.142857142857143,1,0.285714285714286,0.142857142857143
NUAA,W2,24,vibration_x,IntermittentRecordDropout,17,6,1.0644623694731,1.04662867023222,1.05145526489355,1.05145526489355,1,1,0,0,0.4,0.2,2,0.4,0.2
NUAA,W2,24,vibration_y,LinearBiasDrift,17,6,1.26557772773159,1.14336818929222,1.14336818929222,0.997742445466575,1,1,10,10,0.4,0.2,2,0.4,0.2
NUAA,W2,24,vibration_y,GainDrift,17,5,1.17161388318241,0.993029307969865,1.17161388318241,1.09973681143909,0,0,NaN,NaN,0.25,0.25,1,0.25,0.25
NUAA,W2,24,vibration_y,ColoredNoiseRamp,17,5,1.16302131643874,0.987291136704262,1.16302131643874,1.09973681143909,0,0,NaN,NaN,0.25,0.25,1,0.25,0.25
NUAA,W2,24,vibration_y,IntermittentRecordDropout,17,6,1.0587654599134,1.02368401329652,1.00707615709747,0.997742445466575,1,1,1,1,0.4,0.2,2,0.4,0.2
NUAA,W2,25,force_z,LinearBiasDrift,17,7,1.60870234397976,1.60870234397976,1.60870234397976,1.5336524697369,0,0,NaN,NaN,0.333333333333333,0.166666666666667,1,0.333333333333333,0.166666666666667
NUAA,W2,25,force_z,GainDrift,17,5,3.96706851321322,1.30877625414232,1.52751160772635,1.40724850805331,1,1,0,3,0.25,0.25,2,0.25,0.25
NUAA,W2,25,force_z,ColoredNoiseRamp,17,6,1.6464556510542,1.50626708682677,1.6464556510542,1.52148152933907,1,0,11,NaN,0.4,0.2,1,0.4,0.2
NUAA,W2,25,force_z,IntermittentRecordDropout,17,4,1.1296164690426,1.05915169106838,1.14579343503597,1.35121118012195,1,1,1,10,0.333333333333333,0.333333333333333,2,0.333333333333333,0.333333333333333
NUAA,W2,25,vibration_x,LinearBiasDrift,17,8,0.919205554698704,0.919205554698704,0.919205554698704,1.0422933911631,0,0,NaN,NaN,0.285714285714286,0.142857142857143,1,0.285714285714286,0.142857142857143
NUAA,W2,25,vibration_x,GainDrift,17,6,1.05272973870551,1.05272973870551,1.05272973870551,1.05145526489355,0,0,NaN,NaN,0.4,0.2,1,0.4,0.2
NUAA,W2,25,vibration_x,ColoredNoiseRamp,17,5,1.16060768122277,0.982219919979033,1.16060768122277,1.15499253436501,0,0,NaN,NaN,0.25,0.25,1,0.25,0.25
NUAA,W2,25,vibration_x,IntermittentRecordDropout,17,7,1.08993428955137,1.07344487209548,1.06876447204151,1.07391006942532,1,1,3,3,0.333333333333333,0.166666666666667,2,0.333333333333333,0.166666666666667
NUAA,W2,25,vibration_y,LinearBiasDrift,17,6,1.34894022296574,1.07344730261478,1.13512479226133,0.997742445466575,1,1,6,9,0.4,0.2,2,0.4,0.2
NUAA,W2,25,vibration_y,GainDrift,17,6,1.06010785656831,1.06010785656831,1.06010785656831,0.997742445466575,0,0,NaN,NaN,0.4,0.2,1,0.4,0.2
NUAA,W2,25,vibration_y,ColoredNoiseRamp,17,3,1.02738511596836,0.872863407856986,1.02738511596836,0.98610109885964,0,0,NaN,NaN,0.5,0.5,1,0.5,0.5
NUAA,W2,25,vibration_y,IntermittentRecordDropout,17,8,1.06321964554481,1.00221627218149,0.984736176304892,0.982097120538074,1,1,1,1,0.285714285714286,0.142857142857143,2,0.285714285714286,0.142857142857143
NUAA,W2,26,force_z,LinearBiasDrift,17,5,1.83991269550612,1.65033196203006,1.83991269550612,1.40724850805331,1,0,0,NaN,0.25,0.25,1,0.25,0.25
NUAA,W2,26,force_z,GainDrift,17,5,4.14407105490606,1.44750176657186,1.53971029290527,1.40724850805331,1,1,0,3,0.25,0.25,2,0.25,0.25
NUAA,W2,26,force_z,ColoredNoiseRamp,17,3,5.37373551415506,1.55478088266719,1.55478088266719,1.35934005561456,1,1,4,4,0.5,0.5,2,0.5,0.5
NUAA,W2,26,force_z,IntermittentRecordDropout,17,5,1.47523055567822,1.3391259002793,1.43505463166593,1.40724850805331,1,1,0,8,0.25,0.25,2,0.25,0.25
NUAA,W2,26,vibration_x,LinearBiasDrift,17,4,1.00763715462201,0.85206832465527,1.00763715462201,1.11774074570117,0,0,NaN,NaN,0.333333333333333,0.333333333333333,1,0.333333333333333,0.333333333333333
NUAA,W2,26,vibration_x,GainDrift,17,7,1.08119393282868,1.08119393282868,1.08119393282868,1.07391006942532,0,0,NaN,NaN,0.333333333333333,0.166666666666667,1,0.333333333333333,0.166666666666667
NUAA,W2,26,vibration_x,ColoredNoiseRamp,17,6,1.0547427675135,1.0547427675135,1.0547427675135,1.05145526489355,0,0,NaN,NaN,0.4,0.2,1,0.4,0.2
NUAA,W2,26,vibration_x,IntermittentRecordDropout,17,7,1.09181666348732,1.07266676000112,1.06876447204151,1.07391006942532,1,1,3,3,0.333333333333333,0.166666666666667,2,0.333333333333333,0.166666666666667
NUAA,W2,26,vibration_y,LinearBiasDrift,17,8,0.879058263305166,0.981313590313171,0.981313590313171,0.982097120538074,1,1,7,7,0.285714285714286,0.142857142857143,2,0.285714285714286,0.142857142857143
NUAA,W2,26,vibration_y,GainDrift,17,5,1.12223836637664,0.945478286112156,1.12223836637664,1.09973681143909,0,0,NaN,NaN,0.25,0.25,1,0.25,0.25
NUAA,W2,26,vibration_y,ColoredNoiseRamp,17,5,1.15641050408663,0.974892356165422,1.15641050408663,1.09973681143909,0,0,NaN,NaN,0.25,0.25,1,0.25,0.25
NUAA,W2,26,vibration_y,IntermittentRecordDropout,17,7,1.0942254883794,1.04448387521662,1.02758854585686,1.02758854585686,1,1,0,0,0.333333333333333,0.166666666666667,2,0.333333333333333,0.166666666666667
NUAA,W2,27,force_z,LinearBiasDrift,17,7,1.49470142232137,1.49470142232137,1.49470142232137,1.5336524697369,0,0,NaN,NaN,0.333333333333333,0.166666666666667,1,0.333333333333333,0.166666666666667
NUAA,W2,27,force_z,GainDrift,17,6,2.73210131464001,1.55378794602118,1.59055565880868,1.52148152933907,1,1,3,4,0.4,0.2,2,0.4,0.2
NUAA,W2,27,force_z,ColoredNoiseRamp,17,4,6.90649172422249,1.3669809013212,1.55261670099955,1.35121118012195,1,1,1,3,0.333333333333333,0.333333333333333,2,0.333333333333333,0.333333333333333
NUAA,W2,27,force_z,IntermittentRecordDropout,17,5,1.49559728705825,1.08588885684432,1.26355296614831,1.40724850805331,1,1,0,7,0.25,0.25,2,0.25,0.25
NUAA,W2,27,vibration_x,LinearBiasDrift,17,7,0.9862892251991,0.9862892251991,0.9862892251991,1.07391006942532,0,0,NaN,NaN,0.333333333333333,0.166666666666667,1,0.333333333333333,0.166666666666667
NUAA,W2,27,vibration_x,GainDrift,17,4,1.09559332958772,0.93244194333391,1.09559332958772,1.11774074570117,0,0,NaN,NaN,0.333333333333333,0.333333333333333,1,0.333333333333333,0.333333333333333
NUAA,W2,27,vibration_x,ColoredNoiseRamp,17,8,1.04266734750907,1.04266734750907,1.04266734750907,1.0422933911631,0,0,NaN,NaN,0.285714285714286,0.142857142857143,1,0.285714285714286,0.142857142857143
NUAA,W2,27,vibration_x,IntermittentRecordDropout,17,4,1.13002234824888,0.944789517025053,1.10964479183814,1.11774074570117,1,1,2,2,0.333333333333333,0.333333333333333,2,0.333333333333333,0.333333333333333
NUAA,W2,27,vibration_y,LinearBiasDrift,17,8,0.89839448815612,0.954744958731553,0.928838478894849,0.982097120538074,1,1,8,9,0.285714285714286,0.142857142857143,2,0.285714285714286,0.142857142857143
NUAA,W2,27,vibration_y,GainDrift,17,7,1.09638605651985,1.09638605651985,1.09638605651985,1.02758854585686,0,0,NaN,NaN,0.333333333333333,0.166666666666667,1,0.333333333333333,0.166666666666667
NUAA,W2,27,vibration_y,ColoredNoiseRamp,17,6,1.05007220804795,1.05007220804795,1.05007220804795,0.997742445466575,0,0,NaN,NaN,0.4,0.2,1,0.4,0.2
NUAA,W2,27,vibration_y,IntermittentRecordDropout,17,6,1.05761350691744,1.02005227019362,1.00707615709747,0.997742445466575,1,1,1,1,0.4,0.2,2,0.4,0.2
NUAA,W2,28,force_z,LinearBiasDrift,17,5,1.37678139576203,1.20967430820505,1.37678139576203,1.40724850805331,1,0,0,NaN,0.25,0.25,1,0.25,0.25
NUAA,W2,28,force_z,GainDrift,17,5,3.64215065916528,1.2906996721119,1.33247205418751,1.40724850805331,1,1,0,4,0.25,0.25,2,0.25,0.25
NUAA,W2,28,force_z,ColoredNoiseRamp,17,6,3.94243671983121,1.38630269276393,1.38630269276393,1.52148152933907,1,1,4,4,0.4,0.2,2,0.4,0.2
NUAA,W2,28,force_z,IntermittentRecordDropout,17,4,1.32640719679119,1.24191695428826,1.38535774074368,1.35121118012195,1,1,1,2,0.333333333333333,0.333333333333333,4,0.333333333333333,0.333333333333333
NUAA,W2,28,vibration_x,LinearBiasDrift,17,3,1.19422639144046,1.03135432311501,1.19422639144046,1.04823909206448,0,0,NaN,NaN,0.5,0.5,1,0.5,0.5
NUAA,W2,28,vibration_x,GainDrift,17,6,1.03946524946826,1.03946524946826,1.03946524946826,1.05145526489355,0,0,NaN,NaN,0.4,0.2,1,0.4,0.2
NUAA,W2,28,vibration_x,ColoredNoiseRamp,17,7,1.08496190629765,1.08496190629765,1.08496190629765,1.07391006942532,0,0,NaN,NaN,0.333333333333333,0.166666666666667,1,0.333333333333333,0.166666666666667
NUAA,W2,28,vibration_x,IntermittentRecordDropout,17,7,1.07922293582535,1.06749361585448,1.06666331438922,1.07391006942532,1,1,4,4,0.333333333333333,0.166666666666667,2,0.333333333333333,0.166666666666667
NUAA,W2,28,vibration_y,LinearBiasDrift,17,7,1.45364266663646,1.04288694358203,1.16794878048379,1.02758854585686,1,1,5,7,0.333333333333333,0.166666666666667,2,0.333333333333333,0.166666666666667
NUAA,W2,28,vibration_y,GainDrift,17,8,1.05997960221782,1.05997960221782,1.05997960221782,0.982097120538074,0,0,NaN,NaN,0.285714285714286,0.142857142857143,1,0.285714285714286,0.142857142857143
NUAA,W2,28,vibration_y,ColoredNoiseRamp,17,4,1.11774848444076,0.952403993604231,1.11774848444076,1.05430829041928,0,0,NaN,NaN,0.333333333333333,0.333333333333333,1,0.333333333333333,0.333333333333333
NUAA,W2,28,vibration_y,IntermittentRecordDropout,17,4,1.12405082212831,1.08949533413301,1.06200405586739,1.05430829041928,1,1,1,1,0.333333333333333,0.333333333333333,2,0.333333333333333,0.333333333333333
NUAA,W2,29,force_z,LinearBiasDrift,17,4,1.43935206473089,1.26203230066629,1.43935206473089,1.35121118012195,1,0,1,NaN,0.333333333333333,0.333333333333333,1,0.333333333333333,0.333333333333333
NUAA,W2,29,force_z,GainDrift,17,7,2.7387208603091,1.6027775325736,1.57327884378803,1.5336524697369,1,1,3,4,0.333333333333333,0.166666666666667,2,0.333333333333333,0.166666666666667
NUAA,W2,29,force_z,ColoredNoiseRamp,17,8,4.69095077620311,1.41804254468396,1.31489000061202,1.49790739140012,1,1,2,4,0.285714285714286,0.142857142857143,2,0.285714285714286,0.142857142857143
NUAA,W2,29,force_z,IntermittentRecordDropout,17,7,1.41168563984203,1.27920732985712,1.37771443444257,1.5336524697369,1,1,2,2,0.333333333333333,0.166666666666667,4,0.333333333333333,0.166666666666667
NUAA,W2,29,vibration_x,LinearBiasDrift,17,7,1.22944203905606,1.22944203905606,1.22944203905606,1.07391006942532,0,0,NaN,NaN,0.333333333333333,0.166666666666667,1,0.333333333333333,0.166666666666667
NUAA,W2,29,vibration_x,GainDrift,17,7,1.06490469368193,1.06490469368193,1.06490469368193,1.07391006942532,0,0,NaN,NaN,0.333333333333333,0.166666666666667,1,0.333333333333333,0.166666666666667
NUAA,W2,29,vibration_x,ColoredNoiseRamp,17,7,1.07592984566799,1.07592984566799,1.07592984566799,1.07391006942532,0,0,NaN,NaN,0.333333333333333,0.166666666666667,1,0.333333333333333,0.166666666666667
NUAA,W2,29,vibration_x,IntermittentRecordDropout,17,7,1.07336608661782,1.06802230253935,1.06666331438922,1.07391006942532,1,1,4,4,0.333333333333333,0.166666666666667,2,0.333333333333333,0.166666666666667
NUAA,W2,29,vibration_y,LinearBiasDrift,17,7,0.936844521822746,1.02398422447386,0.996459326748367,1.02758854585686,1,1,8,9,0.333333333333333,0.166666666666667,2,0.333333333333333,0.166666666666667
NUAA,W2,29,vibration_y,GainDrift,17,4,1.12918179790077,0.962691757812416,1.12918179790077,1.05430829041928,0,0,NaN,NaN,0.333333333333333,0.333333333333333,1,0.333333333333333,0.333333333333333
NUAA,W2,29,vibration_y,ColoredNoiseRamp,17,4,1.09392908905411,0.931904006918717,1.09392908905411,1.05430829041928,0,0,NaN,NaN,0.333333333333333,0.333333333333333,1,0.333333333333333,0.333333333333333
NUAA,W2,29,vibration_y,IntermittentRecordDropout,17,8,1.07004460211722,0.998341505643898,0.984736176304892,0.982097120538074,1,1,1,1,0.285714285714286,0.142857142857143,2,0.285714285714286,0.142857142857143
NUAA,W2,30,force_z,LinearBiasDrift,17,6,1.10391905889696,1.10391905889696,1.10391905889696,1.52148152933907,0,0,NaN,NaN,0.4,0.2,1,0.4,0.2
NUAA,W2,30,force_z,GainDrift,17,6,4.1195944556524,1.38331819918871,1.20231210146023,1.52148152933907,1,1,2,3,0.4,0.2,2,0.4,0.2
NUAA,W2,30,force_z,ColoredNoiseRamp,17,7,2.24606528253052,1.20385544679322,1.20385544679322,1.5336524697369,1,1,6,6,0.333333333333333,0.166666666666667,2,0.333333333333333,0.166666666666667
NUAA,W2,30,force_z,IntermittentRecordDropout,17,4,1.14904320135033,1.18560976610681,1.23580017755455,1.35121118012195,1,1,2,2,0.333333333333333,0.333333333333333,6,0.333333333333333,0.333333333333333
NUAA,W2,30,vibration_x,LinearBiasDrift,17,5,1.27855719588118,1.09660288553113,1.27855719588118,1.15499253436501,0,0,NaN,NaN,0.25,0.25,1,0.25,0.25
NUAA,W2,30,vibration_x,GainDrift,17,6,1.0402790638252,1.0402790638252,1.0402790638252,1.05145526489355,0,0,NaN,NaN,0.4,0.2,1,0.4,0.2
NUAA,W2,30,vibration_x,ColoredNoiseRamp,17,7,1.08962967780361,1.08962967780361,1.08962967780361,1.07391006942532,0,0,NaN,NaN,0.333333333333333,0.166666666666667,1,0.333333333333333,0.166666666666667
NUAA,W2,30,vibration_x,IntermittentRecordDropout,17,5,1.14799382207657,0.967412693371649,1.15011992604419,1.15499253436501,1,1,3,3,0.25,0.25,4,0.25,0.25
NUAA,W2,30,vibration_y,LinearBiasDrift,17,6,1.43040811786869,1.02449830428621,1.090219392278,0.997742445466575,1,1,6,7,0.4,0.2,2,0.4,0.2
NUAA,W2,30,vibration_y,GainDrift,17,5,1.17092350956604,0.992364444631807,1.17092350956604,1.09973681143909,0,0,NaN,NaN,0.25,0.25,1,0.25,0.25
NUAA,W2,30,vibration_y,ColoredNoiseRamp,17,7,1.08788759642306,1.08788759642306,1.08788759642306,1.02758854585686,0,0,NaN,NaN,0.333333333333333,0.166666666666667,1,0.333333333333333,0.166666666666667
NUAA,W2,30,vibration_y,IntermittentRecordDropout,17,4,1.12223277513767,0.930319152506615,1.0796835052404,1.05430829041928,1,1,6,6,0.333333333333333,0.333333333333333,2,0.333333333333333,0.333333333333333
NUAA,W3,0,None,Clean,11,Inf,1,1,1,1,0,0,NaN,NaN,0,0,0,0,0
NUAA,W3,1,force_z,LinearBiasDrift,11,4,0.77042925401672,0.77042925401672,0.77042925401672,0.85695989898104,0,0,NaN,NaN,0,0,0,0,0
NUAA,W3,1,force_z,GainDrift,11,5,0.69991398845973,1.02348718976865,1.02348718976865,0.872395435297719,1,1,2,2,0,0,1,0,0
NUAA,W3,1,force_z,ColoredNoiseRamp,11,5,1.44677128998622,0.967313620984268,1.0908481915247,0.872395435297719,1,1,4,5,0,0,1,0,0
NUAA,W3,1,force_z,IntermittentRecordDropout,11,5,0.840715814941432,0.930302983708308,0.930302983708308,0.872395435297719,1,1,3,3,0,0,2,0,0
NUAA,W3,1,vibration_x,LinearBiasDrift,11,2,0.9426972663111,0.9426972663111,0.9426972663111,0.935001846872051,0,0,NaN,NaN,0,0,0,0,0
NUAA,W3,1,vibration_x,GainDrift,11,2,0.931408546995778,0.931408546995778,0.931408546995778,0.935001846872051,0,0,NaN,NaN,0,0,0,0,0
NUAA,W3,1,vibration_x,ColoredNoiseRamp,11,3,0.844180848470151,0.844180848470151,0.844180848470151,0.868982327043639,0,0,NaN,NaN,0,0,0,0,0
NUAA,W3,1,vibration_x,IntermittentRecordDropout,11,3,0.87740347791556,0.870715769221825,0.871001633433648,0.868982327043639,1,1,2,2,0,0,1,0,0
NUAA,W3,1,vibration_y,LinearBiasDrift,11,3,0.865725568456587,0.869318569614211,0.865725568456587,0.843719579098026,1,0,8,NaN,0,0,0,0,0
NUAA,W3,1,vibration_y,GainDrift,11,2,0.947285936162004,0.947285936162004,0.947285936162004,0.910947768497899,0,0,NaN,NaN,0,0,0,0,0
NUAA,W3,1,vibration_y,ColoredNoiseRamp,11,3,0.821895374893818,0.821895374893818,0.821895374893818,0.843719579098026,0,0,NaN,NaN,0,0,0,0,0
NUAA,W3,1,vibration_y,IntermittentRecordDropout,11,3,0.870606473382223,0.86075474689813,0.84743886864669,0.843719579098026,1,1,1,1,0,0,1,0,0
NUAA,W3,2,force_z,LinearBiasDrift,11,2,0.90556638320404,0.90556638320404,0.90556638320404,0.91574204814824,0,0,NaN,NaN,0,0,0,0,0
NUAA,W3,2,force_z,GainDrift,11,5,1.72209124008558,0.856980147486873,0.79379166240942,0.872395435297719,1,1,1,2,0,0,1,0,0
NUAA,W3,2,force_z,ColoredNoiseRamp,11,3,1.55843728353997,0.827294313906884,0.901717266363529,0.872533694517724,1,1,4,5,0,0,1,0,0
NUAA,W3,2,force_z,IntermittentRecordDropout,11,4,0.718183415171541,0.841499217560077,0.931520139973776,0.85695989898104,1,1,1,2,0,0,1,0,0
NUAA,W3,2,vibration_x,LinearBiasDrift,11,2,0.947847220685185,0.947847220685185,0.947847220685185,0.935001846872051,0,0,NaN,NaN,0,0,0,0,0
NUAA,W3,2,vibration_x,GainDrift,11,2,0.929411451252202,0.929411451252202,0.929411451252202,0.935001846872051,0,0,NaN,NaN,0,0,0,0,0
NUAA,W3,2,vibration_x,ColoredNoiseRamp,11,3,0.865100738867288,0.865100738867288,0.865100738867288,0.868982327043639,0,0,NaN,NaN,0,0,0,0,0
NUAA,W3,2,vibration_x,IntermittentRecordDropout,11,3,0.8834037306335,0.872078027194529,0.866997143286373,0.868982327043639,1,1,0,0,0,0,3,0,0
NUAA,W3,2,vibration_y,LinearBiasDrift,11,4,0.836465145973243,0.864475629345335,0.860486810209847,0.827539451409897,1,1,4,5,0,0,1,0,0
NUAA,W3,2,vibration_y,GainDrift,11,2,0.924975609518943,0.924975609518943,0.924975609518943,0.910947768497899,0,0,NaN,NaN,0,0,0,0,0
NUAA,W3,2,vibration_y,ColoredNoiseRamp,11,2,0.900586781703044,0.900586781703044,0.900586781703044,0.910947768497899,0,0,NaN,NaN,0,0,0,0,0
NUAA,W3,2,vibration_y,IntermittentRecordDropout,11,4,0.842815008342775,0.851426262187446,0.847475084670435,0.827539451409897,1,1,3,3,0,0,1,0,0
NUAA,W3,3,force_z,LinearBiasDrift,11,5,0.726492876589925,0.726492876589925,0.726492876589925,0.872395435297719,0,0,NaN,NaN,0,0,0,0,0
NUAA,W3,3,force_z,GainDrift,11,2,1.43855912377715,1.01346146383676,1.01346146383676,0.91574204814824,1,1,2,2,0,0,1,0,0
NUAA,W3,3,force_z,ColoredNoiseRamp,11,4,2.63667712258176,0.821190314433261,0.785688317589645,0.85695989898104,1,1,2,3,0,0,1,0,0
NUAA,W3,3,force_z,IntermittentRecordDropout,11,3,0.709499003223359,0.857029714631891,0.945477889375623,0.872533694517724,1,1,3,3,0,0,3,0,0
NUAA,W3,3,vibration_x,LinearBiasDrift,11,5,0.883901708700907,0.883901708700907,0.883901708700907,0.843545975383097,0,0,NaN,NaN,0,0,0,0,0
NUAA,W3,3,vibration_x,GainDrift,11,5,0.869375596989647,0.869375596989647,0.869375596989647,0.843545975383097,0,0,NaN,NaN,0,0,0,0,0
NUAA,W3,3,vibration_x,ColoredNoiseRamp,11,4,0.840325031913931,0.840325031913931,0.840325031913931,0.852959774194754,0,0,NaN,NaN,0,0,0,0,0
NUAA,W3,3,vibration_x,IntermittentRecordDropout,11,4,0.846588572827582,0.848401120921157,0.852959774194754,0.852959774194754,1,1,0,0,0,0,1,0,0
NUAA,W3,3,vibration_y,LinearBiasDrift,11,4,0.862844844515098,0.844528294222738,0.855259200317001,0.827539451409897,1,1,6,7,0,0,1,0,0
NUAA,W3,3,vibration_y,GainDrift,11,4,0.823243555644809,0.823243555644809,0.823243555644809,0.827539451409897,0,0,NaN,NaN,0,0,0,0,0
NUAA,W3,3,vibration_y,ColoredNoiseRamp,11,3,0.861190555779965,0.861190555779965,0.861190555779965,0.843719579098026,0,0,NaN,NaN,0,0,0,0,0
NUAA,W3,3,vibration_y,IntermittentRecordDropout,11,4,0.850004847044552,0.85010819647655,0.827539451409897,0.827539451409897,1,1,0,0,0,0,1,0,0
NUAA,W3,4,force_z,LinearBiasDrift,11,4,0.774435621405005,0.774435621405005,0.774435621405005,0.85695989898104,0,0,NaN,NaN,0,0,0,0,0
NUAA,W3,4,force_z,GainDrift,11,4,1.73851315365625,0.85695989898104,0.930591165135402,0.85695989898104,1,1,0,1,0,0,1,0,0
NUAA,W3,4,force_z,ColoredNoiseRamp,11,2,1.98529542902175,0.898186085527783,0.843151388118712,0.91574204814824,1,1,3,4,0,0,1,0,0
NUAA,W3,4,force_z,IntermittentRecordDropout,11,3,0.730255796167996,0.887508988744551,0.901576548732942,0.872533694517724,1,1,5,5,0,0,2,0,0
NUAA,W3,4,vibration_x,LinearBiasDrift,11,3,0.883883769752682,0.883883769752682,0.883883769752682,0.868982327043639,0,0,NaN,NaN,0,0,0,0,0
NUAA,W3,4,vibration_x,GainDrift,11,3,0.886249869811045,0.886249869811045,0.886249869811045,0.868982327043639,0,0,NaN,NaN,0,0,0,0,0
NUAA,W3,4,vibration_x,ColoredNoiseRamp,11,5,0.830773654172166,0.830773654172166,0.830773654172166,0.843545975383097,0,0,NaN,NaN,0,0,0,0,0
NUAA,W3,4,vibration_x,IntermittentRecordDropout,11,3,0.876614276998864,0.8682704714252,0.870034711122118,0.868982327043639,1,1,1,1,0,0,1,0,0
NUAA,W3,4,vibration_y,LinearBiasDrift,11,3,0.860555484810876,0.88219653814037,0.878871468937267,0.843719579098026,1,1,5,6,0,0,1,0,0
NUAA,W3,4,vibration_y,GainDrift,11,4,0.832088875426868,0.832088875426868,0.832088875426868,0.827539451409897,0,0,NaN,NaN,0,0,0,0,0
NUAA,W3,4,vibration_y,ColoredNoiseRamp,11,5,0.776075262984059,0.776075262984059,0.776075262984059,0.816884367492087,0,0,NaN,NaN,0,0,0,0,0
NUAA,W3,4,vibration_y,IntermittentRecordDropout,11,3,0.867394179674364,0.871523818749201,0.868727276017254,0.843719579098026,1,1,6,6,0,0,1,0,0
NUAA,W3,5,force_z,LinearBiasDrift,11,4,0.937520619986272,0.937520619986272,0.937520619986272,0.85695989898104,0,0,NaN,NaN,0,0,0,0,0
NUAA,W3,5,force_z,GainDrift,11,3,1.08531777933109,0.899105421987496,0.967296559430524,0.872533694517724,1,1,1,2,0,0,1,0,0
NUAA,W3,5,force_z,ColoredNoiseRamp,11,3,1.47176757892925,0.822529096298124,0.860910403541757,0.872533694517724,1,1,4,5,0,0,1,0,0
NUAA,W3,5,force_z,IntermittentRecordDropout,11,5,0.5667389311033,0.931717795688174,0.931717795688174,0.872395435297719,1,1,3,3,0,0,3,0,0
NUAA,W3,5,vibration_x,LinearBiasDrift,11,3,0.885952718358821,0.885952718358821,0.885952718358821,0.868982327043639,0,0,NaN,NaN,0,0,0,0,0
NUAA,W3,5,vibration_x,GainDrift,11,3,0.880715633238243,0.880715633238243,0.880715633238243,0.868982327043639,0,0,NaN,NaN,0,0,0,0,0
NUAA,W3,5,vibration_x,ColoredNoiseRamp,11,2,0.932195784356886,0.932195784356886,0.932195784356886,0.935001846872051,0,0,NaN,NaN,0,0,0,0,0
NUAA,W3,5,vibration_x,IntermittentRecordDropout,11,4,0.85914175228372,0.851966047032508,0.852959774194754,0.852959774194754,1,1,0,0,0,0,1,0,0
NUAA,W3,5,vibration_y,LinearBiasDrift,11,4,0.834416902957558,0.865367754659959,0.861023342905503,0.827539451409897,1,1,4,5,0,0,1,0,0
NUAA,W3,5,vibration_y,GainDrift,11,3,0.846736187781146,0.846736187781146,0.846736187781146,0.843719579098026,0,0,NaN,NaN,0,0,0,0,0
NUAA,W3,5,vibration_y,ColoredNoiseRamp,11,4,0.826813334980496,0.826813334980496,0.826813334980496,0.827539451409897,0,0,NaN,NaN,0,0,0,0,0
NUAA,W3,5,vibration_y,IntermittentRecordDropout,11,3,0.869227388186623,0.866377248279582,0.850264827296196,0.843719579098026,1,1,2,2,0,0,1,0,0
NUAA,W3,6,force_z,LinearBiasDrift,11,3,1.1078623649883,1.1078623649883,1.1078623649883,0.872533694517724,0,0,NaN,NaN,0,0,0,0,0
NUAA,W3,6,force_z,GainDrift,11,4,2.26654780317903,0.827862254281386,0.744577319823493,0.85695989898104,1,1,1,2,0,0,1,0,0
NUAA,W3,6,force_z,ColoredNoiseRamp,11,4,1.66375866282774,0.878836728418803,0.878836728418803,0.85695989898104,1,1,4,4,0,0,1,0,0
NUAA,W3,6,force_z,IntermittentRecordDropout,11,4,0.764034947564161,0.905010735934911,0.905010735934911,0.85695989898104,1,1,3,3,0,0,3,0,0
NUAA,W3,6,vibration_x,LinearBiasDrift,11,3,0.853204597875894,0.853204597875894,0.853204597875894,0.868982327043639,0,0,NaN,NaN,0,0,0,0,0
NUAA,W3,6,vibration_x,GainDrift,11,4,0.837287069992715,0.837287069992715,0.837287069992715,0.852959774194754,0,0,NaN,NaN,0,0,0,0,0
NUAA,W3,6,vibration_x,ColoredNoiseRamp,11,5,0.819165395163202,0.819165395163202,0.819165395163202,0.843545975383097,0,0,NaN,NaN,0,0,0,0,0
NUAA,W3,6,vibration_x,IntermittentRecordDropout,11,4,0.856864782255328,0.850868820891518,0.854047561795225,0.852959774194754,1,1,1,1,0,0,1,0,0
NUAA,W3,6,vibration_y,LinearBiasDrift,11,4,0.861023477414979,0.854529252629255,0.854529252629255,0.827539451409897,1,1,7,7,0,0,1,0,0
NUAA,W3,6,vibration_y,GainDrift,11,4,0.820128343563741,0.820128343563741,0.820128343563741,0.827539451409897,0,0,NaN,NaN,0,0,0,0,0
NUAA,W3,6,vibration_y,ColoredNoiseRamp,11,4,0.825825252937932,0.825825252937932,0.825825252937932,0.827539451409897,0,0,NaN,NaN,0,0,0,0,0
NUAA,W3,6,vibration_y,IntermittentRecordDropout,11,5,0.840647532382319,0.84062180156202,0.84062180156202,0.816884367492087,1,1,4,4,0,0,1,0,0
NUAA,W3,7,force_z,LinearBiasDrift,11,5,0.756975008547081,0.756975008547081,0.756975008547081,0.872395435297719,0,0,NaN,NaN,0,0,0,0,0
NUAA,W3,7,force_z,GainDrift,11,5,1.90954749959046,0.849756675839891,0.800891396773739,0.872395435297719,1,1,1,2,0,0,1,0,0
NUAA,W3,7,force_z,ColoredNoiseRamp,11,2,1.75921694485686,0.907746122634314,0.907746122634314,0.91574204814824,1,1,4,4,0,0,1,0,0
NUAA,W3,7,force_z,IntermittentRecordDropout,11,3,0.63441667999288,0.925959178084166,0.925959178084166,0.872533694517724,1,1,4,4,0,0,1,0,0
NUAA,W3,7,vibration_x,LinearBiasDrift,11,4,0.825423053177615,0.825423053177615,0.825423053177615,0.852959774194754,0,0,NaN,NaN,0,0,0,0,0
NUAA,W3,7,vibration_x,GainDrift,11,4,0.864629395280466,0.864629395280466,0.864629395280466,0.852959774194754,0,0,NaN,NaN,0,0,0,0,0
NUAA,W3,7,vibration_x,ColoredNoiseRamp,11,4,0.838597184746525,0.838597184746525,0.838597184746525,0.852959774194754,0,0,NaN,NaN,0,0,0,0,0
NUAA,W3,7,vibration_x,IntermittentRecordDropout,11,3,0.878414709362908,0.871102181188435,0.870034711122118,0.868982327043639,1,1,1,1,0,0,1,0,0
NUAA,W3,7,vibration_y,LinearBiasDrift,11,5,0.853307069822121,0.846567006632498,0.853307069822121,0.816884367492087,1,0,6,NaN,0,0,0,0,0
NUAA,W3,7,vibration_y,GainDrift,11,5,0.814403614222738,0.814403614222738,0.814403614222738,0.816884367492087,0,0,NaN,NaN,0,0,0,0,0
NUAA,W3,7,vibration_y,ColoredNoiseRamp,11,5,0.794400682856241,0.794400682856241,0.794400682856241,0.816884367492087,0,0,NaN,NaN,0,0,0,0,0
NUAA,W3,7,vibration_y,IntermittentRecordDropout,11,5,0.838336265318642,0.836034572954766,0.836034572954766,0.816884367492087,1,1,2,2,0,0,1,0,0
NUAA,W3,8,force_z,LinearBiasDrift,11,5,0.735223520643267,0.735223520643267,0.735223520643267,0.872395435297719,0,0,NaN,NaN,0,0,0,0,0
NUAA,W3,8,force_z,GainDrift,11,3,1.10105028318589,0.899463033017815,0.96833170886407,0.872533694517724,1,1,1,2,0,0,1,0,0
NUAA,W3,8,force_z,ColoredNoiseRamp,11,3,1.71204845420263,0.852726357137063,0.816074548927813,0.872533694517724,1,1,3,4,0,0,1,0,0
NUAA,W3,8,force_z,IntermittentRecordDropout,11,4,0.824536744521182,0.855249337675306,0.855249337675306,0.85695989898104,1,1,0,0,0,0,4,0,0
NUAA,W3,8,vibration_x,LinearBiasDrift,11,3,0.889056999140718,0.889056999140718,0.889056999140718,0.868982327043639,0,0,NaN,NaN,0,0,0,0,0
NUAA,W3,8,vibration_x,GainDrift,11,4,0.836840072214386,0.836840072214386,0.836840072214386,0.852959774194754,0,0,NaN,NaN,0,0,0,0,0
NUAA,W3,8,vibration_x,ColoredNoiseRamp,11,4,0.840265125520882,0.840265125520882,0.840265125520882,0.852959774194754,0,0,NaN,NaN,0,0,0,0,0
NUAA,W3,8,vibration_x,IntermittentRecordDropout,11,3,0.878441305142382,0.874631006337114,0.87684543406935,0.868982327043639,1,1,5,5,0,0,1,0,0
NUAA,W3,8,vibration_y,LinearBiasDrift,11,2,0.937789016582491,0.937789016582491,0.937789016582491,0.910947768497899,0,0,NaN,NaN,0,0,0,0,0
NUAA,W3,8,vibration_y,GainDrift,11,3,0.856817101127059,0.856817101127059,0.856817101127059,0.843719579098026,0,0,NaN,NaN,0,0,0,0,0
NUAA,W3,8,vibration_y,ColoredNoiseRamp,11,2,0.912394628544522,0.912394628544522,0.912394628544522,0.910947768497899,0,0,NaN,NaN,0,0,0,0,0
NUAA,W3,8,vibration_y,IntermittentRecordDropout,11,3,0.87244321952347,0.853301054177261,0.84743886864669,0.843719579098026,1,1,1,1,0,0,1,0,0
NUAA,W3,9,force_z,LinearBiasDrift,11,3,0.987894329767535,0.987894329767535,0.987894329767535,0.872533694517724,0,0,NaN,NaN,0,0,0,0,0
NUAA,W3,9,force_z,GainDrift,11,3,1.18865075444799,0.901454254191099,0.901454254191099,0.872533694517724,1,1,1,1,0,0,1,0,0
NUAA,W3,9,force_z,ColoredNoiseRamp,11,4,1.63584675487477,0.870949680052464,0.870949680052464,0.85695989898104,1,1,4,4,0,0,1,0,0
NUAA,W3,9,force_z,IntermittentRecordDropout,11,3,0.758001014827611,0.887508988744551,0.901576548732942,0.872533694517724,1,1,5,5,0,0,2,0,0
NUAA,W3,9,vibration_x,LinearBiasDrift,11,4,0.871863665404755,0.871863665404755,0.871863665404755,0.852959774194754,0,0,NaN,NaN,0,0,0,0,0
NUAA,W3,9,vibration_x,GainDrift,11,3,0.861447177465668,0.861447177465668,0.861447177465668,0.868982327043639,0,0,NaN,NaN,0,0,0,0,0
NUAA,W3,9,vibration_x,ColoredNoiseRamp,11,5,0.811626685909468,0.811626685909468,0.811626685909468,0.843545975383097,0,0,NaN,NaN,0,0,0,0,0
NUAA,W3,9,vibration_x,IntermittentRecordDropout,11,4,0.863529906778908,0.856242192782076,0.854047561795225,0.852959774194754,1,1,1,1,0,0,1,0,0
NUAA,W3,9,vibration_y,LinearBiasDrift,11,4,0.854687872482238,0.854687872482238,0.854687872482238,0.827539451409897,0,0,NaN,NaN,0,0,0,0,0
NUAA,W3,9,vibration_y,GainDrift,11,5,0.80530411453118,0.80530411453118,0.80530411453118,0.816884367492087,0,0,NaN,NaN,0,0,0,0,0
NUAA,W3,9,vibration_y,ColoredNoiseRamp,11,4,0.797480485503386,0.797480485503386,0.797480485503386,0.827539451409897,0,0,NaN,NaN,0,0,0,0,0
NUAA,W3,9,vibration_y,IntermittentRecordDropout,11,4,0.852106481957209,0.848875596671765,0.839112103867946,0.827539451409897,1,1,2,2,0,0,1,0,0
NUAA,W3,10,force_z,LinearBiasDrift,11,2,1.02074741317354,1.02074741317354,1.02074741317354,0.91574204814824,0,0,NaN,NaN,0,0,0,0,0
NUAA,W3,10,force_z,GainDrift,11,5,1.87396376089726,0.977518435690978,0.977518435690978,0.872395435297719,1,1,1,1,0,0,1,0,0
NUAA,W3,10,force_z,ColoredNoiseRamp,11,5,1.78860054580119,0.903923625505871,0.903923625505871,0.872395435297719,1,1,3,3,0,0,1,0,0
NUAA,W3,10,force_z,IntermittentRecordDropout,11,3,0.852342759159764,0.895012748680173,0.895012748680173,0.872533694517724,1,1,4,4,0,0,3,0,0
NUAA,W3,10,vibration_x,LinearBiasDrift,11,4,0.82910233007818,0.82910233007818,0.82910233007818,0.852959774194754,0,0,NaN,NaN,0,0,0,0,0
NUAA,W3,10,vibration_x,GainDrift,11,2,0.92895872561084,0.92895872561084,0.92895872561084,0.935001846872051,0,0,NaN,NaN,0,0,0,0,0
NUAA,W3,10,vibration_x,ColoredNoiseRamp,11,2,0.933749192663648,0.933749192663648,0.933749192663648,0.935001846872051,0,0,NaN,NaN,0,0,0,0,0
NUAA,W3,10,vibration_x,IntermittentRecordDropout,11,3,0.881111254113871,0.872952416533071,0.871001633433648,0.868982327043639,1,1,2,2,0,0,1,0,0
NUAA,W3,10,vibration_y,LinearBiasDrift,11,3,0.872432571824997,0.872432571824997,0.872432571824997,0.843719579098026,0,0,NaN,NaN,0,0,0,0,0
NUAA,W3,10,vibration_y,GainDrift,11,4,0.834327562086697,0.834327562086697,0.834327562086697,0.827539451409897,0,0,NaN,NaN,0,0,0,0,0
NUAA,W3,10,vibration_y,ColoredNoiseRamp,11,3,0.85611230160291,0.85611230160291,0.85611230160291,0.843719579098026,0,0,NaN,NaN,0,0,0,0,0
NUAA,W3,10,vibration_y,IntermittentRecordDropout,11,2,0.937072482720767,0.927700272915571,0.910947768497899,0.910947768497899,1,1,0,0,0,0,1,0,0
NUAA,W3,11,force_z,LinearBiasDrift,11,4,1.20575359102768,1.20575359102768,1.20575359102768,0.85695989898104,0,0,NaN,NaN,0,0,0,0,0
NUAA,W3,11,force_z,GainDrift,11,3,1.047144625427,0.898237718980768,0.964784885573319,0.872533694517724,1,1,1,2,0,0,1,0,0
NUAA,W3,11,force_z,ColoredNoiseRamp,11,3,1.13057628782603,1.06454067216832,1.13057628782603,0.872533694517724,1,0,8,NaN,0,0,0,0,0
NUAA,W3,11,force_z,IntermittentRecordDropout,11,2,0.898552644406525,0.983652009631025,1.0028125452209,0.91574204814824,1,1,2,2,0,0,5,0,0
NUAA,W3,11,vibration_x,LinearBiasDrift,11,3,0.882718331639036,0.882718331639036,0.882718331639036,0.868982327043639,0,0,NaN,NaN,0,0,0,0,0
NUAA,W3,11,vibration_x,GainDrift,11,4,0.842671612232502,0.842671612232502,0.842671612232502,0.852959774194754,0,0,NaN,NaN,0,0,0,0,0
NUAA,W3,11,vibration_x,ColoredNoiseRamp,11,3,0.869434945545931,0.869434945545931,0.869434945545931,0.868982327043639,0,0,NaN,NaN,0,0,0,0,0
NUAA,W3,11,vibration_x,IntermittentRecordDropout,11,3,0.864585990871457,0.866949497190451,0.873164811930851,0.868982327043639,1,1,3,3,0,0,1,0,0
NUAA,W3,11,vibration_y,LinearBiasDrift,11,4,0.856992622615073,0.856992622615073,0.856992622615073,0.827539451409897,0,0,NaN,NaN,0,0,0,0,0
NUAA,W3,11,vibration_y,GainDrift,11,5,0.875673222082644,0.875673222082644,0.875673222082644,0.816884367492087,0,0,NaN,NaN,0,0,0,0,0
NUAA,W3,11,vibration_y,ColoredNoiseRamp,11,4,0.797535505664319,0.797535505664319,0.797535505664319,0.827539451409897,0,0,NaN,NaN,0,0,0,0,0
NUAA,W3,11,vibration_y,IntermittentRecordDropout,11,4,0.852280609169489,0.839904268707841,0.827539451409897,0.827539451409897,1,1,0,0,0,0,1,0,0
NUAA,W3,12,force_z,LinearBiasDrift,11,4,0.778055734327211,0.778055734327211,0.778055734327211,0.85695989898104,0,0,NaN,NaN,0,0,0,0,0
NUAA,W3,12,force_z,GainDrift,11,4,2.34745379139142,0.825253809025183,0.73656938338817,0.85695989898104,1,1,1,2,0,0,1,0,0
NUAA,W3,12,force_z,ColoredNoiseRamp,11,2,2.41902548842415,0.895162002553217,0.895162002553217,0.91574204814824,1,1,3,3,0,0,1,0,0
NUAA,W3,12,force_z,IntermittentRecordDropout,11,3,0.709653445628983,0.909180175410923,0.923247735399314,0.872533694517724,1,1,3,3,0,0,3,0,0
NUAA,W3,12,vibration_x,LinearBiasDrift,11,3,0.889079836954318,0.889079836954318,0.889079836954318,0.868982327043639,0,0,NaN,NaN,0,0,0,0,0
NUAA,W3,12,vibration_x,GainDrift,11,3,0.878278061896726,0.878278061896726,0.878278061896726,0.868982327043639,0,0,NaN,NaN,0,0,0,0,0
NUAA,W3,12,vibration_x,ColoredNoiseRamp,11,3,0.860336934616251,0.860336934616251,0.860336934616251,0.868982327043639,0,0,NaN,NaN,0,0,0,0,0
NUAA,W3,12,vibration_x,IntermittentRecordDropout,11,3,0.8812652621572,0.874608786758103,0.873164811930851,0.868982327043639,1,1,3,3,0,0,1,0,0
NUAA,W3,12,vibration_y,LinearBiasDrift,11,3,0.871197089065621,0.871197089065621,0.871197089065621,0.843719579098026,0,0,NaN,NaN,0,0,0,0,0
NUAA,W3,12,vibration_y,GainDrift,11,2,0.952652634956539,0.952652634956539,0.952652634956539,0.910947768497899,0,0,NaN,NaN,0,0,0,0,0
NUAA,W3,12,vibration_y,ColoredNoiseRamp,11,4,0.83845717987849,0.83845717987849,0.83845717987849,0.827539451409897,0,0,NaN,NaN,0,0,0,0,0
NUAA,W3,12,vibration_y,IntermittentRecordDropout,11,3,0.868461458426884,0.86125577600548,0.850264827296196,0.843719579098026,1,1,2,2,0,0,1,0,0
NUAA,W3,13,force_z,LinearBiasDrift,11,4,1.01723279076299,1.01723279076299,1.01723279076299,0.85695989898104,0,0,NaN,NaN,0,0,0,0,0
NUAA,W3,13,force_z,GainDrift,11,3,2.00140818206333,0.777662546919956,0.777662546919956,0.872533694517724,1,1,2,2,0,0,1,0,0
NUAA,W3,13,force_z,ColoredNoiseRamp,11,4,2.04102536564002,0.821655070670216,0.922301776036579,0.85695989898104,1,1,3,4,0,0,1,0,0
NUAA,W3,13,force_z,IntermittentRecordDropout,11,4,0.74064468857835,0.863286865047321,0.879112870034262,0.85695989898104,1,1,1,1,0,0,3,0,0
NUAA,W3,13,vibration_x,LinearBiasDrift,11,4,0.835711129781177,0.835711129781177,0.835711129781177,0.852959774194754,0,0,NaN,NaN,0,0,0,0,0
NUAA,W3,13,vibration_x,GainDrift,11,3,0.857568752141802,0.857568752141802,0.857568752141802,0.868982327043639,0,0,NaN,NaN,0,0,0,0,0
NUAA,W3,13,vibration_x,ColoredNoiseRamp,11,4,0.829568597809065,0.829568597809065,0.829568597809065,0.852959774194754,0,0,NaN,NaN,0,0,0,0,0
NUAA,W3,13,vibration_x,IntermittentRecordDropout,11,4,0.852032910531724,0.852663173982841,0.852959774194754,0.852959774194754,1,1,0,0,0,0,1,0,0
NUAA,W3,13,vibration_y,LinearBiasDrift,11,4,0.842252044112239,0.858838099493117,0.852726005158611,0.827539451409897,1,1,5,6,0,0,1,0,0
NUAA,W3,13,vibration_y,GainDrift,11,3,0.895670948657963,0.895670948657963,0.895670948657963,0.843719579098026,0,0,NaN,NaN,0,0,0,0,0
NUAA,W3,13,vibration_y,ColoredNoiseRamp,11,2,0.911563093748969,0.911563093748969,0.911563093748969,0.910947768497899,0,0,NaN,NaN,0,0,0,0,0
NUAA,W3,13,vibration_y,IntermittentRecordDropout,11,4,0.856934034704872,0.848040061553329,0.830718654890592,0.827539451409897,1,1,1,1,0,0,1,0,0
NUAA,W3,14,force_z,LinearBiasDrift,11,5,0.760389675190917,0.760389675190917,0.760389675190917,0.872395435297719,0,0,NaN,NaN,0,0,0,0,0
NUAA,W3,14,force_z,GainDrift,11,5,2.14265425295887,0.840774100234656,0.840774100234656,0.872395435297719,1,1,1,1,0,0,1,0,0
NUAA,W3,14,force_z,ColoredNoiseRamp,11,3,1.80336070610038,0.843826107621974,0.843826107621974,0.872533694517724,1,1,3,3,0,0,1,0,0
NUAA,W3,14,force_z,IntermittentRecordDropout,11,5,0.843068314391342,0.843068314391342,0.843068314391342,0.872395435297719,0,0,NaN,NaN,0,0,0,0,0
NUAA,W3,14,vibration_x,LinearBiasDrift,11,4,0.831215419787878,0.831215419787878,0.831215419787878,0.852959774194754,0,0,NaN,NaN,0,0,0,0,0
NUAA,W3,14,vibration_x,GainDrift,11,4,0.840560148985816,0.840560148985816,0.840560148985816,0.852959774194754,0,0,NaN,NaN,0,0,0,0,0
NUAA,W3,14,vibration_x,ColoredNoiseRamp,11,4,0.849346165338417,0.849346165338417,0.849346165338417,0.852959774194754,0,0,NaN,NaN,0,0,0,0,0
NUAA,W3,14,vibration_x,IntermittentRecordDropout,11,4,0.860556379900176,0.853199107991455,0.85867576859143,0.852959774194754,1,1,3,3,0,0,1,0,0
NUAA,W3,14,vibration_y,LinearBiasDrift,11,2,0.940109284458813,0.919270884511239,0.9212341609512,0.910947768497899,1,1,6,7,0,0,1,0,0
NUAA,W3,14,vibration_y,GainDrift,11,4,0.827513923204635,0.827513923204635,0.827513923204635,0.827539451409897,0,0,NaN,NaN,0,0,0,0,0
NUAA,W3,14,vibration_y,ColoredNoiseRamp,11,3,0.854707004355456,0.854707004355456,0.854707004355456,0.843719579098026,0,0,NaN,NaN,0,0,0,0,0
NUAA,W3,14,vibration_y,IntermittentRecordDropout,11,3,0.873341327369842,0.857573857234173,0.84743886864669,0.843719579098026,1,1,1,1,0,0,1,0,0
NUAA,W3,15,force_z,LinearBiasDrift,11,4,1.05510394457766,1.05510394457766,1.05510394457766,0.85695989898104,0,0,NaN,NaN,0,0,0,0,0
NUAA,W3,15,force_z,GainDrift,11,3,1.68952891979024,0.805593782859755,0.736925341515871,0.872533694517724,1,1,2,3,0,0,1,0,0
NUAA,W3,15,force_z,ColoredNoiseRamp,11,3,2.24585800607395,0.815691459428065,0.815691459428065,0.872533694517724,1,1,3,3,0,0,1,0,0
NUAA,W3,15,force_z,IntermittentRecordDropout,11,4,0.625467669008758,0.910409958180432,0.926235963167373,0.85695989898104,1,1,4,4,0,0,1,0,0
NUAA,W3,15,vibration_x,LinearBiasDrift,11,5,0.865052956029885,0.865052956029885,0.865052956029885,0.843545975383097,0,0,NaN,NaN,0,0,0,0,0
NUAA,W3,15,vibration_x,GainDrift,11,4,0.8338863642635,0.8338863642635,0.8338863642635,0.852959774194754,0,0,NaN,NaN,0,0,0,0,0
NUAA,W3,15,vibration_x,ColoredNoiseRamp,11,5,0.834617386844674,0.834617386844674,0.834617386844674,0.843545975383097,0,0,NaN,NaN,0,0,0,0,0
NUAA,W3,15,vibration_x,IntermittentRecordDropout,11,4,0.854133705687199,0.849571560937427,0.854047561795225,0.852959774194754,1,1,1,1,0,0,1,0,0
NUAA,W3,15,vibration_y,LinearBiasDrift,11,4,0.841571685165695,0.859044979643963,0.852678747925954,0.827539451409897,1,1,5,6,0,0,1,0,0
NUAA,W3,15,vibration_y,GainDrift,11,4,0.875444264520515,0.875444264520515,0.875444264520515,0.827539451409897,0,0,NaN,NaN,0,0,0,0,0
NUAA,W3,15,vibration_y,ColoredNoiseRamp,11,3,0.859099113159637,0.859099113159637,0.859099113159637,0.843719579098026,0,0,NaN,NaN,0,0,0,0,0
NUAA,W3,15,vibration_y,IntermittentRecordDropout,11,3,0.863670855971374,0.855615327243069,0.84743886864669,0.843719579098026,1,1,1,1,0,0,1,0,0
NUAA,W3,16,force_z,LinearBiasDrift,11,4,0.990980590617582,0.990980590617582,0.990980590617582,0.85695989898104,0,0,NaN,NaN,0,0,0,0,0
NUAA,W3,16,force_z,GainDrift,11,3,1.06306724769684,0.898599651538221,0.965832544202569,0.872533694517724,1,1,1,2,0,0,1,0,0
NUAA,W3,16,force_z,ColoredNoiseRamp,11,5,1.04764295246214,1.04764295246214,1.04764295246214,0.872395435297719,0,0,NaN,NaN,0,0,0,0,0
NUAA,W3,16,force_z,IntermittentRecordDropout,11,4,0.580596794337536,0.915874799527057,0.915874799527057,0.85695989898104,1,1,3,3,0,0,1,0,0
NUAA,W3,16,vibration_x,LinearBiasDrift,11,5,0.825834622066069,0.825834622066069,0.825834622066069,0.843545975383097,0,0,NaN,NaN,0,0,0,0,0
NUAA,W3,16,vibration_x,GainDrift,11,2,0.932330141074801,0.932330141074801,0.932330141074801,0.935001846872051,0,0,NaN,NaN,0,0,0,0,0
NUAA,W3,16,vibration_x,ColoredNoiseRamp,11,3,0.863970837171188,0.863970837171188,0.863970837171188,0.868982327043639,0,0,NaN,NaN,0,0,0,0,0
NUAA,W3,16,vibration_x,IntermittentRecordDropout,11,5,0.861788827857777,0.851059433343285,0.851059433343285,0.843545975383097,1,1,3,3,0,0,1,0,0
NUAA,W3,16,vibration_y,LinearBiasDrift,11,3,0.873883947927952,0.868364503186351,0.873883947927952,0.843719579098026,1,0,8,NaN,0,0,0,0,0
NUAA,W3,16,vibration_y,GainDrift,11,4,0.836900351476698,0.836900351476698,0.836900351476698,0.827539451409897,0,0,NaN,NaN,0,0,0,0,0
NUAA,W3,16,vibration_y,ColoredNoiseRamp,11,3,0.857061086248739,0.857061086248739,0.857061086248739,0.843719579098026,0,0,NaN,NaN,0,0,0,0,0
NUAA,W3,16,vibration_y,IntermittentRecordDropout,11,2,0.93584732428639,0.924172930073101,0.910947768497899,0.910947768497899,1,1,0,0,0,0,1,0,0
NUAA,W3,17,force_z,LinearBiasDrift,11,4,0.952929449840518,0.952929449840518,0.952929449840518,0.85695989898104,0,0,NaN,NaN,0,0,0,0,0
NUAA,W3,17,force_z,GainDrift,11,4,1.58265183054675,0.85695989898104,0.926396489916131,0.85695989898104,1,1,0,1,0,0,1,0,0
NUAA,W3,17,force_z,ColoredNoiseRamp,11,5,1.41001270721773,0.960334083911944,0.960334083911944,0.872395435297719,1,1,4,4,0,0,1,0,0
NUAA,W3,17,force_z,IntermittentRecordDropout,11,2,0.817313820407456,0.939708870422306,0.969942167750659,0.91574204814824,1,1,2,2,0,0,3,0,0
NUAA,W3,17,vibration_x,LinearBiasDrift,11,2,0.923276807892915,0.923276807892915,0.923276807892915,0.935001846872051,0,0,NaN,NaN,0,0,0,0,0
NUAA,W3,17,vibration_x,GainDrift,11,4,0.84014553384197,0.84014553384197,0.84014553384197,0.852959774194754,0,0,NaN,NaN,0,0,0,0,0
NUAA,W3,17,vibration_x,ColoredNoiseRamp,11,4,0.840192968831735,0.840192968831735,0.840192968831735,0.852959774194754,0,0,NaN,NaN,0,0,0,0,0
NUAA,W3,17,vibration_x,IntermittentRecordDropout,11,2,0.939247775814848,0.937237619506869,0.937474899676399,0.935001846872051,1,1,2,2,0,0,1,0,0
NUAA,W3,17,vibration_y,LinearBiasDrift,11,2,0.936365502395808,0.936365502395808,0.936365502395808,0.910947768497899,0,0,NaN,NaN,0,0,0,0,0
NUAA,W3,17,vibration_y,GainDrift,11,3,0.887083180243493,0.887083180243493,0.887083180243493,0.843719579098026,0,0,NaN,NaN,0,0,0,0,0
NUAA,W3,17,vibration_y,ColoredNoiseRamp,11,2,0.91281788525312,0.91281788525312,0.91281788525312,0.910947768497899,0,0,NaN,NaN,0,0,0,0,0
NUAA,W3,17,vibration_y,IntermittentRecordDropout,11,2,0.937044090538061,0.927674548841727,0.917138641448514,0.910947768497899,1,1,2,2,0,0,1,0,0
NUAA,W3,18,force_z,LinearBiasDrift,11,4,0.94242214911762,0.94242214911762,0.94242214911762,0.85695989898104,0,0,NaN,NaN,0,0,0,0,0
NUAA,W3,18,force_z,GainDrift,11,3,1.44764750892552,0.90734143509204,0.90734143509204,0.872533694517724,1,1,1,1,0,0,1,0,0
NUAA,W3,18,force_z,ColoredNoiseRamp,11,4,2.39064000998648,0.82644021907177,0.82644021907177,0.85695989898104,1,1,3,3,0,0,1,0,0
NUAA,W3,18,force_z,IntermittentRecordDropout,11,3,0.703586727305291,0.904669694095414,0.904669694095414,0.872533694517724,1,1,4,4,0,0,3,0,0
NUAA,W3,18,vibration_x,LinearBiasDrift,11,3,0.86096760263324,0.86096760263324,0.86096760263324,0.868982327043639,0,0,NaN,NaN,0,0,0,0,0
NUAA,W3,18,vibration_x,GainDrift,11,5,0.81507413170868,0.81507413170868,0.81507413170868,0.843545975383097,0,0,NaN,NaN,0,0,0,0,0
NUAA,W3,18,vibration_x,ColoredNoiseRamp,11,5,0.822888726901303,0.822888726901303,0.822888726901303,0.843545975383097,0,0,NaN,NaN,0,0,0,0,0
NUAA,W3,18,vibration_x,IntermittentRecordDropout,11,3,0.874780854688622,0.871691427101993,0.871691427101993,0.868982327043639,1,1,8,8,0,0,1,0,0
NUAA,W3,18,vibration_y,LinearBiasDrift,11,4,0.850935348266993,0.850935348266993,0.850935348266993,0.827539451409897,0,0,NaN,NaN,0,0,0,0,0
NUAA,W3,18,vibration_y,GainDrift,11,3,0.852150053290727,0.852150053290727,0.852150053290727,0.843719579098026,0,0,NaN,NaN,0,0,0,0,0
NUAA,W3,18,vibration_y,ColoredNoiseRamp,11,2,0.933960127894327,0.933960127894327,0.933960127894327,0.910947768497899,0,0,NaN,NaN,0,0,0,0,0
NUAA,W3,18,vibration_y,IntermittentRecordDropout,11,5,0.842239905613196,0.831949364951983,0.816884367492087,0.816884367492087,1,1,0,0,0,0,1,0,0
NUAA,W3,19,force_z,LinearBiasDrift,11,3,0.81772318668308,0.81772318668308,0.81772318668308,0.872533694517724,0,0,NaN,NaN,0,0,0,0,0
NUAA,W3,19,force_z,GainDrift,11,4,2.08178289876431,0.833819157461016,0.762865034277305,0.85695989898104,1,1,1,2,0,0,1,0,0
NUAA,W3,19,force_z,ColoredNoiseRamp,11,4,2.62868233552471,0.816195873561399,0.816195873561399,0.85695989898104,1,1,2,2,0,0,1,0,0
NUAA,W3,19,force_z,IntermittentRecordDropout,11,3,0.800649529268001,0.848515974166189,0.835020264902032,0.872533694517724,1,1,1,1,0,0,5,0,0
NUAA,W3,19,vibration_x,LinearBiasDrift,11,4,0.828142215451407,0.828142215451407,0.828142215451407,0.852959774194754,0,0,NaN,NaN,0,0,0,0,0
NUAA,W3,19,vibration_x,GainDrift,11,3,0.858754187496881,0.858754187496881,0.858754187496881,0.868982327043639,0,0,NaN,NaN,0,0,0,0,0
NUAA,W3,19,vibration_x,ColoredNoiseRamp,11,3,0.863291803445836,0.863291803445836,0.863291803445836,0.868982327043639,0,0,NaN,NaN,0,0,0,0,0
NUAA,W3,19,vibration_x,IntermittentRecordDropout,11,3,0.878446062229764,0.873529135612955,0.871001633433648,0.868982327043639,1,1,2,2,0,0,1,0,0
NUAA,W3,19,vibration_y,LinearBiasDrift,11,4,0.869690075040128,0.837380702693502,0.840586952981226,0.827539451409897,1,1,4,5,0,0,1,0,0
NUAA,W3,19,vibration_y,GainDrift,11,4,0.890756434375337,0.890756434375337,0.890756434375337,0.827539451409897,0,0,NaN,NaN,0,0,0,0,0
NUAA,W3,19,vibration_y,ColoredNoiseRamp,11,3,0.843927221934359,0.843927221934359,0.843927221934359,0.843719579098026,0,0,NaN,NaN,0,0,0,0,0
NUAA,W3,19,vibration_y,IntermittentRecordDropout,11,3,0.869083586568929,0.870296518104549,0.84743886864669,0.843719579098026,1,1,1,1,0,0,1,0,0
NUAA,W3,20,force_z,LinearBiasDrift,11,5,0.728074597886337,0.728074597886337,0.728074597886337,0.872395435297719,0,0,NaN,NaN,0,0,0,0,0
NUAA,W3,20,force_z,GainDrift,11,3,2.03876413883649,0.774351269835252,0.774351269835252,0.872533694517724,1,1,2,2,0,0,1,0,0
NUAA,W3,20,force_z,ColoredNoiseRamp,11,3,1.63054815061438,0.805901956177368,0.897802439016731,0.872533694517724,1,1,4,5,0,0,1,0,0
NUAA,W3,20,force_z,IntermittentRecordDropout,11,4,0.842350762379543,0.881060066447565,0.881060066447565,0.85695989898104,1,1,3,3,0,0,3,0,0
NUAA,W3,20,vibration_x,LinearBiasDrift,11,3,0.859209134113685,0.859209134113685,0.859209134113685,0.868982327043639,0,0,NaN,NaN,0,0,0,0,0
NUAA,W3,20,vibration_x,GainDrift,11,3,0.85876901264764,0.85876901264764,0.85876901264764,0.868982327043639,0,0,NaN,NaN,0,0,0,0,0
NUAA,W3,20,vibration_x,ColoredNoiseRamp,11,4,0.844797136478267,0.844797136478267,0.844797136478267,0.852959774194754,0,0,NaN,NaN,0,0,0,0,0
NUAA,W3,20,vibration_x,IntermittentRecordDropout,11,2,0.935271781524644,0.934316232950692,0.936527754005768,0.935001846872051,1,1,1,1,0,0,1,0,0
NUAA,W3,20,vibration_y,LinearBiasDrift,11,4,0.829533767706542,0.856009247631447,0.867408517803622,0.827539451409897,1,1,3,4,0,0,1,0,0
NUAA,W3,20,vibration_y,GainDrift,11,5,0.811703387005753,0.811703387005753,0.811703387005753,0.816884367492087,0,0,NaN,NaN,0,0,0,0,0
NUAA,W3,20,vibration_y,ColoredNoiseRamp,11,4,0.817969054547039,0.817969054547039,0.817969054547039,0.827539451409897,0,0,NaN,NaN,0,0,0,0,0
NUAA,W3,20,vibration_y,IntermittentRecordDropout,11,4,0.849290515156147,0.853287399957244,0.853287399957244,0.827539451409897,1,1,4,4,0,0,1,0,0
NUAA,W3,21,force_z,LinearBiasDrift,11,4,0.770418947448183,0.770418947448183,0.770418947448183,0.85695989898104,0,0,NaN,NaN,0,0,0,0,0
NUAA,W3,21,force_z,GainDrift,11,5,0.82102662919366,0.939847604265416,1.0364120715638,0.872395435297719,1,1,1,2,0,0,1,0,0
NUAA,W3,21,force_z,ColoredNoiseRamp,11,2,2.39177801388056,0.893260180503531,0.893260180503531,0.91574204814824,1,1,3,3,0,0,1,0,0
NUAA,W3,21,force_z,IntermittentRecordDropout,11,3,0.73085960105213,0.918448426736629,0.914037812163478,0.872533694517724,1,1,3,3,0,0,1,0,0
NUAA,W3,21,vibration_x,LinearBiasDrift,11,3,0.884903883293771,0.884903883293771,0.884903883293771,0.868982327043639,0,0,NaN,NaN,0,0,0,0,0
NUAA,W3,21,vibration_x,GainDrift,11,3,0.886271757988838,0.886271757988838,0.886271757988838,0.868982327043639,0,0,NaN,NaN,0,0,0,0,0
NUAA,W3,21,vibration_x,ColoredNoiseRamp,11,4,0.850284851167817,0.850284851167817,0.850284851167817,0.852959774194754,0,0,NaN,NaN,0,0,0,0,0
NUAA,W3,21,vibration_x,IntermittentRecordDropout,11,3,0.873346690533843,0.869949061229243,0.868881591162927,0.868982327043639,1,1,1,1,0,0,3,0,0
NUAA,W3,21,vibration_y,LinearBiasDrift,11,3,0.862837766346596,0.877726118075141,0.872113707239152,0.843719579098026,1,1,6,7,0,0,1,0,0
NUAA,W3,21,vibration_y,GainDrift,11,2,0.952518482017798,0.952518482017798,0.952518482017798,0.910947768497899,0,0,NaN,NaN,0,0,0,0,0
NUAA,W3,21,vibration_y,ColoredNoiseRamp,11,3,0.85473277228063,0.85473277228063,0.85473277228063,0.843719579098026,0,0,NaN,NaN,0,0,0,0,0
NUAA,W3,21,vibration_y,IntermittentRecordDropout,11,4,0.853588354996459,0.843866115623619,0.847475084670435,0.827539451409897,1,1,3,3,0,0,1,0,0
NUAA,W3,22,force_z,LinearBiasDrift,11,4,0.775810590500781,0.775810590500781,0.775810590500781,0.85695989898104,0,0,NaN,NaN,0,0,0,0,0
NUAA,W3,22,force_z,GainDrift,11,5,1.98680819739219,0.846779498862867,0.803817575033367,0.872395435297719,1,1,1,2,0,0,1,0,0
NUAA,W3,22,force_z,ColoredNoiseRamp,11,4,2.59547854449247,0.857237981987709,0.837990334628015,0.85695989898104,1,1,2,3,0,0,1,0,0
NUAA,W3,22,force_z,IntermittentRecordDropout,11,5,0.614178069337963,0.898674811822871,0.898674811822871,0.872395435297719,1,1,4,4,0,0,1,0,0
NUAA,W3,22,vibration_x,LinearBiasDrift,11,3,0.843214003798618,0.843214003798618,0.843214003798618,0.868982327043639,0,0,NaN,NaN,0,0,0,0,0
NUAA,W3,22,vibration_x,GainDrift,11,3,0.860146509230514,0.860146509230514,0.860146509230514,0.868982327043639,0,0,NaN,NaN,0,0,0,0,0
NUAA,W3,22,vibration_x,ColoredNoiseRamp,11,5,0.831548314008665,0.831548314008665,0.831548314008665,0.843545975383097,0,0,NaN,NaN,0,0,0,0,0
NUAA,W3,22,vibration_x,IntermittentRecordDropout,11,5,0.849878779585469,0.845988233208743,0.848835354578759,0.843545975383097,1,1,2,2,0,0,1,0,0
NUAA,W3,22,vibration_y,LinearBiasDrift,11,4,0.838958672700793,0.863384041310888,0.859804440853742,0.827539451409897,1,1,4,5,0,0,1,0,0
NUAA,W3,22,vibration_y,GainDrift,11,3,0.856818049942184,0.856818049942184,0.856818049942184,0.843719579098026,0,0,NaN,NaN,0,0,0,0,0
NUAA,W3,22,vibration_y,ColoredNoiseRamp,11,4,0.844006462504768,0.844006462504768,0.844006462504768,0.827539451409897,0,0,NaN,NaN,0,0,0,0,0
NUAA,W3,22,vibration_y,IntermittentRecordDropout,11,3,0.868490458169211,0.861266432481829,0.850264827296196,0.843719579098026,1,1,2,2,0,0,1,0,0
NUAA,W3,23,force_z,LinearBiasDrift,11,3,0.819006513253271,0.819006513253271,0.819006513253271,0.872533694517724,0,0,NaN,NaN,0,0,0,0,0
NUAA,W3,23,force_z,GainDrift,11,3,1.9485764060357,0.91872790609916,0.91872790609916,0.872533694517724,1,1,1,1,0,0,1,0,0
NUAA,W3,23,force_z,ColoredNoiseRamp,11,4,1.25657210556769,0.94919305635644,1.04441095051557,0.85695989898104,1,1,5,6,0,0,1,0,0
NUAA,W3,23,force_z,IntermittentRecordDropout,11,5,0.541092254094982,0.830766174846654,0.914205675648048,0.872395435297719,1,1,2,2,0,0,1,0,0
NUAA,W3,23,vibration_x,LinearBiasDrift,11,3,0.855241758159075,0.855241758159075,0.855241758159075,0.868982327043639,0,0,NaN,NaN,0,0,0,0,0
NUAA,W3,23,vibration_x,GainDrift,11,3,0.855441977307449,0.855441977307449,0.855441977307449,0.868982327043639,0,0,NaN,NaN,0,0,0,0,0
NUAA,W3,23,vibration_x,ColoredNoiseRamp,11,5,0.819877216975063,0.819877216975063,0.819877216975063,0.843545975383097,0,0,NaN,NaN,0,0,0,0,0
NUAA,W3,23,vibration_x,IntermittentRecordDropout,11,3,0.875614345006193,0.870715769221825,0.871001633433648,0.868982327043639,1,1,2,2,0,0,1,0,0
NUAA,W3,23,vibration_y,LinearBiasDrift,11,4,0.854855871561743,0.854855871561743,0.854855871561743,0.827539451409897,0,0,NaN,NaN,0,0,0,0,0
NUAA,W3,23,vibration_y,GainDrift,11,4,0.871138604911372,0.871138604911372,0.871138604911372,0.827539451409897,0,0,NaN,NaN,0,0,0,0,0
NUAA,W3,23,vibration_y,ColoredNoiseRamp,11,3,0.850905275669054,0.850905275669054,0.850905275669054,0.843719579098026,0,0,NaN,NaN,0,0,0,0,0
NUAA,W3,23,vibration_y,IntermittentRecordDropout,11,5,0.844221830934387,0.833475801274366,0.8213999989401,0.816884367492087,1,1,0,0,0,0,2,0,0
NUAA,W3,24,force_z,LinearBiasDrift,11,3,0.828398491633433,0.828398491633433,0.828398491633433,0.872533694517724,0,0,NaN,NaN,0,0,0,0,0
NUAA,W3,24,force_z,GainDrift,11,3,2.02989418821797,0.775111401476399,0.775111401476399,0.872533694517724,1,1,2,2,0,0,1,0,0
NUAA,W3,24,force_z,ColoredNoiseRamp,11,4,1.5383839091495,0.895272234986313,0.895272234986313,0.85695989898104,1,1,4,4,0,0,1,0,0
NUAA,W3,24,force_z,IntermittentRecordDropout,11,3,0.55382723382429,0.915319376662687,0.915319376662687,0.872533694517724,1,1,1,1,0,0,3,0,0
NUAA,W3,24,vibration_x,LinearBiasDrift,11,3,0.844086597240012,0.844086597240012,0.844086597240012,0.868982327043639,0,0,NaN,NaN,0,0,0,0,0
NUAA,W3,24,vibration_x,GainDrift,11,3,0.854204732862381,0.854204732862381,0.854204732862381,0.868982327043639,0,0,NaN,NaN,0,0,0,0,0
NUAA,W3,24,vibration_x,ColoredNoiseRamp,11,4,0.849933559301482,0.849933559301482,0.849933559301482,0.852959774194754,0,0,NaN,NaN,0,0,0,0,0
NUAA,W3,24,vibration_x,IntermittentRecordDropout,11,2,0.939928829048187,0.935794992048841,0.930620518392072,0.935001846872051,1,1,0,0,0,0,3,0,0
NUAA,W3,24,vibration_y,LinearBiasDrift,11,3,0.88401381084614,0.848055752291036,0.846428880313735,0.843719579098026,1,1,3,5,0,0,1,0,0
NUAA,W3,24,vibration_y,GainDrift,11,5,0.816115093993301,0.816115093993301,0.816115093993301,0.816884367492087,0,0,NaN,NaN,0,0,0,0,0
NUAA,W3,24,vibration_y,ColoredNoiseRamp,11,3,0.855105161454568,0.855105161454568,0.855105161454568,0.843719579098026,0,0,NaN,NaN,0,0,0,0,0
NUAA,W3,24,vibration_y,IntermittentRecordDropout,11,4,0.848487735098055,0.854623031739329,0.853287399957244,0.827539451409897,1,1,4,4,0,0,1,0,0
NUAA,W3,25,force_z,LinearBiasDrift,11,4,1.21875969468427,1.21875969468427,1.21875969468427,0.85695989898104,0,0,NaN,NaN,0,0,0,0,0
NUAA,W3,25,force_z,GainDrift,11,2,1.87203163514267,0.971310234974374,1.03740772588483,0.91574204814824,1,1,1,2,0,0,1,0,0
NUAA,W3,25,force_z,ColoredNoiseRamp,11,5,1.09056740684715,1.02734857755878,1.09056740684715,0.872395435297719,1,0,6,NaN,0,0,0,0,0
NUAA,W3,25,force_z,IntermittentRecordDropout,11,4,0.763320613782881,0.759566894914724,0.78699735293485,0.85695989898104,1,1,1,1,0,0,3,0,0
NUAA,W3,25,vibration_x,LinearBiasDrift,11,3,0.853676304915441,0.853676304915441,0.853676304915441,0.868982327043639,0,0,NaN,NaN,0,0,0,0,0
NUAA,W3,25,vibration_x,GainDrift,11,4,0.837712280776257,0.837712280776257,0.837712280776257,0.852959774194754,0,0,NaN,NaN,0,0,0,0,0
NUAA,W3,25,vibration_x,ColoredNoiseRamp,11,5,0.816586897198873,0.816586897198873,0.816586897198873,0.843545975383097,0,0,NaN,NaN,0,0,0,0,0
NUAA,W3,25,vibration_x,IntermittentRecordDropout,11,4,0.853887091421173,0.850443934943801,0.854047561795225,0.852959774194754,1,1,1,1,0,0,1,0,0
NUAA,W3,25,vibration_y,LinearBiasDrift,11,4,0.875054649261543,0.834948948148647,0.833918104908633,0.827539451409897,1,1,3,4,0,0,1,0,0
NUAA,W3,25,vibration_y,GainDrift,11,2,0.948990165006035,0.948990165006035,0.948990165006035,0.910947768497899,0,0,NaN,NaN,0,0,0,0,0
NUAA,W3,25,vibration_y,ColoredNoiseRamp,11,4,0.816200956160527,0.816200956160527,0.816200956160527,0.827539451409897,0,0,NaN,NaN,0,0,0,0,0
NUAA,W3,25,vibration_y,IntermittentRecordDropout,11,4,0.849479353315249,0.840447735650031,0.839112103867946,0.827539451409897,1,1,2,2,0,0,1,0,0
NUAA,W3,26,force_z,LinearBiasDrift,11,3,1.09496382081724,1.09496382081724,1.09496382081724,0.872533694517724,0,0,NaN,NaN,0,0,0,0,0
NUAA,W3,26,force_z,GainDrift,11,3,1.32790924443187,0.90461969896349,0.90461969896349,0.872533694517724,1,1,1,1,0,0,1,0,0
NUAA,W3,26,force_z,ColoredNoiseRamp,11,5,1.38013467049234,0.912543471357874,1.07059096535605,0.872395435297719,1,1,3,5,0,0,1,0,0
NUAA,W3,26,force_z,IntermittentRecordDropout,11,3,0.901367135412216,0.862111970174518,0.87176891558976,0.872533694517724,1,1,2,2,0,0,4,0,0
NUAA,W3,26,vibration_x,LinearBiasDrift,11,3,0.859045450548585,0.859045450548585,0.859045450548585,0.868982327043639,0,0,NaN,NaN,0,0,0,0,0
NUAA,W3,26,vibration_x,GainDrift,11,3,0.856243818845025,0.856243818845025,0.856243818845025,0.868982327043639,0,0,NaN,NaN,0,0,0,0,0
NUAA,W3,26,vibration_x,ColoredNoiseRamp,11,5,0.832010727083378,0.832010727083378,0.832010727083378,0.843545975383097,0,0,NaN,NaN,0,0,0,0,0
NUAA,W3,26,vibration_x,IntermittentRecordDropout,11,4,0.862061284925031,0.853053834632979,0.856481137604578,0.852959774194754,1,1,2,2,0,0,1,0,0
NUAA,W3,26,vibration_y,LinearBiasDrift,11,4,0.856688001191286,0.856688001191286,0.856688001191286,0.827539451409897,0,0,NaN,NaN,0,0,0,0,0
NUAA,W3,26,vibration_y,GainDrift,11,4,0.882536503371127,0.882536503371127,0.882536503371127,0.827539451409897,0,0,NaN,NaN,0,0,0,0,0
NUAA,W3,26,vibration_y,ColoredNoiseRamp,11,4,0.833317930236914,0.833317930236914,0.833317930236914,0.827539451409897,0,0,NaN,NaN,0,0,0,0,0
NUAA,W3,26,vibration_y,IntermittentRecordDropout,11,4,0.856286943810117,0.841282357200683,0.827539451409897,0.827539451409897,1,1,0,0,0,0,1,0,0
NUAA,W3,27,force_z,LinearBiasDrift,11,4,0.785004744527172,0.785004744527172,0.785004744527172,0.85695989898104,0,0,NaN,NaN,0,0,0,0,0
NUAA,W3,27,force_z,GainDrift,11,2,1.69601159876341,0.968135094686328,1.02768387533761,0.91574204814824,1,1,1,2,0,0,1,0,0
NUAA,W3,27,force_z,ColoredNoiseRamp,11,5,1.14974913330623,0.984314660962322,1.05748875984201,0.872395435297719,1,1,4,6,0,0,1,0,0
NUAA,W3,27,force_z,IntermittentRecordDropout,11,3,0.757816841436312,0.839839630179529,0.873432182766589,0.872533694517724,1,1,1,1,0,0,3,0,0
NUAA,W3,27,vibration_x,LinearBiasDrift,11,4,0.828965748232593,0.828965748232593,0.828965748232593,0.852959774194754,0,0,NaN,NaN,0,0,0,0,0
NUAA,W3,27,vibration_x,GainDrift,11,5,0.866931252768662,0.866931252768662,0.866931252768662,0.843545975383097,0,0,NaN,NaN,0,0,0,0,0
NUAA,W3,27,vibration_x,ColoredNoiseRamp,11,4,0.843264023180212,0.843264023180212,0.843264023180212,0.852959774194754,0,0,NaN,NaN,0,0,0,0,0
NUAA,W3,27,vibration_x,IntermittentRecordDropout,11,2,0.945205456138574,0.940811037576154,0.940291990404259,0.935001846872051,1,1,4,4,0,0,1,0,0
NUAA,W3,27,vibration_y,LinearBiasDrift,11,5,0.829277830194767,0.839758043620087,0.835509308368795,0.816884367492087,1,1,5,6,0,0,1,0,0
NUAA,W3,27,vibration_y,GainDrift,11,3,0.854624626279488,0.854624626279488,0.854624626279488,0.843719579098026,0,0,NaN,NaN,0,0,0,0,0
NUAA,W3,27,vibration_y,ColoredNoiseRamp,11,3,0.854437165813601,0.854437165813601,0.854437165813601,0.843719579098026,0,0,NaN,NaN,0,0,0,0,0
NUAA,W3,27,vibration_y,IntermittentRecordDropout,11,4,0.852900039721826,0.846499227429734,0.825728972618543,0.827539451409897,1,1,0,0,0,0,3,0,0
NUAA,W3,28,force_z,LinearBiasDrift,11,3,0.817479481783198,0.817479481783198,0.817479481783198,0.872533694517724,0,0,NaN,NaN,0,0,0,0,0
NUAA,W3,28,force_z,GainDrift,11,3,1.98608030129798,0.779035278954122,0.779035278954122,0.872533694517724,1,1,2,2,0,0,1,0,0
NUAA,W3,28,force_z,ColoredNoiseRamp,11,3,1.05071530416819,1.01027468633412,1.05071530416819,0.872533694517724,1,0,8,NaN,0,0,0,0,0
NUAA,W3,28,force_z,IntermittentRecordDropout,11,3,0.696975411935313,0.889330450753608,0.903398010741999,0.872533694517724,1,1,1,1,0,0,5,0,0
NUAA,W3,28,vibration_x,LinearBiasDrift,11,3,0.8805000334178,0.8805000334178,0.8805000334178,0.868982327043639,0,0,NaN,NaN,0,0,0,0,0
NUAA,W3,28,vibration_x,GainDrift,11,4,0.864533213852887,0.864533213852887,0.864533213852887,0.852959774194754,0,0,NaN,NaN,0,0,0,0,0
NUAA,W3,28,vibration_x,ColoredNoiseRamp,11,5,0.839452802445144,0.839452802445144,0.839452802445144,0.843545975383097,0,0,NaN,NaN,0,0,0,0,0
NUAA,W3,28,vibration_x,IntermittentRecordDropout,11,5,0.854190251283598,0.844058896697749,0.848835354578759,0.843545975383097,1,1,2,2,0,0,1,0,0
NUAA,W3,28,vibration_y,LinearBiasDrift,11,5,0.857517591377052,0.83637993317962,0.848612156614022,0.816884367492087,1,1,5,6,0,0,1,0,0
NUAA,W3,28,vibration_y,GainDrift,11,5,0.807238405595751,0.807238405595751,0.807238405595751,0.816884367492087,0,0,NaN,NaN,0,0,0,0,0
NUAA,W3,28,vibration_y,ColoredNoiseRamp,11,3,0.852056161308871,0.852056161308871,0.852056161308871,0.843719579098026,0,0,NaN,NaN,0,0,0,0,0
NUAA,W3,28,vibration_y,IntermittentRecordDropout,11,4,0.852597224356462,0.845664605879081,0.847475084670435,0.827539451409897,1,1,3,3,0,0,1,0,0
NUAA,W3,29,force_z,LinearBiasDrift,11,3,1.17249983808404,1.17249983808404,1.17249983808404,0.872533694517724,0,0,NaN,NaN,0,0,0,0,0
NUAA,W3,29,force_z,GainDrift,11,4,1.5892038931063,0.85695989898104,0.926572824711097,0.85695989898104,1,1,0,1,0,0,1,0,0
NUAA,W3,29,force_z,ColoredNoiseRamp,11,4,2.2863832193316,0.845264030583325,0.845264030583325,0.85695989898104,1,1,2,2,0,0,1,0,0
NUAA,W3,29,force_z,IntermittentRecordDropout,11,4,0.532625030208674,0.912824426506599,0.912824426506599,0.85695989898104,1,1,2,2,0,0,3,0,0
NUAA,W3,29,vibration_x,LinearBiasDrift,11,3,0.854999911099241,0.854999911099241,0.854999911099241,0.868982327043639,0,0,NaN,NaN,0,0,0,0,0
NUAA,W3,29,vibration_x,GainDrift,11,4,0.831906916652591,0.831906916652591,0.831906916652591,0.852959774194754,0,0,NaN,NaN,0,0,0,0,0
NUAA,W3,29,vibration_x,ColoredNoiseRamp,11,4,0.831664143057381,0.831664143057381,0.831664143057381,0.852959774194754,0,0,NaN,NaN,0,0,0,0,0
NUAA,W3,29,vibration_x,IntermittentRecordDropout,11,3,0.878261000079254,0.875406449898335,0.87684543406935,0.868982327043639,1,1,5,5,0,0,1,0,0
NUAA,W3,29,vibration_y,LinearBiasDrift,11,5,0.868592231162711,0.829550538059401,0.833022759152709,0.816884367492087,1,1,3,4,0,0,1,0,0
NUAA,W3,29,vibration_y,GainDrift,11,3,0.847589361988626,0.847589361988626,0.847589361988626,0.843719579098026,0,0,NaN,NaN,0,0,0,0,0
NUAA,W3,29,vibration_y,ColoredNoiseRamp,11,3,0.856516744072245,0.856516744072245,0.856516744072245,0.843719579098026,0,0,NaN,NaN,0,0,0,0,0
NUAA,W3,29,vibration_y,IntermittentRecordDropout,11,4,0.853629608427439,0.853629608427439,0.853629608427439,0.827539451409897,0,0,NaN,NaN,0,0,0,0,0
NUAA,W3,30,force_z,LinearBiasDrift,11,5,1.24685186176589,1.24685186176589,1.24685186176589,0.872395435297719,0,0,NaN,NaN,0,0,0,0,0
NUAA,W3,30,force_z,GainDrift,11,4,1.22553039275711,0.85695989898104,1.01757147931714,0.85695989898104,1,1,0,2,0,0,1,0,0
NUAA,W3,30,force_z,ColoredNoiseRamp,11,3,2.16280432049721,0.852770602474582,0.811477872855011,0.872533694517724,1,1,2,3,0,0,1,0,0
NUAA,W3,30,force_z,IntermittentRecordDropout,11,3,0.816140139247679,0.875487756081505,0.909080308668564,0.872533694517724,1,1,4,4,0,0,3,0,0
NUAA,W3,30,vibration_x,LinearBiasDrift,11,4,0.873632756128739,0.873632756128739,0.873632756128739,0.852959774194754,0,0,NaN,NaN,0,0,0,0,0
NUAA,W3,30,vibration_x,GainDrift,11,3,0.878800776761762,0.878800776761762,0.878800776761762,0.868982327043639,0,0,NaN,NaN,0,0,0,0,0
NUAA,W3,30,vibration_x,ColoredNoiseRamp,11,3,0.862474805560172,0.862474805560172,0.862474805560172,0.868982327043639,0,0,NaN,NaN,0,0,0,0,0
NUAA,W3,30,vibration_x,IntermittentRecordDropout,11,4,0.86972650990747,0.858188261701036,0.854047561795225,0.852959774194754,1,1,1,1,0,0,1,0,0
NUAA,W3,30,vibration_y,LinearBiasDrift,11,3,0.861672134762424,0.878319891156944,0.878319891156944,0.843719579098026,1,1,6,6,0,0,1,0,0
NUAA,W3,30,vibration_y,GainDrift,11,4,0.879779181473044,0.879779181473044,0.879779181473044,0.827539451409897,0,0,NaN,NaN,0,0,0,0,0
NUAA,W3,30,vibration_y,ColoredNoiseRamp,11,3,0.85827612513499,0.85827612513499,0.85827612513499,0.843719579098026,0,0,NaN,NaN,0,0,0,0,0
NUAA,W3,30,vibration_y,IntermittentRecordDropout,11,4,0.846349785576843,0.84489395097989,0.830718654890592,0.827539451409897,1,1,1,1,0,0,1,0,0
NUAA,W4,0,None,Clean,28,Inf,1,1,1,1,0,0,NaN,NaN,0.0357142857142857,0,0,0.0357142857142857,0
NUAA,W4,1,force_z,LinearBiasDrift,28,7,1.02975817104655,1.02683918451109,1.02975817104655,0.928159836707657,0,0,NaN,NaN,0,0,0,0,0
NUAA,W4,1,force_z,GainDrift,28,6,2.01327900640568,0.993525869174428,0.985021047749448,0.949987916080455,1,1,0,4,0,0,1,0,0
NUAA,W4,1,force_z,ColoredNoiseRamp,28,6,0.794320241904121,0.855336165506278,0.835895239745746,0.949987916080455,1,1,20,21,0,0,1,0,0
NUAA,W4,1,force_z,IntermittentRecordDropout,28,11,1.24818406013158,1.11515818445304,1.11515818445304,1.06785908594266,1,1,14,14,0.1,0,3,0.1,0
NUAA,W4,1,vibration_x,LinearBiasDrift,28,11,1.11892587477371,1.11892587477371,1.11892587477371,1.12334567576077,0,0,NaN,NaN,0.1,0,0,0.1,0
NUAA,W4,1,vibration_x,GainDrift,28,12,1.1749761987256,1.1749761987256,1.1749761987256,1.17314678935447,0,0,NaN,NaN,0.0909090909090909,0,0,0.0909090909090909,0
NUAA,W4,1,vibration_x,ColoredNoiseRamp,28,7,0.9854940921611,0.982420230968231,0.9854940921611,0.976558778637174,0,0,NaN,NaN,0,0,0,0,0
NUAA,W4,1,vibration_x,IntermittentRecordDropout,28,12,1.17099735442117,1.17114038145487,1.1738800046005,1.17314678935447,1,1,2,2,0.0909090909090909,0,1,0.0909090909090909,0
NUAA,W4,1,vibration_y,LinearBiasDrift,28,11,1.999357603521,1.53037741757783,1.53037741757783,0.847582418905096,1,1,14,14,0.1,0,1,0.1,0
NUAA,W4,1,vibration_y,GainDrift,28,7,0.911306328265028,0.90825503103057,0.911306328265028,0.756426403084761,1,0,1,NaN,0,0,0,0,0
NUAA,W4,1,vibration_y,ColoredNoiseRamp,28,8,1.39550704783162,1.11007858540564,1.17510584133592,0.751549486586916,1,1,0,18,0,0,1,0,0
NUAA,W4,1,vibration_y,IntermittentRecordDropout,28,10,1.17847240652803,0.970636600234984,0.815628988623543,0.820177075928471,1,1,1,1,0.111111111111111,0,1,0.111111111111111,0
NUAA,W4,2,force_z,LinearBiasDrift,28,12,1.06812305004588,1.06812305004588,1.06812305004588,1.12347847579523,0,0,NaN,NaN,0.0909090909090909,0,0,0.0909090909090909,0
NUAA,W4,2,force_z,GainDrift,28,10,3.09351697491943,1.01349350483208,1.07626813286075,1.01306345103941,1,1,0,3,0.111111111111111,0,1,0.111111111111111,0
NUAA,W4,2,force_z,ColoredNoiseRamp,28,13,1.31098863135991,1.12183549857504,1.06937858431503,1.17739136880168,1,1,5,6,0.0833333333333333,0,1,0.0833333333333333,0
NUAA,W4,2,force_z,IntermittentRecordDropout,28,11,1.27875373537672,1.12326062522059,1.1099923934259,1.06785908594266,1,1,4,4,0.1,0,4,0.1,0
NUAA,W4,2,vibration_x,LinearBiasDrift,28,12,1.17910289493826,1.17910289493826,1.17910289493826,1.17314678935447,0,0,NaN,NaN,0.0909090909090909,0,0,0.0909090909090909,0
NUAA,W4,2,vibration_x,GainDrift,28,11,1.12384055677121,1.12384055677121,1.12384055677121,1.12334567576077,0,0,NaN,NaN,0.1,0,0,0.1,0
NUAA,W4,2,vibration_x,ColoredNoiseRamp,28,10,1.06483149386802,1.06483149386802,1.06483149386802,1.07641983592289,0,0,NaN,NaN,0.111111111111111,0,0,0.111111111111111,0
NUAA,W4,2,vibration_x,IntermittentRecordDropout,28,12,1.17203055205075,1.17140842515451,1.17345778686632,1.17314678935447,1,1,1,1,0.0909090909090909,0,1,0.0909090909090909,0
NUAA,W4,2,vibration_y,LinearBiasDrift,28,12,0.614950356981837,0.614950356981837,0.614950356981837,0.894481769621459,0,0,NaN,NaN,0.0909090909090909,0,0,0.0909090909090909,0
NUAA,W4,2,vibration_y,GainDrift,28,11,1.06493592412954,1.06493592412954,1.06493592412954,0.847582418905096,0,0,NaN,NaN,0.1,0,0,0.1,0
NUAA,W4,2,vibration_y,ColoredNoiseRamp,28,9,1.27906121759715,1.22970703376501,1.27906121759715,0.781025179615575,1,0,18,NaN,0.125,0,0,0.125,0
NUAA,W4,2,vibration_y,IntermittentRecordDropout,28,8,1.10313062803964,0.92542211930772,0.783301531049062,0.751549486586916,1,1,0,4,0,0,1,0,0
NUAA,W4,3,force_z,LinearBiasDrift,28,9,1.09612320040605,1.09612320040605,1.09612320040605,0.975523124858223,0,0,NaN,NaN,0.125,0,0,0.125,0
NUAA,W4,3,force_z,GainDrift,28,9,2.30515315490155,1.02540132144804,1.08141594482942,0.975523124858223,1,1,1,5,0.125,0,1,0.125,0
NUAA,W4,3,force_z,ColoredNoiseRamp,28,10,0.737291377178988,1.00576542152568,0.926598529071162,1.01306345103941,1,1,7,9,0.111111111111111,0,1,0.111111111111111,0
NUAA,W4,3,force_z,IntermittentRecordDropout,28,6,1.16299153608796,0.970252054170275,0.948467408598081,0.949987916080455,1,1,4,4,0,0,1,0,0
NUAA,W4,3,vibration_x,LinearBiasDrift,28,10,1.07233278139386,1.07233278139386,1.07233278139386,1.07641983592289,0,0,NaN,NaN,0.111111111111111,0,0,0.111111111111111,0
NUAA,W4,3,vibration_x,GainDrift,28,6,0.991684748261416,0.988809460730717,0.991684748261416,0.984043069717502,0,0,NaN,NaN,0,0,0,0,0
NUAA,W4,3,vibration_x,ColoredNoiseRamp,28,8,1.00147748849171,0.998257497484865,1.00147748849171,0.991405692117593,0,0,NaN,NaN,0,0,0,0,0
NUAA,W4,3,vibration_x,IntermittentRecordDropout,28,7,0.993318954241954,0.980887142834523,0.984797455289536,0.976558778637174,1,1,2,2,0,0,3,0,0
NUAA,W4,3,vibration_y,LinearBiasDrift,28,9,2.3561134994806,1.25413381315072,1.25413381315072,0.781025179615575,1,1,11,11,0.125,0,1,0.125,0
NUAA,W4,3,vibration_y,GainDrift,28,12,1.22429951057644,1.22429951057644,1.22429951057644,0.894481769621459,0,0,NaN,NaN,0.0909090909090909,0,0,0.0909090909090909,0
NUAA,W4,3,vibration_y,ColoredNoiseRamp,28,11,1.32241670158216,1.32241670158216,1.32241670158216,0.847582418905096,0,0,NaN,NaN,0.1,0,0,0.1,0
NUAA,W4,3,vibration_y,IntermittentRecordDropout,28,6,1.1529774273163,0.842304734082262,0.773673831022352,0.781662161317874,1,1,1,1,0,0,1,0,0
NUAA,W4,4,force_z,LinearBiasDrift,28,10,0.927877888719808,0.927877888719808,0.927877888719808,1.01306345103941,0,0,NaN,NaN,0.111111111111111,0,0,0.111111111111111,0
NUAA,W4,4,force_z,GainDrift,28,6,1.03033224442078,0.937667521496528,0.93116653966618,0.949987916080455,1,1,3,5,0,0,1,0,0
NUAA,W4,4,force_z,ColoredNoiseRamp,28,8,1.74588024660235,0.951783609258844,0.925719801328751,0.93240246588227,1,1,6,7,0,0,1,0,0
NUAA,W4,4,force_z,IntermittentRecordDropout,28,7,1.09400217763689,0.953237837623605,0.96642646133356,0.928159836707657,1,1,4,4,0,0,5,0,0
NUAA,W4,4,vibration_x,LinearBiasDrift,28,8,1.0098383721733,1.00652321238273,1.0098383721733,0.991405692117593,0,0,NaN,NaN,0,0,0,0,0
NUAA,W4,4,vibration_x,GainDrift,28,6,0.992130828331358,0.989250350696916,0.992130828331358,0.984043069717502,0,0,NaN,NaN,0,0,0,0,0
NUAA,W4,4,vibration_x,ColoredNoiseRamp,28,12,1.16016669233821,1.16016669233821,1.16016669233821,1.17314678935447,0,0,NaN,NaN,0.0909090909090909,0,0,0.0909090909090909,0
NUAA,W4,4,vibration_x,IntermittentRecordDropout,28,9,1.04582917938314,1.03494993014031,1.03813247821817,1.03749686500997,1,1,0,0,0.125,0,3,0.125,0
NUAA,W4,4,vibration_y,LinearBiasDrift,28,10,0.429950571919136,0.559807431475893,0.50799784341292,0.820177075928471,1,1,11,12,0.111111111111111,0,1,0.111111111111111,0
NUAA,W4,4,vibration_y,GainDrift,28,9,0.960468107397872,0.960468107397872,0.960468107397872,0.781025179615575,0,0,NaN,NaN,0.125,0,0,0.125,0
NUAA,W4,4,vibration_y,ColoredNoiseRamp,28,6,1.29633432448328,1.09151009045171,1.14861566473443,0.781662161317874,1,1,2,20,0,0,1,0,0
NUAA,W4,4,vibration_y,IntermittentRecordDropout,28,13,1.31488829699864,1.06233074573165,0.990641722472673,0.923864928922636,1,1,5,5,0.0833333333333333,0,1,0.0833333333333333,0
NUAA,W4,5,force_z,LinearBiasDrift,28,10,0.920452901963041,0.920452901963041,0.920452901963041,1.01306345103941,0,0,NaN,NaN,0.111111111111111,0,0,0.111111111111111,0
NUAA,W4,5,force_z,GainDrift,28,12,0.852972053112098,1.04768729121349,1.00284193859941,1.12347847579523,1,1,3,5,0.0909090909090909,0,1,0.0909090909090909,0
NUAA,W4,5,force_z,ColoredNoiseRamp,28,10,1.07788130626622,0.955606345873881,0.89808158779509,1.01306345103941,1,1,7,8,0.111111111111111,0,1,0.111111111111111,0
NUAA,W4,5,force_z,IntermittentRecordDropout,28,9,1.17854042241114,0.996179824125537,1.02048377993748,0.975523124858223,1,1,5,5,0.125,0,5,0.125,0
NUAA,W4,5,vibration_x,LinearBiasDrift,28,11,1.13338777520324,1.13338777520324,1.13338777520324,1.12334567576077,0,0,NaN,NaN,0.1,0,0,0.1,0
NUAA,W4,5,vibration_x,GainDrift,28,7,0.982984960350188,0.979973094338026,0.982984960350188,0.976558778637174,0,0,NaN,NaN,0,0,0,0,0
NUAA,W4,5,vibration_x,ColoredNoiseRamp,28,11,1.11151680602256,1.11151680602256,1.11151680602256,1.12334567576077,0,0,NaN,NaN,0.1,0,0,0.1,0
NUAA,W4,5,vibration_x,IntermittentRecordDropout,28,12,1.17084675497089,1.17263862037373,1.17345778686632,1.17314678935447,1,1,1,1,0.0909090909090909,0,1,0.0909090909090909,0
NUAA,W4,5,vibration_y,LinearBiasDrift,28,10,0.677439135016126,0.677439135016126,0.677439135016126,0.820177075928471,0,0,NaN,NaN,0.111111111111111,0,0,0.111111111111111,0
NUAA,W4,5,vibration_y,GainDrift,28,7,0.906281173503446,0.90323094929689,0.906281173503446,0.756426403084761,1,0,1,NaN,0,0,0,0,0
NUAA,W4,5,vibration_y,ColoredNoiseRamp,28,9,1.33908334104887,1.21342153289494,1.21342153289494,0.781025179615575,1,1,18,18,0.125,0,1,0.125,0
NUAA,W4,5,vibration_y,IntermittentRecordDropout,28,9,1.16481919121289,0.912814028533735,0.810989990587064,0.781025179615575,1,1,3,3,0.125,0,1,0.125,0
NUAA,W4,6,force_z,LinearBiasDrift,28,12,1.21970194742091,1.21970194742091,1.21970194742091,1.12347847579523,0,0,NaN,NaN,0.0909090909090909,0,0,0.0909090909090909,0
NUAA,W4,6,force_z,GainDrift,28,12,2.54906815660623,1.16564435266551,1.16564435266551,1.12347847579523,1,1,2,2,0.0909090909090909,0,1,0.0909090909090909,0
NUAA,W4,6,force_z,ColoredNoiseRamp,28,9,0.672112991254896,0.953182174472714,0.885885468623277,0.975523124858223,1,1,6,10,0.125,0,1,0.125,0
NUAA,W4,6,force_z,IntermittentRecordDropout,28,9,1.15805153793494,1.05768740033551,1.05617285380217,0.975523124858223,1,1,2,2,0.125,0,5,0.125,0
NUAA,W4,6,vibration_x,LinearBiasDrift,28,11,1.1288567730781,1.1288567730781,1.1288567730781,1.12334567576077,0,0,NaN,NaN,0.1,0,0,0.1,0
NUAA,W4,6,vibration_x,GainDrift,28,9,1.04961929655083,1.04961929655083,1.04961929655083,1.03749686500997,0,0,NaN,NaN,0.125,0,0,0.125,0
NUAA,W4,6,vibration_x,ColoredNoiseRamp,28,10,1.05946157518785,1.05946157518785,1.05946157518785,1.07641983592289,0,0,NaN,NaN,0.111111111111111,0,0,0.111111111111111,0
NUAA,W4,6,vibration_x,IntermittentRecordDropout,28,12,1.17177987026126,1.17209897131301,1.1742422978746,1.17314678935447,1,1,3,3,0.0909090909090909,0,3,0.0909090909090909,0
NUAA,W4,6,vibration_y,LinearBiasDrift,28,11,2.27752715456326,1.29567662783267,1.39264577865615,0.847582418905096,1,1,10,11,0.1,0,1,0.1,0
NUAA,W4,6,vibration_y,GainDrift,28,8,1.07541003014815,1.07218771048075,1.07541003014815,0.751549486586916,1,0,0,NaN,0,0,0,0,0
NUAA,W4,6,vibration_y,ColoredNoiseRamp,28,9,1.20847351925522,1.20847351925522,1.20847351925522,0.781025179615575,0,0,NaN,NaN,0.125,0,0,0.125,0
NUAA,W4,6,vibration_y,IntermittentRecordDropout,28,7,1.0976114147897,0.837465949110451,0.777320995365048,0.756426403084761,1,1,1,1,0,0,3,0,0
NUAA,W4,7,force_z,LinearBiasDrift,28,11,1.15122532094068,1.15122532094068,1.15122532094068,1.06785908594266,0,0,NaN,NaN,0.1,0,0,0.1,0
NUAA,W4,7,force_z,GainDrift,28,11,2.35961043343941,1.11949132882197,1.11949132882197,1.06785908594266,1,1,3,3,0.1,0,1,0.1,0
NUAA,W4,7,force_z,ColoredNoiseRamp,28,7,0.541958061611637,0.826338970528555,0.808731606906289,0.928159836707657,1,1,13,16,0,0,1,0,0
NUAA,W4,7,force_z,IntermittentRecordDropout,28,8,1.11981821522946,0.97867472936005,0.983723234074924,0.93240246588227,1,1,2,2,0,0,7,0,0
NUAA,W4,7,vibration_x,LinearBiasDrift,28,9,1.04690157868968,1.04690157868968,1.04690157868968,1.03749686500997,0,0,NaN,NaN,0.125,0,0,0.125,0
NUAA,W4,7,vibration_x,GainDrift,28,12,1.16349349183699,1.16349349183699,1.16349349183699,1.17314678935447,0,0,NaN,NaN,0.0909090909090909,0,0,0.0909090909090909,0
NUAA,W4,7,vibration_x,ColoredNoiseRamp,28,8,0.998261622180499,0.99508304944737,0.998261622180499,0.991405692117593,0,0,NaN,NaN,0,0,0,0,0
NUAA,W4,7,vibration_x,IntermittentRecordDropout,28,8,1.00997858943553,1.00610193429384,1.00864415979354,0.991405692117593,1,1,4,4,0,0,3,0,0
NUAA,W4,7,vibration_y,LinearBiasDrift,28,11,0.496075562414353,0.591390657604229,0.540068258249353,0.847582418905096,1,1,10,11,0.1,0,1,0.1,0
NUAA,W4,7,vibration_y,GainDrift,28,11,1.03612051466238,1.03612051466238,1.03612051466238,0.847582418905096,0,0,NaN,NaN,0.1,0,0,0.1,0
NUAA,W4,7,vibration_y,ColoredNoiseRamp,28,10,1.32854425834522,1.32854425834522,1.32854425834522,0.820177075928471,0,0,NaN,NaN,0.111111111111111,0,0,0.111111111111111,0
NUAA,W4,7,vibration_y,IntermittentRecordDropout,28,13,1.2952958721442,1.08349803284461,0.990641722472673,0.923864928922636,1,1,5,5,0.0833333333333333,0,1,0.0833333333333333,0
NUAA,W4,8,force_z,LinearBiasDrift,28,10,1.11393153147532,1.11393153147532,1.11393153147532,1.01306345103941,0,0,NaN,NaN,0.111111111111111,0,0,0.111111111111111,0
NUAA,W4,8,force_z,GainDrift,28,8,0.94461715865047,0.899167496961396,0.976091127465019,0.93240246588227,1,1,3,4,0,0,1,0,0
NUAA,W4,8,force_z,ColoredNoiseRamp,28,6,1.82370219248771,0.935946818275919,0.974081164829246,0.949987916080455,1,1,5,7,0,0,1,0,0
NUAA,W4,8,force_z,IntermittentRecordDropout,28,11,1.27330459795476,1.09153913794607,1.11421810417674,1.06785908594266,1,1,3,3,0.1,0,5,0.1,0
NUAA,W4,8,vibration_x,LinearBiasDrift,28,11,1.12607646508981,1.12607646508981,1.12607646508981,1.12334567576077,0,0,NaN,NaN,0.1,0,0,0.1,0
NUAA,W4,8,vibration_x,GainDrift,28,10,1.07742169371913,1.07742169371913,1.07742169371913,1.07641983592289,0,0,NaN,NaN,0.111111111111111,0,0,0.111111111111111,0
NUAA,W4,8,vibration_x,ColoredNoiseRamp,28,7,0.985859080223559,0.982751907861685,0.985859080223559,0.976558778637174,0,0,NaN,NaN,0,0,0,0,0
NUAA,W4,8,vibration_x,IntermittentRecordDropout,28,10,1.07514624861993,1.074209311977,1.07613992335138,1.07641983592289,1,1,4,4,0.111111111111111,0,3,0.111111111111111,0
NUAA,W4,8,vibration_y,LinearBiasDrift,28,6,0.452792729442612,0.451406802259143,0.452792729442612,0.781662161317874,1,0,2,NaN,0,0,0,0,0
NUAA,W4,8,vibration_y,GainDrift,28,9,0.999812248538227,0.999812248538227,0.999812248538227,0.781025179615575,0,0,NaN,NaN,0.125,0,0,0.125,0
NUAA,W4,8,vibration_y,ColoredNoiseRamp,28,7,1.11347162451356,1.11029967753523,1.11347162451356,0.756426403084761,1,0,1,NaN,0,0,0,0,0
NUAA,W4,8,vibration_y,IntermittentRecordDropout,28,7,1.10045839830537,0.88203740663006,0.810177317068889,0.756426403084761,1,1,1,9,0,0,1,0,0
NUAA,W4,9,force_z,LinearBiasDrift,28,12,1.22517725037797,1.22517725037797,1.22517725037797,1.12347847579523,0,0,NaN,NaN,0.0909090909090909,0,0,0.0909090909090909,0
NUAA,W4,9,force_z,GainDrift,28,8,0.365686921052768,0.823188031408301,0.848561938730179,0.93240246588227,1,1,7,9,0,0,1,0,0
NUAA,W4,9,force_z,ColoredNoiseRamp,28,9,0.668011635667421,0.859353400667866,0.850248813246427,0.975523124858223,1,1,6,10,0.125,0,1,0.125,0
NUAA,W4,9,force_z,IntermittentRecordDropout,28,11,1.29347046506237,1.12763238959752,1.09992443676508,1.06785908594266,1,1,4,4,0.1,0,5,0.1,0
NUAA,W4,9,vibration_x,LinearBiasDrift,28,10,1.07488336776,1.07488336776,1.07488336776,1.07641983592289,0,0,NaN,NaN,0.111111111111111,0,0,0.111111111111111,0
NUAA,W4,9,vibration_x,GainDrift,28,11,1.11218342423344,1.11218342423344,1.11218342423344,1.12334567576077,0,0,NaN,NaN,0.1,0,0,0.1,0
NUAA,W4,9,vibration_x,ColoredNoiseRamp,28,10,1.06162915499237,1.06162915499237,1.06162915499237,1.07641983592289,0,0,NaN,NaN,0.111111111111111,0,0,0.111111111111111,0
NUAA,W4,9,vibration_x,IntermittentRecordDropout,28,7,0.993550582519485,0.980945019225531,0.976885037795406,0.976558778637174,1,1,0,0,0,0,3,0,0
NUAA,W4,9,vibration_y,LinearBiasDrift,28,11,1.68689470818738,1.68689470818738,1.68689470818738,0.847582418905096,0,0,NaN,NaN,0.1,0,0,0.1,0
NUAA,W4,9,vibration_y,GainDrift,28,9,1.09491303710014,1.09491303710014,1.09491303710014,0.781025179615575,0,0,NaN,NaN,0.125,0,0,0.125,0
NUAA,W4,9,vibration_y,ColoredNoiseRamp,28,9,1.22594541572566,1.22594541572566,1.22594541572566,0.781025179615575,0,0,NaN,NaN,0.125,0,0,0.125,0
NUAA,W4,9,vibration_y,IntermittentRecordDropout,28,10,1.24464877448513,0.928591773244963,0.820177075928471,0.820177075928471,1,1,0,0,0.111111111111111,0,1,0.111111111111111,0
NUAA,W4,10,force_z,LinearBiasDrift,28,11,1.17283444105093,1.17283444105093,1.17283444105093,1.06785908594266,0,0,NaN,NaN,0.1,0,0,0.1,0
NUAA,W4,10,force_z,GainDrift,28,11,2.46337844900297,1.12188378301419,1.12188378301419,1.06785908594266,1,1,3,3,0.1,0,1,0.1,0
NUAA,W4,10,force_z,ColoredNoiseRamp,28,9,0.554177636407617,0.900294127363351,0.867854328446346,0.975523124858223,1,1,10,14,0.125,0,1,0.125,0
NUAA,W4,10,force_z,IntermittentRecordDropout,28,6,1.09876085896233,1.00465097996063,1.00145009946233,0.949987916080455,1,1,9,9,0,0,5,0,0
NUAA,W4,10,vibration_x,LinearBiasDrift,28,10,1.07920154852519,1.07920154852519,1.07920154852519,1.07641983592289,0,0,NaN,NaN,0.111111111111111,0,0,0.111111111111111,0
NUAA,W4,10,vibration_x,GainDrift,28,6,0.988868505439489,0.986025984654929,0.988868505439489,0.984043069717502,0,0,NaN,NaN,0,0,0,0,0
NUAA,W4,10,vibration_x,ColoredNoiseRamp,28,11,1.113918742818,1.113918742818,1.113918742818,1.12334567576077,0,0,NaN,NaN,0.1,0,0,0.1,0
NUAA,W4,10,vibration_x,IntermittentRecordDropout,28,9,1.04569796155795,1.04547037666279,1.04872556040053,1.03749686500997,1,1,1,1,0.125,0,3,0.125,0
NUAA,W4,10,vibration_y,LinearBiasDrift,28,9,0.389374885444175,0.550993679639846,0.445840993404083,0.781025179615575,1,1,12,14,0.125,0,1,0.125,0
NUAA,W4,10,vibration_y,GainDrift,28,9,0.990272131543106,0.990272131543106,0.990272131543106,0.781025179615575,0,0,NaN,NaN,0.125,0,0,0.125,0
NUAA,W4,10,vibration_y,ColoredNoiseRamp,28,7,1.14806696372985,1.14467442427011,1.14806696372985,0.756426403084761,1,0,1,NaN,0,0,0,0,0
NUAA,W4,10,vibration_y,IntermittentRecordDropout,28,11,1.24006229782759,0.970475220533979,0.920910939836648,0.847582418905096,1,1,7,7,0.1,0,1,0.1,0
NUAA,W4,11,force_z,LinearBiasDrift,28,8,0.931041856418454,0.927730809388019,0.931041856418454,0.93240246588227,0,0,NaN,NaN,0,0,0,0,0
NUAA,W4,11,force_z,GainDrift,28,6,0.592617739492588,0.849041125220248,0.955875314921472,0.949987916080455,1,1,5,6,0,0,1,0,0
NUAA,W4,11,force_z,ColoredNoiseRamp,28,6,1.3977613054529,0.921856179924566,0.92331382595745,0.949987916080455,1,1,9,9,0,0,1,0,0
NUAA,W4,11,force_z,IntermittentRecordDropout,28,7,1.11860490850832,0.952846063625242,0.966507332267246,0.928159836707657,1,1,3,3,0,0,7,0,0
NUAA,W4,11,vibration_x,LinearBiasDrift,28,11,1.12378497881376,1.12378497881376,1.12378497881376,1.12334567576077,0,0,NaN,NaN,0.1,0,0,0.1,0
NUAA,W4,11,vibration_x,GainDrift,28,11,1.12489746805143,1.12489746805143,1.12489746805143,1.12334567576077,0,0,NaN,NaN,0.1,0,0,0.1,0
NUAA,W4,11,vibration_x,ColoredNoiseRamp,28,6,0.991687715578715,0.988729286178283,0.991687715578715,0.984043069717502,0,0,NaN,NaN,0,0,0,0,0
NUAA,W4,11,vibration_x,IntermittentRecordDropout,28,8,1.00720509810129,1.00415768791612,1.01020209590389,0.991405692117593,1,1,9,9,0,0,1,0,0
NUAA,W4,11,vibration_y,LinearBiasDrift,28,8,2.41874223009074,1.12917927926807,1.13363945342903,0.751549486586916,1,1,0,10,0,0,1,0,0
NUAA,W4,11,vibration_y,GainDrift,28,6,0.918390424168239,0.915479025164159,0.918390424168239,0.781662161317874,1,0,2,NaN,0,0,0,0,0
NUAA,W4,11,vibration_y,ColoredNoiseRamp,28,8,1.06487784516443,1.06152499932283,1.06487784516443,0.751549486586916,1,0,0,NaN,0,0,0,0,0
NUAA,W4,11,vibration_y,IntermittentRecordDropout,28,10,1.19317624246351,0.986390810117072,0.828865024411298,0.820177075928471,1,1,3,3,0.111111111111111,0,1,0.111111111111111,0
NUAA,W4,12,force_z,LinearBiasDrift,28,10,1.12349669405154,1.12349669405154,1.12349669405154,1.01306345103941,0,0,NaN,NaN,0.111111111111111,0,0,0.111111111111111,0
NUAA,W4,12,force_z,GainDrift,28,12,0.796123077763031,1.05302910807108,1.01022384601673,1.12347847579523,1,1,3,5,0.0909090909090909,0,1,0.0909090909090909,0
NUAA,W4,12,force_z,ColoredNoiseRamp,28,11,1.05993780703294,1.03391079628342,1.03391079628342,1.06785908594266,1,1,6,6,0.1,0,1,0.1,0
NUAA,W4,12,force_z,IntermittentRecordDropout,28,11,1.24855927617159,1.12959096161761,1.13053116931478,1.06785908594266,1,1,8,8,0.1,0,3,0.1,0
NUAA,W4,12,vibration_x,LinearBiasDrift,28,8,1.01532562548457,1.01227759852107,1.01532562548457,0.991405692117593,0,0,NaN,NaN,0,0,0,0,0
NUAA,W4,12,vibration_x,GainDrift,28,9,1.03609980920254,1.03609980920254,1.03609980920254,1.03749686500997,0,0,NaN,NaN,0.125,0,0,0.125,0
NUAA,W4,12,vibration_x,ColoredNoiseRamp,28,7,0.984721506851517,0.981722730851011,0.984721506851517,0.976558778637174,0,0,NaN,NaN,0,0,0,0,0
NUAA,W4,12,vibration_x,IntermittentRecordDropout,28,6,1.00086560993184,0.997320294201899,1.0020112145231,0.984043069717502,1,1,11,11,0,0,1,0,0
NUAA,W4,12,vibration_y,LinearBiasDrift,28,10,0.414430017676082,0.575792883667854,0.465480330302777,0.820177075928471,1,1,11,13,0.111111111111111,0,1,0.111111111111111,0
NUAA,W4,12,vibration_y,GainDrift,28,10,1.12282870484717,1.12282870484717,1.12282870484717,0.820177075928471,0,0,NaN,NaN,0.111111111111111,0,0,0.111111111111111,0
NUAA,W4,12,vibration_y,ColoredNoiseRamp,28,6,1.25038375152657,1.19407071816172,1.25038375152657,0.781662161317874,1,0,2,NaN,0,0,0,0,0
NUAA,W4,12,vibration_y,IntermittentRecordDropout,28,13,1.34143171688826,1.04049441863297,0.990641722472673,0.923864928922636,1,1,5,5,0.0833333333333333,0,1,0.0833333333333333,0
NUAA,W4,13,force_z,LinearBiasDrift,28,9,1.08817900654235,1.08817900654235,1.08817900654235,0.975523124858223,0,0,NaN,NaN,0.125,0,0,0.125,0
NUAA,W4,13,force_z,GainDrift,28,7,2.09304503491729,0.99910845946044,1.03024565169566,0.928159836707657,1,1,3,6,0,0,1,0,0
NUAA,W4,13,force_z,ColoredNoiseRamp,28,10,0.637962006464989,0.946813430760479,0.900936784212995,1.01306345103941,1,1,10,13,0.111111111111111,0,1,0.111111111111111,0
NUAA,W4,13,force_z,IntermittentRecordDropout,28,7,1.12345458037055,0.973197679869822,0.945980756541446,0.928159836707657,1,1,4,4,0,0,3,0,0
NUAA,W4,13,vibration_x,LinearBiasDrift,28,7,0.990768875650431,0.987606445457021,0.990768875650431,0.976558778637174,0,0,NaN,NaN,0,0,0,0,0
NUAA,W4,13,vibration_x,GainDrift,28,12,1.17409776035409,1.17409776035409,1.17409776035409,1.17314678935447,0,0,NaN,NaN,0.0909090909090909,0,0,0.0909090909090909,0
NUAA,W4,13,vibration_x,ColoredNoiseRamp,28,8,0.994397374799664,0.991161456097529,0.994397374799664,0.991405692117593,0,0,NaN,NaN,0,0,0,0,0
NUAA,W4,13,vibration_x,IntermittentRecordDropout,28,6,0.999486494420973,0.995721445973999,0.984404009005837,0.984043069717502,1,1,1,1,0,0,3,0,0
NUAA,W4,13,vibration_y,LinearBiasDrift,28,9,0.601150155485509,0.638374973752467,0.607858208834475,0.781025179615575,1,1,9,10,0.125,0,1,0.125,0
NUAA,W4,13,vibration_y,GainDrift,28,9,0.960257668620895,0.960257668620895,0.960257668620895,0.781025179615575,0,0,NaN,NaN,0.125,0,0,0.125,0
NUAA,W4,13,vibration_y,ColoredNoiseRamp,28,7,1.08660358784694,1.08344649557038,1.08660358784694,0.756426403084761,1,0,1,NaN,0,0,0,0,0
NUAA,W4,13,vibration_y,IntermittentRecordDropout,28,10,1.27123078172881,0.881212009539938,0.851433587121559,0.820177075928471,1,1,5,5,0.111111111111111,0,1,0.111111111111111,0
NUAA,W4,14,force_z,LinearBiasDrift,28,11,1.15829012469609,1.15829012469609,1.15829012469609,1.06785908594266,0,0,NaN,NaN,0.1,0,0,0.1,0
NUAA,W4,14,force_z,GainDrift,28,12,0.812475591579427,1.05149254327933,1.00810045254672,1.12347847579523,1,1,3,5,0.0909090909090909,0,1,0.0909090909090909,0
NUAA,W4,14,force_z,ColoredNoiseRamp,28,8,0.777210687232048,0.918222796100408,0.889095275433678,0.93240246588227,1,1,8,9,0,0,1,0,0
NUAA,W4,14,force_z,IntermittentRecordDropout,28,12,1.32045370507386,1.12226695349886,1.13382668275797,1.12347847579523,1,1,9,9,0.0909090909090909,0,3,0.0909090909090909,0
NUAA,W4,14,vibration_x,LinearBiasDrift,28,12,1.17126198218158,1.17126198218158,1.17126198218158,1.17314678935447,0,0,NaN,NaN,0.0909090909090909,0,0,0.0909090909090909,0
NUAA,W4,14,vibration_x,GainDrift,28,9,1.04965428298208,1.04965428298208,1.04965428298208,1.03749686500997,0,0,NaN,NaN,0.125,0,0,0.125,0
NUAA,W4,14,vibration_x,ColoredNoiseRamp,28,11,1.10726830429537,1.10726830429537,1.10726830429537,1.12334567576077,0,0,NaN,NaN,0.1,0,0,0.1,0
NUAA,W4,14,vibration_x,IntermittentRecordDropout,28,6,0.998252992474818,0.994726585444819,1.0010407984888,0.984043069717502,1,1,7,7,0,0,1,0,0
NUAA,W4,14,vibration_y,LinearBiasDrift,28,6,2.45832223466782,1.06107738440559,1.06672080507992,0.781662161317874,1,1,2,10,0,0,1,0,0
NUAA,W4,14,vibration_y,GainDrift,28,12,1.23327682211356,1.23327682211356,1.23327682211356,0.894481769621459,0,0,NaN,NaN,0.0909090909090909,0,0,0.0909090909090909,0
NUAA,W4,14,vibration_y,ColoredNoiseRamp,28,8,1.17603068273218,1.172834916171,1.17603068273218,0.751549486586916,1,0,0,NaN,0,0,0,0,0
NUAA,W4,14,vibration_y,IntermittentRecordDropout,28,7,1.11973146933755,0.880444528659292,0.748247086032974,0.756426403084761,1,1,1,1,0,0,1,0,0
NUAA,W4,15,force_z,LinearBiasDrift,28,12,1.22474196802508,1.22474196802508,1.22474196802508,1.12347847579523,0,0,NaN,NaN,0.0909090909090909,0,0,0.0909090909090909,0
NUAA,W4,15,force_z,GainDrift,28,9,0.896929706197589,0.982282722977736,1.01099481287809,0.975523124858223,1,1,3,4,0.125,0,1,0.125,0
NUAA,W4,15,force_z,ColoredNoiseRamp,28,6,0.679348552099428,0.814641961796076,0.753494497303495,0.949987916080455,1,1,18,21,0,0,1,0,0
NUAA,W4,15,force_z,IntermittentRecordDropout,28,11,1.26997573992486,1.14184680216945,1.12900057169656,1.06785908594266,1,1,7,7,0.1,0,3,0.1,0
NUAA,W4,15,vibration_x,LinearBiasDrift,28,10,1.08351121771875,1.08351121771875,1.08351121771875,1.07641983592289,0,0,NaN,NaN,0.111111111111111,0,0,0.111111111111111,0
NUAA,W4,15,vibration_x,GainDrift,28,7,0.983448304165066,0.980432551037826,0.983448304165066,0.976558778637174,0,0,NaN,NaN,0,0,0,0,0
NUAA,W4,15,vibration_x,ColoredNoiseRamp,28,10,1.06138460610654,1.06138460610654,1.06138460610654,1.07641983592289,0,0,NaN,NaN,0.111111111111111,0,0,0.111111111111111,0
NUAA,W4,15,vibration_x,IntermittentRecordDropout,28,6,0.999315804704541,0.99714816678919,0.984421875139879,0.984043069717502,1,1,0,0,0,0,3,0,0
NUAA,W4,15,vibration_y,LinearBiasDrift,28,9,2.23520435731112,1.21729759900338,1.2968480680335,0.781025179615575,1,1,11,12,0.125,0,1,0.125,0
NUAA,W4,15,vibration_y,GainDrift,28,12,1.07933734390057,1.07933734390057,1.07933734390057,0.894481769621459,0,0,NaN,NaN,0.0909090909090909,0,0,0.0909090909090909,0
NUAA,W4,15,vibration_y,ColoredNoiseRamp,28,9,1.11055435789134,1.11055435789134,1.11055435789134,0.781025179615575,0,0,NaN,NaN,0.125,0,0,0.125,0
NUAA,W4,15,vibration_y,IntermittentRecordDropout,28,9,1.17812352727342,0.893490533219667,0.817684341454894,0.781025179615575,1,1,3,3,0.125,0,3,0.125,0
NUAA,W4,16,force_z,LinearBiasDrift,28,8,0.913193458039752,0.90986106846942,0.913193458039752,0.93240246588227,0,0,NaN,NaN,0,0,0,0,0
NUAA,W4,16,force_z,GainDrift,28,8,0.709617762955954,0.888437976561835,0.969761939143193,0.93240246588227,1,1,4,5,0,0,1,0,0
NUAA,W4,16,force_z,ColoredNoiseRamp,28,12,1.40237875671413,1.09574974403176,1.03874048058845,1.12347847579523,1,1,5,6,0.0909090909090909,0,1,0.0909090909090909,0
NUAA,W4,16,force_z,IntermittentRecordDropout,28,12,1.27777834158898,1.13146234492965,1.15547536799742,1.12347847579523,1,1,10,10,0.0909090909090909,0,3,0.0909090909090909,0
NUAA,W4,16,vibration_x,LinearBiasDrift,28,11,1.12232281921385,1.12232281921385,1.12232281921385,1.12334567576077,0,0,NaN,NaN,0.1,0,0,0.1,0
NUAA,W4,16,vibration_x,GainDrift,28,9,1.03776804698057,1.03776804698057,1.03776804698057,1.03749686500997,0,0,NaN,NaN,0.125,0,0,0.125,0
NUAA,W4,16,vibration_x,ColoredNoiseRamp,28,11,1.11380620243223,1.11380620243223,1.11380620243223,1.12334567576077,0,0,NaN,NaN,0.1,0,0,0.1,0
NUAA,W4,16,vibration_x,IntermittentRecordDropout,28,6,1.00037566889042,0.996270757419702,1.00134553637052,0.984043069717502,1,1,4,4,0,0,3,0,0
NUAA,W4,16,vibration_y,LinearBiasDrift,28,8,2.4257835111,1.1307399642376,1.13520564244466,0.751549486586916,1,1,0,10,0,0,1,0,0
NUAA,W4,16,vibration_y,GainDrift,28,11,1.18295269043466,1.18295269043466,1.18295269043466,0.847582418905096,0,0,NaN,NaN,0.1,0,0,0.1,0
NUAA,W4,16,vibration_y,ColoredNoiseRamp,28,12,1.19512010633861,1.19512010633861,1.19512010633861,0.894481769621459,0,0,NaN,NaN,0.0909090909090909,0,0,0.0909090909090909,0
NUAA,W4,16,vibration_y,IntermittentRecordDropout,28,12,1.32051110569074,0.971540823535971,0.904826429803733,0.894481769621459,1,1,2,2,0.0909090909090909,0,1,0.0909090909090909,0
NUAA,W4,17,force_z,LinearBiasDrift,28,9,1.09778810108618,1.09778810108618,1.09778810108618,0.975523124858223,0,0,NaN,NaN,0.125,0,0,0.125,0
NUAA,W4,17,force_z,GainDrift,28,10,2.08206078788736,1.06132377645251,1.0776532617948,1.01306345103941,1,1,0,4,0.111111111111111,0,1,0.111111111111111,0
NUAA,W4,17,force_z,ColoredNoiseRamp,28,9,0.550525236415822,0.911693818646816,0.825604008536318,0.975523124858223,1,1,10,13,0.125,0,1,0.125,0
NUAA,W4,17,force_z,IntermittentRecordDropout,28,8,1.13150646709113,1.03536540909889,1.01121752599296,0.93240246588227,1,1,10,10,0,0,3,0,0
NUAA,W4,17,vibration_x,LinearBiasDrift,28,8,1.00864094181886,1.00533661165868,1.00864094181886,0.991405692117593,0,0,NaN,NaN,0,0,0,0,0
NUAA,W4,17,vibration_x,GainDrift,28,9,1.04786896826122,1.04786896826122,1.04786896826122,1.03749686500997,0,0,NaN,NaN,0.125,0,0,0.125,0
NUAA,W4,17,vibration_x,ColoredNoiseRamp,28,11,1.1041900993528,1.1041900993528,1.1041900993528,1.12334567576077,0,0,NaN,NaN,0.1,0,0,0.1,0
NUAA,W4,17,vibration_x,IntermittentRecordDropout,28,12,1.17260606170203,1.17245191427051,1.1746109237758,1.17314678935447,1,1,6,6,0.0909090909090909,0,1,0.0909090909090909,0
NUAA,W4,17,vibration_y,LinearBiasDrift,28,12,1.64836532445732,1.64836532445732,1.64836532445732,0.894481769621459,0,0,NaN,NaN,0.0909090909090909,0,0,0.0909090909090909,0
NUAA,W4,17,vibration_y,GainDrift,28,10,1.00588010560873,1.00588010560873,1.00588010560873,0.820177075928471,0,0,NaN,NaN,0.111111111111111,0,0,0.111111111111111,0
NUAA,W4,17,vibration_y,ColoredNoiseRamp,28,7,1.22456824577288,1.22174325992633,1.22456824577288,0.756426403084761,1,0,1,NaN,0,0,0,0,0
NUAA,W4,17,vibration_y,IntermittentRecordDropout,28,11,1.21531222310708,1.03032140091497,0.885376161764112,0.847582418905096,1,1,4,4,0.1,0,1,0.1,0
NUAA,W4,18,force_z,LinearBiasDrift,28,8,1.05856898730028,1.05550915967101,1.05856898730028,0.93240246588227,0,0,NaN,NaN,0,0,0,0,0
NUAA,W4,18,force_z,GainDrift,28,12,0.536361949449298,0.98145548525382,1.00756932659746,1.12347847579523,1,1,5,6,0.0909090909090909,0,1,0.0909090909090909,0
NUAA,W4,18,force_z,ColoredNoiseRamp,28,11,0.783709683831109,0.996898618457441,0.996898618457441,1.06785908594266,1,1,8,8,0.1,0,1,0.1,0
NUAA,W4,18,force_z,IntermittentRecordDropout,28,7,1.13640977856819,1.01627224558044,0.98318313197331,0.928159836707657,1,1,3,3,0,0,3,0,0
NUAA,W4,18,vibration_x,LinearBiasDrift,28,10,1.07456091955435,1.07456091955435,1.07456091955435,1.07641983592289,0,0,NaN,NaN,0.111111111111111,0,0,0.111111111111111,0
NUAA,W4,18,vibration_x,GainDrift,28,7,0.983632855984856,0.980615554603084,0.983632855984856,0.976558778637174,0,0,NaN,NaN,0,0,0,0,0
NUAA,W4,18,vibration_x,ColoredNoiseRamp,28,11,1.11029733086497,1.11029733086497,1.11029733086497,1.12334567576077,0,0,NaN,NaN,0.1,0,0,0.1,0
NUAA,W4,18,vibration_x,IntermittentRecordDropout,28,8,1.00887740068845,1.00619091478395,1.00929620548605,0.991405692117593,1,1,3,3,0,0,1,0,0
NUAA,W4,18,vibration_y,LinearBiasDrift,28,12,0.496916569400909,0.608949926182958,0.605821438153778,0.894481769621459,1,1,11,13,0.0909090909090909,0,1,0.0909090909090909,0
NUAA,W4,18,vibration_y,GainDrift,28,7,0.902293999319476,0.899244626499464,0.902293999319476,0.756426403084761,1,0,1,NaN,0,0,0,0,0
NUAA,W4,18,vibration_y,ColoredNoiseRamp,28,11,1.21673998890435,1.21673998890435,1.21673998890435,0.847582418905096,0,0,NaN,NaN,0.1,0,0,0.1,0
NUAA,W4,18,vibration_y,IntermittentRecordDropout,28,11,1.20507465272208,1.0108587930282,0.914054799482926,0.847582418905096,1,1,4,4,0.1,0,3,0.1,0
NUAA,W4,19,force_z,LinearBiasDrift,28,7,0.871494461222135,0.868151511129417,0.871494461222135,0.928159836707657,0,0,NaN,NaN,0,0,0,0,0
NUAA,W4,19,force_z,GainDrift,28,11,0.480428687545631,0.928224397865593,0.949955826118944,1.06785908594266,1,1,6,7,0.1,0,1,0.1,0
NUAA,W4,19,force_z,ColoredNoiseRamp,28,12,0.760942734646261,0.956218551322495,0.956218551322495,1.12347847579523,1,1,14,14,0.0909090909090909,0,1,0.0909090909090909,0
NUAA,W4,19,force_z,IntermittentRecordDropout,28,8,1.18953351145885,0.956945560693572,0.979598803856781,0.93240246588227,1,1,2,2,0,0,5,0,0
NUAA,W4,19,vibration_x,LinearBiasDrift,28,9,1.04958755980206,1.04958755980206,1.04958755980206,1.03749686500997,0,0,NaN,NaN,0.125,0,0,0.125,0
NUAA,W4,19,vibration_x,GainDrift,28,11,1.12222810374994,1.12222810374994,1.12222810374994,1.12334567576077,0,0,NaN,NaN,0.1,0,0,0.1,0
NUAA,W4,19,vibration_x,ColoredNoiseRamp,28,10,1.06660992414731,1.06660992414731,1.06660992414731,1.07641983592289,0,0,NaN,NaN,0.111111111111111,0,0,0.111111111111111,0
NUAA,W4,19,vibration_x,IntermittentRecordDropout,28,6,1.00065279404944,0.994116164068107,0.984091935028397,0.984043069717502,1,1,1,1,0,0,3,0,0
NUAA,W4,19,vibration_y,LinearBiasDrift,28,8,0.503803236655796,0.588227646521157,0.527163499787276,0.751549486586916,1,1,0,13,0,0,1,0,0
NUAA,W4,19,vibration_y,GainDrift,28,9,1.10150356557877,1.10150356557877,1.10150356557877,0.781025179615575,0,0,NaN,NaN,0.125,0,0,0.125,0
NUAA,W4,19,vibration_y,ColoredNoiseRamp,28,7,1.34865025831139,1.0876357765555,1.14246521765043,0.756426403084761,1,1,1,19,0,0,1,0,0
NUAA,W4,19,vibration_y,IntermittentRecordDropout,28,8,1.14318286948289,0.841118039351476,0.791675779768045,0.751549486586916,1,1,0,6,0,0,1,0,0
NUAA,W4,20,force_z,LinearBiasDrift,28,8,1.05245473835042,1.04934430993472,1.05245473835042,0.93240246588227,0,0,NaN,NaN,0,0,0,0,0
NUAA,W4,20,force_z,GainDrift,28,8,2.66253473350247,0.968212687438724,0.972743681541737,0.93240246588227,1,1,2,2,0,0,1,0,0
NUAA,W4,20,force_z,ColoredNoiseRamp,28,6,1.4772566790772,0.969359832862173,0.967527801619502,0.949987916080455,1,1,7,8,0,0,1,0,0
NUAA,W4,20,force_z,IntermittentRecordDropout,28,8,1.09364981725179,1.02067750856902,0.994032321130507,0.93240246588227,1,1,3,3,0,0,5,0,0
NUAA,W4,20,vibration_x,LinearBiasDrift,28,6,1.00535168006772,1.00278764955776,1.00535168006772,0.984043069717502,0,0,NaN,NaN,0,0,0,0,0
NUAA,W4,20,vibration_x,GainDrift,28,9,1.04936717093055,1.04936717093055,1.04936717093055,1.03749686500997,0,0,NaN,NaN,0.125,0,0,0.125,0
NUAA,W4,20,vibration_x,ColoredNoiseRamp,28,12,1.15644538916403,1.15644538916403,1.15644538916403,1.17314678935447,0,0,NaN,NaN,0.0909090909090909,0,0,0.0909090909090909,0
NUAA,W4,20,vibration_x,IntermittentRecordDropout,28,11,1.12204183555064,1.12142654681631,1.1238688087691,1.12334567576077,1,1,4,4,0.1,0,1,0.1,0
NUAA,W4,20,vibration_y,LinearBiasDrift,28,10,0.545250715626891,0.569628265457137,0.535142736526942,0.820177075928471,1,1,9,11,0.111111111111111,0,1,0.111111111111111,0
NUAA,W4,20,vibration_y,GainDrift,28,10,0.976807884106175,0.976807884106175,0.976807884106175,0.820177075928471,0,0,NaN,NaN,0.111111111111111,0,0,0.111111111111111,0
NUAA,W4,20,vibration_y,ColoredNoiseRamp,28,6,1.15950587069534,1.1564419690166,1.15950587069534,0.781662161317874,1,0,2,NaN,0,0,0,0,0
NUAA,W4,20,vibration_y,IntermittentRecordDropout,28,11,1.25449258359078,0.992164783509621,0.920910939836648,0.847582418905096,1,1,7,7,0.1,0,1,0.1,0
NUAA,W4,21,force_z,LinearBiasDrift,28,10,0.908376394361886,0.908376394361886,0.908376394361886,1.01306345103941,0,0,NaN,NaN,0.111111111111111,0,0,0.111111111111111,0
NUAA,W4,21,force_z,GainDrift,28,8,0.495583829780422,0.894360600259058,0.921059618407559,0.93240246588227,1,1,5,7,0,0,1,0,0
NUAA,W4,21,force_z,ColoredNoiseRamp,28,9,0.565970418317566,0.908490206015607,0.924582099857823,0.975523124858223,1,1,10,11,0.125,0,1,0.125,0
NUAA,W4,21,force_z,IntermittentRecordDropout,28,11,1.20111994188315,1.07931117220758,1.09080477115194,1.06785908594266,1,1,3,3,0.1,0,5,0.1,0
NUAA,W4,21,vibration_x,LinearBiasDrift,28,9,1.04999254453576,1.04999254453576,1.04999254453576,1.03749686500997,0,0,NaN,NaN,0.125,0,0,0.125,0
NUAA,W4,21,vibration_x,GainDrift,28,7,0.982650323545533,0.979641264890947,0.982650323545533,0.976558778637174,0,0,NaN,NaN,0,0,0,0,0
NUAA,W4,21,vibration_x,ColoredNoiseRamp,28,8,0.999767481205526,0.996573318107868,0.999767481205526,0.991405692117593,0,0,NaN,NaN,0,0,0,0,0
NUAA,W4,21,vibration_x,IntermittentRecordDropout,28,6,0.999617651581045,0.987766973737124,0.991803633066871,0.984043069717502,1,1,3,3,0,0,1,0,0
NUAA,W4,21,vibration_y,LinearBiasDrift,28,9,1.64464428248482,1.64464428248482,1.64464428248482,0.781025179615575,0,0,NaN,NaN,0.125,0,0,0.125,0
NUAA,W4,21,vibration_y,GainDrift,28,11,1.07304914439227,1.07304914439227,1.07304914439227,0.847582418905096,0,0,NaN,NaN,0.1,0,0,0.1,0
NUAA,W4,21,vibration_y,ColoredNoiseRamp,28,11,1.3926599883012,1.3926599883012,1.3926599883012,0.847582418905096,0,0,NaN,NaN,0.1,0,0,0.1,0
NUAA,W4,21,vibration_y,IntermittentRecordDropout,28,11,1.30937798188004,0.980603704156081,0.859685222250959,0.847582418905096,1,1,1,1,0.1,0,1,0.1,0
NUAA,W4,22,force_z,LinearBiasDrift,28,12,1.06789606814498,1.06789606814498,1.06789606814498,1.12347847579523,0,0,NaN,NaN,0.0909090909090909,0,0,0.0909090909090909,0
NUAA,W4,22,force_z,GainDrift,28,7,0.907031487289828,0.881581655504957,0.959902359973914,0.928159836707657,1,1,4,5,0,0,1,0,0
NUAA,W4,22,force_z,ColoredNoiseRamp,28,8,1.35742573927043,0.94694362197882,0.932248678463236,0.93240246588227,1,1,5,7,0,0,1,0,0
NUAA,W4,22,force_z,IntermittentRecordDropout,28,11,1.28741465349938,1.09630480341205,1.10648795869597,1.06785908594266,1,1,7,7,0.1,0,5,0.1,0
NUAA,W4,22,vibration_x,LinearBiasDrift,28,10,1.07983988241853,1.07983988241853,1.07983988241853,1.07641983592289,0,0,NaN,NaN,0.111111111111111,0,0,0.111111111111111,0
NUAA,W4,22,vibration_x,GainDrift,28,6,0.99305817590617,0.990166908661426,0.99305817590617,0.984043069717502,0,0,NaN,NaN,0,0,0,0,0
NUAA,W4,22,vibration_x,ColoredNoiseRamp,28,10,1.06300793503401,1.06300793503401,1.06300793503401,1.07641983592289,0,0,NaN,NaN,0.111111111111111,0,0,0.111111111111111,0
NUAA,W4,22,vibration_x,IntermittentRecordDropout,28,6,1.0026907450197,0.998167280120318,1.0010407984888,0.984043069717502,1,1,7,7,0,0,1,0,0
NUAA,W4,22,vibration_y,LinearBiasDrift,28,10,2.56638008599462,1.13876635274425,1.29445475940717,0.820177075928471,1,1,8,10,0.111111111111111,0,1,0.111111111111111,0
NUAA,W4,22,vibration_y,GainDrift,28,11,1.20823143692537,1.16561441261297,1.20823143692537,0.847582418905096,1,0,16,NaN,0.1,0,0,0.1,0
NUAA,W4,22,vibration_y,ColoredNoiseRamp,28,11,1.184099554657,1.184099554657,1.184099554657,0.847582418905096,0,0,NaN,NaN,0.1,0,0,0.1,0
NUAA,W4,22,vibration_y,IntermittentRecordDropout,28,12,1.28038414398165,1.05346487511885,0.96753314076611,0.894481769621459,1,1,7,7,0.0909090909090909,0,1,0.0909090909090909,0
NUAA,W4,23,force_z,LinearBiasDrift,28,10,0.887136663853228,0.887136663853228,0.887136663853228,1.01306345103941,0,0,NaN,NaN,0.111111111111111,0,0,0.111111111111111,0
NUAA,W4,23,force_z,GainDrift,28,6,1.05094333074197,0.938040812871754,0.931931473824302,0.949987916080455,1,1,3,5,0,0,1,0,0
NUAA,W4,23,force_z,ColoredNoiseRamp,28,7,1.28048358528989,0.902417881084795,0.904987197941287,0.928159836707657,1,1,8,8,0,0,1,0,0
NUAA,W4,23,force_z,IntermittentRecordDropout,28,10,1.21488146545309,1.06692562344702,1.06747138047826,1.01306345103941,1,1,11,11,0.111111111111111,0,2,0.111111111111111,0
NUAA,W4,23,vibration_x,LinearBiasDrift,28,10,1.08274541749942,1.08274541749942,1.08274541749942,1.07641983592289,0,0,NaN,NaN,0.111111111111111,0,0,0.111111111111111,0
NUAA,W4,23,vibration_x,GainDrift,28,9,1.04818605090357,1.04818605090357,1.04818605090357,1.03749686500997,0,0,NaN,NaN,0.125,0,0,0.125,0
NUAA,W4,23,vibration_x,ColoredNoiseRamp,28,9,1.03755255003717,1.03755255003717,1.03755255003717,1.03749686500997,0,0,NaN,NaN,0.125,0,0,0.125,0
NUAA,W4,23,vibration_x,IntermittentRecordDropout,28,9,1.0475590278802,1.04711005623223,1.04923558368464,1.03749686500997,1,1,8,8,0.125,0,1,0.125,0
NUAA,W4,23,vibration_y,LinearBiasDrift,28,9,2.2047455279481,1.20798784823439,1.28605544384822,0.781025179615575,1,1,11,12,0.125,0,1,0.125,0
NUAA,W4,23,vibration_y,GainDrift,28,12,1.22329192245851,1.22329192245851,1.22329192245851,0.894481769621459,0,0,NaN,NaN,0.0909090909090909,0,0,0.0909090909090909,0
NUAA,W4,23,vibration_y,ColoredNoiseRamp,28,6,1.35978884215371,1.1030881727034,1.17713381406594,0.781662161317874,1,1,2,20,0,0,1,0,0
NUAA,W4,23,vibration_y,IntermittentRecordDropout,28,9,1.20907842988959,0.866960242769318,0.800097467575787,0.781025179615575,1,1,2,2,0.125,0,1,0.125,0
NUAA,W4,24,force_z,LinearBiasDrift,28,7,0.934389592016431,0.931184531106896,0.934389592016431,0.928159836707657,0,0,NaN,NaN,0,0,0,0,0
NUAA,W4,24,force_z,GainDrift,28,6,2.36537618287473,0.99887440517451,0.9973987266742,0.949987916080455,1,1,0,4,0,0,1,0,0
NUAA,W4,24,force_z,ColoredNoiseRamp,28,12,1.56360426722892,1.08378235362257,1.02914934136531,1.12347847579523,1,1,5,6,0.0909090909090909,0,1,0.0909090909090909,0
NUAA,W4,24,force_z,IntermittentRecordDropout,28,10,1.22621479422373,1.11678720249119,1.07373381922633,1.01306345103941,1,1,1,1,0.111111111111111,0,5,0.111111111111111,0
NUAA,W4,24,vibration_x,LinearBiasDrift,28,8,1.00680714762806,1.00352262666627,1.00680714762806,0.991405692117593,0,0,NaN,NaN,0,0,0,0,0
NUAA,W4,24,vibration_x,GainDrift,28,9,1.03933631921947,1.03933631921947,1.03933631921947,1.03749686500997,0,0,NaN,NaN,0.125,0,0,0.125,0
NUAA,W4,24,vibration_x,ColoredNoiseRamp,28,9,1.03916896522884,1.03916896522884,1.03916896522884,1.03749686500997,0,0,NaN,NaN,0.125,0,0,0.125,0
NUAA,W4,24,vibration_x,IntermittentRecordDropout,28,8,1.00815637164855,1.0057420857455,1.00948105460353,0.991405692117593,1,1,6,6,0,0,1,0,0
NUAA,W4,24,vibration_y,LinearBiasDrift,28,9,0.387070125083427,0.470862786204875,0.470862786204875,0.781025179615575,1,1,14,14,0.125,0,1,0.125,0
NUAA,W4,24,vibration_y,GainDrift,28,11,1.18144345665946,1.18144345665946,1.18144345665946,0.847582418905096,0,0,NaN,NaN,0.1,0,0,0.1,0
NUAA,W4,24,vibration_y,ColoredNoiseRamp,28,9,1.09376286712593,1.09376286712593,1.09376286712593,0.781025179615575,0,0,NaN,NaN,0.125,0,0,0.125,0
NUAA,W4,24,vibration_y,IntermittentRecordDropout,28,12,1.21692740545384,1.14610582028332,0.956709132186774,0.894481769621459,1,1,3,3,0.0909090909090909,0,3,0.0909090909090909,0
NUAA,W4,25,force_z,LinearBiasDrift,28,8,0.932857057679425,0.929548205447466,0.932857057679425,0.93240246588227,0,0,NaN,NaN,0,0,0,0,0
NUAA,W4,25,force_z,GainDrift,28,7,2.55214433164878,0.970307870106256,0.975644872836914,0.928159836707657,1,1,3,3,0,0,1,0,0
NUAA,W4,25,force_z,ColoredNoiseRamp,28,6,0.594003602010377,0.826893984442495,0.799403111386511,0.949987916080455,1,1,17,18,0,0,1,0,0
NUAA,W4,25,force_z,IntermittentRecordDropout,28,6,1.13844016160141,0.978532807315101,0.999110017457458,0.949987916080455,1,1,6,6,0,0,9,0,0
NUAA,W4,25,vibration_x,LinearBiasDrift,28,7,1.00226460010583,0.998923267276718,1.00226460010583,0.976558778637174,0,0,NaN,NaN,0,0,0,0,0
NUAA,W4,25,vibration_x,GainDrift,28,8,1.00839517777273,1.00516325533422,1.00839517777273,0.991405692117593,0,0,NaN,NaN,0,0,0,0,0
NUAA,W4,25,vibration_x,ColoredNoiseRamp,28,12,1.15921746906758,1.15921746906758,1.15921746906758,1.17314678935447,0,0,NaN,NaN,0.0909090909090909,0,0,0.0909090909090909,0
NUAA,W4,25,vibration_x,IntermittentRecordDropout,28,12,1.16933143272344,1.16977170266313,1.17241756258782,1.17314678935447,1,1,4,4,0.0909090909090909,0,3,0.0909090909090909,0
NUAA,W4,25,vibration_y,LinearBiasDrift,28,7,0.51102605142746,0.508883107915025,0.51102605142746,0.756426403084761,1,0,1,NaN,0,0,0,0,0
NUAA,W4,25,vibration_y,GainDrift,28,8,1.05634909157566,1.05312897288387,1.05634909157566,0.751549486586916,1,0,0,NaN,0,0,0,0,0
NUAA,W4,25,vibration_y,ColoredNoiseRamp,28,9,1.19710679137193,1.19710679137193,1.19710679137193,0.781025179615575,0,0,NaN,NaN,0.125,0,0,0.125,0
NUAA,W4,25,vibration_y,IntermittentRecordDropout,28,6,1.14040040190255,0.86536068070312,0.796303490948767,0.781662161317874,1,1,2,7,0,0,1,0,0
NUAA,W4,26,force_z,LinearBiasDrift,28,11,1.17324158466755,1.17324158466755,1.17324158466755,1.06785908594266,0,0,NaN,NaN,0.1,0,0,0.1,0
NUAA,W4,26,force_z,GainDrift,28,8,1.12889555648079,0.893006288129318,0.979693460352402,0.93240246588227,1,1,3,4,0,0,1,0,0
NUAA,W4,26,force_z,ColoredNoiseRamp,28,9,1.1752195879138,0.935493715143443,0.901597082417431,0.975523124858223,1,1,7,8,0.125,0,1,0.125,0
NUAA,W4,26,force_z,IntermittentRecordDropout,28,10,1.17009250151018,1.03035684138921,1.04124551407334,1.01306345103941,1,1,11,11,0.111111111111111,0,3,0.111111111111111,0
NUAA,W4,26,vibration_x,LinearBiasDrift,28,9,1.05735149856929,1.05735149856929,1.05735149856929,1.03749686500997,0,0,NaN,NaN,0.125,0,0,0.125,0
NUAA,W4,26,vibration_x,GainDrift,28,10,1.07751599406379,1.07751599406379,1.07751599406379,1.07641983592289,0,0,NaN,NaN,0.111111111111111,0,0,0.111111111111111,0
NUAA,W4,26,vibration_x,ColoredNoiseRamp,28,12,1.16378181571723,1.16378181571723,1.16378181571723,1.17314678935447,0,0,NaN,NaN,0.0909090909090909,0,0,0.0909090909090909,0
NUAA,W4,26,vibration_x,IntermittentRecordDropout,28,10,1.07470606179783,1.07461805667372,1.07641983592289,1.07641983592289,1,1,0,0,0.111111111111111,0,1,0.111111111111111,0
NUAA,W4,26,vibration_y,LinearBiasDrift,28,9,2.53313702249496,1.15219225144,1.23094112384577,0.781025179615575,1,1,9,10,0.125,0,1,0.125,0
NUAA,W4,26,vibration_y,GainDrift,28,7,0.903788247842031,0.900738555953169,0.903788247842031,0.756426403084761,1,0,1,NaN,0,0,0,0,0
NUAA,W4,26,vibration_y,ColoredNoiseRamp,28,12,1.21769195939839,1.21769195939839,1.21769195939839,0.894481769621459,0,0,NaN,NaN,0.0909090909090909,0,0,0.0909090909090909,0
NUAA,W4,26,vibration_y,IntermittentRecordDropout,28,7,1.07677937598905,0.918639190883718,0.828649624680585,0.756426403084761,1,1,1,11,0,0,1,0,0
NUAA,W4,27,force_z,LinearBiasDrift,28,10,0.910313584813633,0.910313584813633,0.910313584813633,1.01306345103941,0,0,NaN,NaN,0.111111111111111,0,0,0.111111111111111,0
NUAA,W4,27,force_z,GainDrift,28,12,2.24733663678044,1.18881279216238,1.22767880143639,1.12347847579523,1,1,2,4,0.0909090909090909,0,1,0.0909090909090909,0
NUAA,W4,27,force_z,ColoredNoiseRamp,28,11,1.46118860542126,1.02675413372173,1.02675413372173,1.06785908594266,1,1,6,6,0.1,0,1,0.1,0
NUAA,W4,27,force_z,IntermittentRecordDropout,28,6,1.0746143994891,1.01939357067061,0.986558508501829,0.949987916080455,1,1,11,11,0,0,4,0,0
NUAA,W4,27,vibration_x,LinearBiasDrift,28,8,1.00617836954548,1.00290220704179,1.00617836954548,0.991405692117593,0,0,NaN,NaN,0,0,0,0,0
NUAA,W4,27,vibration_x,GainDrift,28,12,1.17436544233347,1.17436544233347,1.17436544233347,1.17314678935447,0,0,NaN,NaN,0.0909090909090909,0,0,0.0909090909090909,0
NUAA,W4,27,vibration_x,ColoredNoiseRamp,28,12,1.15896166076643,1.15896166076643,1.15896166076643,1.17314678935447,0,0,NaN,NaN,0.0909090909090909,0,0,0.0909090909090909,0
NUAA,W4,27,vibration_x,IntermittentRecordDropout,28,11,1.11982918241858,1.12015038279443,1.12427761071874,1.12334567576077,1,1,8,8,0.1,0,1,0.1,0
NUAA,W4,27,vibration_y,LinearBiasDrift,28,12,0.563599514257946,0.563599514257946,0.563599514257946,0.894481769621459,0,0,NaN,NaN,0.0909090909090909,0,0,0.0909090909090909,0
NUAA,W4,27,vibration_y,GainDrift,28,7,0.912346565766829,0.90929504640909,0.912346565766829,0.756426403084761,1,0,1,NaN,0,0,0,0,0
NUAA,W4,27,vibration_y,ColoredNoiseRamp,28,13,1.48827410965026,1.48827410965026,1.48827410965026,0.923864928922636,0,0,NaN,NaN,0.0833333333333333,0,0,0.0833333333333333,0
NUAA,W4,27,vibration_y,IntermittentRecordDropout,28,8,1.14922639306221,0.843419139379149,0.751549486586916,0.751549486586916,1,1,0,0,0,0,1,0,0
NUAA,W4,28,force_z,LinearBiasDrift,28,10,1.10462955405152,1.10462955405152,1.10462955405152,1.01306345103941,0,0,NaN,NaN,0.111111111111111,0,0,0.111111111111111,0
NUAA,W4,28,force_z,GainDrift,28,7,2.71912481588,0.973907807944289,0.979483570412334,0.928159836707657,1,1,3,3,0,0,1,0,0
NUAA,W4,28,force_z,ColoredNoiseRamp,28,11,0.702592524800412,1.01557851442865,0.969911931469724,1.06785908594266,1,1,8,9,0.1,0,1,0.1,0
NUAA,W4,28,force_z,IntermittentRecordDropout,28,12,1.38962638678962,1.20926082243643,1.17716475057564,1.12347847579523,1,1,3,3,0.0909090909090909,0,7,0.0909090909090909,0
NUAA,W4,28,vibration_x,LinearBiasDrift,28,9,1.04903496640318,1.04903496640318,1.04903496640318,1.03749686500997,0,0,NaN,NaN,0.125,0,0,0.125,0
NUAA,W4,28,vibration_x,GainDrift,28,10,1.06745265390173,1.06745265390173,1.06745265390173,1.07641983592289,0,0,NaN,NaN,0.111111111111111,0,0,0.111111111111111,0
NUAA,W4,28,vibration_x,ColoredNoiseRamp,28,8,0.99750829674392,0.994352765400205,0.99750829674392,0.991405692117593,0,0,NaN,NaN,0,0,0,0,0
NUAA,W4,28,vibration_x,IntermittentRecordDropout,28,10,1.07484270423815,1.07514087372658,1.07687838985524,1.07641983592289,1,1,1,1,0.111111111111111,0,1,0.111111111111111,0
NUAA,W4,28,vibration_y,LinearBiasDrift,28,9,2.06552685351567,1.23654464481205,1.32105481951036,0.781025179615575,1,1,12,13,0.125,0,1,0.125,0
NUAA,W4,28,vibration_y,GainDrift,28,12,1.08023014836021,1.08023014836021,1.08023014836021,0.894481769621459,0,0,NaN,NaN,0.0909090909090909,0,0,0.0909090909090909,0
NUAA,W4,28,vibration_y,ColoredNoiseRamp,28,12,1.2154020648656,1.2154020648656,1.2154020648656,0.894481769621459,0,0,NaN,NaN,0.0909090909090909,0,0,0.0909090909090909,0
NUAA,W4,28,vibration_y,IntermittentRecordDropout,28,10,1.17031081467611,0.942209304980356,0.858480272245592,0.820177075928471,1,1,5,5,0.111111111111111,0,3,0.111111111111111,0
NUAA,W4,29,force_z,LinearBiasDrift,28,7,0.817375559033618,0.81391804325956,0.817375559033618,0.928159836707657,0,0,NaN,NaN,0,0,0,0,0
NUAA,W4,29,force_z,GainDrift,28,10,1.08967107822948,1.0093986122673,1.00243517968575,1.01306345103941,1,1,2,3,0.111111111111111,0,3,0.111111111111111,0
NUAA,W4,29,force_z,ColoredNoiseRamp,28,12,0.680831682127476,1.01932412317409,0.962451124698298,1.12347847579523,1,1,11,12,0.0909090909090909,0,1,0.0909090909090909,0
NUAA,W4,29,force_z,IntermittentRecordDropout,28,12,1.33924903816516,1.2211051729815,1.17370360843881,1.12347847579523,1,1,9,9,0.0909090909090909,0,3,0.0909090909090909,0
NUAA,W4,29,vibration_x,LinearBiasDrift,28,7,0.994467513022852,0.991227127689017,0.994467513022852,0.976558778637174,0,0,NaN,NaN,0,0,0,0,0
NUAA,W4,29,vibration_x,GainDrift,28,9,1.04731898897994,1.04731898897994,1.04731898897994,1.03749686500997,0,0,NaN,NaN,0.125,0,0,0.125,0
NUAA,W4,29,vibration_x,ColoredNoiseRamp,28,12,1.15798829573611,1.15798829573611,1.15798829573611,1.17314678935447,0,0,NaN,NaN,0.0909090909090909,0,0,0.0909090909090909,0
NUAA,W4,29,vibration_x,IntermittentRecordDropout,28,11,1.11925284114911,1.12085326488537,1.12286885199881,1.12334567576077,1,1,1,1,0.1,0,1,0.1,0
NUAA,W4,29,vibration_y,LinearBiasDrift,28,7,0.580566429175076,0.631196948006601,0.631589536397447,0.756426403084761,1,1,1,11,0,0,1,0,0
NUAA,W4,29,vibration_y,GainDrift,28,12,1.2420281137796,1.2420281137796,1.2420281137796,0.894481769621459,0,0,NaN,NaN,0.0909090909090909,0,0,0.0909090909090909,0
NUAA,W4,29,vibration_y,ColoredNoiseRamp,28,9,1.2867614621508,1.2867614621508,1.2867614621508,0.781025179615575,0,0,NaN,NaN,0.125,0,0,0.125,0
NUAA,W4,29,vibration_y,IntermittentRecordDropout,28,12,1.28052794688745,1.07233241223455,0.894481769621459,0.894481769621459,1,1,0,0,0.0909090909090909,0,1,0.0909090909090909,0
NUAA,W4,30,force_z,LinearBiasDrift,28,12,1.21599236936718,1.21599236936718,1.21599236936718,1.12347847579523,0,0,NaN,NaN,0.0909090909090909,0,0,0.0909090909090909,0
NUAA,W4,30,force_z,GainDrift,28,7,2.63368435928036,0.972065794286059,0.97751938833979,0.928159836707657,1,1,3,3,0,0,1,0,0
NUAA,W4,30,force_z,ColoredNoiseRamp,28,9,0.736898056508927,0.950206263162377,0.903749387168112,0.975523124858223,1,1,8,9,0.125,0,1,0.125,0
NUAA,W4,30,force_z,IntermittentRecordDropout,28,7,1.12455180675438,0.97556289843043,0.999013437044462,0.928159836707657,1,1,12,12,0,0,1,0,0
NUAA,W4,30,vibration_x,LinearBiasDrift,28,6,1.00867004942573,1.00621233770586,1.00867004942573,0.984043069717502,0,0,NaN,NaN,0,0,0,0,0
NUAA,W4,30,vibration_x,GainDrift,28,12,1.1615849326756,1.1615849326756,1.1615849326756,1.17314678935447,0,0,NaN,NaN,0.0909090909090909,0,0,0.0909090909090909,0
NUAA,W4,30,vibration_x,ColoredNoiseRamp,28,12,1.16262589895108,1.16262589895108,1.16262589895108,1.17314678935447,0,0,NaN,NaN,0.0909090909090909,0,0,0.0909090909090909,0
NUAA,W4,30,vibration_x,IntermittentRecordDropout,28,12,1.16982401759888,1.16937495028167,1.17477070267743,1.17314678935447,1,1,5,5,0.0909090909090909,0,1,0.0909090909090909,0
NUAA,W4,30,vibration_y,LinearBiasDrift,28,9,1.50833750590401,1.50833750590401,1.50833750590401,0.781025179615575,0,0,NaN,NaN,0.125,0,0,0.125,0
NUAA,W4,30,vibration_y,GainDrift,28,12,1.24540343817218,1.24540343817218,1.24540343817218,0.894481769621459,0,0,NaN,NaN,0.0909090909090909,0,0,0.0909090909090909,0
NUAA,W4,30,vibration_y,ColoredNoiseRamp,28,7,1.3912152840973,1.18614304538156,1.24413749487554,0.756426403084761,1,1,1,20,0,0,1,0,0
NUAA,W4,30,vibration_y,IntermittentRecordDropout,28,8,1.13819666469325,0.887480819337084,0.777042635742781,0.751549486586916,1,1,0,2,0,0,1,0,0
NUAA,W5,0,None,Clean,7,Inf,1,1,1,1,0,0,NaN,NaN,0.142857142857143,0.571428571428571,1,0.142857142857143,0.571428571428571
NUAA,W5,1,force_z,LinearBiasDrift,7,2,1.40011990570186,1.71320770935414,2.36476796495877,1.41156394540665,0,0,NaN,NaN,0,0,1,0,0
NUAA,W5,1,force_z,GainDrift,7,2,2.95430151632877,1.99831580026718,2.6940439499272,1.41156394540665,1,1,1,4,0,0,2,0,0
NUAA,W5,1,force_z,ColoredNoiseRamp,7,2,1.65064454650332,1.68205897941456,2.26047076175168,1.41156394540665,1,1,4,5,0,0,2,0,0
NUAA,W5,1,force_z,IntermittentRecordDropout,7,3,0.861000797006402,1.55435561657312,1.88253241246348,1.39002179760219,1,1,3,4,0,0,2,0,0
NUAA,W5,1,vibration_x,LinearBiasDrift,7,3,1.19964372215384,1.32303807103042,2.01536930542095,1.9959907674843,1,1,1,1,0,0,1,0,0
NUAA,W5,1,vibration_x,GainDrift,7,2,1.0733097905423,1.31571026540237,1.8946582755573,1.93797010499473,1,1,2,2,0,0,1,0,0
NUAA,W5,1,vibration_x,ColoredNoiseRamp,7,2,0.997076076051004,1.36601445596969,1.89314593086904,1.93797010499473,1,1,2,2,0,0,1,0,0
NUAA,W5,1,vibration_x,IntermittentRecordDropout,7,2,1.08092101136823,1.71087460491903,1.93797010499473,1.93797010499473,1,1,0,0,0,0,1,0,0
NUAA,W5,1,vibration_y,LinearBiasDrift,7,2,0.931207360061482,1.23588725258836,1.70561953961543,1.00930259159871,0,0,NaN,NaN,0,0,1,0,0
NUAA,W5,1,vibration_y,GainDrift,7,2,1.01473496867589,1.34028685678741,1.99128165021409,1.00930259159871,0,0,NaN,NaN,0,0,1,0,0
NUAA,W5,1,vibration_y,ColoredNoiseRamp,7,3,0.918591131582928,1.2911942407023,1.97129863113223,0.942824099792436,0,0,NaN,NaN,0,0,1,0,0
NUAA,W5,1,vibration_y,IntermittentRecordDropout,7,2,1.00267655236182,1.04702123391461,1.03746422720779,1.00930259159871,1,1,2,2,0,0,1,0,0
NUAA,W5,2,force_z,LinearBiasDrift,7,2,0.882434520220291,1.2011574125525,1.72585461501503,1.41156394540665,0,0,NaN,NaN,0,0,1,0,0
NUAA,W5,2,force_z,GainDrift,7,2,2.84110175514161,1.97552280669707,2.63874884755788,1.41156394540665,1,1,1,4,0,0,2,0,0
NUAA,W5,2,force_z,ColoredNoiseRamp,7,2,4.9073418619051,2.2091497201334,2.2091497201334,1.41156394540665,1,1,3,3,0,0,2,0,0
NUAA,W5,2,force_z,IntermittentRecordDropout,7,2,1.06750762120703,1.3990291186719,1.75490626154688,1.41156394540665,1,1,5,5,0,0,2,0,0
NUAA,W5,2,vibration_x,LinearBiasDrift,7,3,1.13823858990983,1.31728364608078,2.00963464587473,1.9959907674843,1,1,1,1,0,0,1,0,0
NUAA,W5,2,vibration_x,GainDrift,7,2,1.05714057762163,1.31480626736494,1.89335203047304,1.93797010499473,1,1,2,2,0,0,1,0,0
NUAA,W5,2,vibration_x,ColoredNoiseRamp,7,2,0.950785242401974,1.31930956203482,1.88828223022062,1.93797010499473,1,1,2,2,0,0,1,0,0
NUAA,W5,2,vibration_x,IntermittentRecordDropout,7,2,1.09035221870491,1.67320238288453,1.89434145947877,1.93797010499473,1,1,1,1,0,0,1,0,0
NUAA,W5,2,vibration_y,LinearBiasDrift,7,2,1.38130919579836,1.43798815819852,2.23272501924755,1.00930259159871,1,1,3,5,0,0,2,0,0
NUAA,W5,2,vibration_y,GainDrift,7,3,0.899342717709699,1.2691935264442,1.8809228173657,0.942824099792436,0,0,NaN,NaN,0,0,1,0,0
NUAA,W5,2,vibration_y,ColoredNoiseRamp,7,3,0.905747884127806,1.27785158793882,1.98309984858423,0.942824099792436,0,0,NaN,NaN,0,0,1,0,0
NUAA,W5,2,vibration_y,IntermittentRecordDropout,7,2,0.999816119611089,1.27579468840687,1.44395196256393,1.00930259159871,1,1,4,4,0,0,2,0,0
NUAA,W5,3,force_z,LinearBiasDrift,7,2,1.55984070880677,1.87212489466895,2.51967397585309,1.41156394540665,0,0,NaN,NaN,0,0,1,0,0
NUAA,W5,3,force_z,GainDrift,7,2,2.89972850854834,1.98732741829185,2.66738647273667,1.41156394540665,1,1,1,4,0,0,2,0,0
NUAA,W5,3,force_z,ColoredNoiseRamp,7,2,3.34933745800346,1.92196282194425,2.64452015760528,1.41156394540665,1,1,3,4,0,0,2,0,0
NUAA,W5,3,force_z,IntermittentRecordDropout,7,2,0.880507151076055,1.39834478562351,1.78764113637482,1.41156394540665,1,1,4,4,0,0,3,0,0
NUAA,W5,3,vibration_x,LinearBiasDrift,7,2,1.00899438726234,1.27739298990206,1.85443749671396,1.93797010499473,1,1,2,2,0,0,1,0,0
NUAA,W5,3,vibration_x,GainDrift,7,3,0.87053355462792,1.29554554135404,1.98492449870968,1.9959907674843,1,1,1,1,0,0,1,0,0
NUAA,W5,3,vibration_x,ColoredNoiseRamp,7,3,0.877172621417741,1.28393299578131,1.9857812595361,1.9959907674843,1,1,1,1,0,0,1,0,0
NUAA,W5,3,vibration_x,IntermittentRecordDropout,7,2,1.06500767372358,1.76385640735621,1.93797010499473,1.93797010499473,1,1,0,0,0,0,1,0,0
NUAA,W5,3,vibration_y,LinearBiasDrift,7,2,1.05550331507562,1.38121655912033,2.07451580492278,1.00930259159871,0,0,NaN,NaN,0,0,1,0,0
NUAA,W5,3,vibration_y,GainDrift,7,2,1.00688983575904,1.32839523639546,1.94896870421535,1.00930259159871,0,0,NaN,NaN,0,0,1,0,0
NUAA,W5,3,vibration_y,ColoredNoiseRamp,7,2,1.00093292672725,1.30840925972717,1.92952644927278,1.00930259159871,0,0,NaN,NaN,0,0,1,0,0
NUAA,W5,3,vibration_y,IntermittentRecordDropout,7,2,0.997250616783408,1.03962125577777,1.00930259159871,1.00930259159871,1,1,0,0,0,0,1,0,0
NUAA,W5,4,force_z,LinearBiasDrift,7,3,1.48208951003076,1.85769305483057,2.63563491420112,1.39002179760219,0,0,NaN,NaN,0,0,1,0,0
NUAA,W5,4,force_z,GainDrift,7,3,4.05049720613366,2.08783184624436,2.21156818686215,1.39002179760219,1,1,0,2,0,0,2,0,0
NUAA,W5,4,force_z,ColoredNoiseRamp,7,2,3.96129409142205,2.14721400473719,2.86816499472337,1.41156394540665,1,1,3,4,0,0,2,0,0
NUAA,W5,4,force_z,IntermittentRecordDropout,7,2,0.912968675582132,1.43865186490897,1.91080361313523,1.41156394540665,1,0,4,NaN,0,0,1,0,0
NUAA,W5,4,vibration_x,LinearBiasDrift,7,2,1.18086323378562,1.34331409654731,1.92030145962891,1.93797010499473,1,1,2,2,0,0,1,0,0
NUAA,W5,4,vibration_x,GainDrift,7,2,0.968873098006734,1.30593551138386,1.88053410287355,1.93797010499473,1,1,2,2,0,0,1,0,0
NUAA,W5,4,vibration_x,ColoredNoiseRamp,7,3,0.986291899002828,1.37399925303289,1.99225730851206,1.9959907674843,1,1,1,1,0,0,1,0,0
NUAA,W5,4,vibration_x,IntermittentRecordDropout,7,3,0.942642927935695,1.78705433031808,1.98884305930655,1.9959907674843,1,1,1,1,0,0,1,0,0
NUAA,W5,4,vibration_y,LinearBiasDrift,7,2,0.929493826109227,1.23377219901201,1.70093644004777,1.00930259159871,0,0,NaN,NaN,0,0,1,0,0
NUAA,W5,4,vibration_y,GainDrift,7,2,0.978345327455497,1.28512758744441,1.7950130923461,1.00930259159871,0,0,NaN,NaN,0,0,1,0,0
NUAA,W5,4,vibration_y,ColoredNoiseRamp,7,3,0.932436767868239,1.309012718349,2.01259654437041,0.942824099792436,0,0,NaN,NaN,0,0,1,0,0
NUAA,W5,4,vibration_y,IntermittentRecordDropout,7,2,0.99280843007122,1.06474175363673,1.03746422720779,1.00930259159871,1,1,2,2,0,0,1,0,0
NUAA,W5,5,force_z,LinearBiasDrift,7,2,1.37445992520001,1.68767271197849,2.33982910517154,1.41156394540665,0,0,NaN,NaN,0,0,1,0,0
NUAA,W5,5,force_z,GainDrift,7,2,2.09502076212804,1.1235583282116,1.1235583282116,1.41156394540665,1,1,1,1,0,0,3,0,0
NUAA,W5,5,force_z,ColoredNoiseRamp,7,3,1.53614410493349,1.60416211618051,2.76870771429614,1.39002179760219,1,0,3,NaN,0,0,1,0,0
NUAA,W5,5,force_z,IntermittentRecordDropout,7,2,1.10285309345547,1.45900176950616,1.76202230872208,1.41156394540665,1,1,1,1,0,0,3,0,0
NUAA,W5,5,vibration_x,LinearBiasDrift,7,2,1.22128900922435,1.35023845425046,1.92721925185505,1.93797010499473,1,1,2,2,0,0,1,0,0
NUAA,W5,5,vibration_x,GainDrift,7,3,0.968930019003524,1.29692224227343,1.99106840598066,1.9959907674843,1,1,1,1,0,0,1,0,0
NUAA,W5,5,vibration_x,ColoredNoiseRamp,7,2,0.949253079368411,1.30957688633201,1.88706346615435,1.93797010499473,1,1,2,2,0,0,1,0,0
NUAA,W5,5,vibration_x,IntermittentRecordDropout,7,2,1.05739124640407,1.53250789312233,1.88838503599731,1.93797010499473,1,1,2,2,0,0,1,0,0
NUAA,W5,5,vibration_y,LinearBiasDrift,7,2,0.821805379430592,1.1589596083962,1.31440112900736,1.00930259159871,1,1,3,5,0,0,2,0,0
NUAA,W5,5,vibration_y,GainDrift,7,2,1.0089031398042,1.33144699443352,1.95982751645534,1.00930259159871,0,0,NaN,NaN,0,0,1,0,0
NUAA,W5,5,vibration_y,ColoredNoiseRamp,7,3,0.919393955516152,1.28754678196153,1.97453565953772,0.942824099792436,0,0,NaN,NaN,0,0,1,0,0
NUAA,W5,5,vibration_y,IntermittentRecordDropout,7,2,0.991627574920241,1.04828163892915,1.03746422720779,1.00930259159871,1,1,2,2,0,0,1,0,0
NUAA,W5,6,force_z,LinearBiasDrift,7,2,1.58528362392655,1.89743495552593,2.54429639387943,1.41156394540665,0,0,NaN,NaN,0,0,1,0,0
NUAA,W5,6,force_z,GainDrift,7,3,2.62894065605172,1.18038157504628,0.883456816766619,1.39002179760219,1,1,0,2,0,0,2,0,0
NUAA,W5,6,force_z,ColoredNoiseRamp,7,2,2.35884380249324,1.76233786878116,2.22161195595285,1.41156394540665,1,1,3,4,0,0,2,0,0
NUAA,W5,6,force_z,IntermittentRecordDropout,7,2,1.09669498421171,1.3242702125818,1.51199008129972,1.41156394540665,1,1,1,1,0,0,5,0,0
NUAA,W5,6,vibration_x,LinearBiasDrift,7,3,0.911174860360131,1.28114681035831,1.9736137135511,1.9959907674843,1,1,1,1,0,0,1,0,0
NUAA,W5,6,vibration_x,GainDrift,7,2,0.957075536129395,1.30667813458203,1.88160716704172,1.93797010499473,1,1,2,2,0,0,1,0,0
NUAA,W5,6,vibration_x,ColoredNoiseRamp,7,2,1.07038130414738,1.37223793754406,1.89115831964343,1.93797010499473,1,1,2,2,0,0,1,0,0
NUAA,W5,6,vibration_x,IntermittentRecordDropout,7,2,1.14565650115545,1.88838503599731,1.88838503599731,1.93797010499473,1,1,2,2,0,0,1,0,0
NUAA,W5,6,vibration_y,LinearBiasDrift,7,3,1.01236301443841,1.40606437391684,2.30705783355078,0.942824099792436,0,0,NaN,NaN,0,0,1,0,0
NUAA,W5,6,vibration_y,GainDrift,7,2,0.981931392641995,1.29056333038855,1.81435463622975,1.00930259159871,0,0,NaN,NaN,0,0,1,0,0
NUAA,W5,6,vibration_y,ColoredNoiseRamp,7,3,0.921809342913123,1.29341286166352,1.94678817795157,0.942824099792436,0,0,NaN,NaN,0,0,1,0,0
NUAA,W5,6,vibration_y,IntermittentRecordDropout,7,2,0.994658430607893,1.30181180982127,1.44395196256393,1.00930259159871,1,1,4,4,0,0,2,0,0
NUAA,W5,7,force_z,LinearBiasDrift,7,3,0.785656200671433,1.17128016255147,1.81012818427174,1.39002179760219,0,0,NaN,NaN,0,0,1,0,0
NUAA,W5,7,force_z,GainDrift,7,3,2.98538832490761,1.98951536333779,2.65055270323476,1.39002179760219,1,1,2,3,0,0,2,0,0
NUAA,W5,7,force_z,ColoredNoiseRamp,7,2,3.60805722043365,1.92326332764027,2.59332692795633,1.41156394540665,1,1,3,4,0,0,2,0,0
NUAA,W5,7,force_z,IntermittentRecordDropout,7,2,1.06822181995894,1.3990291186719,1.75490626154688,1.41156394540665,1,1,5,5,0,0,2,0,0
NUAA,W5,7,vibration_x,LinearBiasDrift,7,3,0.903233346469964,1.28209007123075,1.97455410857704,1.9959907674843,1,1,1,1,0,0,1,0,0
NUAA,W5,7,vibration_x,GainDrift,7,2,0.971439577362177,1.30577395875741,1.88030066506129,1.93797010499473,1,1,2,2,0,0,1,0,0
NUAA,W5,7,vibration_x,ColoredNoiseRamp,7,2,0.944096399360226,1.31613074089702,1.88810546080704,1.93797010499473,1,1,2,2,0,0,1,0,0
NUAA,W5,7,vibration_x,IntermittentRecordDropout,7,3,0.97494836025315,1.78705433031808,1.98884305930655,1.9959907674843,1,1,1,1,0,0,1,0,0
NUAA,W5,7,vibration_y,LinearBiasDrift,7,2,1.07050757696928,1.39895050922437,2.12429767618002,1.00930259159871,0,0,NaN,NaN,0,0,1,0,0
NUAA,W5,7,vibration_y,GainDrift,7,2,0.976620986620486,1.28251383865856,1.78571281134276,1.00930259159871,0,0,NaN,NaN,0,0,1,0,0
NUAA,W5,7,vibration_y,ColoredNoiseRamp,7,2,1.02782857762316,1.32991565239535,1.96409794669975,1.00930259159871,0,0,NaN,NaN,0,0,1,0,0
NUAA,W5,7,vibration_y,IntermittentRecordDropout,7,2,1.02088175621923,1.03746422720779,1.03746422720779,1.00930259159871,1,1,2,2,0,0,1,0,0
NUAA,W5,8,force_z,LinearBiasDrift,7,2,1.31968133656412,1.63315835623734,2.28654733661333,1.41156394540665,0,0,NaN,NaN,0,0,1,0,0
NUAA,W5,8,force_z,GainDrift,7,2,2.67895717349945,1.39191151935297,1.20019601052952,1.41156394540665,1,1,0,1,0,0,3,0,0
NUAA,W5,8,force_z,ColoredNoiseRamp,7,2,1.53894840666246,1.65453052224728,2.54938279077562,1.41156394540665,1,0,4,NaN,0,0,1,0,0
NUAA,W5,8,force_z,IntermittentRecordDropout,7,3,0.83687583218506,1.44916325400054,2.03259861830999,1.39002179760219,1,0,3,NaN,0,0,1,0,0
NUAA,W5,8,vibration_x,LinearBiasDrift,7,3,1.12968688566848,1.31648260652471,2.0088363321685,1.9959907674843,1,1,1,1,0,0,1,0,0
NUAA,W5,8,vibration_x,GainDrift,7,3,0.993349520508856,1.29715932564403,1.99212645586204,1.9959907674843,1,1,1,1,0,0,1,0,0
NUAA,W5,8,vibration_x,ColoredNoiseRamp,7,2,1.08993098970277,1.38645051772391,1.89366992690216,1.93797010499473,1,1,2,2,0,0,1,0,0
NUAA,W5,8,vibration_x,IntermittentRecordDropout,7,2,1.09978300294215,1.93201368151327,1.93797010499473,1.93797010499473,1,1,0,0,0,0,1,0,0
NUAA,W5,8,vibration_y,LinearBiasDrift,7,2,1.07345645890694,1.40243592523395,2.13412034999532,1.00930259159871,0,0,NaN,NaN,0,0,1,0,0
NUAA,W5,8,vibration_y,GainDrift,7,2,1.01488635452145,1.340516326833,1.9920981540485,1.00930259159871,0,0,NaN,NaN,0,0,1,0,0
NUAA,W5,8,vibration_y,ColoredNoiseRamp,7,3,0.909528275920209,1.28546097637777,1.97729649697606,0.942824099792436,0,0,NaN,NaN,0,0,1,0,0
NUAA,W5,8,vibration_y,IntermittentRecordDropout,7,2,1.0033335272536,1.26332963262691,1.01670256973555,1.00930259159871,1,1,1,1,0,0,1,0,0
NUAA,W5,9,force_z,LinearBiasDrift,7,2,0.899142608570025,1.21705706596775,1.74563301640614,1.41156394540665,0,0,NaN,NaN,0,0,1,0,0
NUAA,W5,9,force_z,GainDrift,7,3,3.53060677432683,2.01373558620244,2.87496168948665,1.39002179760219,1,1,0,3,0,0,2,0,0
NUAA,W5,9,force_z,ColoredNoiseRamp,7,2,1.32808249884787,1.54292904129772,2.32592105408779,1.41156394540665,1,0,5,NaN,0,0,1,0,0
NUAA,W5,9,force_z,IntermittentRecordDropout,7,3,0.83156073433126,1.31524799996409,1.78240362086566,1.39002179760219,1,1,3,3,0,0,3,0,0
NUAA,W5,9,vibration_x,LinearBiasDrift,7,2,1.01734956465101,1.27512483939087,1.85217115006025,1.93797010499473,1,1,2,2,0,0,1,0,0
NUAA,W5,9,vibration_x,GainDrift,7,3,0.85003937616139,1.29576796013823,1.98591710383268,1.9959907674843,1,1,1,1,0,0,1,0,0
NUAA,W5,9,vibration_x,ColoredNoiseRamp,7,3,0.883898931220007,1.32196333052923,1.98778547938752,1.9959907674843,1,1,1,1,0,0,1,0,0
NUAA,W5,9,vibration_x,IntermittentRecordDropout,7,3,0.940900081681971,1.78705433031808,1.98884305930655,1.9959907674843,1,1,1,1,0,0,1,0,0
NUAA,W5,9,vibration_y,LinearBiasDrift,7,2,0.82739211214496,1.16628950625886,1.33620463173461,1.00930259159871,1,1,3,5,0,0,2,0,0
NUAA,W5,9,vibration_y,GainDrift,7,2,1.00488339375579,1.32535387981247,1.93814690259223,1.00930259159871,0,0,NaN,NaN,0,0,1,0,0
NUAA,W5,9,vibration_y,ColoredNoiseRamp,7,3,0.917875507572275,1.29638416564247,1.97733108085957,0.942824099792436,0,0,NaN,NaN,0,0,1,0,0
NUAA,W5,9,vibration_y,IntermittentRecordDropout,7,3,0.911122458148527,0.969250574776576,0.967738088759131,0.942824099792436,1,1,1,1,0,0,1,0,0
NUAA,W5,10,force_z,LinearBiasDrift,7,3,0.787787974873614,1.17070415586552,1.80391154022112,1.39002179760219,0,0,NaN,NaN,0,0,1,0,0
NUAA,W5,10,force_z,GainDrift,7,3,1.97598415004822,1.03872537414522,1.23454807508662,1.39002179760219,1,1,2,3,0,0,2,0,0
NUAA,W5,10,force_z,ColoredNoiseRamp,7,3,2.36290722625521,1.65702982331637,2.74369083450216,1.39002179760219,1,1,2,4,0,0,2,0,0
NUAA,W5,10,force_z,IntermittentRecordDropout,7,2,0.896347663087699,1.52631216705278,1.69446944120984,1.41156394540665,1,1,4,4,0,0,2,0,0
NUAA,W5,10,vibration_x,LinearBiasDrift,7,3,0.989128869908054,1.27185293117865,1.96434762938339,1.9959907674843,1,1,1,1,0,0,1,0,0
NUAA,W5,10,vibration_x,GainDrift,7,2,0.947831437522242,1.30726002447956,1.88244797729434,1.93797010499473,1,1,2,2,0,0,1,0,0
NUAA,W5,10,vibration_x,ColoredNoiseRamp,7,2,1.00864028052011,1.34338238950836,1.88952409265946,1.93797010499473,1,1,2,2,0,0,1,0,0
NUAA,W5,10,vibration_x,IntermittentRecordDropout,7,2,1.07084403445667,1.76385640735621,1.93797010499473,1.93797010499473,1,1,0,0,0,0,1,0,0
NUAA,W5,10,vibration_y,LinearBiasDrift,7,2,1.35867850853226,1.42974938242077,2.20345839162426,1.00930259159871,1,1,3,5,0,0,2,0,0
NUAA,W5,10,vibration_y,GainDrift,7,3,0.903023074765279,1.27469179143925,1.90271395119064,0.942824099792436,0,0,NaN,NaN,0,0,1,0,0
NUAA,W5,10,vibration_y,ColoredNoiseRamp,7,3,0.912415219211337,1.28040885951497,1.96621310693652,0.942824099792436,0,0,NaN,NaN,0,0,1,0,0
NUAA,W5,10,vibration_y,IntermittentRecordDropout,7,2,0.994811046907155,1.28535169511369,1.64122883798867,1.00930259159871,1,1,5,5,0,0,2,0,0
NUAA,W5,11,force_z,LinearBiasDrift,7,2,1.13748587515176,1.45184206177039,2.109128642999,1.41156394540665,0,0,NaN,NaN,0,0,1,0,0
NUAA,W5,11,force_z,GainDrift,7,2,4.63879685962438,2.17710962130865,2.33749223602961,1.41156394540665,1,1,0,1,0,0,3,0,0
NUAA,W5,11,force_z,ColoredNoiseRamp,7,2,2.2157706883763,1.90338604537686,2.63643547045039,1.41156394540665,1,1,4,5,0,0,2,0,0
NUAA,W5,11,force_z,IntermittentRecordDropout,7,2,0.904060450554665,1.43613797481028,1.64763834730172,1.41156394540665,1,1,4,5,0,0,2,0,0
NUAA,W5,11,vibration_x,LinearBiasDrift,7,2,1.10591625488368,1.33044912543854,1.90744840106667,1.93797010499473,1,1,2,2,0,0,1,0,0
NUAA,W5,11,vibration_x,GainDrift,7,3,0.873819640324534,1.29599883729927,1.98694745679347,1.9959907674843,1,1,1,1,0,0,1,0,0
NUAA,W5,11,vibration_x,ColoredNoiseRamp,7,3,0.847249393583276,1.271056722278,1.98818928595658,1.9959907674843,1,1,1,1,0,0,1,0,0
NUAA,W5,11,vibration_x,IntermittentRecordDropout,7,2,0.995657175906555,1.31136881652809,1.88838503599731,1.93797010499473,1,1,2,2,0,0,1,0,0
NUAA,W5,11,vibration_y,LinearBiasDrift,7,2,1.16116264555954,1.33309948018406,2.33721647463394,1.00930259159871,1,0,4,NaN,0,0,1,0,0
NUAA,W5,11,vibration_y,GainDrift,7,2,0.978752592181759,1.28574491765093,1.79720968615173,1.00930259159871,0,0,NaN,NaN,0,0,1,0,0
NUAA,W5,11,vibration_y,ColoredNoiseRamp,7,2,0.997611047316255,1.29709023132016,1.85264079467863,1.00930259159871,0,0,NaN,NaN,0,0,1,0,0
NUAA,W5,11,vibration_y,IntermittentRecordDropout,7,2,1.0045379522343,1.03872463222233,1.03746422720779,1.00930259159871,1,1,2,2,0,0,1,0,0
NUAA,W5,12,force_z,LinearBiasDrift,7,3,0.785158369267596,1.16833678048049,1.80267661528131,1.39002179760219,0,0,NaN,NaN,0,0,1,0,0
NUAA,W5,12,force_z,GainDrift,7,3,4.60060358170355,2.16623456835886,2.32625380829217,1.39002179760219,1,1,0,2,0,0,2,0,0
NUAA,W5,12,force_z,ColoredNoiseRamp,7,2,3.75675356594374,2.07370598511116,2.78280682022525,1.41156394540665,1,1,3,4,0,0,2,0,0
NUAA,W5,12,force_z,IntermittentRecordDropout,7,2,0.957930552163732,1.51141900299344,1.64240403283339,1.41156394540665,1,1,3,4,0,0,2,0,0
NUAA,W5,12,vibration_x,LinearBiasDrift,7,2,1.02663692243271,1.2726005475122,1.84964885337231,1.93797010499473,1,1,2,2,0,0,1,0,0
NUAA,W5,12,vibration_x,GainDrift,7,2,1.06962510299425,1.3155042596847,1.89436060460571,1.93797010499473,1,1,2,2,0,0,1,0,0
NUAA,W5,12,vibration_x,ColoredNoiseRamp,7,2,0.960417942685328,1.30914790833218,1.89070671809625,1.93797010499473,1,1,2,2,0,0,1,0,0
NUAA,W5,12,vibration_x,IntermittentRecordDropout,7,2,1.14137803826268,1.88838503599731,1.88838503599731,1.93797010499473,1,1,2,2,0,0,1,0,0
NUAA,W5,12,vibration_y,LinearBiasDrift,7,2,0.852857401503992,1.22371772230506,1.49412711591719,1.00930259159871,1,0,4,NaN,0,0,1,0,0
NUAA,W5,12,vibration_y,GainDrift,7,2,0.987145499038025,1.29846685154007,1.84247706636642,1.00930259159871,0,0,NaN,NaN,0,0,1,0,0
NUAA,W5,12,vibration_y,ColoredNoiseRamp,7,2,0.956197452753852,1.25916878653213,1.83496683748282,1.00930259159871,0,0,NaN,NaN,0,0,1,0,0
NUAA,W5,12,vibration_y,IntermittentRecordDropout,7,2,0.998334922084067,1.26332963262691,1.01670256973555,1.00930259159871,1,1,1,1,0,0,1,0,0
NUAA,W5,13,force_z,LinearBiasDrift,7,2,0.879179994977057,1.19812493968544,1.72267021111082,1.41156394540665,0,0,NaN,NaN,0,0,1,0,0
NUAA,W5,13,force_z,GainDrift,7,2,2.26234060550576,1.14780580763083,1.14780580763083,1.41156394540665,1,1,1,1,0,0,3,0,0
NUAA,W5,13,force_z,ColoredNoiseRamp,7,3,5.24296245066477,2.06586967963287,2.06586967963287,1.39002179760219,1,1,2,2,0,0,2,0,0
NUAA,W5,13,force_z,IntermittentRecordDropout,7,2,0.998366363610817,1.58628481788705,1.58628481788705,1.41156394540665,1,1,1,1,0,0,3,0,0
NUAA,W5,13,vibration_x,LinearBiasDrift,7,2,1.1271760879085,1.33411148410855,1.91110741519074,1.93797010499473,1,1,2,2,0,0,1,0,0
NUAA,W5,13,vibration_x,GainDrift,7,3,0.865152460620251,1.29559881970314,1.98516226802603,1.9959907674843,1,1,1,1,0,0,1,0,0
NUAA,W5,13,vibration_x,ColoredNoiseRamp,7,2,0.924183996706984,1.28598536631747,1.88588348358506,1.93797010499473,1,1,2,2,0,0,1,0,0
NUAA,W5,13,vibration_x,IntermittentRecordDropout,7,3,0.92718622283371,1.30357130412123,1.9959907674843,1.9959907674843,1,1,0,0,0,0,1,0,0
NUAA,W5,13,vibration_y,LinearBiasDrift,7,2,1.22139198252984,1.38196937267454,2.02592165917232,1.00930259159871,1,1,3,5,0,0,2,0,0
NUAA,W5,13,vibration_y,GainDrift,7,3,0.90686162937274,1.2804263954766,1.92544176153141,0.942824099792436,0,0,NaN,NaN,0,0,1,0,0
NUAA,W5,13,vibration_y,ColoredNoiseRamp,7,2,0.981928132488764,1.28897562674964,1.86360858112859,1.00930259159871,0,0,NaN,NaN,0,0,1,0,0
NUAA,W5,13,vibration_y,IntermittentRecordDropout,7,2,1.00270091654157,1.29315142666989,1.00930259159871,1.00930259159871,1,1,0,0,0,0,1,0,0
NUAA,W5,14,force_z,LinearBiasDrift,7,2,1.27397116039159,1.58766701282757,2.24204901745691,1.41156394540665,0,0,NaN,NaN,0,0,1,0,0
NUAA,W5,14,force_z,GainDrift,7,2,3.65921564575114,2.14025164051017,2.14025164051017,1.41156394540665,1,1,1,1,0,0,3,0,0
NUAA,W5,14,force_z,ColoredNoiseRamp,7,3,3.6542933603955,1.80478541262657,2.54344768465198,1.39002179760219,1,1,2,3,0,0,2,0,0
NUAA,W5,14,force_z,IntermittentRecordDropout,7,3,1.13079237479465,1.38374416164485,1.73085544935883,1.39002179760219,1,1,2,4,0,0,2,0,0
NUAA,W5,14,vibration_x,LinearBiasDrift,7,3,1.09454777887666,1.31318460056045,2.00554945994195,1.9959907674843,1,1,1,1,0,0,1,0,0
NUAA,W5,14,vibration_x,GainDrift,7,2,1.07570782653114,1.31584433623428,1.89485200315169,1.93797010499473,1,1,2,2,0,0,1,0,0
NUAA,W5,14,vibration_x,ColoredNoiseRamp,7,2,1.01849733261671,1.36591995772585,1.8914476611126,1.93797010499473,1,1,2,2,0,0,1,0,0
NUAA,W5,14,vibration_x,IntermittentRecordDropout,7,2,1.09346551662426,1.71683102840049,1.93797010499473,1.93797010499473,1,1,0,0,0,0,1,0,0
NUAA,W5,14,vibration_y,LinearBiasDrift,7,2,0.900149445998354,1.19797078306386,1.62162530494037,1.00930259159871,0,0,NaN,NaN,0,0,1,0,0
NUAA,W5,14,vibration_y,GainDrift,7,3,0.900791122940526,1.2713573696961,1.88949872229586,0.942824099792436,0,0,NaN,NaN,0,0,1,0,0
NUAA,W5,14,vibration_y,ColoredNoiseRamp,7,3,0.893666206079873,1.26660199342081,1.98166770835453,0.942824099792436,0,0,NaN,NaN,0,0,1,0,0
NUAA,W5,14,vibration_y,IntermittentRecordDropout,7,2,0.997771143991545,1.03746422720779,1.03746422720779,1.00930259159871,1,1,2,2,0,0,1,0,0
NUAA,W5,15,force_z,LinearBiasDrift,7,2,1.29207967858139,1.60568893279456,2.25968081647224,1.41156394540665,0,0,NaN,NaN,0,0,1,0,0
NUAA,W5,15,force_z,GainDrift,7,3,2.33330697604829,1.22737401957969,0.952911115985971,1.39002179760219,1,1,0,2,0,0,2,0,0
NUAA,W5,15,force_z,ColoredNoiseRamp,7,2,3.10117503372671,1.96406166353455,2.52792125748221,1.41156394540665,1,1,3,4,0,0,2,0,0
NUAA,W5,15,force_z,IntermittentRecordDropout,7,2,0.810075874517739,1.57587974593001,1.74403702008707,1.41156394540665,1,1,1,1,0,0,3,0,0
NUAA,W5,15,vibration_x,LinearBiasDrift,7,2,1.31530370983683,1.36637169076181,1.94333680723392,1.93797010499473,1,1,2,2,0,0,1,0,0
NUAA,W5,15,vibration_x,GainDrift,7,3,1.01001662454731,1.29732114275577,1.99284860931989,1.9959907674843,1,1,1,1,0,0,1,0,0
NUAA,W5,15,vibration_x,ColoredNoiseRamp,7,2,1.05783010841961,1.36784576659138,1.88897250454332,1.93797010499473,1,1,2,2,0,0,1,0,0
NUAA,W5,15,vibration_x,IntermittentRecordDropout,7,2,1.09547922592943,1.88838503599731,1.88838503599731,1.93797010499473,1,1,2,2,0,0,1,0,0
NUAA,W5,15,vibration_y,LinearBiasDrift,7,2,0.872924302254213,1.20111791545195,1.54852274934664,1.00930259159871,1,0,5,NaN,0,0,1,0,0
NUAA,W5,15,vibration_y,GainDrift,7,2,0.984168628181192,1.29395452286948,1.82642122930853,1.00930259159871,0,0,NaN,NaN,0,0,1,0,0
NUAA,W5,15,vibration_y,ColoredNoiseRamp,7,2,0.977163134851958,1.28708335065898,1.90226939790983,1.00930259159871,0,0,NaN,NaN,0,0,1,0,0
NUAA,W5,15,vibration_y,IntermittentRecordDropout,7,3,0.9227134424986,1.26999712095934,0.942824099792436,0.942824099792436,1,1,0,0,0,0,1,0,0
NUAA,W5,16,force_z,LinearBiasDrift,7,3,0.793914080872692,1.18102951183792,1.82682044783392,1.39002179760219,0,0,NaN,NaN,0,0,1,0,0
NUAA,W5,16,force_z,GainDrift,7,2,2.87057340882898,1.98145698187511,2.65314497428594,1.41156394540665,1,1,1,4,0,0,2,0,0
NUAA,W5,16,force_z,ColoredNoiseRamp,7,3,3.7364049024316,1.87321623265895,2.63559109553586,1.39002179760219,1,1,2,3,0,0,2,0,0
NUAA,W5,16,force_z,IntermittentRecordDropout,7,2,0.947948315380178,1.26365995600171,1.84067617547094,1.41156394540665,0,0,NaN,NaN,0,0,1,0,0
NUAA,W5,16,vibration_x,LinearBiasDrift,7,2,1.0872845652182,1.32723347870847,1.90423566407744,1.93797010499473,1,1,2,2,0,0,1,0,0
NUAA,W5,16,vibration_x,GainDrift,7,2,0.938086439331139,1.30815011731661,1.88373412985749,1.93797010499473,1,1,2,2,0,0,1,0,0
NUAA,W5,16,vibration_x,ColoredNoiseRamp,7,3,0.992318863711509,1.36894426629486,1.99064162718574,1.9959907674843,1,1,1,1,0,0,1,0,0
NUAA,W5,16,vibration_x,IntermittentRecordDropout,7,2,1.04095051657235,1.58209296211975,1.93797010499473,1.93797010499473,1,1,0,0,0,0,1,0,0
NUAA,W5,16,vibration_y,LinearBiasDrift,7,3,0.778885012819392,1.22468923415139,1.58190863652004,0.942824099792436,1,0,3,NaN,0,0,1,0,0
NUAA,W5,16,vibration_y,GainDrift,7,3,0.904925537342987,1.27753397311822,1.9139782975575,0.942824099792436,0,0,NaN,NaN,0,0,1,0,0
NUAA,W5,16,vibration_y,ColoredNoiseRamp,7,2,0.989376496730559,1.2960843527919,1.89189224053907,1.00930259159871,0,0,NaN,NaN,0,0,1,0,0
NUAA,W5,16,vibration_y,IntermittentRecordDropout,7,2,1.00924041194968,1.26332963262691,1.01670256973555,1.00930259159871,1,1,1,1,0,0,1,0,0
NUAA,W5,17,force_z,LinearBiasDrift,7,2,1.15522029614328,1.46948879790753,2.1263903136932,1.41156394540665,0,0,NaN,NaN,0,0,1,0,0
NUAA,W5,17,force_z,GainDrift,7,2,2.96450379824387,2.00037004970775,2.69902749597871,1.41156394540665,1,1,1,4,0,0,2,0,0
NUAA,W5,17,force_z,ColoredNoiseRamp,7,2,3.51139132315066,2.03970838247729,2.74748005217742,1.41156394540665,1,1,3,4,0,0,2,0,0
NUAA,W5,17,force_z,IntermittentRecordDropout,7,2,0.796105646896963,1.60117798194638,1.76933525610344,1.41156394540665,1,1,1,1,0,0,3,0,0
NUAA,W5,17,vibration_x,LinearBiasDrift,7,3,1.04862061832412,1.30884620961715,2.00122546249112,1.9959907674843,1,1,1,1,0,0,1,0,0
NUAA,W5,17,vibration_x,GainDrift,7,2,1.08845313554418,1.31655690860196,1.8958816449362,1.93797010499473,1,1,2,2,0,0,1,0,0
NUAA,W5,17,vibration_x,ColoredNoiseRamp,7,3,0.900432777323788,1.30250451215568,1.98816670918078,1.9959907674843,1,1,1,1,0,0,1,0,0
NUAA,W5,17,vibration_x,IntermittentRecordDropout,7,3,1.0836047746307,1.49821232493195,1.98884305930655,1.9959907674843,1,1,1,1,0,0,1,0,0
NUAA,W5,17,vibration_y,LinearBiasDrift,7,2,0.924872741662607,1.2280720656772,1.68830998492135,1.00930259159871,0,0,NaN,NaN,0,0,1,0,0
NUAA,W5,17,vibration_y,GainDrift,7,2,0.980348466443278,1.28816393733006,1.80581707906198,1.00930259159871,0,0,NaN,NaN,0,0,1,0,0
NUAA,W5,17,vibration_y,ColoredNoiseRamp,7,2,0.977037845194059,1.2886931308623,1.88718018652683,1.00930259159871,0,0,NaN,NaN,0,0,1,0,0
NUAA,W5,17,vibration_y,IntermittentRecordDropout,7,2,0.996153205106525,1.27795171697685,1.37599714619505,1.00930259159871,1,1,0,0,0,0,3,0,0
NUAA,W5,18,force_z,LinearBiasDrift,7,2,0.87446100416779,1.19375053333222,1.71840969720487,1.41156394540665,0,0,NaN,NaN,0,0,1,0,0
NUAA,W5,18,force_z,GainDrift,7,2,1.67652941861335,1.15595260040958,1.05179839897711,1.41156394540665,1,1,1,4,0,0,2,0,0
NUAA,W5,18,force_z,ColoredNoiseRamp,7,3,2.66490399089505,1.8278322057365,2.35993068297519,1.39002179760219,1,1,2,3,0,0,2,0,0
NUAA,W5,18,force_z,IntermittentRecordDropout,7,2,1.07621736488793,1.48224029843134,1.53300839644677,1.41156394540665,1,1,3,4,0,0,2,0,0
NUAA,W5,18,vibration_x,LinearBiasDrift,7,3,0.905718642475056,1.28179494987997,1.97425988476406,1.9959907674843,1,1,1,1,0,0,1,0,0
NUAA,W5,18,vibration_x,GainDrift,7,2,0.944995628699658,1.30743853063524,1.88270591235473,1.93797010499473,1,1,2,2,0,0,1,0,0
NUAA,W5,18,vibration_x,ColoredNoiseRamp,7,2,1.0621493222376,1.36233727488532,1.88368350526075,1.93797010499473,1,1,2,2,0,0,1,0,0
NUAA,W5,18,vibration_x,IntermittentRecordDropout,7,2,1.02760714438287,1.31136881652809,1.88838503599731,1.93797010499473,1,1,2,2,0,0,1,0,0
NUAA,W5,18,vibration_y,LinearBiasDrift,7,3,0.825373418511041,1.18868420899854,1.71268523412175,0.942824099792436,0,0,NaN,NaN,0,0,1,0,0
NUAA,W5,18,vibration_y,GainDrift,7,2,0.986200619159995,1.29703460648513,1.83738083005301,1.00930259159871,0,0,NaN,NaN,0,0,1,0,0
NUAA,W5,18,vibration_y,ColoredNoiseRamp,7,3,0.917023289093008,1.23907267768006,1.99430666219414,0.942824099792436,1,0,4,NaN,0,0,1,0,0
NUAA,W5,18,vibration_y,IntermittentRecordDropout,7,3,0.926090279492643,1.25222215618058,1.25222215618058,0.942824099792436,1,1,2,2,0,0,2,0,0
NUAA,W5,19,force_z,LinearBiasDrift,7,3,1.35537711888243,1.73154604989256,2.51302088699516,1.39002179760219,0,0,NaN,NaN,0,0,1,0,0
NUAA,W5,19,force_z,GainDrift,7,2,4.38566043705116,2.13852813066865,2.28652272168115,1.41156394540665,1,1,0,1,0,0,3,0,0
NUAA,W5,19,force_z,ColoredNoiseRamp,7,2,2.80017697017918,1.80889312637946,2.33241907196053,1.41156394540665,1,1,3,4,0,0,2,0,0
NUAA,W5,19,force_z,IntermittentRecordDropout,7,3,0.7086323998869,1.27342958854054,1.74058520944211,1.39002179760219,1,1,3,3,0,0,3,0,0
NUAA,W5,19,vibration_x,LinearBiasDrift,7,3,1.13162059409518,1.3166637373126,2.0090168471386,1.9959907674843,1,1,1,1,0,0,1,0,0
NUAA,W5,19,vibration_x,GainDrift,7,3,0.873782537374032,1.29599847707519,1.98694584919422,1.9959907674843,1,1,1,1,0,0,1,0,0
NUAA,W5,19,vibration_x,ColoredNoiseRamp,7,2,0.941230464791052,1.30763382825883,1.88490288577192,1.93797010499473,1,1,2,2,0,0,1,0,0
NUAA,W5,19,vibration_x,IntermittentRecordDropout,7,2,1.10481634891693,1.89434145947877,1.89434145947877,1.93797010499473,1,1,1,1,0,0,1,0,0
NUAA,W5,19,vibration_y,LinearBiasDrift,7,2,1.3463486693766,1.42530156091514,2.18750676137293,1.00930259159871,1,1,3,5,0,0,2,0,0
NUAA,W5,19,vibration_y,GainDrift,7,3,0.935917602621516,1.32383453175208,2.09748012409137,0.942824099792436,0,0,NaN,NaN,0,0,1,0,0
NUAA,W5,19,vibration_y,ColoredNoiseRamp,7,2,0.979099987644285,1.28218820334386,1.86003374196752,1.00930259159871,0,0,NaN,NaN,0,0,1,0,0
NUAA,W5,19,vibration_y,IntermittentRecordDropout,7,2,0.9977237961548,1.25503303093463,1.01670256973555,1.00930259159871,1,1,1,1,0,0,1,0,0
NUAA,W5,20,force_z,LinearBiasDrift,7,3,1.24463505338892,1.62128959758047,2.40558766761067,1.39002179760219,0,0,NaN,NaN,0,0,1,0,0
NUAA,W5,20,force_z,GainDrift,7,3,3.72690049956637,2.04171192510023,2.14410507239282,1.39002179760219,1,1,0,2,0,0,2,0,0
NUAA,W5,20,force_z,ColoredNoiseRamp,7,3,3.65484619188667,1.80080592244475,2.5333077312839,1.39002179760219,1,1,2,3,0,0,2,0,0
NUAA,W5,20,force_z,IntermittentRecordDropout,7,2,1.00521062187071,1.3990291186719,1.75490626154688,1.41156394540665,1,1,5,5,0,0,2,0,0
NUAA,W5,20,vibration_x,LinearBiasDrift,7,3,1.16656694254923,1.31993748046093,2.01227940474157,1.9959907674843,1,1,1,1,0,0,1,0,0
NUAA,W5,20,vibration_x,GainDrift,7,2,1.06137520333787,1.315043019355,1.89369412869716,1.93797010499473,1,1,2,2,0,0,1,0,0
NUAA,W5,20,vibration_x,ColoredNoiseRamp,7,3,0.845794455048551,1.26518322191026,1.98776499743033,1.9959907674843,1,1,1,1,0,0,1,0,0
NUAA,W5,20,vibration_x,IntermittentRecordDropout,7,3,1.03725009750761,1.98884305930655,1.98884305930655,1.9959907674843,1,1,1,1,0,0,1,0,0
NUAA,W5,20,vibration_y,LinearBiasDrift,7,2,1.34572818668816,1.42507850983114,2.18670392611864,1.00930259159871,1,1,3,5,0,0,2,0,0
NUAA,W5,20,vibration_y,GainDrift,7,2,1.0089547069794,1.33152515974679,1.96010564547145,1.00930259159871,0,0,NaN,NaN,0,0,1,0,0
NUAA,W5,20,vibration_y,ColoredNoiseRamp,7,3,0.890958302250947,1.2554561454525,1.96819392714133,0.942824099792436,0,0,NaN,NaN,0,0,1,0,0
NUAA,W5,20,vibration_y,IntermittentRecordDropout,7,2,0.988595862777109,1.05734177549989,1.00930259159871,1.00930259159871,1,1,0,0,0,0,1,0,0
NUAA,W5,21,force_z,LinearBiasDrift,7,2,1.40670259825966,1.71975818827219,2.37116345362987,1.41156394540665,0,0,NaN,NaN,0,0,1,0,0
NUAA,W5,21,force_z,GainDrift,7,2,2.62398011654457,1.38262314431475,1.19389001404324,1.41156394540665,1,1,0,1,0,0,3,0,0
NUAA,W5,21,force_z,ColoredNoiseRamp,7,2,5.24619063446193,2.14246074164857,2.33769462686742,1.41156394540665,1,1,1,3,0,0,2,0,0
NUAA,W5,21,force_z,IntermittentRecordDropout,7,2,1.08718769645349,1.45900176950616,1.78091107875601,1.41156394540665,1,1,1,1,0,0,3,0,0
NUAA,W5,21,vibration_x,LinearBiasDrift,7,2,1.28504663595075,1.36117030646262,1.93814053610581,1.93797010499473,1,1,2,2,0,0,1,0,0
NUAA,W5,21,vibration_x,GainDrift,7,2,1.09407881108032,1.31687143223826,1.89633612042927,1.93797010499473,1,1,2,2,0,0,1,0,0
NUAA,W5,21,vibration_x,ColoredNoiseRamp,7,2,1.07659325664172,1.37049582495363,1.89043556342834,1.93797010499473,1,1,2,2,0,0,1,0,0
NUAA,W5,21,vibration_x,IntermittentRecordDropout,7,3,1.03611334577628,1.76357921684505,1.98884305930655,1.9959907674843,1,1,1,1,0,0,1,0,0
NUAA,W5,21,vibration_y,LinearBiasDrift,7,2,1.33697601483386,1.42194033763429,2.17537885245946,1.00930259159871,1,1,3,5,0,0,2,0,0
NUAA,W5,21,vibration_y,GainDrift,7,2,1.01023250894149,1.33346204673524,1.96699750644975,1.00930259159871,0,0,NaN,NaN,0,0,1,0,0
NUAA,W5,21,vibration_y,ColoredNoiseRamp,7,3,0.913206724158642,1.28184652839833,1.99295292939637,0.942824099792436,0,0,NaN,NaN,0,0,1,0,0
NUAA,W5,21,vibration_y,IntermittentRecordDropout,7,2,1.01315440011371,1.27238976919765,1.00930259159871,1.00930259159871,1,1,0,0,0,0,1,0,0
NUAA,W5,22,force_z,LinearBiasDrift,7,2,1.12821717408727,1.44262539899449,2.09898275386694,1.41156394540665,0,0,NaN,NaN,0,0,1,0,0
NUAA,W5,22,force_z,GainDrift,7,2,2.91303754319022,1.43145940320126,1.22704557415728,1.41156394540665,1,1,0,1,0,0,3,0,0
NUAA,W5,22,force_z,ColoredNoiseRamp,7,3,2.40485759403464,1.89250750916646,2.80264147944397,1.39002179760219,1,1,3,4,0,0,2,0,0
NUAA,W5,22,force_z,IntermittentRecordDropout,7,2,1.20581642142257,1.2611437872296,1.44886365594752,1.41156394540665,1,1,3,3,0,0,4,0,0
NUAA,W5,22,vibration_x,LinearBiasDrift,7,2,1.23338119797986,1.3523100307188,1.92928884459183,1.93797010499473,1,1,2,2,0,0,1,0,0
NUAA,W5,22,vibration_x,GainDrift,7,3,0.97865520462334,1.29701666188253,1.99148977950826,1.9959907674843,1,1,1,1,0,0,1,0,0
NUAA,W5,22,vibration_x,ColoredNoiseRamp,7,2,1.00791719655104,1.35628484918693,1.88968987939361,1.93797010499473,1,1,2,2,0,0,1,0,0
NUAA,W5,22,vibration_x,IntermittentRecordDropout,7,2,1.09410593212803,1.70066516727939,1.88838503599731,1.93797010499473,1,1,2,2,0,0,1,0,0
NUAA,W5,22,vibration_y,LinearBiasDrift,7,3,0.75848203313098,1.21955868676465,1.52392384871918,0.942824099792436,1,0,3,NaN,0,0,1,0,0
NUAA,W5,22,vibration_y,GainDrift,7,3,0.900233962964759,1.27052500122067,1.88619981748568,0.942824099792436,0,0,NaN,NaN,0,0,1,0,0
NUAA,W5,22,vibration_y,ColoredNoiseRamp,7,2,0.977235874517583,1.28403609946597,1.86229286517793,1.00930259159871,0,0,NaN,NaN,0,0,1,0,0
NUAA,W5,22,vibration_y,IntermittentRecordDropout,7,3,0.919676219419234,1.26520305024621,1.69225562169619,0.942824099792436,1,1,4,4,0,0,2,0,0
NUAA,W5,23,force_z,LinearBiasDrift,7,2,1.24988733082894,1.56369834225831,2.21859392542421,1.41156394540665,0,0,NaN,NaN,0,0,1,0,0
NUAA,W5,23,force_z,GainDrift,7,3,3.12715288590508,2.01907029579591,2.70890223534207,1.39002179760219,1,1,2,3,0,0,2,0,0
NUAA,W5,23,force_z,ColoredNoiseRamp,7,2,2.15439634553818,1.67266320942268,2.53519733902613,1.41156394540665,1,1,3,5,0,0,2,0,0
NUAA,W5,23,force_z,IntermittentRecordDropout,7,2,0.921047108010914,1.52631216705278,1.69446944120984,1.41156394540665,1,1,4,4,0,0,2,0,0
NUAA,W5,23,vibration_x,LinearBiasDrift,7,3,1.07217336398778,1.31107170501127,2.003443597128,1.9959907674843,1,1,1,1,0,0,1,0,0
NUAA,W5,23,vibration_x,GainDrift,7,2,1.09987357874499,1.31719540957853,1.89680425618909,1.93797010499473,1,1,2,2,0,0,1,0,0
NUAA,W5,23,vibration_x,ColoredNoiseRamp,7,3,0.925042015272923,1.32859430515239,1.98928733953966,1.9959907674843,1,1,1,1,0,0,1,0,0
NUAA,W5,23,vibration_x,IntermittentRecordDropout,7,2,1.00279745975638,1.54271733076197,1.93797010499473,1.93797010499473,1,1,0,0,0,0,1,0,0
NUAA,W5,23,vibration_y,LinearBiasDrift,7,3,1.32622653247,1.38524388935555,2.3171748533668,0.942824099792436,1,1,2,4,0,0,2,0,0
NUAA,W5,23,vibration_y,GainDrift,7,3,0.935987696370322,1.32393924822377,2.09789514422053,0.942824099792436,0,0,NaN,NaN,0,0,1,0,0
NUAA,W5,23,vibration_y,ColoredNoiseRamp,7,2,0.958719190273704,1.26195705706783,1.81890400856583,1.00930259159871,0,0,NaN,NaN,0,0,1,0,0
NUAA,W5,23,vibration_y,IntermittentRecordDropout,7,2,1.0055505501696,1.27453428339234,1.27453428339234,1.00930259159871,1,1,3,3,0,0,2,0,0
NUAA,W5,24,force_z,LinearBiasDrift,7,2,0.879417787296577,1.17271558479749,1.72403338318276,1.41156394540665,0,0,NaN,NaN,0,0,1,0,0
NUAA,W5,24,force_z,GainDrift,7,3,3.48228966297618,2.00684929434538,2.85507462589156,1.39002179760219,1,1,0,3,0,0,2,0,0
NUAA,W5,24,force_z,ColoredNoiseRamp,7,3,1.49705059498,1.70530476480401,2.75616866389083,1.39002179760219,1,0,4,NaN,0,0,1,0,0
NUAA,W5,24,force_z,IntermittentRecordDropout,7,2,1.14086209400685,1.51141900299344,1.60659587716818,1.41156394540665,1,1,3,4,0,0,2,0,0
NUAA,W5,24,vibration_x,LinearBiasDrift,7,2,1.3054240346088,1.36467193110876,1.94163872442615,1.93797010499473,1,1,2,2,0,0,1,0,0
NUAA,W5,24,vibration_x,GainDrift,7,3,1.0085077574911,1.29730649350965,1.99278323302179,1.9959907674843,1,1,1,1,0,0,1,0,0
NUAA,W5,24,vibration_x,ColoredNoiseRamp,7,2,0.932746103590071,1.29753796153748,1.8870281678241,1.93797010499473,1,1,2,2,0,0,1,0,0
NUAA,W5,24,vibration_x,IntermittentRecordDropout,7,2,1.06504583604336,1.72022776184025,1.88838503599731,1.93797010499473,1,1,2,2,0,0,1,0,0
NUAA,W5,24,vibration_y,LinearBiasDrift,7,2,1.29346595053176,1.40656848603248,2.11907145386164,1.00930259159871,1,1,3,5,0,0,2,0,0
NUAA,W5,24,vibration_y,GainDrift,7,2,0.98278123407901,1.29185151656327,1.81893828002687,1.00930259159871,0,0,NaN,NaN,0,0,1,0,0
NUAA,W5,24,vibration_y,ColoredNoiseRamp,7,2,0.985403774198598,1.2935316300638,1.88143092946576,1.00930259159871,0,0,NaN,NaN,0,0,1,0,0
NUAA,W5,24,vibration_y,IntermittentRecordDropout,7,3,0.917569627197645,1.29642359594348,1.98884305930655,0.942824099792436,0,0,NaN,NaN,0,0,1,0,0
NUAA,W5,25,force_z,LinearBiasDrift,7,3,1.09653276463288,1.47384577962009,2.26168650797083,1.39002179760219,0,0,NaN,NaN,0,0,1,0,0
NUAA,W5,25,force_z,GainDrift,7,2,2.73650725122163,1.95446249852755,2.58765718675516,1.41156394540665,1,1,1,4,0,0,2,0,0
NUAA,W5,25,force_z,ColoredNoiseRamp,7,2,1.4631769170584,1.63369905499775,2.48510727693307,1.41156394540665,1,0,5,NaN,0,0,1,0,0
NUAA,W5,25,force_z,IntermittentRecordDropout,7,3,1.12086027677585,1.27855179907227,1.86366576417623,1.39002179760219,1,0,2,NaN,0,0,1,0,0
NUAA,W5,25,vibration_x,LinearBiasDrift,7,2,0.949116771587587,1.29356676708746,1.87059810536582,1.93797010499473,1,1,2,2,0,0,1,0,0
NUAA,W5,25,vibration_x,GainDrift,7,2,0.962011147657739,1.30636745177687,1.88115824141335,1.93797010499473,1,1,2,2,0,0,1,0,0
NUAA,W5,25,vibration_x,ColoredNoiseRamp,7,2,1.02900709807945,1.3788525004852,1.89237312740862,1.93797010499473,1,1,2,2,0,0,1,0,0
NUAA,W5,25,vibration_x,IntermittentRecordDropout,7,2,1.11909736808669,1.70066516727939,1.88838503599731,1.93797010499473,1,1,2,2,0,0,1,0,0
NUAA,W5,25,vibration_y,LinearBiasDrift,7,2,1.17950747377902,1.34356516520797,2.37037524447692,1.00930259159871,1,0,4,NaN,0,0,1,0,0
NUAA,W5,25,vibration_y,GainDrift,7,2,1.00861231423295,1.33100616222198,1.95825894052148,1.00930259159871,0,0,NaN,NaN,0,0,1,0,0
NUAA,W5,25,vibration_y,ColoredNoiseRamp,7,3,0.912148876306279,1.28698373830154,1.95548800737086,0.942824099792436,0,0,NaN,NaN,0,0,1,0,0
NUAA,W5,25,vibration_y,IntermittentRecordDropout,7,2,1.00199583672629,1.2893467540413,1.01670256973555,1.00930259159871,1,1,1,1,0,0,1,0,0
NUAA,W5,26,force_z,LinearBiasDrift,7,2,1.37465035411425,1.68786221660773,2.34001423188382,1.41156394540665,0,0,NaN,NaN,0,0,1,0,0
NUAA,W5,26,force_z,GainDrift,7,2,3.0306253819272,2.01368376005426,2.73132614838088,1.41156394540665,1,1,1,4,0,0,2,0,0
NUAA,W5,26,force_z,ColoredNoiseRamp,7,2,1.5982140589168,1.58940800482701,2.14499278678535,1.41156394540665,1,1,4,5,0,0,2,0,0
NUAA,W5,26,force_z,IntermittentRecordDropout,7,2,1.08401984288513,1.3990291186719,1.75490626154688,1.41156394540665,1,1,5,5,0,0,2,0,0
NUAA,W5,26,vibration_x,LinearBiasDrift,7,2,0.962826245539847,1.28987658757334,1.86691097765016,1.93797010499473,1,1,2,2,0,0,1,0,0
NUAA,W5,26,vibration_x,GainDrift,7,3,0.965504659280923,1.29688898623713,1.99091999175331,1.9959907674843,1,1,1,1,0,0,1,0,0
NUAA,W5,26,vibration_x,ColoredNoiseRamp,7,2,1.00977341563172,1.35666527309883,1.88818021978965,1.93797010499473,1,1,2,2,0,0,1,0,0
NUAA,W5,26,vibration_x,IntermittentRecordDropout,7,2,1.10439953175042,1.66724595940307,1.88838503599731,1.93797010499473,1,1,2,2,0,0,1,0,0
NUAA,W5,26,vibration_y,LinearBiasDrift,7,2,1.33882906037947,1.42260350326465,2.17777674847207,1.00930259159871,1,1,3,5,0,0,2,0,0
NUAA,W5,26,vibration_y,GainDrift,7,2,0.982271745330486,1.29107923560186,1.81619033806952,1.00930259159871,0,0,NaN,NaN,0,0,1,0,0
NUAA,W5,26,vibration_y,ColoredNoiseRamp,7,3,0.903289766625261,1.27895960584249,1.96122836798533,0.942824099792436,0,0,NaN,NaN,0,0,1,0,0
NUAA,W5,26,vibration_y,IntermittentRecordDropout,7,3,0.917298857861948,1.24028906127951,1.17955635030212,0.942824099792436,1,1,0,0,0,0,3,0,0
NUAA,W5,27,force_z,LinearBiasDrift,7,3,1.12282205178552,1.50001581670693,2.28723045282562,1.39002179760219,0,0,NaN,NaN,0,0,1,0,0
NUAA,W5,27,force_z,GainDrift,7,2,2.23149231071256,1.14333536719761,1.14333536719761,1.41156394540665,1,1,1,1,0,0,3,0,0
NUAA,W5,27,force_z,ColoredNoiseRamp,7,2,1.9491976544525,1.83384544052926,2.40132348429496,1.41156394540665,1,1,4,5,0,0,2,0,0
NUAA,W5,27,force_z,IntermittentRecordDropout,7,2,1.05852110930435,1.3990291186719,1.75490626154688,1.41156394540665,1,1,5,5,0,0,2,0,0
NUAA,W5,27,vibration_x,LinearBiasDrift,7,2,1.02296067593419,1.27360013099782,1.85064764835024,1.93797010499473,1,1,2,2,0,0,1,0,0
NUAA,W5,27,vibration_x,GainDrift,7,2,0.948839814366021,1.30875132344674,1.88460285138076,1.93797010499473,1,1,2,2,0,0,1,0,0
NUAA,W5,27,vibration_x,ColoredNoiseRamp,7,2,0.977738767902186,1.31834653150476,1.88813066781922,1.93797010499473,1,1,2,2,0,0,1,0,0
NUAA,W5,27,vibration_x,IntermittentRecordDropout,7,2,0.995657175906555,1.31136881652809,1.88838503599731,1.93797010499473,1,1,2,2,0,0,1,0,0
NUAA,W5,27,vibration_y,LinearBiasDrift,7,2,0.81913571525627,1.14076019172939,1.25983620151448,1.00930259159871,1,1,3,5,0,0,2,0,0
NUAA,W5,27,vibration_y,GainDrift,7,2,0.985302543798599,1.29567330752509,1.83253703522221,1.00930259159871,0,0,NaN,NaN,0,0,1,0,0
NUAA,W5,27,vibration_y,ColoredNoiseRamp,7,3,0.922586485980348,1.28535813202695,2.05324953849894,0.942824099792436,0,0,NaN,NaN,0,0,1,0,0
NUAA,W5,27,vibration_y,IntermittentRecordDropout,7,2,0.99945402541005,1.27453428339234,1.27453428339234,1.00930259159871,1,1,3,3,0,0,2,0,0
NUAA,W5,28,force_z,LinearBiasDrift,7,2,1.6426414433495,1.95448785225271,2.59975140386476,1.41156394540665,0,0,NaN,NaN,0,0,1,0,0
NUAA,W5,28,force_z,GainDrift,7,3,2.84107998858249,1.21521065961242,0.902167836366611,1.39002179760219,1,1,0,2,0,0,2,0,0
NUAA,W5,28,force_z,ColoredNoiseRamp,7,3,1.42878149129324,1.81914322706097,2.67741258812333,1.39002179760219,0,0,NaN,NaN,0,0,1,0,0
NUAA,W5,28,force_z,IntermittentRecordDropout,7,3,0.839137997997853,1.21799196674369,1.91041143010676,1.39002179760219,0,0,NaN,NaN,0,0,1,0,0
NUAA,W5,28,vibration_x,LinearBiasDrift,7,3,1.14404077816173,1.31782714666392,2.01017629340645,1.9959907674843,1,1,1,1,0,0,1,0,0
NUAA,W5,28,vibration_x,GainDrift,7,3,0.986296996799333,1.29709085429985,1.99182088361796,1.9959907674843,1,1,1,1,0,0,1,0,0
NUAA,W5,28,vibration_x,ColoredNoiseRamp,7,2,1.02912435896749,1.370508126964,1.89056586884763,1.93797010499473,1,1,2,2,0,0,1,0,0
NUAA,W5,28,vibration_x,IntermittentRecordDropout,7,2,1.0560658249873,1.50504510872746,1.89434145947877,1.93797010499473,1,1,1,1,0,0,1,0,0
NUAA,W5,28,vibration_y,LinearBiasDrift,7,3,1.17939235739825,1.34562700419338,2.13185054893399,0.942824099792436,1,1,2,4,0,0,2,0,0
NUAA,W5,28,vibration_y,GainDrift,7,3,0.926432419719779,1.3096641541684,2.04131902699009,0.942824099792436,0,0,NaN,NaN,0,0,1,0,0
NUAA,W5,28,vibration_y,ColoredNoiseRamp,7,2,0.983561692367353,1.29327013350389,1.8641700825758,1.00930259159871,0,0,NaN,NaN,0,0,1,0,0
NUAA,W5,28,vibration_y,IntermittentRecordDropout,7,2,1.00049235583662,1.28194677590447,1.00930259159871,1.00930259159871,1,1,0,0,0,0,1,0,0
NUAA,W5,29,force_z,LinearBiasDrift,7,2,0.852113229671685,1.17406172327977,1.69928072963321,1.41156394540665,0,0,NaN,NaN,0,0,1,0,0
NUAA,W5,29,force_z,GainDrift,7,2,1.76835753180227,1.13005781469085,0.842103960615868,1.41156394540665,1,1,1,3,0,0,2,0,0
NUAA,W5,29,force_z,ColoredNoiseRamp,7,3,2.79738433164764,1.76555261129025,2.33922328110483,1.39002179760219,1,1,2,3,0,0,2,0,0
NUAA,W5,29,force_z,IntermittentRecordDropout,7,2,1.0355875850837,1.51141900299344,1.66198712668022,1.41156394540665,1,1,3,4,0,0,2,0,0
NUAA,W5,29,vibration_x,LinearBiasDrift,7,3,0.963800879763506,1.27487940295965,1.96736513799034,1.9959907674843,1,1,1,1,0,0,1,0,0
NUAA,W5,29,vibration_x,GainDrift,7,3,0.986716881993157,1.29709493086943,1.99183907643322,1.9959907674843,1,1,1,1,0,0,1,0,0
NUAA,W5,29,vibration_x,ColoredNoiseRamp,7,3,0.984469045905255,1.36130529202782,1.99008448263643,1.9959907674843,1,1,1,1,0,0,1,0,0
NUAA,W5,29,vibration_x,IntermittentRecordDropout,7,3,1.08919067994882,1.98884305930655,1.98884305930655,1.9959907674843,1,1,1,1,0,0,1,0,0
NUAA,W5,29,vibration_y,LinearBiasDrift,7,2,0.827115231814332,1.16611426795598,1.33568462021955,1.00930259159871,1,1,3,5,0,0,2,0,0
NUAA,W5,29,vibration_y,GainDrift,7,2,1.01373928143545,1.3387775981403,1.98591138295628,1.00930259159871,0,0,NaN,NaN,0,0,1,0,0
NUAA,W5,29,vibration_y,ColoredNoiseRamp,7,3,0.917681184474706,1.2879170296747,2.01403957043626,0.942824099792436,0,0,NaN,NaN,0,0,1,0,0
NUAA,W5,29,vibration_y,IntermittentRecordDropout,7,2,0.995311002959165,1.27579468840687,1.44395196256393,1.00930259159871,1,1,4,4,0,0,2,0,0
NUAA,W5,30,force_z,LinearBiasDrift,7,2,0.882016005204568,1.20076568528379,1.72542670825453,1.41156394540665,0,0,NaN,NaN,0,0,1,0,0
NUAA,W5,30,force_z,GainDrift,7,3,3.35026802313734,2.06558511420247,2.8007352278189,1.39002179760219,1,1,2,3,0,0,2,0,0
NUAA,W5,30,force_z,ColoredNoiseRamp,7,3,5.21042767673718,2.05479986059159,2.05479986059159,1.39002179760219,1,1,2,2,0,0,2,0,0
NUAA,W5,30,force_z,IntermittentRecordDropout,7,3,0.917569627197645,1.29642359594348,1.98884305930655,1.39002179760219,0,0,NaN,NaN,0,0,1,0,0
NUAA,W5,30,vibration_x,LinearBiasDrift,7,2,1.08503413319786,1.25665817948121,1.83371878419,1.93797010499473,1,1,2,2,0,0,1,0,0
NUAA,W5,30,vibration_x,GainDrift,7,3,0.874675901212487,1.29550452787479,1.98474146475524,1.9959907674843,1,1,1,1,0,0,1,0,0
NUAA,W5,30,vibration_x,ColoredNoiseRamp,7,2,1.04040595873982,1.383551618738,1.89607212007912,1.93797010499473,1,1,2,2,0,0,1,0,0
NUAA,W5,30,vibration_x,IntermittentRecordDropout,7,2,1.03050273859617,1.72618418532171,1.89434145947877,1.93797010499473,1,1,1,1,0,0,1,0,0
NUAA,W5,30,vibration_y,LinearBiasDrift,7,2,0.818576900957786,1.13674730298653,1.24773076571708,1.00930259159871,1,1,3,5,0,0,2,0,0
NUAA,W5,30,vibration_y,GainDrift,7,3,0.908231837978345,1.28247341697434,1.93355466977425,0.942824099792436,0,0,NaN,NaN,0,0,1,0,0
NUAA,W5,30,vibration_y,ColoredNoiseRamp,7,2,0.992655443264939,1.30879126820058,1.8757914347654,1.00930259159871,0,0,NaN,NaN,0,0,1,0,0
NUAA,W5,30,vibration_y,IntermittentRecordDropout,7,2,0.993196104075047,1.26839471027004,1.17872027077031,1.00930259159871,1,1,0,0,0,0,3,0,0
NUAA,W6,0,None,Clean,14,Inf,1,1,1,1,0,0,NaN,NaN,0,0,0,0,0
NUAA,W6,1,force_z,LinearBiasDrift,14,4,0.894293072728611,0.894293072728611,0.894293072728611,0.963630070011089,0,0,NaN,NaN,0,0,0,0,0
NUAA,W6,1,force_z,GainDrift,14,4,1.78284750777977,0.913024333138309,0.848875569865913,0.963630070011089,1,1,2,4,0,0,1,0,0
NUAA,W6,1,force_z,ColoredNoiseRamp,14,5,2.03095997932487,0.943512895103947,0.943512895103947,0.996884464642564,1,1,4,4,0,0,1,0,0
NUAA,W6,1,force_z,IntermittentRecordDropout,14,5,0.884845907893595,0.98393476706915,0.98393476706915,0.996884464642564,1,1,2,2,0,0,3,0,0
NUAA,W6,1,vibration_x,LinearBiasDrift,14,3,0.93848861979427,0.93848861979427,0.93848861979427,0.887957039844088,0,0,NaN,NaN,0,0,0,0,0
NUAA,W6,1,vibration_x,GainDrift,14,4,0.951121256028114,0.951121256028114,0.951121256028114,0.880621643675457,0,0,NaN,NaN,0,0,0,0,0
NUAA,W6,1,vibration_x,ColoredNoiseRamp,14,6,1.00045384015586,1.00045384015586,1.00045384015586,0.963882931428159,0,0,NaN,NaN,0,0,0,0,0
NUAA,W6,1,vibration_x,IntermittentRecordDropout,14,3,0.953587637564246,0.925534102586365,0.920020314662596,0.887957039844088,1,1,3,3,0,0,1,0,0
NUAA,W6,1,vibration_y,LinearBiasDrift,14,4,0.929957034511596,0.930884709566514,0.950462041416725,0.872002995969729,1,1,5,6,0,0,1,0,0
NUAA,W6,1,vibration_y,GainDrift,14,3,0.954520874526142,0.954520874526142,0.954520874526142,0.875987401445532,0,0,NaN,NaN,0,0,0,0,0
NUAA,W6,1,vibration_y,ColoredNoiseRamp,14,4,0.946869728965752,0.915104024670611,0.946869728965752,0.872002995969729,1,0,10,NaN,0,0,0,0,0
NUAA,W6,1,vibration_y,IntermittentRecordDropout,14,4,0.96167007552478,0.972886377427142,0.925741615662636,0.872002995969729,1,1,3,3,0,0,1,0,0
NUAA,W6,2,force_z,LinearBiasDrift,14,5,1.23605557312335,1.23605557312335,1.23605557312335,0.996884464642564,0,0,NaN,NaN,0,0,0,0,0
NUAA,W6,2,force_z,GainDrift,14,5,1.69805700410275,0.943666735632692,0.96928576208602,0.996884464642564,1,1,3,5,0,0,1,0,0
NUAA,W6,2,force_z,ColoredNoiseRamp,14,3,2.12365072112294,0.897454524427364,0.897454524427364,0.96942506119491,1,1,5,5,0,0,1,0,0
NUAA,W6,2,force_z,IntermittentRecordDropout,14,6,0.941760029123725,0.980310581063525,0.980310581063525,1.00364883532114,1,1,1,1,0,0,5,0,0
NUAA,W6,2,vibration_x,LinearBiasDrift,14,5,0.971066682594678,0.971066682594678,0.971066682594678,0.923230625451016,0,0,NaN,NaN,0,0,0,0,0
NUAA,W6,2,vibration_x,GainDrift,14,5,0.977471057405218,0.977471057405218,0.977471057405218,0.923230625451016,0,0,NaN,NaN,0,0,0,0,0
NUAA,W6,2,vibration_x,ColoredNoiseRamp,14,5,0.979848383022283,0.979848383022283,0.979848383022283,0.923230625451016,0,0,NaN,NaN,0,0,0,0,0
NUAA,W6,2,vibration_x,IntermittentRecordDropout,14,5,0.983729760874845,0.946283608069527,0.946283608069527,0.923230625451016,1,1,7,7,0,0,1,0,0
NUAA,W6,2,vibration_y,LinearBiasDrift,14,5,0.97105694152959,0.93914244001429,0.97105694152959,0.916688923450682,1,0,9,NaN,0,0,0,0,0
NUAA,W6,2,vibration_y,GainDrift,14,6,1.00943390360015,1.00943390360015,1.00943390360015,0.960867293863055,0,0,NaN,NaN,0,0,0,0,0
NUAA,W6,2,vibration_y,ColoredNoiseRamp,14,4,0.94936737446288,0.94936737446288,0.94936737446288,0.872002995969729,0,0,NaN,NaN,0,0,0,0,0
NUAA,W6,2,vibration_y,IntermittentRecordDropout,14,3,0.957547766073943,0.921598142210395,0.89615333723845,0.875987401445532,1,1,2,2,0,0,1,0,0
NUAA,W6,3,force_z,LinearBiasDrift,14,6,1.0749695419922,1.0749695419922,1.0749695419922,1.00364883532114,0,0,NaN,NaN,0,0,0,0,0
NUAA,W6,3,force_z,GainDrift,14,4,2.28532617460361,0.865425925348551,0.865425925348551,0.963630070011089,1,1,2,2,0,0,1,0,0
NUAA,W6,3,force_z,ColoredNoiseRamp,14,5,2.72966746393746,0.941906327994761,0.950181370673227,0.996884464642564,1,1,2,3,0,0,1,0,0
NUAA,W6,3,force_z,IntermittentRecordDropout,14,6,0.966990200161713,1.0052460344473,1.00919279118866,1.00364883532114,1,1,2,2,0,0,3,0,0
NUAA,W6,3,vibration_x,LinearBiasDrift,14,3,0.941118850872443,0.941118850872443,0.941118850872443,0.887957039844088,0,0,NaN,NaN,0,0,0,0,0
NUAA,W6,3,vibration_x,GainDrift,14,6,1.00180552329064,1.00180552329064,1.00180552329064,0.963882931428159,0,0,NaN,NaN,0,0,0,0,0
NUAA,W6,3,vibration_x,ColoredNoiseRamp,14,4,0.945593694693144,0.945593694693144,0.945593694693144,0.880621643675457,0,0,NaN,NaN,0,0,0,0,0
NUAA,W6,3,vibration_x,IntermittentRecordDropout,14,4,0.951821097712924,0.924788208405543,0.914238769076911,0.880621643675457,1,1,2,2,0,0,1,0,0
NUAA,W6,3,vibration_y,LinearBiasDrift,14,6,0.985282135301249,0.973083084103549,0.959156972516827,0.960867293863055,1,1,6,7,0,0,1,0,0
NUAA,W6,3,vibration_y,GainDrift,14,5,0.98655417747428,0.98655417747428,0.98655417747428,0.916688923450682,0,0,NaN,NaN,0,0,0,0,0
NUAA,W6,3,vibration_y,ColoredNoiseRamp,14,5,0.985074926472363,0.985074926472363,0.985074926472363,0.916688923450682,0,0,NaN,NaN,0,0,0,0,0
NUAA,W6,3,vibration_y,IntermittentRecordDropout,14,4,0.944739276173786,0.932522963656999,0.919743444178013,0.872002995969729,1,1,5,5,0,0,1,0,0
NUAA,W6,4,force_z,LinearBiasDrift,14,5,0.904697561206147,0.904697561206147,0.904697561206147,0.996884464642564,0,0,NaN,NaN,0,0,0,0,0
NUAA,W6,4,force_z,GainDrift,14,4,0.83410988870449,0.963630070011089,0.979609570109393,0.963630070011089,1,1,0,1,0,0,1,0,0
NUAA,W6,4,force_z,ColoredNoiseRamp,14,5,1.18890589357177,1.13893200340235,1.18890589357177,0.996884464642564,1,0,9,NaN,0,0,0,0,0
NUAA,W6,4,force_z,IntermittentRecordDropout,14,5,0.912724876746399,0.942961383258089,0.984208633287663,0.996884464642564,1,1,4,4,0,0,1,0,0
NUAA,W6,4,vibration_x,LinearBiasDrift,14,6,1.01000218086275,1.01000218086275,1.01000218086275,0.963882931428159,0,0,NaN,NaN,0,0,0,0,0
NUAA,W6,4,vibration_x,GainDrift,14,3,0.952682224187002,0.952682224187002,0.952682224187002,0.887957039844088,0,0,NaN,NaN,0,0,0,0,0
NUAA,W6,4,vibration_x,ColoredNoiseRamp,14,5,0.980003480435876,0.980003480435876,0.980003480435876,0.923230625451016,0,0,NaN,NaN,0,0,0,0,0
NUAA,W6,4,vibration_x,IntermittentRecordDropout,14,6,1.00594026518996,0.990274990803553,0.963882931428159,0.963882931428159,1,1,0,0,0,0,1,0,0
NUAA,W6,4,vibration_y,LinearBiasDrift,14,5,0.989008209258353,0.989008209258353,0.989008209258353,0.916688923450682,0,0,NaN,NaN,0,0,0,0,0
NUAA,W6,4,vibration_y,GainDrift,14,5,0.975952423346454,0.975952423346454,0.975952423346454,0.916688923450682,0,0,NaN,NaN,0,0,0,0,0
NUAA,W6,4,vibration_y,ColoredNoiseRamp,14,5,0.979270760309226,0.945645126681298,0.979270760309226,0.916688923450682,1,0,9,NaN,0,0,0,0,0
NUAA,W6,4,vibration_y,IntermittentRecordDropout,14,4,0.962186681780219,0.928414479418603,0.934836487668554,0.872002995969729,1,1,6,6,0,0,1,0,0
NUAA,W6,5,force_z,LinearBiasDrift,14,5,0.905806613484789,0.905806613484789,0.905806613484789,0.996884464642564,0,0,NaN,NaN,0,0,0,0,0
NUAA,W6,5,force_z,GainDrift,14,5,0.933528176615226,0.996884464642564,0.996884464642564,0.996884464642564,1,1,0,0,0,0,1,0,0
NUAA,W6,5,force_z,ColoredNoiseRamp,14,3,1.32722677098124,0.902710628732249,0.964814619555829,0.96942506119491,1,1,7,8,0,0,1,0,0
NUAA,W6,5,force_z,IntermittentRecordDropout,14,3,0.989843513018887,0.932199029548528,0.982380200228353,0.96942506119491,1,1,4,6,0,0,3,0,0
NUAA,W6,5,vibration_x,LinearBiasDrift,14,3,0.94641895111025,0.94641895111025,0.94641895111025,0.887957039844088,0,0,NaN,NaN,0,0,0,0,0
NUAA,W6,5,vibration_x,GainDrift,14,4,0.944082408284686,0.944082408284686,0.944082408284686,0.880621643675457,0,0,NaN,NaN,0,0,0,0,0
NUAA,W6,5,vibration_x,ColoredNoiseRamp,14,5,0.980224196032089,0.980224196032089,0.980224196032089,0.923230625451016,0,0,NaN,NaN,0,0,0,0,0
NUAA,W6,5,vibration_x,IntermittentRecordDropout,14,4,0.948378624151727,0.90588051063619,0.90588051063619,0.880621643675457,1,1,5,5,0,0,1,0,0
NUAA,W6,5,vibration_y,LinearBiasDrift,14,3,0.938160292997743,0.93740100446273,0.955341688512306,0.875987401445532,1,1,6,7,0,0,1,0,0
NUAA,W6,5,vibration_y,GainDrift,14,6,1.00993441345902,1.00993441345902,1.00993441345902,0.960867293863055,0,0,NaN,NaN,0,0,0,0,0
NUAA,W6,5,vibration_y,ColoredNoiseRamp,14,4,0.946067633466006,0.9132345413526,0.946067633466006,0.872002995969729,1,0,10,NaN,0,0,0,0,0
NUAA,W6,5,vibration_y,IntermittentRecordDropout,14,4,0.956777561995989,0.938423371339102,0.872002995969729,0.872002995969729,1,1,0,0,0,0,1,0,0
NUAA,W6,6,force_z,LinearBiasDrift,14,3,0.923787414450301,0.923787414450301,0.923787414450301,0.96942506119491,0,0,NaN,NaN,0,0,0,0,0
NUAA,W6,6,force_z,GainDrift,14,6,0.741881229834764,1.02447363233167,1.02447363233167,1.00364883532114,1,1,1,1,0,0,1,0,0
NUAA,W6,6,force_z,ColoredNoiseRamp,14,5,2.448499029494,0.96369674643626,0.96369674643626,0.996884464642564,1,1,4,4,0,0,1,0,0
NUAA,W6,6,force_z,IntermittentRecordDropout,14,3,0.791868493684419,0.967111099801858,0.952419762102601,0.96942506119491,1,1,6,6,0,0,1,0,0
NUAA,W6,6,vibration_x,LinearBiasDrift,14,5,0.991166469231528,0.991166469231528,0.991166469231528,0.923230625451016,0,0,NaN,NaN,0,0,0,0,0
NUAA,W6,6,vibration_x,GainDrift,14,6,1.00798786208856,1.00798786208856,1.00798786208856,0.963882931428159,0,0,NaN,NaN,0,0,0,0,0
NUAA,W6,6,vibration_x,ColoredNoiseRamp,14,5,0.980698438347964,0.980698438347964,0.980698438347964,0.923230625451016,0,0,NaN,NaN,0,0,0,0,0
NUAA,W6,6,vibration_x,IntermittentRecordDropout,14,4,0.950925908900468,0.887573990374818,0.880621643675457,0.880621643675457,1,1,0,0,0,0,1,0,0
NUAA,W6,6,vibration_y,LinearBiasDrift,14,4,0.929375390481125,0.931219249425454,0.950935939314903,0.872002995969729,1,1,5,6,0,0,1,0,0
NUAA,W6,6,vibration_y,GainDrift,14,4,0.951195398673747,0.951195398673747,0.951195398673747,0.872002995969729,0,0,NaN,NaN,0,0,0,0,0
NUAA,W6,6,vibration_y,ColoredNoiseRamp,14,4,0.946451998269845,0.914048501991198,0.946451998269845,0.872002995969729,1,0,10,NaN,0,0,0,0,0
NUAA,W6,6,vibration_y,IntermittentRecordDropout,14,6,1.01101889514275,0.954981081246076,0.97061086766284,0.960867293863055,1,1,3,3,0,0,1,0,0
NUAA,W6,7,force_z,LinearBiasDrift,14,3,0.924709710613234,0.924709710613234,0.924709710613234,0.96942506119491,0,0,NaN,NaN,0,0,0,0,0
NUAA,W6,7,force_z,GainDrift,14,4,0.814712509468502,0.963630070011089,0.978865939677532,0.963630070011089,1,1,0,1,0,0,1,0,0
NUAA,W6,7,force_z,ColoredNoiseRamp,14,6,1.65597891039415,1.02960660301119,1.02960660301119,1.00364883532114,1,1,5,5,0,0,1,0,0
NUAA,W6,7,force_z,IntermittentRecordDropout,14,6,1.00467733351448,1.00467733351448,1.00467733351448,1.00364883532114,0,0,NaN,NaN,0,0,0,0,0
NUAA,W6,7,vibration_x,LinearBiasDrift,14,4,0.953109132694322,0.953109132694322,0.953109132694322,0.880621643675457,0,0,NaN,NaN,0,0,0,0,0
NUAA,W6,7,vibration_x,GainDrift,14,3,0.953665174217148,0.953665174217148,0.953665174217148,0.887957039844088,0,0,NaN,NaN,0,0,0,0,0
NUAA,W6,7,vibration_x,ColoredNoiseRamp,14,5,0.977699693219104,0.977699693219104,0.977699693219104,0.923230625451016,0,0,NaN,NaN,0,0,0,0,0
NUAA,W6,7,vibration_x,IntermittentRecordDropout,14,6,1.00869821100481,0.95759357729147,0.963882931428159,0.963882931428159,1,1,0,0,0,0,1,0,0
NUAA,W6,7,vibration_y,LinearBiasDrift,14,3,0.966063787789503,0.915976909639946,0.90969168345548,0.875987401445532,1,1,5,6,0,0,1,0,0
NUAA,W6,7,vibration_y,GainDrift,14,5,0.987467930172351,0.987467930172351,0.987467930172351,0.916688923450682,0,0,NaN,NaN,0,0,0,0,0
NUAA,W6,7,vibration_y,ColoredNoiseRamp,14,4,0.947438390381164,0.947438390381164,0.947438390381164,0.872002995969729,0,0,NaN,NaN,0,0,0,0,0
NUAA,W6,7,vibration_y,IntermittentRecordDropout,14,5,0.986402873427401,0.983388459368202,0.953259303468925,0.916688923450682,1,1,3,3,0,0,1,0,0
NUAA,W6,8,force_z,LinearBiasDrift,14,4,0.892260975017428,0.892260975017428,0.892260975017428,0.963630070011089,0,0,NaN,NaN,0,0,0,0,0
NUAA,W6,8,force_z,GainDrift,14,5,1.93647362205976,0.970262149983432,0.914198592270159,0.996884464642564,1,1,1,3,0,0,1,0,0
NUAA,W6,8,force_z,ColoredNoiseRamp,14,5,1.53902886269063,0.917855204731781,0.917855204731781,0.996884464642564,1,1,5,5,0,0,1,0,0
NUAA,W6,8,force_z,IntermittentRecordDropout,14,6,0.894319775140232,1.02624831908404,1.02624831908404,1.00364883532114,1,1,3,3,0,0,3,0,0
NUAA,W6,8,vibration_x,LinearBiasDrift,14,4,0.937775079327951,0.937775079327951,0.937775079327951,0.880621643675457,0,0,NaN,NaN,0,0,0,0,0
NUAA,W6,8,vibration_x,GainDrift,14,5,0.986137008789067,0.986137008789067,0.986137008789067,0.923230625451016,0,0,NaN,NaN,0,0,0,0,0
NUAA,W6,8,vibration_x,ColoredNoiseRamp,14,5,0.978080532859172,0.978080532859172,0.978080532859172,0.923230625451016,0,0,NaN,NaN,0,0,0,0,0
NUAA,W6,8,vibration_x,IntermittentRecordDropout,14,5,0.983611404244887,0.960619537382027,0.956445200015892,0.923230625451016,1,1,2,2,0,0,1,0,0
NUAA,W6,8,vibration_y,LinearBiasDrift,14,5,0.958411783004151,0.960737880985367,0.982082128139219,0.916688923450682,1,1,4,5,0,0,1,0,0
NUAA,W6,8,vibration_y,GainDrift,14,5,0.989411670977209,0.989411670977209,0.989411670977209,0.916688923450682,0,0,NaN,NaN,0,0,0,0,0
NUAA,W6,8,vibration_y,ColoredNoiseRamp,14,3,0.951414653102082,0.951414653102082,0.951414653102082,0.875987401445532,0,0,NaN,NaN,0,0,0,0,0
NUAA,W6,8,vibration_y,IntermittentRecordDropout,14,3,0.952388206399696,0.917324139648065,0.917758586488768,0.875987401445532,1,1,3,3,0,0,1,0,0
NUAA,W6,9,force_z,LinearBiasDrift,14,6,0.916150720835317,0.916150720835317,0.916150720835317,1.00364883532114,0,0,NaN,NaN,0,0,0,0,0
NUAA,W6,9,force_z,GainDrift,14,3,2.10851950119329,0.821615713965933,0.821615713965933,0.96942506119491,1,1,3,3,0,0,1,0,0
NUAA,W6,9,force_z,ColoredNoiseRamp,14,6,2.01034210742367,0.958060604392173,0.958060604392173,1.00364883532114,1,1,3,3,0,0,1,0,0
NUAA,W6,9,force_z,IntermittentRecordDropout,14,5,0.94402604630058,1.04265750892885,1.01727206484466,0.996884464642564,1,1,4,4,0,0,3,0,0
NUAA,W6,9,vibration_x,LinearBiasDrift,14,6,1.01430977400569,1.01430977400569,1.01430977400569,0.963882931428159,0,0,NaN,NaN,0,0,0,0,0
NUAA,W6,9,vibration_x,GainDrift,14,6,1.00990896562742,1.00990896562742,1.00990896562742,0.963882931428159,0,0,NaN,NaN,0,0,0,0,0
NUAA,W6,9,vibration_x,ColoredNoiseRamp,14,5,0.976667829567433,0.976667829567433,0.976667829567433,0.923230625451016,0,0,NaN,NaN,0,0,0,0,0
NUAA,W6,9,vibration_x,IntermittentRecordDropout,14,5,0.984621211095956,0.962015845175949,0.956445200015892,0.923230625451016,1,1,2,2,0,0,1,0,0
NUAA,W6,9,vibration_y,LinearBiasDrift,14,3,0.954747553143594,0.954747553143594,0.954747553143594,0.875987401445532,0,0,NaN,NaN,0,0,0,0,0
NUAA,W6,9,vibration_y,GainDrift,14,4,0.952855847778756,0.952855847778756,0.952855847778756,0.872002995969729,0,0,NaN,NaN,0,0,0,0,0
NUAA,W6,9,vibration_y,ColoredNoiseRamp,14,6,1.00528069613171,1.00528069613171,1.00528069613171,0.960867293863055,0,0,NaN,NaN,0,0,0,0,0
NUAA,W6,9,vibration_y,IntermittentRecordDropout,14,5,0.986585447861497,0.96394342275912,0.919224463515189,0.916688923450682,1,1,0,0,0,0,3,0,0
NUAA,W6,10,force_z,LinearBiasDrift,14,6,1.09019200705973,1.09019200705973,1.09019200705973,1.00364883532114,0,0,NaN,NaN,0,0,0,0,0
NUAA,W6,10,force_z,GainDrift,14,4,0.741534109265311,0.963630070011089,0.976060525364392,0.963630070011089,1,1,0,1,0,0,1,0,0
NUAA,W6,10,force_z,ColoredNoiseRamp,14,5,1.62735665948543,0.929487287633641,0.928848050952565,0.996884464642564,1,1,4,5,0,0,1,0,0
NUAA,W6,10,force_z,IntermittentRecordDropout,14,6,0.918013998396425,0.995743750331034,1.00080962110902,1.00364883532114,1,1,6,8,0,0,1,0,0
NUAA,W6,10,vibration_x,LinearBiasDrift,14,6,0.993026433511284,0.993026433511284,0.993026433511284,0.963882931428159,0,0,NaN,NaN,0,0,0,0,0
NUAA,W6,10,vibration_x,GainDrift,14,4,0.944772702170581,0.944772702170581,0.944772702170581,0.880621643675457,0,0,NaN,NaN,0,0,0,0,0
NUAA,W6,10,vibration_x,ColoredNoiseRamp,14,4,0.946928208351434,0.946928208351434,0.946928208351434,0.880621643675457,0,0,NaN,NaN,0,0,0,0,0
NUAA,W6,10,vibration_x,IntermittentRecordDropout,14,4,0.947500014158212,0.915723829194923,0.915723829194923,0.880621643675457,1,1,6,6,0,0,1,0,0
NUAA,W6,10,vibration_y,LinearBiasDrift,14,4,0.940978255341743,0.940978255341743,0.940978255341743,0.872002995969729,0,0,NaN,NaN,0,0,0,0,0
NUAA,W6,10,vibration_y,GainDrift,14,5,0.987585718824069,0.987585718824069,0.987585718824069,0.916688923450682,0,0,NaN,NaN,0,0,0,0,0
NUAA,W6,10,vibration_y,ColoredNoiseRamp,14,4,0.945393376342366,0.945393376342366,0.945393376342366,0.872002995969729,0,0,NaN,NaN,0,0,0,0,0
NUAA,W6,10,vibration_y,IntermittentRecordDropout,14,6,1.01102487289593,0.954135242860291,0.97061086766284,0.960867293863055,1,1,3,3,0,0,1,0,0
NUAA,W6,11,force_z,LinearBiasDrift,14,5,0.903103596150285,0.903103596150285,0.903103596150285,0.996884464642564,0,0,NaN,NaN,0,0,0,0,0
NUAA,W6,11,force_z,GainDrift,14,3,1.05322673433966,0.982938892231295,0.982938892231295,0.96942506119491,1,1,1,1,0,0,1,0,0
NUAA,W6,11,force_z,ColoredNoiseRamp,14,4,1.55769426500396,0.896018766319862,0.890779370798628,0.963630070011089,1,1,4,5,0,0,1,0,0
NUAA,W6,11,force_z,IntermittentRecordDropout,14,5,0.829678297578338,1.00183823852677,0.984208633287663,0.996884464642564,1,1,4,4,0,0,1,0,0
NUAA,W6,11,vibration_x,LinearBiasDrift,14,6,0.998268026277496,0.998268026277496,0.998268026277496,0.963882931428159,0,0,NaN,NaN,0,0,0,0,0
NUAA,W6,11,vibration_x,GainDrift,14,6,1.0086249390973,1.0086249390973,1.0086249390973,0.963882931428159,0,0,NaN,NaN,0,0,0,0,0
NUAA,W6,11,vibration_x,ColoredNoiseRamp,14,6,1.00410404897107,1.00410404897107,1.00410404897107,0.963882931428159,0,0,NaN,NaN,0,0,0,0,0
NUAA,W6,11,vibration_x,IntermittentRecordDropout,14,4,0.947617669345821,0.940069546652928,0.914238769076911,0.880621643675457,1,1,2,2,0,0,1,0,0
NUAA,W6,11,vibration_y,LinearBiasDrift,14,5,0.973312778684671,0.973312778684671,0.973312778684671,0.916688923450682,0,0,NaN,NaN,0,0,0,0,0
NUAA,W6,11,vibration_y,GainDrift,14,5,0.98685394511407,0.98685394511407,0.98685394511407,0.916688923450682,0,0,NaN,NaN,0,0,0,0,0
NUAA,W6,11,vibration_y,ColoredNoiseRamp,14,6,1.00724165614417,1.00724165614417,1.00724165614417,0.960867293863055,0,0,NaN,NaN,0,0,0,0,0
NUAA,W6,11,vibration_y,IntermittentRecordDropout,14,4,0.953771565545032,0.899491490464355,0.888202066432389,0.872002995969729,1,1,1,1,0,0,1,0,0
NUAA,W6,12,force_z,LinearBiasDrift,14,3,0.916569059577698,0.916569059577698,0.916569059577698,0.96942506119491,0,0,NaN,NaN,0,0,0,0,0
NUAA,W6,12,force_z,GainDrift,14,3,0.905487736787207,0.98029428253986,1.00751157054029,0.96942506119491,1,1,1,2,0,0,1,0,0
NUAA,W6,12,force_z,ColoredNoiseRamp,14,5,1.33967416625375,0.966503689471906,1.03681346646519,0.996884464642564,1,1,6,7,0,0,1,0,0
NUAA,W6,12,force_z,IntermittentRecordDropout,14,5,0.75332447588938,0.98431486034597,1.00797348768972,0.996884464642564,1,1,2,6,0,0,1,0,0
NUAA,W6,12,vibration_x,LinearBiasDrift,14,4,0.938600840147174,0.938600840147174,0.938600840147174,0.880621643675457,0,0,NaN,NaN,0,0,0,0,0
NUAA,W6,12,vibration_x,GainDrift,14,4,0.950308934128959,0.950308934128959,0.950308934128959,0.880621643675457,0,0,NaN,NaN,0,0,0,0,0
NUAA,W6,12,vibration_x,ColoredNoiseRamp,14,4,0.945925195332188,0.945925195332188,0.945925195332188,0.880621643675457,0,0,NaN,NaN,0,0,0,0,0
NUAA,W6,12,vibration_x,IntermittentRecordDropout,14,5,0.985488310021615,0.937609912555679,0.945329296359657,0.923230625451016,1,1,1,1,0,0,1,0,0
NUAA,W6,12,vibration_y,LinearBiasDrift,14,6,0.996198802255323,0.996198802255323,0.996198802255323,0.960867293863055,0,0,NaN,NaN,0,0,0,0,0
NUAA,W6,12,vibration_y,GainDrift,14,5,0.97644282909365,0.97644282909365,0.97644282909365,0.916688923450682,0,0,NaN,NaN,0,0,0,0,0
NUAA,W6,12,vibration_y,ColoredNoiseRamp,14,4,0.947042020551878,0.947042020551878,0.947042020551878,0.872002995969729,0,0,NaN,NaN,0,0,0,0,0
NUAA,W6,12,vibration_y,IntermittentRecordDropout,14,5,0.997031202320164,0.952619581757573,0.942615222551062,0.916688923450682,1,1,1,1,0,0,1,0,0
NUAA,W6,13,force_z,LinearBiasDrift,14,6,0.898984163298126,0.898984163298126,0.898984163298126,1.00364883532114,0,0,NaN,NaN,0,0,0,0,0
NUAA,W6,13,force_z,GainDrift,14,6,0.556159241159887,1.0134857168487,1.0134857168487,1.00364883532114,1,1,1,1,0,0,1,0,0
NUAA,W6,13,force_z,ColoredNoiseRamp,14,4,1.6040823924753,0.909957097118599,0.900677783639227,0.963630070011089,1,1,4,5,0,0,1,0,0
NUAA,W6,13,force_z,IntermittentRecordDropout,14,3,0.965890772513562,1.00422267599772,1.0113376905853,0.96942506119491,1,1,2,6,0,0,3,0,0
NUAA,W6,13,vibration_x,LinearBiasDrift,14,5,0.972409723014557,0.972409723014557,0.972409723014557,0.923230625451016,0,0,NaN,NaN,0,0,0,0,0
NUAA,W6,13,vibration_x,GainDrift,14,6,1.00857133065095,1.00857133065095,1.00857133065095,0.963882931428159,0,0,NaN,NaN,0,0,0,0,0
NUAA,W6,13,vibration_x,ColoredNoiseRamp,14,4,0.945658402072859,0.945658402072859,0.945658402072859,0.880621643675457,0,0,NaN,NaN,0,0,0,0,0
NUAA,W6,13,vibration_x,IntermittentRecordDropout,14,4,0.94991379161409,0.921845824051751,0.924344136037125,0.880621643675457,1,1,3,3,0,0,1,0,0
NUAA,W6,13,vibration_y,LinearBiasDrift,14,4,0.939526055723018,0.910241854970558,0.939526055723018,0.872002995969729,1,0,10,NaN,0,0,0,0,0
NUAA,W6,13,vibration_y,GainDrift,14,3,0.953186326025085,0.953186326025085,0.953186326025085,0.875987401445532,0,0,NaN,NaN,0,0,0,0,0
NUAA,W6,13,vibration_y,ColoredNoiseRamp,14,3,0.95028974498909,0.95028974498909,0.95028974498909,0.875987401445532,0,0,NaN,NaN,0,0,0,0,0
NUAA,W6,13,vibration_y,IntermittentRecordDropout,14,5,0.991642191026744,0.982687127282045,0.942615222551062,0.916688923450682,1,1,1,1,0,0,1,0,0
NUAA,W6,14,force_z,LinearBiasDrift,14,6,0.950783300884513,0.950783300884513,0.950783300884513,1.00364883532114,0,0,NaN,NaN,0,0,0,0,0
NUAA,W6,14,force_z,GainDrift,14,3,1.75053260412193,0.88565581115963,0.839745753553871,0.96942506119491,1,1,3,5,0,0,1,0,0
NUAA,W6,14,force_z,ColoredNoiseRamp,14,4,2.1386204963779,0.883846437930028,0.894299150214816,0.963630070011089,1,1,3,4,0,0,1,0,0
NUAA,W6,14,force_z,IntermittentRecordDropout,14,6,0.923799813054415,1.06390914604183,1.06390914604183,1.00364883532114,1,1,5,5,0,0,3,0,0
NUAA,W6,14,vibration_x,LinearBiasDrift,14,4,0.953371694624766,0.953371694624766,0.953371694624766,0.880621643675457,0,0,NaN,NaN,0,0,0,0,0
NUAA,W6,14,vibration_x,GainDrift,14,5,0.986341051022576,0.986341051022576,0.986341051022576,0.923230625451016,0,0,NaN,NaN,0,0,0,0,0
NUAA,W6,14,vibration_x,ColoredNoiseRamp,14,5,0.979136945231705,0.979136945231705,0.979136945231705,0.923230625451016,0,0,NaN,NaN,0,0,0,0,0
NUAA,W6,14,vibration_x,IntermittentRecordDropout,14,4,0.95099153321401,0.918788243583207,0.880621643675457,0.880621643675457,1,1,0,0,0,0,1,0,0
NUAA,W6,14,vibration_y,LinearBiasDrift,14,6,1.02080391095752,0.974397983841288,1.02080391095752,0.960867293863055,1,0,8,NaN,0,0,0,0,0
NUAA,W6,14,vibration_y,GainDrift,14,5,0.987668527235534,0.987668527235534,0.987668527235534,0.916688923450682,0,0,NaN,NaN,0,0,0,0,0
NUAA,W6,14,vibration_y,ColoredNoiseRamp,14,6,1.00663188063807,1.00663188063807,1.00663188063807,0.960867293863055,0,0,NaN,NaN,0,0,0,0,0
NUAA,W6,14,vibration_y,IntermittentRecordDropout,14,5,1.00089292118008,0.967986786810464,0.967986786810464,0.916688923450682,1,1,5,5,0,0,1,0,0
NUAA,W6,15,force_z,LinearBiasDrift,14,4,1.15290468074608,1.15290468074608,1.15290468074608,0.963630070011089,0,0,NaN,NaN,0,0,0,0,0
NUAA,W6,15,force_z,GainDrift,14,3,1.73437062975802,0.885935346720581,0.839038599958371,0.96942506119491,1,1,3,5,0,0,1,0,0
NUAA,W6,15,force_z,ColoredNoiseRamp,14,3,2.13059065469023,0.904752469118111,0.855328729943274,0.96942506119491,1,1,3,4,0,0,1,0,0
NUAA,W6,15,force_z,IntermittentRecordDropout,14,4,0.788526818306418,0.933744007666869,0.914669915209884,0.963630070011089,1,1,6,9,0,0,1,0,0
NUAA,W6,15,vibration_x,LinearBiasDrift,14,4,0.954743575880711,0.954743575880711,0.954743575880711,0.880621643675457,0,0,NaN,NaN,0,0,0,0,0
NUAA,W6,15,vibration_x,GainDrift,14,4,0.950716794134355,0.950716794134355,0.950716794134355,0.880621643675457,0,0,NaN,NaN,0,0,0,0,0
NUAA,W6,15,vibration_x,ColoredNoiseRamp,14,3,0.949512349707421,0.949512349707421,0.949512349707421,0.887957039844088,0,0,NaN,NaN,0,0,0,0,0
NUAA,W6,15,vibration_x,IntermittentRecordDropout,14,5,0.985441965502409,0.925796041265517,0.945329296359657,0.923230625451016,1,1,1,1,0,0,1,0,0
NUAA,W6,15,vibration_y,LinearBiasDrift,14,4,0.939933718692634,0.939933718692634,0.939933718692634,0.872002995969729,0,0,NaN,NaN,0,0,0,0,0
NUAA,W6,15,vibration_y,GainDrift,14,5,0.975782372560806,0.975782372560806,0.975782372560806,0.916688923450682,0,0,NaN,NaN,0,0,0,0,0
NUAA,W6,15,vibration_y,ColoredNoiseRamp,14,3,0.947509524289094,0.918015190675113,0.947509524289094,0.875987401445532,1,0,11,NaN,0,0,0,0,0
NUAA,W6,15,vibration_y,IntermittentRecordDropout,14,6,1.01067489716969,0.964733174821012,0.964733174821012,0.960867293863055,1,1,7,7,0,0,1,0,0
NUAA,W6,16,force_z,LinearBiasDrift,14,6,1.20433634344504,1.20433634344504,1.20433634344504,1.00364883532114,0,0,NaN,NaN,0,0,0,0,0
NUAA,W6,16,force_z,GainDrift,14,4,1.22905262596317,0.963630070011089,0.986061494003702,0.963630070011089,1,1,0,1,0,0,1,0,0
NUAA,W6,16,force_z,ColoredNoiseRamp,14,4,1.35314618208779,0.876648929968012,0.939781550485799,0.963630070011089,1,1,6,7,0,0,1,0,0
NUAA,W6,16,force_z,IntermittentRecordDropout,14,4,0.726283803953814,0.898237603497816,0.946354456223079,0.963630070011089,1,1,6,6,0,0,1,0,0
NUAA,W6,16,vibration_x,LinearBiasDrift,14,5,0.994867469939109,0.994867469939109,0.994867469939109,0.923230625451016,0,0,NaN,NaN,0,0,0,0,0
NUAA,W6,16,vibration_x,GainDrift,14,6,1.0079566650872,1.0079566650872,1.0079566650872,0.963882931428159,0,0,NaN,NaN,0,0,0,0,0
NUAA,W6,16,vibration_x,ColoredNoiseRamp,14,5,0.98178345790197,0.98178345790197,0.98178345790197,0.923230625451016,0,0,NaN,NaN,0,0,0,0,0
NUAA,W6,16,vibration_x,IntermittentRecordDropout,14,6,1.00688852593121,0.971647431218502,0.965698004905729,0.963882931428159,1,1,4,4,0,0,1,0,0
NUAA,W6,16,vibration_y,LinearBiasDrift,14,6,1.03576142631422,0.976458207266901,0.974578222114382,0.960867293863055,1,1,4,5,0,0,1,0,0
NUAA,W6,16,vibration_y,GainDrift,14,3,0.952976708169252,0.952976708169252,0.952976708169252,0.875987401445532,0,0,NaN,NaN,0,0,0,0,0
NUAA,W6,16,vibration_y,ColoredNoiseRamp,14,6,1.0057911421119,1.0057911421119,1.0057911421119,0.960867293863055,0,0,NaN,NaN,0,0,0,0,0
NUAA,W6,16,vibration_y,IntermittentRecordDropout,14,3,0.951773937240749,0.911787929775683,0.917758586488768,0.875987401445532,1,1,3,3,0,0,1,0,0
NUAA,W6,17,force_z,LinearBiasDrift,14,4,0.898998213119117,0.898998213119117,0.898998213119117,0.963630070011089,0,0,NaN,NaN,0,0,0,0,0
NUAA,W6,17,force_z,GainDrift,14,6,1.99279329873893,0.999062547522336,1.02922964123317,1.00364883532114,1,1,2,4,0,0,1,0,0
NUAA,W6,17,force_z,ColoredNoiseRamp,14,5,2.47587075802343,0.947638400310507,0.988179181180203,0.996884464642564,1,1,3,4,0,0,1,0,0
NUAA,W6,17,force_z,IntermittentRecordDropout,14,3,0.763142476751282,0.962597906862601,0.956917894894078,0.96942506119491,1,1,2,7,0,0,1,0,0
NUAA,W6,17,vibration_x,LinearBiasDrift,14,6,0.992449575970086,0.992449575970086,0.992449575970086,0.963882931428159,0,0,NaN,NaN,0,0,0,0,0
NUAA,W6,17,vibration_x,GainDrift,14,4,0.943181272875295,0.943181272875295,0.943181272875295,0.880621643675457,0,0,NaN,NaN,0,0,0,0,0
NUAA,W6,17,vibration_x,ColoredNoiseRamp,14,6,1.00308844097776,1.00308844097776,1.00308844097776,0.963882931428159,0,0,NaN,NaN,0,0,0,0,0
NUAA,W6,17,vibration_x,IntermittentRecordDropout,14,3,0.950588528774188,0.94469677452888,0.929283567709459,0.887957039844088,1,1,4,4,0,0,1,0,0
NUAA,W6,17,vibration_y,LinearBiasDrift,14,3,0.96190512116832,0.922347832010492,0.921628968112568,0.875987401445532,1,1,8,9,0,0,1,0,0
NUAA,W6,17,vibration_y,GainDrift,14,6,1.01417007969808,1.01417007969808,1.01417007969808,0.960867293863055,0,0,NaN,NaN,0,0,0,0,0
NUAA,W6,17,vibration_y,ColoredNoiseRamp,14,4,0.950964829584459,0.950964829584459,0.950964829584459,0.872002995969729,0,0,NaN,NaN,0,0,0,0,0
NUAA,W6,17,vibration_y,IntermittentRecordDropout,14,5,0.9875834792173,0.96414151311995,0.942615222551062,0.916688923450682,1,1,1,1,0,0,1,0,0
NUAA,W6,18,force_z,LinearBiasDrift,14,5,1.15154036167005,1.15154036167005,1.15154036167005,0.996884464642564,0,0,NaN,NaN,0,0,0,0,0
NUAA,W6,18,force_z,GainDrift,14,5,1.07797497901072,0.996884464642564,0.996884464642564,0.996884464642564,1,1,0,0,0,0,1,0,0
NUAA,W6,18,force_z,ColoredNoiseRamp,14,5,1.32615713109876,0.977458333180013,1.05351769642406,0.996884464642564,1,1,6,7,0,0,1,0,0
NUAA,W6,18,force_z,IntermittentRecordDropout,14,4,0.835327735781104,0.926146712412977,0.950647503165942,0.963630070011089,1,1,4,4,0,0,1,0,0
NUAA,W6,18,vibration_x,LinearBiasDrift,14,6,1.01833951193736,1.01833951193736,1.01833951193736,0.963882931428159,0,0,NaN,NaN,0,0,0,0,0
NUAA,W6,18,vibration_x,GainDrift,14,4,0.950802438125757,0.950802438125757,0.950802438125757,0.880621643675457,0,0,NaN,NaN,0,0,0,0,0
NUAA,W6,18,vibration_x,ColoredNoiseRamp,14,6,1.00372767684359,1.00372767684359,1.00372767684359,0.963882931428159,0,0,NaN,NaN,0,0,0,0,0
NUAA,W6,18,vibration_x,IntermittentRecordDropout,14,6,1.00969106855975,0.95574304918536,0.963882931428159,0.963882931428159,1,1,0,0,0,0,1,0,0
NUAA,W6,18,vibration_y,LinearBiasDrift,14,5,0.970296512203121,0.938731571399866,0.938731571399866,0.916688923450682,1,1,9,9,0,0,1,0,0
NUAA,W6,18,vibration_y,GainDrift,14,3,0.947764304970046,0.947764304970046,0.947764304970046,0.875987401445532,0,0,NaN,NaN,0,0,0,0,0
NUAA,W6,18,vibration_y,ColoredNoiseRamp,14,5,0.983720351108036,0.983720351108036,0.983720351108036,0.916688923450682,0,0,NaN,NaN,0,0,0,0,0
NUAA,W6,18,vibration_y,IntermittentRecordDropout,14,4,0.947418463378752,0.85574396088278,0.872002995969729,0.872002995969729,1,1,0,0,0,0,1,0,0
NUAA,W6,19,force_z,LinearBiasDrift,14,3,1.09844792685412,1.09844792685412,1.09844792685412,0.96942506119491,0,0,NaN,NaN,0,0,0,0,0
NUAA,W6,19,force_z,GainDrift,14,4,0.709916686402778,0.99459485204791,0.974203293966139,0.963630070011089,1,1,0,1,0,0,1,0,0
NUAA,W6,19,force_z,ColoredNoiseRamp,14,6,2.29287472804681,0.962510917977173,0.962510917977173,1.00364883532114,1,1,3,3,0,0,1,0,0
NUAA,W6,19,force_z,IntermittentRecordDropout,14,5,0.936736619302617,1.01565785720557,1.01565785720557,0.996884464642564,1,1,9,9,0,0,1,0,0
NUAA,W6,19,vibration_x,LinearBiasDrift,14,3,0.953738611101978,0.953738611101978,0.953738611101978,0.887957039844088,0,0,NaN,NaN,0,0,0,0,0
NUAA,W6,19,vibration_x,GainDrift,14,6,1.00046841078182,1.00046841078182,1.00046841078182,0.963882931428159,0,0,NaN,NaN,0,0,0,0,0
NUAA,W6,19,vibration_x,ColoredNoiseRamp,14,6,1.00310079438624,1.00310079438624,1.00310079438624,0.963882931428159,0,0,NaN,NaN,0,0,0,0,0
NUAA,W6,19,vibration_x,IntermittentRecordDropout,14,4,0.953288981503365,0.907995756594625,0.880621643675457,0.880621643675457,1,1,0,0,0,0,1,0,0
NUAA,W6,19,vibration_y,LinearBiasDrift,14,6,1.02766911321711,0.97268604414031,0.97268604414031,0.960867293863055,1,1,7,7,0,0,1,0,0
NUAA,W6,19,vibration_y,GainDrift,14,3,0.946258650874804,0.946258650874804,0.946258650874804,0.875987401445532,0,0,NaN,NaN,0,0,0,0,0
NUAA,W6,19,vibration_y,ColoredNoiseRamp,14,6,1.00348334910581,1.00348334910581,1.00348334910581,0.960867293863055,0,0,NaN,NaN,0,0,0,0,0
NUAA,W6,19,vibration_y,IntermittentRecordDropout,14,3,0.952506752910503,0.905465624142672,0.89615333723845,0.875987401445532,1,1,2,2,0,0,1,0,0
NUAA,W6,20,force_z,LinearBiasDrift,14,6,1.20932570767573,1.20932570767573,1.20932570767573,1.00364883532114,0,0,NaN,NaN,0,0,0,0,0
NUAA,W6,20,force_z,GainDrift,14,6,2.19511669495028,0.962356420370409,0.962356420370409,1.00364883532114,1,1,2,2,0,0,1,0,0
NUAA,W6,20,force_z,ColoredNoiseRamp,14,3,1.5673642562105,0.881328133434239,0.881328133434239,0.96942506119491,1,1,5,5,0,0,1,0,0
NUAA,W6,20,force_z,IntermittentRecordDropout,14,5,0.906515967552259,1.00104381158257,0.98379429962028,0.996884464642564,1,1,4,4,0,0,3,0,0
NUAA,W6,20,vibration_x,LinearBiasDrift,14,4,0.940015678986473,0.940015678986473,0.940015678986473,0.880621643675457,0,0,NaN,NaN,0,0,0,0,0
NUAA,W6,20,vibration_x,GainDrift,14,5,0.985291244111991,0.985291244111991,0.985291244111991,0.923230625451016,0,0,NaN,NaN,0,0,0,0,0
NUAA,W6,20,vibration_x,ColoredNoiseRamp,14,4,0.945948785369962,0.945948785369962,0.945948785369962,0.880621643675457,0,0,NaN,NaN,0,0,0,0,0
NUAA,W6,20,vibration_x,IntermittentRecordDropout,14,3,0.951810402917097,0.952988371458879,0.920020314662596,0.887957039844088,1,1,3,3,0,0,1,0,0
NUAA,W6,20,vibration_y,LinearBiasDrift,14,6,0.975212629941634,1.00079114740956,0.986572237364366,0.960867293863055,1,1,4,5,0,0,1,0,0
NUAA,W6,20,vibration_y,GainDrift,14,4,0.942926886208635,0.942926886208635,0.942926886208635,0.872002995969729,0,0,NaN,NaN,0,0,0,0,0
NUAA,W6,20,vibration_y,ColoredNoiseRamp,14,6,1.00252365130821,0.963727930318337,1.00252365130821,0.960867293863055,1,0,8,NaN,0,0,0,0,0
NUAA,W6,20,vibration_y,IntermittentRecordDropout,14,6,1.01080893233019,0.953667734829083,0.97061086766284,0.960867293863055,1,1,3,3,0,0,1,0,0
NUAA,W6,21,force_z,LinearBiasDrift,14,5,0.907558628292615,0.907558628292615,0.907558628292615,0.996884464642564,0,0,NaN,NaN,0,0,0,0,0
NUAA,W6,21,force_z,GainDrift,14,5,2.31302524192307,0.985066027818604,0.915198071002529,0.996884464642564,1,1,1,3,0,0,1,0,0
NUAA,W6,21,force_z,ColoredNoiseRamp,14,3,2.31938148043596,0.854029730719579,0.854029730719579,0.96942506119491,1,1,4,4,0,0,1,0,0
NUAA,W6,21,force_z,IntermittentRecordDropout,14,4,0.936472007794975,0.92776749531393,0.912086120802759,0.963630070011089,1,1,5,5,0,0,2,0,0
NUAA,W6,21,vibration_x,LinearBiasDrift,14,5,0.971613792083458,0.971613792083458,0.971613792083458,0.923230625451016,0,0,NaN,NaN,0,0,0,0,0
NUAA,W6,21,vibration_x,GainDrift,14,6,1.00186071568238,1.00186071568238,1.00186071568238,0.963882931428159,0,0,NaN,NaN,0,0,0,0,0
NUAA,W6,21,vibration_x,ColoredNoiseRamp,14,5,0.979383937094145,0.979383937094145,0.979383937094145,0.923230625451016,0,0,NaN,NaN,0,0,0,0,0
NUAA,W6,21,vibration_x,IntermittentRecordDropout,14,6,1.00687912416573,0.983263354592046,0.96614624209292,0.963882931428159,1,1,2,2,0,0,1,0,0
NUAA,W6,21,vibration_y,LinearBiasDrift,14,3,0.963752476165379,0.912026676190624,0.920608782832383,0.875987401445532,1,1,6,8,0,0,1,0,0
NUAA,W6,21,vibration_y,GainDrift,14,4,0.952783383710645,0.952783383710645,0.952783383710645,0.872002995969729,0,0,NaN,NaN,0,0,0,0,0
NUAA,W6,21,vibration_y,ColoredNoiseRamp,14,6,1.00751092792725,1.00751092792725,1.00751092792725,0.960867293863055,0,0,NaN,NaN,0,0,0,0,0
NUAA,W6,21,vibration_y,IntermittentRecordDropout,14,6,1.00480601126457,0.947055958024531,0.972694050438458,0.960867293863055,1,1,2,2,0,0,1,0,0
NUAA,W6,22,force_z,LinearBiasDrift,14,4,1.02348040857754,1.02348040857754,1.02348040857754,0.963630070011089,0,0,NaN,NaN,0,0,0,0,0
NUAA,W6,22,force_z,GainDrift,14,5,1.11878323122109,0.996884464642564,0.996884464642564,0.996884464642564,1,1,0,0,0,0,1,0,0
NUAA,W6,22,force_z,ColoredNoiseRamp,14,4,1.84596954933129,0.885980701282071,0.906189428902948,0.963630070011089,1,1,4,5,0,0,1,0,0
NUAA,W6,22,force_z,IntermittentRecordDropout,14,5,0.906358283347115,0.895263837491146,0.988657118706299,0.996884464642564,1,1,2,2,0,0,3,0,0
NUAA,W6,22,vibration_x,LinearBiasDrift,14,4,0.937181262122515,0.937181262122515,0.937181262122515,0.880621643675457,0,0,NaN,NaN,0,0,0,0,0
NUAA,W6,22,vibration_x,GainDrift,14,6,1.00024881190193,1.00024881190193,1.00024881190193,0.963882931428159,0,0,NaN,NaN,0,0,0,0,0
NUAA,W6,22,vibration_x,ColoredNoiseRamp,14,5,0.981367275772558,0.981367275772558,0.981367275772558,0.923230625451016,0,0,NaN,NaN,0,0,0,0,0
NUAA,W6,22,vibration_x,IntermittentRecordDropout,14,5,0.984457678606533,0.927461516561015,0.945329296359657,0.923230625451016,1,1,1,1,0,0,1,0,0
NUAA,W6,22,vibration_y,LinearBiasDrift,14,3,0.959412300485244,0.920371781727077,0.924157504172422,0.875987401445532,1,1,10,11,0,0,1,0,0
NUAA,W6,22,vibration_y,GainDrift,14,6,0.998900224084454,0.998900224084454,0.998900224084454,0.960867293863055,0,0,NaN,NaN,0,0,0,0,0
NUAA,W6,22,vibration_y,ColoredNoiseRamp,14,5,0.980002679833485,0.94361401735221,0.980002679833485,0.916688923450682,1,0,9,NaN,0,0,0,0,0
NUAA,W6,22,vibration_y,IntermittentRecordDropout,14,4,0.9512233885928,0.91645016524778,0.888202066432389,0.872002995969729,1,1,1,1,0,0,1,0,0
NUAA,W6,23,force_z,LinearBiasDrift,14,5,1.08644869023474,1.08644869023474,1.08644869023474,0.996884464642564,0,0,NaN,NaN,0,0,0,0,0
NUAA,W6,23,force_z,GainDrift,14,6,0.605127285367887,1.01777236509403,1.01777236509403,1.00364883532114,1,1,1,1,0,0,1,0,0
NUAA,W6,23,force_z,ColoredNoiseRamp,14,5,1.12701411033816,1.12701411033816,1.12701411033816,0.996884464642564,0,0,NaN,NaN,0,0,0,0,0
NUAA,W6,23,force_z,IntermittentRecordDropout,14,4,0.816632658222506,0.985459046516989,0.943577618722261,0.963630070011089,1,1,7,9,0,0,1,0,0
NUAA,W6,23,vibration_x,LinearBiasDrift,14,5,0.993123884101414,0.993123884101414,0.993123884101414,0.923230625451016,0,0,NaN,NaN,0,0,0,0,0
NUAA,W6,23,vibration_x,GainDrift,14,3,0.953627640201304,0.953627640201304,0.953627640201304,0.887957039844088,0,0,NaN,NaN,0,0,0,0,0
NUAA,W6,23,vibration_x,ColoredNoiseRamp,14,4,0.944737520692811,0.944737520692811,0.944737520692811,0.880621643675457,0,0,NaN,NaN,0,0,0,0,0
NUAA,W6,23,vibration_x,IntermittentRecordDropout,14,5,0.984140359670026,0.929212731524816,0.936135212074863,0.923230625451016,1,1,4,4,0,0,1,0,0
NUAA,W6,23,vibration_y,LinearBiasDrift,14,5,0.97591542358864,0.97591542358864,0.97591542358864,0.916688923450682,0,0,NaN,NaN,0,0,0,0,0
NUAA,W6,23,vibration_y,GainDrift,14,6,0.996427851923337,0.996427851923337,0.996427851923337,0.960867293863055,0,0,NaN,NaN,0,0,0,0,0
NUAA,W6,23,vibration_y,ColoredNoiseRamp,14,4,0.947213132967011,0.947213132967011,0.947213132967011,0.872002995969729,0,0,NaN,NaN,0,0,0,0,0
NUAA,W6,23,vibration_y,IntermittentRecordDropout,14,5,0.985058844376511,0.982206447592908,0.953259303468925,0.916688923450682,1,1,3,3,0,0,1,0,0
NUAA,W6,24,force_z,LinearBiasDrift,14,3,0.913242705172793,0.913242705172793,0.913242705172793,0.96942506119491,0,0,NaN,NaN,0,0,0,0,0
NUAA,W6,24,force_z,GainDrift,14,6,1.90405003340552,0.988866888625539,1.01287457381623,1.00364883532114,1,1,2,4,0,0,1,0,0
NUAA,W6,24,force_z,ColoredNoiseRamp,14,4,1.23514817487706,0.995597592059261,0.995597592059261,0.963630070011089,1,1,8,8,0,0,1,0,0
NUAA,W6,24,force_z,IntermittentRecordDropout,14,3,0.920705598250312,0.999595503675666,0.960031985672783,0.96942506119491,1,1,2,4,0,0,1,0,0
NUAA,W6,24,vibration_x,LinearBiasDrift,14,6,0.996424927191472,0.996424927191472,0.996424927191472,0.963882931428159,0,0,NaN,NaN,0,0,0,0,0
NUAA,W6,24,vibration_x,GainDrift,14,5,0.97953660123519,0.97953660123519,0.97953660123519,0.923230625451016,0,0,NaN,NaN,0,0,0,0,0
NUAA,W6,24,vibration_x,ColoredNoiseRamp,14,6,1.00111079035251,1.00111079035251,1.00111079035251,0.963882931428159,0,0,NaN,NaN,0,0,0,0,0
NUAA,W6,24,vibration_x,IntermittentRecordDropout,14,4,0.949210825387316,0.901101414950236,0.90588051063619,0.880621643675457,1,1,5,5,0,0,1,0,0
NUAA,W6,24,vibration_y,LinearBiasDrift,14,4,0.933076959095925,0.94790268427096,0.936780773485864,0.872002995969729,1,1,6,7,0,0,1,0,0
NUAA,W6,24,vibration_y,GainDrift,14,5,0.976786469243259,0.976786469243259,0.976786469243259,0.916688923450682,0,0,NaN,NaN,0,0,0,0,0
NUAA,W6,24,vibration_y,ColoredNoiseRamp,14,5,0.983352775261684,0.946638200908549,0.983352775261684,0.916688923450682,1,0,9,NaN,0,0,0,0,0
NUAA,W6,24,vibration_y,IntermittentRecordDropout,14,6,1.01035114478351,1.00926716728451,0.977941966144045,0.960867293863055,1,1,1,1,0,0,1,0,0
NUAA,W6,25,force_z,LinearBiasDrift,14,6,1.23340000038259,1.23340000038259,1.23340000038259,1.00364883532114,0,0,NaN,NaN,0,0,0,0,0
NUAA,W6,25,force_z,GainDrift,14,6,2.40162875978271,0.966987430842802,0.966987430842802,1.00364883532114,1,1,2,2,0,0,1,0,0
NUAA,W6,25,force_z,ColoredNoiseRamp,14,5,2.51987036237289,0.943222568046701,0.943210832053398,0.996884464642564,1,1,2,3,0,0,1,0,0
NUAA,W6,25,force_z,IntermittentRecordDropout,14,3,0.93785186057843,0.98100711900118,0.984283930954548,0.96942506119491,1,1,5,5,0,0,3,0,0
NUAA,W6,25,vibration_x,LinearBiasDrift,14,3,0.941496866326512,0.941496866326512,0.941496866326512,0.887957039844088,0,0,NaN,NaN,0,0,0,0,0
NUAA,W6,25,vibration_x,GainDrift,14,3,0.953244805503491,0.953244805503491,0.953244805503491,0.887957039844088,0,0,NaN,NaN,0,0,0,0,0
NUAA,W6,25,vibration_x,ColoredNoiseRamp,14,4,0.941940058937557,0.941940058937557,0.941940058937557,0.880621643675457,0,0,NaN,NaN,0,0,0,0,0
NUAA,W6,25,vibration_x,IntermittentRecordDropout,14,6,1.00731582900364,0.947505883893746,0.963882931428159,0.963882931428159,1,1,0,0,0,0,1,0,0
NUAA,W6,25,vibration_y,LinearBiasDrift,14,4,0.939785890845,0.939785890845,0.939785890845,0.872002995969729,0,0,NaN,NaN,0,0,0,0,0
NUAA,W6,25,vibration_y,GainDrift,14,3,0.952737773426249,0.952737773426249,0.952737773426249,0.875987401445532,0,0,NaN,NaN,0,0,0,0,0
NUAA,W6,25,vibration_y,ColoredNoiseRamp,14,5,0.982229094013324,0.946536581895957,0.982229094013324,0.916688923450682,1,0,9,NaN,0,0,0,0,0
NUAA,W6,25,vibration_y,IntermittentRecordDropout,14,6,1.02026249106383,0.992992490106539,0.977941966144045,0.960867293863055,1,1,1,1,0,0,1,0,0
NUAA,W6,26,force_z,LinearBiasDrift,14,6,0.906573997925695,0.906573997925695,0.906573997925695,1.00364883532114,0,0,NaN,NaN,0,0,0,0,0
NUAA,W6,26,force_z,GainDrift,14,4,0.821527897190083,0.963630070011089,0.979127218773694,0.963630070011089,1,1,0,1,0,0,1,0,0
NUAA,W6,26,force_z,ColoredNoiseRamp,14,3,1.84879520383144,0.860777828813612,0.880276136079803,0.96942506119491,1,1,4,5,0,0,1,0,0
NUAA,W6,26,force_z,IntermittentRecordDropout,14,5,0.879188391942116,0.942961383258089,0.984208633287663,0.996884464642564,1,1,4,4,0,0,1,0,0
NUAA,W6,26,vibration_x,LinearBiasDrift,14,5,0.992407195541738,0.992407195541738,0.992407195541738,0.923230625451016,0,0,NaN,NaN,0,0,0,0,0
NUAA,W6,26,vibration_x,GainDrift,14,5,0.984947288579764,0.984947288579764,0.984947288579764,0.923230625451016,0,0,NaN,NaN,0,0,0,0,0
NUAA,W6,26,vibration_x,ColoredNoiseRamp,14,6,1.00264330698212,1.00264330698212,1.00264330698212,0.963882931428159,0,0,NaN,NaN,0,0,0,0,0
NUAA,W6,26,vibration_x,IntermittentRecordDropout,14,4,0.949324080076669,0.92858141048782,0.916090568711715,0.880621643675457,1,1,4,4,0,0,1,0,0
NUAA,W6,26,vibration_y,LinearBiasDrift,14,4,0.968188175451619,0.912712364796788,0.916292821619332,0.872002995969729,1,1,4,6,0,0,1,0,0
NUAA,W6,26,vibration_y,GainDrift,14,5,0.985820585480011,0.985820585480011,0.985820585480011,0.916688923450682,0,0,NaN,NaN,0,0,0,0,0
NUAA,W6,26,vibration_y,ColoredNoiseRamp,14,6,1.00602473618566,1.00602473618566,1.00602473618566,0.960867293863055,0,0,NaN,NaN,0,0,0,0,0
NUAA,W6,26,vibration_y,IntermittentRecordDropout,14,4,0.959774044604116,0.939130236882216,0.925741615662636,0.872002995969729,1,1,3,3,0,0,1,0,0
NUAA,W6,27,force_z,LinearBiasDrift,14,5,1.05885280466162,1.05885280466162,1.05885280466162,0.996884464642564,0,0,NaN,NaN,0,0,0,0,0
NUAA,W6,27,force_z,GainDrift,14,4,2.14388591332436,0.8725945403395,0.826629305667191,0.963630070011089,1,1,2,3,0,0,1,0,0
NUAA,W6,27,force_z,ColoredNoiseRamp,14,3,2.5133684349612,0.888040039541111,0.844651719160599,0.96942506119491,1,1,3,4,0,0,1,0,0
NUAA,W6,27,force_z,IntermittentRecordDropout,14,6,0.8656858114148,0.976478756999726,1.0070821946815,1.00364883532114,1,1,3,3,0,0,1,0,0
NUAA,W6,27,vibration_x,LinearBiasDrift,14,4,0.957991768512937,0.957991768512937,0.957991768512937,0.880621643675457,0,0,NaN,NaN,0,0,0,0,0
NUAA,W6,27,vibration_x,GainDrift,14,3,0.95261861941452,0.95261861941452,0.95261861941452,0.887957039844088,0,0,NaN,NaN,0,0,0,0,0
NUAA,W6,27,vibration_x,ColoredNoiseRamp,14,5,0.977802702876547,0.977802702876547,0.977802702876547,0.923230625451016,0,0,NaN,NaN,0,0,0,0,0
NUAA,W6,27,vibration_x,IntermittentRecordDropout,14,3,0.951140532579424,0.935433521482017,0.920020314662596,0.887957039844088,1,1,3,3,0,0,1,0,0
NUAA,W6,27,vibration_y,LinearBiasDrift,14,4,0.959662546648337,0.916739678090348,0.92102474546574,0.872002995969729,1,1,9,10,0,0,1,0,0
NUAA,W6,27,vibration_y,GainDrift,14,5,0.987018002951635,0.987018002951635,0.987018002951635,0.916688923450682,0,0,NaN,NaN,0,0,0,0,0
NUAA,W6,27,vibration_y,ColoredNoiseRamp,14,4,0.947672937046178,0.947672937046178,0.947672937046178,0.872002995969729,0,0,NaN,NaN,0,0,0,0,0
NUAA,W6,27,vibration_y,IntermittentRecordDropout,14,6,1.01670957491186,0.982446144013394,0.972694050438458,0.960867293863055,1,1,2,2,0,0,1,0,0
NUAA,W6,28,force_z,LinearBiasDrift,14,4,0.911398201390781,0.911398201390781,0.911398201390781,0.963630070011089,0,0,NaN,NaN,0,0,0,0,0
NUAA,W6,28,force_z,GainDrift,14,5,2.38992907643028,0.987871656239387,0.920927327309703,0.996884464642564,1,1,1,3,0,0,1,0,0
NUAA,W6,28,force_z,ColoredNoiseRamp,14,6,1.23362070486242,1.16806311246578,1.23362070486242,1.00364883532114,1,0,7,NaN,0,0,0,0,0
NUAA,W6,28,force_z,IntermittentRecordDropout,14,5,0.980343232929776,0.9319255064748,0.914675994512512,0.996884464642564,1,1,4,4,0,0,2,0,0
NUAA,W6,28,vibration_x,LinearBiasDrift,14,3,0.96052889421853,0.96052889421853,0.96052889421853,0.887957039844088,0,0,NaN,NaN,0,0,0,0,0
NUAA,W6,28,vibration_x,GainDrift,14,4,0.942982348691893,0.942982348691893,0.942982348691893,0.880621643675457,0,0,NaN,NaN,0,0,0,0,0
NUAA,W6,28,vibration_x,ColoredNoiseRamp,14,6,1.00147436087173,1.00147436087173,1.00147436087173,0.963882931428159,0,0,NaN,NaN,0,0,0,0,0
NUAA,W6,28,vibration_x,IntermittentRecordDropout,14,6,1.00964276066691,0.96571381308994,0.976233935490643,0.963882931428159,1,1,1,1,0,0,1,0,0
NUAA,W6,28,vibration_y,LinearBiasDrift,14,6,1.01775257739913,1.01775257739913,1.01775257739913,0.960867293863055,0,0,NaN,NaN,0,0,0,0,0
NUAA,W6,28,vibration_y,GainDrift,14,5,0.986105975298544,0.986105975298544,0.986105975298544,0.916688923450682,0,0,NaN,NaN,0,0,0,0,0
NUAA,W6,28,vibration_y,ColoredNoiseRamp,14,6,1.00573010902862,1.00573010902862,1.00573010902862,0.960867293863055,0,0,NaN,NaN,0,0,0,0,0
NUAA,W6,28,vibration_y,IntermittentRecordDropout,14,4,0.947896616801992,0.922392327300763,0.888202066432389,0.872002995969729,1,1,1,1,0,0,1,0,0
NUAA,W6,29,force_z,LinearBiasDrift,14,4,1.07367241618351,1.07367241618351,1.07367241618351,0.963630070011089,0,0,NaN,NaN,0,0,0,0,0
NUAA,W6,29,force_z,GainDrift,14,6,1.70206421980871,0.965660863360544,0.975649308482239,1.00364883532114,1,1,2,4,0,0,1,0,0
NUAA,W6,29,force_z,ColoredNoiseRamp,14,5,1.16907641526563,1.09000581542096,1.16907641526563,0.996884464642564,1,0,7,NaN,0,0,0,0,0
NUAA,W6,29,force_z,IntermittentRecordDropout,14,4,0.870792545474388,0.873043970683038,0.898621362347427,0.963630070011089,1,1,3,8,0,0,2,0,0
NUAA,W6,29,vibration_x,LinearBiasDrift,14,3,0.94387984229573,0.94387984229573,0.94387984229573,0.887957039844088,0,0,NaN,NaN,0,0,0,0,0
NUAA,W6,29,vibration_x,GainDrift,14,6,0.99993842024102,0.99993842024102,0.99993842024102,0.963882931428159,0,0,NaN,NaN,0,0,0,0,0
NUAA,W6,29,vibration_x,ColoredNoiseRamp,14,4,0.942580272327795,0.942580272327795,0.942580272327795,0.880621643675457,0,0,NaN,NaN,0,0,0,0,0
NUAA,W6,29,vibration_x,IntermittentRecordDropout,14,5,0.982682452837037,0.979518799033804,0.956445200015892,0.923230625451016,1,1,2,2,0,0,1,0,0
NUAA,W6,29,vibration_y,LinearBiasDrift,14,4,0.931607993386078,0.929930688880587,0.949111968635383,0.872002995969729,1,1,5,6,0,0,1,0,0
NUAA,W6,29,vibration_y,GainDrift,14,6,1.0114823753918,1.0114823753918,1.0114823753918,0.960867293863055,0,0,NaN,NaN,0,0,0,0,0
NUAA,W6,29,vibration_y,ColoredNoiseRamp,14,6,1.00475453043368,1.00475453043368,1.00475453043368,0.960867293863055,0,0,NaN,NaN,0,0,0,0,0
NUAA,W6,29,vibration_y,IntermittentRecordDropout,14,5,0.998506070459576,0.972709910945492,0.957982427603954,0.916688923450682,1,1,2,2,0,0,1,0,0
NUAA,W6,30,force_z,LinearBiasDrift,14,4,0.893546734051276,0.893546734051276,0.893546734051276,0.963630070011089,0,0,NaN,NaN,0,0,0,0,0
NUAA,W6,30,force_z,GainDrift,14,4,1.92806503889773,0.915205065464683,0.85837011448972,0.963630070011089,1,1,2,4,0,0,1,0,0
NUAA,W6,30,force_z,ColoredNoiseRamp,14,6,2.39987137357558,0.981977501104636,0.981977501104636,1.00364883532114,1,1,3,3,0,0,1,0,0
NUAA,W6,30,force_z,IntermittentRecordDropout,14,5,0.839017590880569,1.00767450404129,1.00805459731811,0.996884464642564,1,1,5,5,0,0,1,0,0
NUAA,W6,30,vibration_x,LinearBiasDrift,14,5,0.967943577644944,0.967943577644944,0.967943577644944,0.923230625451016,0,0,NaN,NaN,0,0,0,0,0
NUAA,W6,30,vibration_x,GainDrift,14,6,1.00759421122581,1.00759421122581,1.00759421122581,0.963882931428159,0,0,NaN,NaN,0,0,0,0,0
NUAA,W6,30,vibration_x,ColoredNoiseRamp,14,3,0.948196856944412,0.948196856944412,0.948196856944412,0.887957039844088,0,0,NaN,NaN,0,0,0,0,0
NUAA,W6,30,vibration_x,IntermittentRecordDropout,14,3,0.954662436249141,0.898666509340589,0.88920461637793,0.887957039844088,1,1,1,1,0,0,1,0,0
NUAA,W6,30,vibration_y,LinearBiasDrift,14,6,0.974778997785085,1.00095231001312,0.986644624583674,0.960867293863055,1,1,4,5,0,0,1,0,0
NUAA,W6,30,vibration_y,GainDrift,14,5,0.975726965756922,0.975726965756922,0.975726965756922,0.916688923450682,0,0,NaN,NaN,0,0,0,0,0
NUAA,W6,30,vibration_y,ColoredNoiseRamp,14,4,0.944580626321778,0.914327022383582,0.944580626321778,0.872002995969729,1,0,10,NaN,0,0,0,0,0
NUAA,W6,30,vibration_y,IntermittentRecordDropout,14,6,1.01650843551916,0.962761746468455,0.97061086766284,0.960867293863055,1,1,3,3,0,0,1,0,0
NUAA,W7,0,None,Clean,8,Inf,1,1,1,1,0,0,NaN,NaN,0,0,0,0,0
NUAA,W7,1,force_z,LinearBiasDrift,8,3,1.19961711530298,1.19961711530298,1.19961711530298,1.11906782125382,0,0,NaN,NaN,0,0,0,0,0
NUAA,W7,1,force_z,GainDrift,8,3,0.786101504881015,1.11906782125382,1.14569812223843,1.11906782125382,1,1,0,1,0,0,1,0,0
NUAA,W7,1,force_z,ColoredNoiseRamp,8,3,1.52191894484999,1.11316917330916,1.11316917330916,1.11906782125382,1,1,2,2,0,0,1,0,0
NUAA,W7,1,force_z,IntermittentRecordDropout,8,2,0.956458993314415,1.06263375201264,1.08958328877982,1.04675384737646,1,1,0,2,0,0,1,0,0
NUAA,W7,1,vibration_x,LinearBiasDrift,8,3,1.06134060191433,1.06134060191433,1.06134060191433,1.0930920477617,0,0,NaN,NaN,0,0,0,0,0
NUAA,W7,1,vibration_x,GainDrift,8,3,1.08791559915899,1.08791559915899,1.08791559915899,1.0930920477617,0,0,NaN,NaN,0,0,0,0,0
NUAA,W7,1,vibration_x,ColoredNoiseRamp,8,2,1.03203179046718,1.03203179046718,1.03203179046718,1.0337096180421,0,0,NaN,NaN,0,0,0,0,0
NUAA,W7,1,vibration_x,IntermittentRecordDropout,8,2,1.03507366873013,1.03595756603811,1.0337096180421,1.0337096180421,1,1,0,0,0,0,1,0,0
NUAA,W7,1,vibration_y,LinearBiasDrift,8,2,1.02844778956683,1.05865855094842,1.04065318964455,1.01753915629828,1,1,5,6,0,0,1,0,0
NUAA,W7,1,vibration_y,GainDrift,8,3,1.09648796264993,1.09648796264993,1.09648796264993,1.11971618910279,0,0,NaN,NaN,0,0,0,0,0
NUAA,W7,1,vibration_y,ColoredNoiseRamp,8,3,1.09785861713162,1.09785861713162,1.09785861713162,1.11971618910279,0,0,NaN,NaN,0,0,0,0,0
NUAA,W7,1,vibration_y,IntermittentRecordDropout,8,3,1.09620013747207,1.09171536453538,1.11971618910279,1.11971618910279,1,1,0,0,0,0,1,0,0
NUAA,W7,2,force_z,LinearBiasDrift,8,3,1.15431980270411,1.15431980270411,1.15431980270411,1.11906782125382,0,0,NaN,NaN,0,0,0,0,0
NUAA,W7,2,force_z,GainDrift,8,2,0.767881322584541,1.04675384737646,1.07244915271302,1.04675384737646,1,1,0,1,0,0,1,0,0
NUAA,W7,2,force_z,ColoredNoiseRamp,8,3,1.58139471428318,1.11370530829977,1.11370530829977,1.11906782125382,1,1,2,2,0,0,1,0,0
NUAA,W7,2,force_z,IntermittentRecordDropout,8,4,1.06690620927731,1.28440626960468,1.29093599050959,1.25681895767904,1,1,1,1,0,0,1,0,0
NUAA,W7,2,vibration_x,LinearBiasDrift,8,3,1.07500580105387,1.07500580105387,1.07500580105387,1.0930920477617,0,0,NaN,NaN,0,0,0,0,0
NUAA,W7,2,vibration_x,GainDrift,8,3,1.10616774915786,1.10616774915786,1.10616774915786,1.0930920477617,0,0,NaN,NaN,0,0,0,0,0
NUAA,W7,2,vibration_x,ColoredNoiseRamp,8,2,1.0279701581255,1.0279701581255,1.0279701581255,1.0337096180421,0,0,NaN,NaN,0,0,0,0,0
NUAA,W7,2,vibration_x,IntermittentRecordDropout,8,2,1.0411378221584,1.03520953795618,1.0337096180421,1.0337096180421,1,1,0,0,0,0,1,0,0
NUAA,W7,2,vibration_y,LinearBiasDrift,8,3,1.12310985082089,1.15789377457086,1.13175464654176,1.11971618910279,1,1,3,4,0,0,1,0,0
NUAA,W7,2,vibration_y,GainDrift,8,3,1.09620491671118,1.09620491671118,1.09620491671118,1.11971618910279,0,0,NaN,NaN,0,0,0,0,0
NUAA,W7,2,vibration_y,ColoredNoiseRamp,8,3,1.09588177325217,1.09588177325217,1.09588177325217,1.11971618910279,0,0,NaN,NaN,0,0,0,0,0
NUAA,W7,2,vibration_y,IntermittentRecordDropout,8,3,1.09588564251198,1.17056772634812,1.18782808908524,1.11971618910279,1,1,2,2,0,0,1,0,0
NUAA,W7,3,force_z,LinearBiasDrift,8,3,1.04079607861277,1.04079607861277,1.04079607861277,1.11906782125382,0,0,NaN,NaN,0,0,0,0,0
NUAA,W7,3,force_z,GainDrift,8,3,0.809378053762832,1.11906782125382,1.14408906662424,1.11906782125382,1,1,0,1,0,0,1,0,0
NUAA,W7,3,force_z,ColoredNoiseRamp,8,2,1.21381488681727,1.07508791884613,1.1051344103453,1.04675384737646,1,1,4,5,0,0,1,0,0
NUAA,W7,3,force_z,IntermittentRecordDropout,8,3,0.958276836994484,1.1361506837054,1.1361506837054,1.11906782125382,1,1,3,3,0,0,1,0,0
NUAA,W7,3,vibration_x,LinearBiasDrift,8,3,1.11963975480866,1.10920776308,1.11963975480866,1.0930920477617,1,0,5,NaN,0,0,0,0,0
NUAA,W7,3,vibration_x,GainDrift,8,3,1.10594423518891,1.10594423518891,1.10594423518891,1.0930920477617,0,0,NaN,NaN,0,0,0,0,0
NUAA,W7,3,vibration_x,ColoredNoiseRamp,8,3,1.09246993634269,1.09246993634269,1.09246993634269,1.0930920477617,0,0,NaN,NaN,0,0,0,0,0
NUAA,W7,3,vibration_x,IntermittentRecordDropout,8,2,1.04356092079969,1.03434247360081,1.03316253488935,1.0337096180421,1,1,1,1,0,0,1,0,0
NUAA,W7,3,vibration_y,LinearBiasDrift,8,2,1.06078899910867,1.10826939550938,1.08681816712714,1.01753915629828,1,1,3,4,0,0,1,0,0
NUAA,W7,3,vibration_y,GainDrift,8,3,1.09637449075767,1.09637449075767,1.09637449075767,1.11971618910279,0,0,NaN,NaN,0,0,0,0,0
NUAA,W7,3,vibration_y,ColoredNoiseRamp,8,3,1.09766379293963,1.10742865238775,1.09766379293963,1.11971618910279,1,0,5,NaN,0,0,0,0,0
NUAA,W7,3,vibration_y,IntermittentRecordDropout,8,3,1.09701997577511,1.15713546049082,1.15713546049082,1.11971618910279,1,1,3,3,0,0,1,0,0
NUAA,W7,4,force_z,LinearBiasDrift,8,3,1.24493190145441,1.24493190145441,1.24493190145441,1.11906782125382,0,0,NaN,NaN,0,0,0,0,0
NUAA,W7,4,force_z,GainDrift,8,3,1.36520078637857,1.13587603260551,1.20403707870139,1.11906782125382,1,1,3,4,0,0,1,0,0
NUAA,W7,4,force_z,ColoredNoiseRamp,8,2,1.20341772027998,1.06747357627021,1.11048715822733,1.04675384737646,1,1,4,5,0,0,1,0,0
NUAA,W7,4,force_z,IntermittentRecordDropout,8,3,0.996075609073981,1.15933494284679,1.16477637693421,1.11906782125382,1,1,2,2,0,0,1,0,0
NUAA,W7,4,vibration_x,LinearBiasDrift,8,2,1.02583623293627,1.02583623293627,1.02583623293627,1.0337096180421,0,0,NaN,NaN,0,0,0,0,0
NUAA,W7,4,vibration_x,GainDrift,8,2,1.03157305608214,1.03157305608214,1.03157305608214,1.0337096180421,0,0,NaN,NaN,0,0,0,0,0
NUAA,W7,4,vibration_x,ColoredNoiseRamp,8,2,1.02682329290551,1.02682329290551,1.02682329290551,1.0337096180421,0,0,NaN,NaN,0,0,0,0,0
NUAA,W7,4,vibration_x,IntermittentRecordDropout,8,3,1.09959881174903,1.0965020419198,1.09459816429477,1.0930920477617,1,1,4,4,0,0,1,0,0
NUAA,W7,4,vibration_y,LinearBiasDrift,8,2,1.05515061552827,1.08702130145783,1.06431072138592,1.01753915629828,1,1,4,5,0,0,1,0,0
NUAA,W7,4,vibration_y,GainDrift,8,3,1.09781205438937,1.09781205438937,1.09781205438937,1.11971618910279,0,0,NaN,NaN,0,0,0,0,0
NUAA,W7,4,vibration_y,ColoredNoiseRamp,8,2,1.035928298092,1.035928298092,1.035928298092,1.01753915629828,0,0,NaN,NaN,0,0,0,0,0
NUAA,W7,4,vibration_y,IntermittentRecordDropout,8,3,1.09733458851546,1.13270066114105,1.11971618910279,1.11971618910279,1,1,0,0,0,0,1,0,0
NUAA,W7,5,force_z,LinearBiasDrift,8,3,1.1467549163363,1.1467549163363,1.1467549163363,1.11906782125382,0,0,NaN,NaN,0,0,0,0,0
NUAA,W7,5,force_z,GainDrift,8,3,0.644379095875531,1.11906782125382,1.11906782125382,1.11906782125382,1,1,0,0,0,0,1,0,0
NUAA,W7,5,force_z,ColoredNoiseRamp,8,3,1.34021766479309,1.15338875944061,1.15338875944061,1.11906782125382,1,1,3,3,0,0,1,0,0
NUAA,W7,5,force_z,IntermittentRecordDropout,8,3,0.99714761257664,1.12011889437297,1.14710503967351,1.11906782125382,1,1,3,3,0,0,1,0,0
NUAA,W7,5,vibration_x,LinearBiasDrift,8,3,1.08548036008477,1.08548036008477,1.08548036008477,1.0930920477617,0,0,NaN,NaN,0,0,0,0,0
NUAA,W7,5,vibration_x,GainDrift,8,3,1.10489037058532,1.10489037058532,1.10489037058532,1.0930920477617,0,0,NaN,NaN,0,0,0,0,0
NUAA,W7,5,vibration_x,ColoredNoiseRamp,8,2,1.02802913950258,1.02802913950258,1.02802913950258,1.0337096180421,0,0,NaN,NaN,0,0,0,0,0
NUAA,W7,5,vibration_x,IntermittentRecordDropout,8,3,1.10346472129105,1.09488149357815,1.0930920477617,1.0930920477617,1,1,0,0,0,0,1,0,0
NUAA,W7,5,vibration_y,LinearBiasDrift,8,2,1.0464143166441,1.05095893244906,1.0464143166441,1.01753915629828,1,0,6,NaN,0,0,0,0,0
NUAA,W7,5,vibration_y,GainDrift,8,3,1.0975228980712,1.0975228980712,1.0975228980712,1.11971618910279,0,0,NaN,NaN,0,0,0,0,0
NUAA,W7,5,vibration_y,ColoredNoiseRamp,8,2,1.03618286020136,1.03618286020136,1.03618286020136,1.01753915629828,0,0,NaN,NaN,0,0,0,0,0
NUAA,W7,5,vibration_y,IntermittentRecordDropout,8,2,1.03692203317683,1.03418507659489,1.08844071193062,1.01753915629828,1,1,2,2,0,0,1,0,0
NUAA,W7,6,force_z,LinearBiasDrift,8,3,1.21545922008572,1.21545922008572,1.21545922008572,1.11906782125382,0,0,NaN,NaN,0,0,0,0,0
NUAA,W7,6,force_z,GainDrift,8,3,0.751450029689733,1.11906782125382,1.14809350099409,1.11906782125382,1,1,0,1,0,0,1,0,0
NUAA,W7,6,force_z,ColoredNoiseRamp,8,2,1.49711830691975,1.02602191152273,1.02602191152273,1.04675384737646,1,1,3,3,0,0,1,0,0
NUAA,W7,6,force_z,IntermittentRecordDropout,8,3,0.942347788858556,1.15263886989884,1.15263886989884,1.11906782125382,1,1,2,2,0,0,1,0,0
NUAA,W7,6,vibration_x,LinearBiasDrift,8,2,1.05279226698149,1.05279226698149,1.05279226698149,1.0337096180421,0,0,NaN,NaN,0,0,0,0,0
NUAA,W7,6,vibration_x,GainDrift,8,3,1.10461169715203,1.10461169715203,1.10461169715203,1.0930920477617,0,0,NaN,NaN,0,0,0,0,0
NUAA,W7,6,vibration_x,ColoredNoiseRamp,8,2,1.03527811085877,1.03527811085877,1.03527811085877,1.0337096180421,0,0,NaN,NaN,0,0,0,0,0
NUAA,W7,6,vibration_x,IntermittentRecordDropout,8,2,1.04441770588866,1.03421049840773,1.03267668770791,1.0337096180421,1,1,3,3,0,0,1,0,0
NUAA,W7,6,vibration_y,LinearBiasDrift,8,3,1.08468696368252,1.15692211184386,1.12125925041442,1.11971618910279,1,1,3,4,0,0,1,0,0
NUAA,W7,6,vibration_y,GainDrift,8,2,1.03674516181486,1.03674516181486,1.03674516181486,1.01753915629828,0,0,NaN,NaN,0,0,0,0,0
NUAA,W7,6,vibration_y,ColoredNoiseRamp,8,3,1.09931800300398,1.09931800300398,1.09931800300398,1.11971618910279,0,0,NaN,NaN,0,0,0,0,0
NUAA,W7,6,vibration_y,IntermittentRecordDropout,8,2,1.03797085137324,1.07364611529881,1.08844071193062,1.01753915629828,1,1,2,2,0,0,1,0,0
NUAA,W7,7,force_z,LinearBiasDrift,8,2,1.16741193440738,1.16741193440738,1.16741193440738,1.04675384737646,0,0,NaN,NaN,0,0,0,0,0
NUAA,W7,7,force_z,GainDrift,8,3,0.61815528501054,1.11906782125382,1.11906782125382,1.11906782125382,1,1,0,0,0,0,1,0,0
NUAA,W7,7,force_z,ColoredNoiseRamp,8,2,1.31468262735084,1.07977704409769,1.07977704409769,1.04675384737646,1,1,4,4,0,0,1,0,0
NUAA,W7,7,force_z,IntermittentRecordDropout,8,2,0.896565050762819,1.08420266814974,1.08420266814974,1.04675384737646,1,1,3,3,0,0,1,0,0
NUAA,W7,7,vibration_x,LinearBiasDrift,8,3,1.11736842965945,1.11736842965945,1.11736842965945,1.0930920477617,0,0,NaN,NaN,0,0,0,0,0
NUAA,W7,7,vibration_x,GainDrift,8,2,1.04536543660464,1.04536543660464,1.04536543660464,1.0337096180421,0,0,NaN,NaN,0,0,0,0,0
NUAA,W7,7,vibration_x,ColoredNoiseRamp,8,3,1.0837382658669,1.0837382658669,1.0837382658669,1.0930920477617,0,0,NaN,NaN,0,0,0,0,0
NUAA,W7,7,vibration_x,IntermittentRecordDropout,8,3,1.10412697821779,1.09328349367037,1.09280871847832,1.0930920477617,1,1,3,3,0,0,1,0,0
NUAA,W7,7,vibration_y,LinearBiasDrift,8,2,1.0260517039942,1.11837186050026,1.08925080783536,1.01753915629828,1,1,3,4,0,0,1,0,0
NUAA,W7,7,vibration_y,GainDrift,8,2,1.0361263387951,1.0361263387951,1.0361263387951,1.01753915629828,0,0,NaN,NaN,0,0,0,0,0
NUAA,W7,7,vibration_y,ColoredNoiseRamp,8,3,1.09648751939083,1.09648751939083,1.09648751939083,1.11971618910279,0,0,NaN,NaN,0,0,0,0,0
NUAA,W7,7,vibration_y,IntermittentRecordDropout,8,3,1.09863213148931,1.11735541124756,1.11971618910279,1.11971618910279,1,1,0,0,0,0,1,0,0
NUAA,W7,8,force_z,LinearBiasDrift,8,3,1.17582503072083,1.17582503072083,1.17582503072083,1.11906782125382,0,0,NaN,NaN,0,0,0,0,0
NUAA,W7,8,force_z,GainDrift,8,3,1.35040988384544,1.13589117792477,1.19999349983742,1.11906782125382,1,1,3,4,0,0,1,0,0
NUAA,W7,8,force_z,ColoredNoiseRamp,8,3,1.67983528008726,1.10134835609082,1.10134835609082,1.11906782125382,1,1,2,2,0,0,1,0,0
NUAA,W7,8,force_z,IntermittentRecordDropout,8,2,0.959315387922133,1.05816600442131,1.08129698610748,1.04675384737646,1,1,2,2,0,0,1,0,0
NUAA,W7,8,vibration_x,LinearBiasDrift,8,3,1.06760857423156,1.06760857423156,1.06760857423156,1.0930920477617,0,0,NaN,NaN,0,0,0,0,0
NUAA,W7,8,vibration_x,GainDrift,8,3,1.08841135118127,1.08841135118127,1.08841135118127,1.0930920477617,0,0,NaN,NaN,0,0,0,0,0
NUAA,W7,8,vibration_x,ColoredNoiseRamp,8,2,1.03553847098552,1.03553847098552,1.03553847098552,1.0337096180421,0,0,NaN,NaN,0,0,0,0,0
NUAA,W7,8,vibration_x,IntermittentRecordDropout,8,3,1.10422571254828,1.09431467186648,1.09252522605003,1.0930920477617,1,1,2,2,0,0,1,0,0
NUAA,W7,8,vibration_y,LinearBiasDrift,8,3,1.08974567499754,1.08974567499754,1.08974567499754,1.11971618910279,0,0,NaN,NaN,0,0,0,0,0
NUAA,W7,8,vibration_y,GainDrift,8,4,1.22328840868407,1.22328840868407,1.22328840868407,1.29686925180282,0,0,NaN,NaN,0,0,0,0,0
NUAA,W7,8,vibration_y,ColoredNoiseRamp,8,3,1.0957751566949,1.0957751566949,1.0957751566949,1.11971618910279,0,0,NaN,NaN,0,0,0,0,0
NUAA,W7,8,vibration_y,IntermittentRecordDropout,8,2,1.03702846280541,1.03481822085621,1.01753915629828,1.01753915629828,1,1,0,0,0,0,1,0,0
NUAA,W7,9,force_z,LinearBiasDrift,8,4,1.14830437038054,1.14830437038054,1.14830437038054,1.25681895767904,0,0,NaN,NaN,0,0,0,0,0
NUAA,W7,9,force_z,GainDrift,8,2,0.798274212004313,1.04675384737646,1.07052317917113,1.04675384737646,1,1,0,1,0,0,1,0,0
NUAA,W7,9,force_z,ColoredNoiseRamp,8,2,1.11639997130908,1.08999827739541,1.11639997130908,1.04675384737646,1,0,6,NaN,0,0,0,0,0
NUAA,W7,9,force_z,IntermittentRecordDropout,8,2,1.00776585824872,1.06016723124521,1.06016723124521,1.04675384737646,1,1,6,6,0,0,1,0,0
NUAA,W7,9,vibration_x,LinearBiasDrift,8,2,1.0143870889904,1.0143870889904,1.0143870889904,1.0337096180421,0,0,NaN,NaN,0,0,0,0,0
NUAA,W7,9,vibration_x,GainDrift,8,3,1.10439652357241,1.10439652357241,1.10439652357241,1.0930920477617,0,0,NaN,NaN,0,0,0,0,0
NUAA,W7,9,vibration_x,ColoredNoiseRamp,8,2,1.02966054563859,1.02966054563859,1.02966054563859,1.0337096180421,0,0,NaN,NaN,0,0,0,0,0
NUAA,W7,9,vibration_x,IntermittentRecordDropout,8,3,1.10402670736455,1.09328349367037,1.09280871847832,1.0930920477617,1,1,3,3,0,0,1,0,0
NUAA,W7,9,vibration_y,LinearBiasDrift,8,3,1.11879521005085,1.1577208257533,1.13045183473217,1.11971618910279,1,1,3,4,0,0,1,0,0
NUAA,W7,9,vibration_y,GainDrift,8,4,1.22520101117445,1.22520101117445,1.22520101117445,1.29686925180282,0,0,NaN,NaN,0,0,0,0,0
NUAA,W7,9,vibration_y,ColoredNoiseRamp,8,2,1.03652558679512,1.03652558679512,1.03652558679512,1.01753915629828,0,0,NaN,NaN,0,0,0,0,0
NUAA,W7,9,vibration_y,IntermittentRecordDropout,8,2,1.03662234280238,1.02166514951893,1.01753915629828,1.01753915629828,1,1,0,0,0,0,1,0,0
NUAA,W7,10,force_z,LinearBiasDrift,8,3,1.05480560607711,1.05480560607711,1.05480560607711,1.11906782125382,0,0,NaN,NaN,0,0,0,0,0
NUAA,W7,10,force_z,GainDrift,8,2,0.811870087439189,1.04675384737646,1.06966161921859,1.04675384737646,1,1,0,1,0,0,1,0,0
NUAA,W7,10,force_z,ColoredNoiseRamp,8,3,1.41893773050444,1.12673973732942,1.15621784940921,1.11906782125382,1,1,2,3,0,0,1,0,0
NUAA,W7,10,force_z,IntermittentRecordDropout,8,2,1.03649233718947,1.03649233718947,1.03649233718947,1.04675384737646,0,0,NaN,NaN,0,0,0,0,0
NUAA,W7,10,vibration_x,LinearBiasDrift,8,2,1.01231216859343,1.01231216859343,1.01231216859343,1.0337096180421,0,0,NaN,NaN,0,0,0,0,0
NUAA,W7,10,vibration_x,GainDrift,8,3,1.10411655119669,1.10411655119669,1.10411655119669,1.0930920477617,0,0,NaN,NaN,0,0,0,0,0
NUAA,W7,10,vibration_x,ColoredNoiseRamp,8,3,1.08953424040713,1.08953424040713,1.08953424040713,1.0930920477617,0,0,NaN,NaN,0,0,0,0,0
NUAA,W7,10,vibration_x,IntermittentRecordDropout,8,2,1.03444394418027,1.03589337241648,1.0337096180421,1.0337096180421,1,1,0,0,0,0,1,0,0
NUAA,W7,10,vibration_y,LinearBiasDrift,8,3,1.08866612333438,1.10211653774482,1.08866612333438,1.11971618910279,1,0,5,NaN,0,0,0,0,0
NUAA,W7,10,vibration_y,GainDrift,8,3,1.09772575542687,1.09772575542687,1.09772575542687,1.11971618910279,0,0,NaN,NaN,0,0,0,0,0
NUAA,W7,10,vibration_y,ColoredNoiseRamp,8,3,1.09710270903308,1.09710270903308,1.09710270903308,1.11971618910279,0,0,NaN,NaN,0,0,0,0,0
NUAA,W7,10,vibration_y,IntermittentRecordDropout,8,2,1.0382672612607,1.06049304396153,1.08844071193062,1.01753915629828,1,1,2,2,0,0,1,0,0
NUAA,W7,11,force_z,LinearBiasDrift,8,2,0.995526657762693,0.995526657762693,0.995526657762693,1.04675384737646,0,0,NaN,NaN,0,0,0,0,0
NUAA,W7,11,force_z,GainDrift,8,3,0.856843702101023,1.11906782125382,1.14080787282152,1.11906782125382,1,1,0,1,0,0,1,0,0
NUAA,W7,11,force_z,ColoredNoiseRamp,8,2,1.24651145004399,1.05415952145782,1.1197154763205,1.04675384737646,1,1,3,5,0,0,1,0,0
NUAA,W7,11,force_z,IntermittentRecordDropout,8,3,1.05103337088397,1.12396296241238,1.13070924961798,1.11906782125382,1,1,4,4,0,0,1,0,0
NUAA,W7,11,vibration_x,LinearBiasDrift,8,3,1.06913438626196,1.06913438626196,1.06913438626196,1.0930920477617,0,0,NaN,NaN,0,0,0,0,0
NUAA,W7,11,vibration_x,GainDrift,8,3,1.10922611990056,1.10922611990056,1.10922611990056,1.0930920477617,0,0,NaN,NaN,0,0,0,0,0
NUAA,W7,11,vibration_x,ColoredNoiseRamp,8,2,1.03322744434516,1.03322744434516,1.03322744434516,1.0337096180421,0,0,NaN,NaN,0,0,0,0,0
NUAA,W7,11,vibration_x,IntermittentRecordDropout,8,4,1.23173969113105,1.21977254775896,1.21943235684502,1.21943235684502,1,1,0,0,0,0,1,0,0
NUAA,W7,11,vibration_y,LinearBiasDrift,8,2,1.04247567006973,1.04247567006973,1.04247567006973,1.01753915629828,0,0,NaN,NaN,0,0,0,0,0
NUAA,W7,11,vibration_y,GainDrift,8,3,1.09622141407023,1.09622141407023,1.09622141407023,1.11971618910279,0,0,NaN,NaN,0,0,0,0,0
NUAA,W7,11,vibration_y,ColoredNoiseRamp,8,3,1.09701261053916,1.09701261053916,1.09701261053916,1.11971618910279,0,0,NaN,NaN,0,0,0,0,0
NUAA,W7,11,vibration_y,IntermittentRecordDropout,8,2,1.03655873979383,1.08805688865716,1.08805688865716,1.01753915629828,1,1,4,4,0,0,1,0,0
NUAA,W7,12,force_z,LinearBiasDrift,8,2,1.137958173895,1.137958173895,1.137958173895,1.04675384737646,0,0,NaN,NaN,0,0,0,0,0
NUAA,W7,12,force_z,GainDrift,8,2,1.25386360989288,1.04226611631577,1.04226611631577,1.04675384737646,1,1,4,4,0,0,1,0,0
NUAA,W7,12,force_z,ColoredNoiseRamp,8,3,1.68700526172585,1.11215609407548,1.09224717713974,1.11906782125382,1,1,1,2,0,0,1,0,0
NUAA,W7,12,force_z,IntermittentRecordDropout,8,3,0.963830759346434,1.14719743581141,1.15263886989884,1.11906782125382,1,1,2,2,0,0,1,0,0
NUAA,W7,12,vibration_x,LinearBiasDrift,8,3,1.08739969869385,1.08739969869385,1.08739969869385,1.0930920477617,0,0,NaN,NaN,0,0,0,0,0
NUAA,W7,12,vibration_x,GainDrift,8,2,1.02832459647202,1.02832459647202,1.02832459647202,1.0337096180421,0,0,NaN,NaN,0,0,0,0,0
NUAA,W7,12,vibration_x,ColoredNoiseRamp,8,2,1.02590164706822,1.02590164706822,1.02590164706822,1.0337096180421,0,0,NaN,NaN,0,0,0,0,0
NUAA,W7,12,vibration_x,IntermittentRecordDropout,8,2,1.04288093074511,1.0334055283993,1.03316253488935,1.0337096180421,1,1,1,1,0,0,1,0,0
NUAA,W7,12,vibration_y,LinearBiasDrift,8,2,1.02567498691257,1.11851750226786,1.08929660404094,1.01753915629828,1,1,3,4,0,0,1,0,0
NUAA,W7,12,vibration_y,GainDrift,8,3,1.09637878031492,1.09637878031492,1.09637878031492,1.11971618910279,0,0,NaN,NaN,0,0,0,0,0
NUAA,W7,12,vibration_y,ColoredNoiseRamp,8,2,1.03730601293343,1.03730601293343,1.03730601293343,1.01753915629828,0,0,NaN,NaN,0,0,0,0,0
NUAA,W7,12,vibration_y,IntermittentRecordDropout,8,3,1.09795047837597,1.12452984786022,1.12452984786022,1.11971618910279,1,1,4,4,0,0,1,0,0
NUAA,W7,13,force_z,LinearBiasDrift,8,3,1.04145856465745,1.04145856465745,1.04145856465745,1.11906782125382,0,0,NaN,NaN,0,0,0,0,0
NUAA,W7,13,force_z,GainDrift,8,2,0.67937775774386,1.04675384737646,1.07805755413517,1.04675384737646,1,1,0,1,0,0,1,0,0
NUAA,W7,13,force_z,ColoredNoiseRamp,8,3,1.62231448403283,1.1093451862561,1.09092875952195,1.11906782125382,1,1,1,2,0,0,1,0,0
NUAA,W7,13,force_z,IntermittentRecordDropout,8,3,0.996920174498237,1.10227838892586,1.12420800920671,1.11906782125382,1,1,1,1,0,0,1,0,0
NUAA,W7,13,vibration_x,LinearBiasDrift,8,2,1.01384696547606,1.01384696547606,1.01384696547606,1.0337096180421,0,0,NaN,NaN,0,0,0,0,0
NUAA,W7,13,vibration_x,GainDrift,8,3,1.09010050810842,1.09010050810842,1.09010050810842,1.0930920477617,0,0,NaN,NaN,0,0,0,0,0
NUAA,W7,13,vibration_x,ColoredNoiseRamp,8,3,1.08982609618826,1.08982609618826,1.08982609618826,1.0930920477617,0,0,NaN,NaN,0,0,0,0,0
NUAA,W7,13,vibration_x,IntermittentRecordDropout,8,3,1.10404113562111,1.09284825772833,1.0930920477617,1.0930920477617,1,1,0,0,0,0,1,0,0
NUAA,W7,13,vibration_y,LinearBiasDrift,8,3,1.08115994580032,1.1909836869441,1.1568838259843,1.11971618910279,1,1,2,3,0,0,1,0,0
NUAA,W7,13,vibration_y,GainDrift,8,2,1.03675991085598,1.03675991085598,1.03675991085598,1.01753915629828,0,0,NaN,NaN,0,0,0,0,0
NUAA,W7,13,vibration_y,ColoredNoiseRamp,8,2,1.03850098029134,1.03850098029134,1.03850098029134,1.01753915629828,0,0,NaN,NaN,0,0,0,0,0
NUAA,W7,13,vibration_y,IntermittentRecordDropout,8,3,1.09709748398692,1.11423717984896,1.12452984786022,1.11971618910279,1,1,4,4,0,0,1,0,0
NUAA,W7,14,force_z,LinearBiasDrift,8,2,1.00013906183386,1.00013906183386,1.00013906183386,1.04675384737646,0,0,NaN,NaN,0,0,0,0,0
NUAA,W7,14,force_z,GainDrift,8,4,0.590544014679739,1.25681895767904,1.25681895767904,1.25681895767904,1,1,0,0,0,0,1,0,0
NUAA,W7,14,force_z,ColoredNoiseRamp,8,3,1.3511310573723,1.15414107883673,1.15414107883673,1.11906782125382,1,1,3,3,0,0,1,0,0
NUAA,W7,14,force_z,IntermittentRecordDropout,8,2,0.932581149254847,1.04693895544063,1.0700699371268,1.04675384737646,1,1,4,4,0,0,1,0,0
NUAA,W7,14,vibration_x,LinearBiasDrift,8,3,1.11291904984159,1.11291904984159,1.11291904984159,1.0930920477617,0,0,NaN,NaN,0,0,0,0,0
NUAA,W7,14,vibration_x,GainDrift,8,3,1.08943134720354,1.08943134720354,1.08943134720354,1.0930920477617,0,0,NaN,NaN,0,0,0,0,0
NUAA,W7,14,vibration_x,ColoredNoiseRamp,8,2,1.03051021645788,1.03051021645788,1.03051021645788,1.0337096180421,0,0,NaN,NaN,0,0,0,0,0
NUAA,W7,14,vibration_x,IntermittentRecordDropout,8,2,1.04234407112451,1.03291968121787,1.03291968121787,1.0337096180421,1,1,4,4,0,0,1,0,0
NUAA,W7,14,vibration_y,LinearBiasDrift,8,3,1.11568795206755,1.12954365653235,1.11831923192148,1.11971618910279,1,1,4,5,0,0,1,0,0
NUAA,W7,14,vibration_y,GainDrift,8,3,1.09621690268384,1.09621690268384,1.09621690268384,1.11971618910279,0,0,NaN,NaN,0,0,0,0,0
NUAA,W7,14,vibration_y,ColoredNoiseRamp,8,2,1.03840660297424,1.03840660297424,1.03840660297424,1.01753915629828,0,0,NaN,NaN,0,0,0,0,0
NUAA,W7,14,vibration_y,IntermittentRecordDropout,8,2,1.03622538575465,1.03418507659489,1.08844071193062,1.01753915629828,1,1,2,2,0,0,1,0,0
NUAA,W7,15,force_z,LinearBiasDrift,8,2,0.995539710401615,0.995539710401615,0.995539710401615,1.04675384737646,0,0,NaN,NaN,0,0,0,0,0
NUAA,W7,15,force_z,GainDrift,8,2,1.22837104260338,1.04552685433379,1.10265120665648,1.04675384737646,1,1,4,5,0,0,1,0,0
NUAA,W7,15,force_z,ColoredNoiseRamp,8,2,1.12798496128706,1.093948709402,1.12798496128706,1.04675384737646,1,0,6,NaN,0,0,0,0,0
NUAA,W7,15,force_z,IntermittentRecordDropout,8,3,0.955372352421344,1.16657789857636,1.16657789857636,1.11906782125382,1,1,2,2,0,0,1,0,0
NUAA,W7,15,vibration_x,LinearBiasDrift,8,3,1.08476051242999,1.08476051242999,1.08476051242999,1.0930920477617,0,0,NaN,NaN,0,0,0,0,0
NUAA,W7,15,vibration_x,GainDrift,8,2,1.02661080903797,1.02661080903797,1.02661080903797,1.0337096180421,0,0,NaN,NaN,0,0,0,0,0
NUAA,W7,15,vibration_x,ColoredNoiseRamp,8,3,1.08580475964197,1.08580475964197,1.08580475964197,1.0930920477617,0,0,NaN,NaN,0,0,0,0,0
NUAA,W7,15,vibration_x,IntermittentRecordDropout,8,3,1.09859682358725,1.09669332468356,1.09252522605003,1.0930920477617,1,1,2,2,0,0,1,0,0
NUAA,W7,15,vibration_y,LinearBiasDrift,8,4,1.2166867923059,1.2166867923059,1.2166867923059,1.29686925180282,0,0,NaN,NaN,0,0,0,0,0
NUAA,W7,15,vibration_y,GainDrift,8,3,1.09778049062754,1.09778049062754,1.09778049062754,1.11971618910279,0,0,NaN,NaN,0,0,0,0,0
NUAA,W7,15,vibration_y,ColoredNoiseRamp,8,2,1.03695083792226,1.04569677385159,1.03695083792226,1.01753915629828,1,0,6,NaN,0,0,0,0,0
NUAA,W7,15,vibration_y,IntermittentRecordDropout,8,3,1.09708077682523,1.09428501308484,1.15758325430986,1.11971618910279,1,1,1,1,0,0,1,0,0
NUAA,W7,16,force_z,LinearBiasDrift,8,3,1.25186296890683,1.25186296890683,1.25186296890683,1.11906782125382,0,0,NaN,NaN,0,0,0,0,0
NUAA,W7,16,force_z,GainDrift,8,2,0.860828516443332,1.04675384737646,1.06655916200856,1.04675384737646,1,1,0,1,0,0,1,0,0
NUAA,W7,16,force_z,ColoredNoiseRamp,8,2,1.37342723722326,1.03032295379443,1.03032295379443,1.04675384737646,1,1,3,3,0,0,1,0,0
NUAA,W7,16,force_z,IntermittentRecordDropout,8,4,1.18463926075359,1.23067124807011,1.26305462243075,1.25681895767904,1,1,2,2,0,0,2,0,0
NUAA,W7,16,vibration_x,LinearBiasDrift,8,3,1.0820861124543,1.0820861124543,1.0820861124543,1.0930920477617,0,0,NaN,NaN,0,0,0,0,0
NUAA,W7,16,vibration_x,GainDrift,8,2,1.03075424823562,1.03075424823562,1.03075424823562,1.0337096180421,0,0,NaN,NaN,0,0,0,0,0
NUAA,W7,16,vibration_x,ColoredNoiseRamp,8,4,1.21981713074715,1.21981713074715,1.21981713074715,1.21943235684502,0,0,NaN,NaN,0,0,0,0,0
NUAA,W7,16,vibration_x,IntermittentRecordDropout,8,3,1.10815346516742,1.09252522605003,1.09252522605003,1.0930920477617,1,1,2,2,0,0,1,0,0
NUAA,W7,16,vibration_y,LinearBiasDrift,8,3,1.10789564647925,1.10789564647925,1.10789564647925,1.11971618910279,0,0,NaN,NaN,0,0,0,0,0
NUAA,W7,16,vibration_y,GainDrift,8,2,1.03612046556353,1.03612046556353,1.03612046556353,1.01753915629828,0,0,NaN,NaN,0,0,0,0,0
NUAA,W7,16,vibration_y,ColoredNoiseRamp,8,2,1.03790231094092,1.03790231094092,1.03790231094092,1.01753915629828,0,0,NaN,NaN,0,0,0,0,0
NUAA,W7,16,vibration_y,IntermittentRecordDropout,8,2,1.03609735389139,1.05128693382128,1.06010922068807,1.01753915629828,1,1,5,5,0,0,1,0,0
NUAA,W7,17,force_z,LinearBiasDrift,8,2,1.16183864213886,1.16183864213886,1.16183864213886,1.04675384737646,0,0,NaN,NaN,0,0,0,0,0
NUAA,W7,17,force_z,GainDrift,8,3,0.816044667567221,1.11906782125382,1.14362821856536,1.11906782125382,1,1,0,1,0,0,1,0,0
NUAA,W7,17,force_z,ColoredNoiseRamp,8,4,1.4920554752897,1.28791246295156,1.32806060538597,1.25681895767904,1,1,2,3,0,0,1,0,0
NUAA,W7,17,force_z,IntermittentRecordDropout,8,3,1.06843878746524,1.1349171716223,1.1416634588279,1.11906782125382,1,1,4,4,0,0,1,0,0
NUAA,W7,17,vibration_x,LinearBiasDrift,8,2,1.04322191876982,1.04322191876982,1.04322191876982,1.0337096180421,0,0,NaN,NaN,0,0,0,0,0
NUAA,W7,17,vibration_x,GainDrift,8,2,1.04514198329677,1.04514198329677,1.04514198329677,1.0337096180421,0,0,NaN,NaN,0,0,0,0,0
NUAA,W7,17,vibration_x,ColoredNoiseRamp,8,3,1.08635239347868,1.08635239347868,1.08635239347868,1.0930920477617,0,0,NaN,NaN,0,0,0,0,0
NUAA,W7,17,vibration_x,IntermittentRecordDropout,8,3,1.10450303200261,1.09442910367506,1.09252522605003,1.0930920477617,1,1,2,2,0,0,1,0,0
NUAA,W7,17,vibration_y,LinearBiasDrift,8,3,1.08627399503184,1.12167619917817,1.10064503557472,1.11971618910279,1,1,4,5,0,0,1,0,0
NUAA,W7,17,vibration_y,GainDrift,8,3,1.09653791161172,1.09653791161172,1.09653791161172,1.11971618910279,0,0,NaN,NaN,0,0,0,0,0
NUAA,W7,17,vibration_y,ColoredNoiseRamp,8,3,1.09951434489908,1.09951434489908,1.09951434489908,1.11971618910279,0,0,NaN,NaN,0,0,0,0,0
NUAA,W7,17,vibration_y,IntermittentRecordDropout,8,3,1.09661959003753,1.04612527986651,1.11971618910279,1.11971618910279,1,1,0,0,0,0,1,0,0
NUAA,W7,18,force_z,LinearBiasDrift,8,4,1.1507585058289,1.1507585058289,1.1507585058289,1.25681895767904,0,0,NaN,NaN,0,0,0,0,0
NUAA,W7,18,force_z,GainDrift,8,3,0.82012785567309,1.11906782125382,1.14334595693032,1.11906782125382,1,1,0,1,0,0,1,0,0
NUAA,W7,18,force_z,ColoredNoiseRamp,8,2,1.32187299647752,1.04578877725166,1.07906386477925,1.04675384737646,1,1,3,4,0,0,1,0,0
NUAA,W7,18,force_z,IntermittentRecordDropout,8,3,0.970740858580412,1.15029392478906,1.15029392478906,1.11906782125382,1,1,3,3,0,0,1,0,0
NUAA,W7,18,vibration_x,LinearBiasDrift,8,3,1.11977224122797,1.10928410406749,1.11977224122797,1.0930920477617,1,0,5,NaN,0,0,0,0,0
NUAA,W7,18,vibration_x,GainDrift,8,3,1.10580323165898,1.10580323165898,1.10580323165898,1.0930920477617,0,0,NaN,NaN,0,0,0,0,0
NUAA,W7,18,vibration_x,ColoredNoiseRamp,8,2,1.02661732269542,1.02661732269542,1.02661732269542,1.0337096180421,0,0,NaN,NaN,0,0,0,0,0
NUAA,W7,18,vibration_x,IntermittentRecordDropout,8,4,1.23050857559277,1.22151668310123,1.21879961789103,1.21943235684502,1,1,1,1,0,0,1,0,0
NUAA,W7,18,vibration_y,LinearBiasDrift,8,2,1.02464089248343,1.11891488070871,1.08942143828375,1.01753915629828,1,1,3,4,0,0,1,0,0
NUAA,W7,18,vibration_y,GainDrift,8,3,1.09624028326632,1.09624028326632,1.09624028326632,1.11971618910279,0,0,NaN,NaN,0,0,0,0,0
NUAA,W7,18,vibration_y,ColoredNoiseRamp,8,3,1.09654323233976,1.09654323233976,1.09654323233976,1.11971618910279,0,0,NaN,NaN,0,0,0,0,0
NUAA,W7,18,vibration_y,IntermittentRecordDropout,8,2,1.03697684662601,1.06010922068807,1.06010922068807,1.01753915629828,1,1,5,5,0,0,1,0,0
NUAA,W7,19,force_z,LinearBiasDrift,8,3,1.24447992758424,1.24447992758424,1.24447992758424,1.11906782125382,0,0,NaN,NaN,0,0,0,0,0
NUAA,W7,19,force_z,GainDrift,8,2,0.822749509333809,1.04675384737646,1.06897219879427,1.04675384737646,1,1,0,1,0,0,1,0,0
NUAA,W7,19,force_z,ColoredNoiseRamp,8,3,1.58435948420305,1.11293312795386,1.11293312795386,1.11906782125382,1,1,2,2,0,0,1,0,0
NUAA,W7,19,force_z,IntermittentRecordDropout,8,2,0.95426484119478,1.08630852963704,1.09209106152756,1.04675384737646,1,1,3,3,0,0,1,0,0
NUAA,W7,19,vibration_x,LinearBiasDrift,8,2,1.04961033626863,1.04961033626863,1.04961033626863,1.0337096180421,0,0,NaN,NaN,0,0,0,0,0
NUAA,W7,19,vibration_x,GainDrift,8,3,1.0837366387254,1.0837366387254,1.0837366387254,1.0930920477617,0,0,NaN,NaN,0,0,0,0,0
NUAA,W7,19,vibration_x,ColoredNoiseRamp,8,3,1.08621984736867,1.08621984736867,1.08621984736867,1.0930920477617,0,0,NaN,NaN,0,0,0,0,0
NUAA,W7,19,vibration_x,IntermittentRecordDropout,8,2,1.04127774488534,1.03509865947779,1.0337096180421,1.0337096180421,1,1,0,0,0,0,1,0,0
NUAA,W7,19,vibration_y,LinearBiasDrift,8,2,1.02630385022132,1.08922006649517,1.08922006649517,1.01753915629828,1,1,4,4,0,0,1,0,0
NUAA,W7,19,vibration_y,GainDrift,8,2,1.03610517299765,1.03610517299765,1.03610517299765,1.01753915629828,0,0,NaN,NaN,0,0,0,0,0
NUAA,W7,19,vibration_y,ColoredNoiseRamp,8,2,1.03718448498658,1.03718448498658,1.03718448498658,1.01753915629828,0,0,NaN,NaN,0,0,0,0,0
NUAA,W7,19,vibration_y,IntermittentRecordDropout,8,2,1.03656236188552,0.989207665055729,1.01753915629828,1.01753915629828,1,1,0,0,0,0,1,0,0
NUAA,W7,20,force_z,LinearBiasDrift,8,2,1.00045808568694,1.00045808568694,1.00045808568694,1.04675384737646,0,0,NaN,NaN,0,0,0,0,0
NUAA,W7,20,force_z,GainDrift,8,3,1.38167853105856,1.13585916002431,1.20854181125336,1.11906782125382,1,1,3,4,0,0,1,0,0
NUAA,W7,20,force_z,ColoredNoiseRamp,8,3,1.70023489672438,1.11467701659562,1.09952123594509,1.11906782125382,1,1,1,2,0,0,1,0,0
NUAA,W7,20,force_z,IntermittentRecordDropout,8,3,0.962639604168178,1.15014694690543,1.15014694690543,1.11906782125382,1,1,3,3,0,0,1,0,0
NUAA,W7,20,vibration_x,LinearBiasDrift,8,3,1.07829863726726,1.07829863726726,1.07829863726726,1.0930920477617,0,0,NaN,NaN,0,0,0,0,0
NUAA,W7,20,vibration_x,GainDrift,8,3,1.10540010631683,1.10540010631683,1.10540010631683,1.0930920477617,0,0,NaN,NaN,0,0,0,0,0
NUAA,W7,20,vibration_x,ColoredNoiseRamp,8,3,1.09322730082852,1.09322730082852,1.09322730082852,1.0930920477617,0,0,NaN,NaN,0,0,0,0,0
NUAA,W7,20,vibration_x,IntermittentRecordDropout,8,3,1.10173508372175,1.09328349367037,1.09280871847832,1.0930920477617,1,1,3,3,0,0,1,0,0
NUAA,W7,20,vibration_y,LinearBiasDrift,8,3,1.091053819469,1.091053819469,1.091053819469,1.11971618910279,0,0,NaN,NaN,0,0,0,0,0
NUAA,W7,20,vibration_y,GainDrift,8,2,1.03603743526591,1.03603743526591,1.03603743526591,1.01753915629828,0,0,NaN,NaN,0,0,0,0,0
NUAA,W7,20,vibration_y,ColoredNoiseRamp,8,3,1.09961972073941,1.09961972073941,1.09961972073941,1.11971618910279,0,0,NaN,NaN,0,0,0,0,0
NUAA,W7,20,vibration_y,IntermittentRecordDropout,8,2,1.03672686134455,1.01284286265214,1.01753915629828,1.01753915629828,1,1,0,0,0,0,1,0,0
NUAA,W7,21,force_z,LinearBiasDrift,8,3,1.04221456441414,1.04221456441414,1.04221456441414,1.11906782125382,0,0,NaN,NaN,0,0,0,0,0
NUAA,W7,21,force_z,GainDrift,8,3,1.36763762007143,1.13587353738088,1.20470326720432,1.11906782125382,1,1,3,4,0,0,1,0,0
NUAA,W7,21,force_z,ColoredNoiseRamp,8,3,1.18379988886756,1.1526221000358,1.18379988886756,1.11906782125382,1,0,5,NaN,0,0,0,0,0
NUAA,W7,21,force_z,IntermittentRecordDropout,8,3,1.02828379070247,1.12021129051088,1.15263886989884,1.11906782125382,1,1,2,2,0,0,1,0,0
NUAA,W7,21,vibration_x,LinearBiasDrift,8,2,1.00779113425921,1.00779113425921,1.00779113425921,1.0337096180421,0,0,NaN,NaN,0,0,0,0,0
NUAA,W7,21,vibration_x,GainDrift,8,2,1.02822894662079,1.02822894662079,1.02822894662079,1.0337096180421,0,0,NaN,NaN,0,0,0,0,0
NUAA,W7,21,vibration_x,ColoredNoiseRamp,8,3,1.08616364079273,1.08616364079273,1.08616364079273,1.0930920477617,0,0,NaN,NaN,0,0,0,0,0
NUAA,W7,21,vibration_x,IntermittentRecordDropout,8,3,1.10106189345749,1.09512544675643,1.09305250851169,1.0930920477617,1,1,1,1,0,0,1,0,0
NUAA,W7,21,vibration_y,LinearBiasDrift,8,3,1.10627064885067,1.10627064885067,1.10627064885067,1.11971618910279,0,0,NaN,NaN,0,0,0,0,0
NUAA,W7,21,vibration_y,GainDrift,8,3,1.09777725804771,1.09777725804771,1.09777725804771,1.11971618910279,0,0,NaN,NaN,0,0,0,0,0
NUAA,W7,21,vibration_y,ColoredNoiseRamp,8,2,1.03697644223947,1.04468271577111,1.03697644223947,1.01753915629828,1,0,6,NaN,0,0,0,0,0
NUAA,W7,21,vibration_y,IntermittentRecordDropout,8,3,1.09835218121327,1.15522247645463,1.18782808908524,1.11971618910279,1,1,2,2,0,0,1,0,0
NUAA,W7,22,force_z,LinearBiasDrift,8,2,1.16062435532842,1.16062435532842,1.16062435532842,1.04675384737646,0,0,NaN,NaN,0,0,0,0,0
NUAA,W7,22,force_z,GainDrift,8,2,1.4055771431685,1.03203886920066,0.988539375265488,1.04675384737646,1,1,1,2,0,0,1,0,0
NUAA,W7,22,force_z,ColoredNoiseRamp,8,3,1.2453425514835,1.16648607231811,1.18646915669533,1.11906782125382,1,1,4,5,0,0,1,0,0
NUAA,W7,22,force_z,IntermittentRecordDropout,8,2,0.982919973835908,1.07375604989858,1.08420266814974,1.04675384737646,1,1,3,3,0,0,1,0,0
NUAA,W7,22,vibration_x,LinearBiasDrift,8,2,1.01536567305359,1.01536567305359,1.01536567305359,1.0337096180421,0,0,NaN,NaN,0,0,0,0,0
NUAA,W7,22,vibration_x,GainDrift,8,2,1.03112379438453,1.03112379438453,1.03112379438453,1.0337096180421,0,0,NaN,NaN,0,0,0,0,0
NUAA,W7,22,vibration_x,ColoredNoiseRamp,8,3,1.09106028946988,1.09106028946988,1.09106028946988,1.0930920477617,0,0,NaN,NaN,0,0,0,0,0
NUAA,W7,22,vibration_x,IntermittentRecordDropout,8,2,1.0365391040368,1.03544437367108,1.03316253488935,1.0337096180421,1,1,1,1,0,0,1,0,0
NUAA,W7,22,vibration_y,LinearBiasDrift,8,2,1.02690889767848,1.08914603227078,1.05839088564167,1.01753915629828,1,1,4,5,0,0,1,0,0
NUAA,W7,22,vibration_y,GainDrift,8,2,1.03686456325802,1.03686456325802,1.03686456325802,1.01753915629828,0,0,NaN,NaN,0,0,0,0,0
NUAA,W7,22,vibration_y,ColoredNoiseRamp,8,2,1.03599694407105,1.03599694407105,1.03599694407105,1.01753915629828,0,0,NaN,NaN,0,0,0,0,0
NUAA,W7,22,vibration_y,IntermittentRecordDropout,8,2,1.03716211366332,1.02765173622487,1.05598322746742,1.01753915629828,1,1,1,1,0,0,1,0,0
NUAA,W7,23,force_z,LinearBiasDrift,8,3,1.19862987652632,1.19862987652632,1.19862987652632,1.11906782125382,0,0,NaN,NaN,0,0,0,0,0
NUAA,W7,23,force_z,GainDrift,8,2,0.676824250875085,1.04675384737646,1.07821936786075,1.04675384737646,1,1,0,1,0,0,1,0,0
NUAA,W7,23,force_z,ColoredNoiseRamp,8,3,1.45759474471934,1.12503545028612,1.16399327158389,1.11906782125382,1,1,2,3,0,0,1,0,0
NUAA,W7,23,force_z,IntermittentRecordDropout,8,2,0.962847089511718,1.06428740523628,1.0700699371268,1.04675384737646,1,1,4,4,0,0,1,0,0
NUAA,W7,23,vibration_x,LinearBiasDrift,8,3,1.07734178069597,1.07734178069597,1.07734178069597,1.0930920477617,0,0,NaN,NaN,0,0,0,0,0
NUAA,W7,23,vibration_x,GainDrift,8,3,1.08895840384323,1.08895840384323,1.08895840384323,1.0930920477617,0,0,NaN,NaN,0,0,0,0,0
NUAA,W7,23,vibration_x,ColoredNoiseRamp,8,3,1.08882316077786,1.08882316077786,1.08882316077786,1.0930920477617,0,0,NaN,NaN,0,0,0,0,0
NUAA,W7,23,vibration_x,IntermittentRecordDropout,8,2,1.04190332530482,1.03479147234621,1.0337096180421,1.0337096180421,1,1,0,0,0,0,1,0,0
NUAA,W7,23,vibration_y,LinearBiasDrift,8,2,1.05980979609754,1.1085059455727,1.08685077211071,1.01753915629828,1,1,3,4,0,0,1,0,0
NUAA,W7,23,vibration_y,GainDrift,8,3,1.09625213730794,1.09625213730794,1.09625213730794,1.11971618910279,0,0,NaN,NaN,0,0,0,0,0
NUAA,W7,23,vibration_y,ColoredNoiseRamp,8,2,1.03886819964054,1.04685083900211,1.03886819964054,1.01753915629828,1,0,6,NaN,0,0,0,0,0
NUAA,W7,23,vibration_y,IntermittentRecordDropout,8,3,1.09808820360534,1.1072694851231,1.1072694851231,1.11971618910279,1,1,5,5,0,0,1,0,0
NUAA,W7,24,force_z,LinearBiasDrift,8,3,1.05915235557128,1.05915235557128,1.05915235557128,1.11906782125382,0,0,NaN,NaN,0,0,0,0,0
NUAA,W7,24,force_z,GainDrift,8,2,0.673849028959776,1.04675384737646,1.07840790533776,1.04675384737646,1,1,0,1,0,0,1,0,0
NUAA,W7,24,force_z,ColoredNoiseRamp,8,2,1.23950139011632,1.06073408792417,1.10895608863865,1.04675384737646,1,1,4,5,0,0,1,0,0
NUAA,W7,24,force_z,IntermittentRecordDropout,8,3,1.00479384621387,1.08073367771275,1.12420800920671,1.11906782125382,1,1,1,1,0,0,1,0,0
NUAA,W7,24,vibration_x,LinearBiasDrift,8,3,1.11297845273014,1.11297845273014,1.11297845273014,1.0930920477617,0,0,NaN,NaN,0,0,0,0,0
NUAA,W7,24,vibration_x,GainDrift,8,2,1.0315453603255,1.0315453603255,1.0315453603255,1.0337096180421,0,0,NaN,NaN,0,0,0,0,0
NUAA,W7,24,vibration_x,ColoredNoiseRamp,8,2,1.02924680010543,1.02924680010543,1.02924680010543,1.0337096180421,0,0,NaN,NaN,0,0,0,0,0
NUAA,W7,24,vibration_x,IntermittentRecordDropout,8,3,1.10178568784736,1.09516498600644,1.0930920477617,1.0930920477617,1,1,0,0,0,0,1,0,0
NUAA,W7,24,vibration_y,LinearBiasDrift,8,3,1.11859256757955,1.15771308329916,1.13039221636506,1.11971618910279,1,1,3,4,0,0,1,0,0
NUAA,W7,24,vibration_y,GainDrift,8,2,1.03676243110392,1.03676243110392,1.03676243110392,1.01753915629828,0,0,NaN,NaN,0,0,0,0,0
NUAA,W7,24,vibration_y,ColoredNoiseRamp,8,3,1.09699881764758,1.09699881764758,1.09699881764758,1.11971618910279,0,0,NaN,NaN,0,0,0,0,0
NUAA,W7,24,vibration_y,IntermittentRecordDropout,8,2,1.03418977103462,1.06213274456398,1.08844071193062,1.01753915629828,1,1,2,2,0,0,1,0,0
NUAA,W7,25,force_z,LinearBiasDrift,8,3,1.05601042811695,1.05601042811695,1.05601042811695,1.11906782125382,0,0,NaN,NaN,0,0,0,0,0
NUAA,W7,25,force_z,GainDrift,8,3,1.33558650682042,1.19594104300479,1.19594104300479,1.11906782125382,1,1,4,4,0,0,1,0,0
NUAA,W7,25,force_z,ColoredNoiseRamp,8,2,1.35209597559395,1.04271939876415,1.04271939876415,1.04675384737646,1,1,3,3,0,0,1,0,0
NUAA,W7,25,force_z,IntermittentRecordDropout,8,3,0.932914721703513,1.1361506837054,1.1361506837054,1.11906782125382,1,1,3,3,0,0,1,0,0
NUAA,W7,25,vibration_x,LinearBiasDrift,8,2,1.01764467062308,1.01764467062308,1.01764467062308,1.0337096180421,0,0,NaN,NaN,0,0,0,0,0
NUAA,W7,25,vibration_x,GainDrift,8,4,1.23290982307829,1.23290982307829,1.23290982307829,1.21943235684502,0,0,NaN,NaN,0,0,0,0,0
NUAA,W7,25,vibration_x,ColoredNoiseRamp,8,3,1.08550647865672,1.08550647865672,1.08550647865672,1.0930920477617,0,0,NaN,NaN,0,0,0,0,0
NUAA,W7,25,vibration_x,IntermittentRecordDropout,8,3,1.10347203698861,1.09471259610335,1.09280871847832,1.0930920477617,1,1,3,3,0,0,1,0,0
NUAA,W7,25,vibration_y,LinearBiasDrift,8,3,1.11152333872827,1.12836004314127,1.11586097907583,1.11971618910279,1,1,4,5,0,0,1,0,0
NUAA,W7,25,vibration_y,GainDrift,8,3,1.09628839519593,1.09628839519593,1.09628839519593,1.11971618910279,0,0,NaN,NaN,0,0,0,0,0
NUAA,W7,25,vibration_y,ColoredNoiseRamp,8,3,1.09636146374827,1.09636146374827,1.09636146374827,1.11971618910279,0,0,NaN,NaN,0,0,0,0,0
NUAA,W7,25,vibration_y,IntermittentRecordDropout,8,2,1.03660228882834,1.07592078485466,1.01753915629828,1.01753915629828,1,1,0,0,0,0,1,0,0
NUAA,W7,26,force_z,LinearBiasDrift,8,3,1.04295119618689,1.04295119618689,1.04295119618689,1.11906782125382,0,0,NaN,NaN,0,0,0,0,0
NUAA,W7,26,force_z,GainDrift,8,2,1.33212386826621,1.00272792082521,0.973901097959962,1.04675384737646,1,1,2,3,0,0,1,0,0
NUAA,W7,26,force_z,ColoredNoiseRamp,8,3,1.29188134682838,1.14249051288105,1.17364981798981,1.11906782125382,1,1,3,4,0,0,1,0,0
NUAA,W7,26,force_z,IntermittentRecordDropout,8,2,0.967487398922171,1.07801829750059,1.07801829750059,1.04675384737646,1,1,5,5,0,0,1,0,0
NUAA,W7,26,vibration_x,LinearBiasDrift,8,3,1.07390930647352,1.07390930647352,1.07390930647352,1.0930920477617,0,0,NaN,NaN,0,0,0,0,0
NUAA,W7,26,vibration_x,GainDrift,8,3,1.08976370579817,1.08976370579817,1.08976370579817,1.0930920477617,0,0,NaN,NaN,0,0,0,0,0
NUAA,W7,26,vibration_x,ColoredNoiseRamp,8,2,1.03426819822805,1.03426819822805,1.03426819822805,1.0337096180421,0,0,NaN,NaN,0,0,0,0,0
NUAA,W7,26,vibration_x,IntermittentRecordDropout,8,2,1.04232525103826,1.03337163761358,1.03312864410362,1.0337096180421,1,1,2,2,0,0,1,0,0
NUAA,W7,26,vibration_y,LinearBiasDrift,8,2,1.05492147267013,1.08703057429003,1.06425295372421,1.01753915629828,1,1,4,5,0,0,1,0,0
NUAA,W7,26,vibration_y,GainDrift,8,3,1.09648953008085,1.09648953008085,1.09648953008085,1.11971618910279,0,0,NaN,NaN,0,0,0,0,0
NUAA,W7,26,vibration_y,ColoredNoiseRamp,8,3,1.10121414756412,1.10121414756412,1.10121414756412,1.11971618910279,0,0,NaN,NaN,0,0,0,0,0
NUAA,W7,26,vibration_y,IntermittentRecordDropout,8,2,1.03544066183183,1.10554256915701,1.1143648560238,1.01753915629828,1,1,3,3,0,0,1,0,0
NUAA,W7,27,force_z,LinearBiasDrift,8,2,1.00234625303925,1.00234625303925,1.00234625303925,1.04675384737646,0,0,NaN,NaN,0,0,0,0,0
NUAA,W7,27,force_z,GainDrift,8,3,1.58859769738899,1.09022336047377,1.05583496364551,1.11906782125382,1,1,1,2,0,0,1,0,0
NUAA,W7,27,force_z,ColoredNoiseRamp,8,2,1.15039502901866,1.08956470123299,1.11298239543646,1.04675384737646,1,1,5,6,0,0,1,0,0
NUAA,W7,27,force_z,IntermittentRecordDropout,8,3,1.05820053090084,1.10241825119927,1.1294043964998,1.11906782125382,1,1,3,3,0,0,2,0,0
NUAA,W7,27,vibration_x,LinearBiasDrift,8,3,1.11297726357415,1.11297726357415,1.11297726357415,1.0930920477617,0,0,NaN,NaN,0,0,0,0,0
NUAA,W7,27,vibration_x,GainDrift,8,2,1.02809145369616,1.02809145369616,1.02809145369616,1.0337096180421,0,0,NaN,NaN,0,0,0,0,0
NUAA,W7,27,vibration_x,ColoredNoiseRamp,8,2,1.03080654162202,1.03080654162202,1.03080654162202,1.0337096180421,0,0,NaN,NaN,0,0,0,0,0
NUAA,W7,27,vibration_x,IntermittentRecordDropout,8,2,1.04194312658639,1.03395261155206,1.0337096180421,1.0337096180421,1,1,0,0,0,0,1,0,0
NUAA,W7,27,vibration_y,LinearBiasDrift,8,2,1.04194548103902,1.04194548103902,1.04194548103902,1.01753915629828,0,0,NaN,NaN,0,0,0,0,0
NUAA,W7,27,vibration_y,GainDrift,8,2,1.03694683748801,1.03694683748801,1.03694683748801,1.01753915629828,0,0,NaN,NaN,0,0,0,0,0
NUAA,W7,27,vibration_y,ColoredNoiseRamp,8,2,1.03693475478508,1.03693475478508,1.03693475478508,1.01753915629828,0,0,NaN,NaN,0,0,0,0,0
NUAA,W7,27,vibration_y,IntermittentRecordDropout,8,2,1.03655387911061,1.0253627897281,1.08844071193062,1.01753915629828,1,1,2,2,0,0,1,0,0
NUAA,W7,28,force_z,LinearBiasDrift,8,3,1.04211845528478,1.04211845528478,1.04211845528478,1.11906782125382,0,0,NaN,NaN,0,0,0,0,0
NUAA,W7,28,force_z,GainDrift,8,2,0.655298290393882,1.04675384737646,1.07958345107699,1.04675384737646,1,1,0,1,0,0,1,0,0
NUAA,W7,28,force_z,ColoredNoiseRamp,8,3,1.38399826446347,1.15261725466296,1.19700902069273,1.11906782125382,1,1,3,4,0,0,1,0,0
NUAA,W7,28,force_z,IntermittentRecordDropout,8,3,1.06944243581087,1.13773697936827,1.14448326657387,1.11906782125382,1,1,4,4,0,0,1,0,0
NUAA,W7,28,vibration_x,LinearBiasDrift,8,4,1.23822582496241,1.23822582496241,1.23822582496241,1.21943235684502,0,0,NaN,NaN,0,0,0,0,0
NUAA,W7,28,vibration_x,GainDrift,8,2,1.04645552312286,1.04645552312286,1.04645552312286,1.0337096180421,0,0,NaN,NaN,0,0,0,0,0
NUAA,W7,28,vibration_x,ColoredNoiseRamp,8,2,1.03433401960217,1.03433401960217,1.03433401960217,1.0337096180421,0,0,NaN,NaN,0,0,0,0,0
NUAA,W7,28,vibration_x,IntermittentRecordDropout,8,3,1.10622884935649,1.09431467186648,1.09252522605003,1.0930920477617,1,1,2,2,0,0,1,0,0
NUAA,W7,28,vibration_y,LinearBiasDrift,8,3,1.11534151013939,1.12944328480216,1.11811266427947,1.11971618910279,1,1,4,5,0,0,1,0,0
NUAA,W7,28,vibration_y,GainDrift,8,3,1.09614981395437,1.09614981395437,1.09614981395437,1.11971618910279,0,0,NaN,NaN,0,0,0,0,0
NUAA,W7,28,vibration_y,ColoredNoiseRamp,8,2,1.03713326364815,1.03713326364815,1.03713326364815,1.01753915629828,0,0,NaN,NaN,0,0,0,0,0
NUAA,W7,28,vibration_y,IntermittentRecordDropout,8,2,1.03686169424161,1.07759490118792,1.1143648560238,1.01753915629828,1,1,3,3,0,0,1,0,0
NUAA,W7,29,force_z,LinearBiasDrift,8,3,1.2054058100937,1.2054058100937,1.2054058100937,1.11906782125382,0,0,NaN,NaN,0,0,0,0,0
NUAA,W7,29,force_z,GainDrift,8,2,1.38969950211461,1.03304502284913,0.991606367632727,1.04675384737646,1,1,1,2,0,0,1,0,0
NUAA,W7,29,force_z,ColoredNoiseRamp,8,2,1.31493036507694,1.0425437095069,1.0425437095069,1.04675384737646,1,1,3,3,0,0,1,0,0
NUAA,W7,29,force_z,IntermittentRecordDropout,8,3,0.99327851235142,1.1361506837054,1.1361506837054,1.11906782125382,1,1,3,3,0,0,1,0,0
NUAA,W7,29,vibration_x,LinearBiasDrift,8,3,1.11200231300211,1.11200231300211,1.11200231300211,1.0930920477617,0,0,NaN,NaN,0,0,0,0,0
NUAA,W7,29,vibration_x,GainDrift,8,2,1.04263514071514,1.04263514071514,1.04263514071514,1.0337096180421,0,0,NaN,NaN,0,0,0,0,0
NUAA,W7,29,vibration_x,ColoredNoiseRamp,8,2,1.03525015428953,1.03525015428953,1.03525015428953,1.0337096180421,0,0,NaN,NaN,0,0,0,0,0
NUAA,W7,29,vibration_x,IntermittentRecordDropout,8,2,1.0434339005236,1.03350065515635,1.0337096180421,1.0337096180421,1,1,0,0,0,0,1,0,0
NUAA,W7,29,vibration_y,LinearBiasDrift,8,2,1.03261053741542,1.03261053741542,1.03261053741542,1.01753915629828,0,0,NaN,NaN,0,0,0,0,0
NUAA,W7,29,vibration_y,GainDrift,8,2,1.03626166489009,1.03626166489009,1.03626166489009,1.01753915629828,0,0,NaN,NaN,0,0,0,0,0
NUAA,W7,29,vibration_y,ColoredNoiseRamp,8,3,1.0974228598232,1.0974228598232,1.0974228598232,1.11971618910279,0,0,NaN,NaN,0,0,0,0,0
NUAA,W7,29,vibration_y,IntermittentRecordDropout,8,3,1.09665188432634,1.11423717984896,1.12452984786022,1.11971618910279,1,1,4,4,0,0,1,0,0
NUAA,W7,30,force_z,LinearBiasDrift,8,2,1.08874419713053,1.08874419713053,1.08874419713053,1.04675384737646,0,0,NaN,NaN,0,0,0,0,0
NUAA,W7,30,force_z,GainDrift,8,2,0.66166106237827,1.04675384737646,1.07918024721158,1.04675384737646,1,1,0,1,0,0,1,0,0
NUAA,W7,30,force_z,ColoredNoiseRamp,8,2,1.36252723800325,1.03846362995814,1.03270626489407,1.04675384737646,1,1,2,3,0,0,1,0,0
NUAA,W7,30,force_z,IntermittentRecordDropout,8,3,1.08889863587302,1.12471542907755,1.1571430084655,1.11906782125382,1,1,2,2,0,0,2,0,0
NUAA,W7,30,vibration_x,LinearBiasDrift,8,2,1.05276009936588,1.05276009936588,1.05276009936588,1.0337096180421,0,0,NaN,NaN,0,0,0,0,0
NUAA,W7,30,vibration_x,GainDrift,8,3,1.10431076928546,1.10431076928546,1.10431076928546,1.0930920477617,0,0,NaN,NaN,0,0,0,0,0
NUAA,W7,30,vibration_x,ColoredNoiseRamp,8,3,1.08968047151643,1.08968047151643,1.08968047151643,1.0930920477617,0,0,NaN,NaN,0,0,0,0,0
NUAA,W7,30,vibration_x,IntermittentRecordDropout,8,3,1.10103358021149,1.0953562687702,1.0930920477617,1.0930920477617,1,1,0,0,0,0,1,0,0
NUAA,W7,30,vibration_y,LinearBiasDrift,8,3,1.11335731319195,1.12887240279398,1.11693518461837,1.11971618910279,1,1,4,5,0,0,1,0,0
NUAA,W7,30,vibration_y,GainDrift,8,2,1.03624832244144,1.03624832244144,1.03624832244144,1.01753915629828,0,0,NaN,NaN,0,0,0,0,0
NUAA,W7,30,vibration_y,ColoredNoiseRamp,8,3,1.096951628609,1.096951628609,1.096951628609,1.11971618910279,0,0,NaN,NaN,0,0,0,0,0
NUAA,W7,30,vibration_y,IntermittentRecordDropout,8,2,1.03650120462965,0.992905305264895,1.05598322746742,1.01753915629828,1,1,1,1,0,0,1,0,0
NUAA,W8,0,None,Clean,31,Inf,1,1,1,1,0,0,NaN,NaN,0,0.838709677419355,1,0,0.838709677419355
NUAA,W8,1,force_z,LinearBiasDrift,31,11,1.19545147340902,1.19545147340902,1.31463901362221,1.31463901362221,0,1,NaN,0,0,0.5,1,0,0.5
NUAA,W8,1,force_z,GainDrift,31,7,0.627884290302476,1.28078309801893,1.29387597476501,1.29387597476501,1,1,0,0,0,0.166666666666667,1,0,0.166666666666667
NUAA,W8,1,force_z,ColoredNoiseRamp,31,12,1.4489309232848,1.35302847330677,1.30743200662644,1.30743200662644,1,1,15,0,0,0.545454545454545,1,0,0.545454545454545
NUAA,W8,1,force_z,IntermittentRecordDropout,31,12,1.21026261421265,1.22550893843779,1.30743200662644,1.30743200662644,1,1,3,0,0,0.545454545454545,1,0,0.545454545454545
NUAA,W8,1,vibration_x,LinearBiasDrift,31,12,1.09818480735042,1.09818480735042,1.25260558241708,1.14634486457018,0,0,NaN,NaN,0,0.545454545454545,1,0,0.545454545454545
NUAA,W8,1,vibration_x,GainDrift,31,7,1.1022617675876,1.1022617675876,1.22571371782433,1.13017845685381,0,0,NaN,NaN,0,0.166666666666667,1,0,0.166666666666667
NUAA,W8,1,vibration_x,ColoredNoiseRamp,31,9,1.20187846521619,1.20187846521619,1.35245098593684,1.1745073865936,0,0,NaN,NaN,0,0.375,1,0,0.375
NUAA,W8,1,vibration_x,IntermittentRecordDropout,31,9,1.18644853943661,1.18189515225017,1.1745073865936,1.1745073865936,1,1,0,0,0,0.375,2,0,0.375
NUAA,W8,1,vibration_y,LinearBiasDrift,31,13,1.43372086843741,1.38776669175988,1.71751911497915,1.16194137999422,1,0,15,NaN,0,0.583333333333333,1,0,0.583333333333333
NUAA,W8,1,vibration_y,GainDrift,31,12,1.11720986192767,1.11720986192767,1.27807488427636,1.1667877504197,0,0,NaN,NaN,0,0.545454545454545,1,0,0.545454545454545
NUAA,W8,1,vibration_y,ColoredNoiseRamp,31,6,1.05388886643183,1.05388886643183,1.17918337653233,1.11043624271241,0,0,NaN,NaN,0,0,1,0,0
NUAA,W8,1,vibration_y,IntermittentRecordDropout,31,10,1.13831690417386,1.17691392116097,1.17437802004195,1.17249332070866,1,1,1,1,0,0.444444444444444,2,0,0.444444444444444
NUAA,W8,2,force_z,LinearBiasDrift,31,10,1.23105488265121,1.23105488265121,1.31236739881996,1.31236739881996,0,1,NaN,0,0,0.444444444444444,1,0,0.444444444444444
NUAA,W8,2,force_z,GainDrift,31,6,0.593836338452207,1.2732189355922,1.28858973420472,1.28858973420472,1,1,0,0,0,0,1,0,0
NUAA,W8,2,force_z,ColoredNoiseRamp,31,8,1.41670035777772,1.29530606166784,1.30624601630259,1.30624601630259,1,1,16,0,0,0.285714285714286,1,0,0.285714285714286
NUAA,W8,2,force_z,IntermittentRecordDropout,31,8,1.16831088146221,1.20879535827257,1.30624601630259,1.30624601630259,1,1,9,0,0,0.285714285714286,1,0,0.285714285714286
NUAA,W8,2,vibration_x,LinearBiasDrift,31,8,1.13872836891196,1.13872836891196,1.28823215307962,1.14899631398099,0,0,NaN,NaN,0,0.285714285714286,1,0,0.285714285714286
NUAA,W8,2,vibration_x,GainDrift,31,9,1.16678399539118,1.16678399539118,1.29421973562526,1.1745073865936,0,0,NaN,NaN,0,0.375,1,0,0.375
NUAA,W8,2,vibration_x,ColoredNoiseRamp,31,13,1.19980614343312,1.19980614343312,1.37226809827644,1.14345506875789,0,0,NaN,NaN,0,0.583333333333333,1,0,0.583333333333333
NUAA,W8,2,vibration_x,IntermittentRecordDropout,31,8,1.15888020832553,1.1563370394177,1.16453972242412,1.14899631398099,1,1,3,3,0,0.285714285714286,2,0,0.285714285714286
NUAA,W8,2,vibration_y,LinearBiasDrift,31,8,0.709848480797587,1.01291939934382,0.757281071776068,1.14904147519494,1,1,12,19,0,0.285714285714286,2,0,0.285714285714286
NUAA,W8,2,vibration_y,GainDrift,31,12,1.19386766341649,1.19386766341649,1.32727076596453,1.1667877504197,0,0,NaN,NaN,0,0.545454545454545,1,0,0.545454545454545
NUAA,W8,2,vibration_y,ColoredNoiseRamp,31,10,1.08933560526183,1.08933560526183,1.20262182985756,1.17249332070866,0,0,NaN,NaN,0,0.444444444444444,1,0,0.444444444444444
NUAA,W8,2,vibration_y,IntermittentRecordDropout,31,10,1.13949287389335,1.18734248318928,1.17437802004195,1.17249332070866,1,1,1,1,0,0.444444444444444,2,0,0.444444444444444
NUAA,W8,3,force_z,LinearBiasDrift,31,7,1.13652971491138,1.13652971491138,1.29387597476501,1.29387597476501,0,1,NaN,0,0,0.166666666666667,1,0,0.166666666666667
NUAA,W8,3,force_z,GainDrift,31,8,1.86044686955333,1.36816773283571,1.30624601630259,1.30624601630259,1,1,9,0,0,0.285714285714286,1,0,0.285714285714286
NUAA,W8,3,force_z,ColoredNoiseRamp,31,9,1.79214968386925,1.35191429543944,1.32911147174178,1.32911147174178,1,1,11,0,0,0.375,1,0,0.375
NUAA,W8,3,force_z,IntermittentRecordDropout,31,8,1.15868995986928,1.22317847380438,1.30624601630259,1.30624601630259,1,1,5,0,0,0.285714285714286,1,0,0.285714285714286
NUAA,W8,3,vibration_x,LinearBiasDrift,31,11,1.18924865870647,1.18924865870647,1.32831906718504,1.15268896347539,0,0,NaN,NaN,0,0.5,1,0,0.5
NUAA,W8,3,vibration_x,GainDrift,31,12,1.18264185158551,1.18264185158551,1.34258179855671,1.14634486457018,0,0,NaN,NaN,0,0.545454545454545,1,0,0.545454545454545
NUAA,W8,3,vibration_x,ColoredNoiseRamp,31,10,1.20017625047058,1.20017625047058,1.35319495858698,1.16133498484488,0,0,NaN,NaN,0,0.444444444444444,1,0,0.444444444444444
NUAA,W8,3,vibration_x,IntermittentRecordDropout,31,9,1.18846925370372,1.1794268830678,1.18903569604068,1.1745073865936,1,1,3,3,0,0.375,2,0,0.375
NUAA,W8,3,vibration_y,LinearBiasDrift,31,12,0.723381882821642,1.0042488635913,0.754438408591707,1.1667877504197,1,1,10,17,0,0.545454545454545,2,0,0.545454545454545
NUAA,W8,3,vibration_y,GainDrift,31,10,1.23513826688792,1.23513826688792,1.3514766133747,1.17249332070866,0,0,NaN,NaN,0,0.444444444444444,1,0,0.444444444444444
NUAA,W8,3,vibration_y,ColoredNoiseRamp,31,13,1.12780496631423,1.12780496631423,1.26958678340118,1.16194137999422,0,0,NaN,NaN,0,0.583333333333333,1,0,0.583333333333333
NUAA,W8,3,vibration_y,IntermittentRecordDropout,31,9,1.15552032125026,1.19722715979083,1.2329913876462,1.17557295943429,1,1,8,8,0,0.375,2,0,0.375
NUAA,W8,4,force_z,LinearBiasDrift,31,6,1.15580726842745,1.15580726842745,1.28858973420472,1.28858973420472,0,1,NaN,0,0,0,1,0,0
NUAA,W8,4,force_z,GainDrift,31,14,0.665620550959129,1.26043493809345,1.28356621752676,1.28356621752676,1,1,0,0,0,0.615384615384615,1,0,0.615384615384615
NUAA,W8,4,force_z,ColoredNoiseRamp,31,9,1.34842514799164,1.31816738408586,1.32911147174178,1.32911147174178,1,1,20,0,0,0.375,1,0,0.375
NUAA,W8,4,force_z,IntermittentRecordDropout,31,8,1.18059260451781,1.22412156910787,1.30624601630259,1.30624601630259,1,1,9,0,0,0.285714285714286,1,0,0.285714285714286
NUAA,W8,4,vibration_x,LinearBiasDrift,31,6,1.10363186044299,1.10363186044299,1.25922203062134,1.12928578117425,0,0,NaN,NaN,0,0,1,0,0
NUAA,W8,4,vibration_x,GainDrift,31,6,1.10210729807289,1.10210729807289,1.22408684751295,1.12928578117425,0,0,NaN,NaN,0,0,1,0,0
NUAA,W8,4,vibration_x,ColoredNoiseRamp,31,8,1.17271582838687,1.17271582838687,1.32691394409594,1.14899631398099,0,0,NaN,NaN,0,0.285714285714286,1,0,0.285714285714286
NUAA,W8,4,vibration_x,IntermittentRecordDropout,31,11,1.16601963495724,1.16172868693878,1.15268896347539,1.15268896347539,1,1,0,0,0,0.5,2,0,0.5
NUAA,W8,4,vibration_y,LinearBiasDrift,31,8,0.72039602490384,1.02158279284639,0.752745926004741,1.14904147519494,1,1,12,20,0,0.285714285714286,2,0,0.285714285714286
NUAA,W8,4,vibration_y,GainDrift,31,13,1.21421660639166,1.21421660639166,1.34362872815717,1.16194137999422,0,0,NaN,NaN,0,0.583333333333333,1,0,0.583333333333333
NUAA,W8,4,vibration_y,ColoredNoiseRamp,31,11,1.14480784990924,1.14480784990924,1.28495023506704,1.17007871204525,0,0,NaN,NaN,0,0.5,1,0,0.5
NUAA,W8,4,vibration_y,IntermittentRecordDropout,31,12,1.13030382922464,1.16800954979741,1.18466070742317,1.1667877504197,1,1,2,2,0,0.545454545454545,2,0,0.545454545454545
NUAA,W8,5,force_z,LinearBiasDrift,31,11,1.19203719509724,1.19203719509724,1.31463901362221,1.31463901362221,0,1,NaN,0,0,0.5,1,0,0.5
NUAA,W8,5,force_z,GainDrift,31,10,1.99225912081763,1.37799460176352,1.31236739881996,1.31236739881996,1,1,7,0,0,0.444444444444444,1,0,0.444444444444444
NUAA,W8,5,force_z,ColoredNoiseRamp,31,10,2.18226872556844,1.34185961440649,1.31236739881996,1.31236739881996,1,1,7,0,0,0.444444444444444,1,0,0.444444444444444
NUAA,W8,5,force_z,IntermittentRecordDropout,31,12,1.21440767903515,1.23957810343701,1.30743200662644,1.30743200662644,1,1,4,0,0,0.545454545454545,1,0,0.545454545454545
NUAA,W8,5,vibration_x,LinearBiasDrift,31,7,1.08063823164934,1.08063823164934,1.24307398059771,1.13017845685381,0,0,NaN,NaN,0,0.166666666666667,1,0,0.166666666666667
NUAA,W8,5,vibration_x,GainDrift,31,10,1.15180069032254,1.15180069032254,1.27101409301219,1.16133498484488,0,0,NaN,NaN,0,0.444444444444444,1,0,0.444444444444444
NUAA,W8,5,vibration_x,ColoredNoiseRamp,31,8,1.18578895190764,1.18578895190764,1.34771091081042,1.14899631398099,0,0,NaN,NaN,0,0.285714285714286,1,0,0.285714285714286
NUAA,W8,5,vibration_x,IntermittentRecordDropout,31,7,1.14261414635645,1.13034690175789,1.13017845685381,1.13017845685381,1,1,0,0,0,0.166666666666667,2,0,0.166666666666667
NUAA,W8,5,vibration_y,LinearBiasDrift,31,11,0.839760558300747,0.971756211610511,0.856903062663398,1.17007871204525,1,0,17,NaN,0,0.5,1,0,0.5
NUAA,W8,5,vibration_y,GainDrift,31,14,1.08279730695285,1.08279730695285,1.24685317504536,1.14715366285646,0,0,NaN,NaN,0,0.615384615384615,1,0,0.615384615384615
NUAA,W8,5,vibration_y,ColoredNoiseRamp,31,8,1.11377296638341,1.11377296638341,1.24987171286103,1.14904147519494,0,0,NaN,NaN,0,0.285714285714286,1,0,0.285714285714286
NUAA,W8,5,vibration_y,IntermittentRecordDropout,31,13,1.14082611256919,1.16119120206952,1.24020007420491,1.16194137999422,1,1,7,7,0,0.583333333333333,2,0,0.583333333333333
NUAA,W8,6,force_z,LinearBiasDrift,31,12,1.18683959385102,1.18683959385102,1.30743200662644,1.30743200662644,0,1,NaN,0,0,0.545454545454545,1,0,0.545454545454545
NUAA,W8,6,force_z,GainDrift,31,12,1.66160242608837,1.40212593328841,1.30743200662644,1.30743200662644,1,1,5,0,0,0.545454545454545,1,0,0.545454545454545
NUAA,W8,6,force_z,ColoredNoiseRamp,31,10,1.30655056791989,1.28951467128118,1.31236739881996,1.31236739881996,1,1,20,0,0,0.444444444444444,1,0,0.444444444444444
NUAA,W8,6,force_z,IntermittentRecordDropout,31,8,1.18719553293941,1.21421860246848,1.30624601630259,1.30624601630259,1,1,7,0,0,0.285714285714286,1,0,0.285714285714286
NUAA,W8,6,vibration_x,LinearBiasDrift,31,14,1.16759501885981,1.16759501885981,1.29823784200601,1.12431316452408,0,0,NaN,NaN,0,0.615384615384615,1,0,0.615384615384615
NUAA,W8,6,vibration_x,GainDrift,31,13,1.19608576293295,1.19608576293295,1.37362197375128,1.14345506875789,0,0,NaN,NaN,0,0.583333333333333,1,0,0.583333333333333
NUAA,W8,6,vibration_x,ColoredNoiseRamp,31,9,1.22282214352771,1.22282214352771,1.3853658004391,1.1745073865936,0,0,NaN,NaN,0,0.375,1,0,0.375
NUAA,W8,6,vibration_x,IntermittentRecordDropout,31,8,1.15921730496119,1.15399778901344,1.14899631398099,1.14899631398099,1,1,0,0,0,0.285714285714286,2,0,0.285714285714286
NUAA,W8,6,vibration_y,LinearBiasDrift,31,9,0.80488503818484,0.982555877485521,0.817298896481843,1.17557295943429,1,1,16,22,0,0.375,2,0,0.375
NUAA,W8,6,vibration_y,GainDrift,31,13,1.11324558038416,1.11324558038416,1.27928341384852,1.16194137999422,0,0,NaN,NaN,0,0.583333333333333,1,0,0.583333333333333
NUAA,W8,6,vibration_y,ColoredNoiseRamp,31,12,1.1002845346335,1.1002845346335,1.22981481679723,1.1667877504197,0,0,NaN,NaN,0,0.545454545454545,1,0,0.545454545454545
NUAA,W8,6,vibration_y,IntermittentRecordDropout,31,8,1.1240182628553,1.13663473377459,1.15910494200791,1.14904147519494,1,1,1,1,0,0.285714285714286,2,0,0.285714285714286
NUAA,W8,7,force_z,LinearBiasDrift,31,10,1.18569893205429,1.18569893205429,1.31236739881996,1.31236739881996,0,1,NaN,0,0,0.444444444444444,1,0,0.444444444444444
NUAA,W8,7,force_z,GainDrift,31,7,1.59607398434363,1.39107280713093,1.29387597476501,1.29387597476501,1,1,10,0,0,0.166666666666667,1,0,0.166666666666667
NUAA,W8,7,force_z,ColoredNoiseRamp,31,7,1.38696790436923,1.30013538033578,1.29387597476501,1.29387597476501,1,1,19,0,0,0.166666666666667,1,0,0.166666666666667
NUAA,W8,7,force_z,IntermittentRecordDropout,31,8,1.21838795734196,1.2266619548413,1.30624601630259,1.30624601630259,1,1,2,0,0,0.285714285714286,1,0,0.285714285714286
NUAA,W8,7,vibration_x,LinearBiasDrift,31,7,1.10422076894232,1.10422076894232,1.26314287656996,1.13017845685381,0,0,NaN,NaN,0,0.166666666666667,1,0,0.166666666666667
NUAA,W8,7,vibration_x,GainDrift,31,12,1.1275817461813,1.1275817461813,1.24427702953682,1.14634486457018,0,0,NaN,NaN,0,0.545454545454545,1,0,0.545454545454545
NUAA,W8,7,vibration_x,ColoredNoiseRamp,31,12,1.18406582121263,1.18406582121263,1.34222511845452,1.14634486457018,0,0,NaN,NaN,0,0.545454545454545,1,0,0.545454545454545
NUAA,W8,7,vibration_x,IntermittentRecordDropout,31,7,1.13813413280241,1.13454946358229,1.18243463854138,1.13017845685381,1,1,9,9,0,0.166666666666667,2,0,0.166666666666667
NUAA,W8,7,vibration_y,LinearBiasDrift,31,10,0.762309093249111,1.01711857398197,0.743610964911367,1.17249332070866,1,1,12,20,0,0.444444444444444,2,0,0.444444444444444
NUAA,W8,7,vibration_y,GainDrift,31,9,1.23623058792415,1.23623058792415,1.36178390232934,1.17557295943429,0,0,NaN,NaN,0,0.375,1,0,0.375
NUAA,W8,7,vibration_y,ColoredNoiseRamp,31,12,0.93273617856579,1.04008876230989,1.03011842872572,1.1667877504197,1,0,16,NaN,0,0.545454545454545,1,0,0.545454545454545
NUAA,W8,7,vibration_y,IntermittentRecordDropout,31,10,1.14487918541647,1.18966872880453,1.18533272363242,1.17249332070866,1,1,3,3,0,0.444444444444444,2,0,0.444444444444444
NUAA,W8,8,force_z,LinearBiasDrift,31,9,1.17938264545743,1.17938264545743,1.32911147174178,1.32911147174178,0,1,NaN,0,0,0.375,1,0,0.375
NUAA,W8,8,force_z,GainDrift,31,8,1.65247034668869,1.39191971253903,1.30624601630259,1.30624601630259,1,1,9,0,0,0.285714285714286,1,0,0.285714285714286
NUAA,W8,8,force_z,ColoredNoiseRamp,31,9,2.00610161177655,1.37289048191199,1.32911147174178,1.32911147174178,1,1,11,0,0,0.375,1,0,0.375
NUAA,W8,8,force_z,IntermittentRecordDropout,31,12,1.16769252593119,1.18511956500952,1.30743200662644,1.30743200662644,1,1,14,0,0,0.545454545454545,1,0,0.545454545454545
NUAA,W8,8,vibration_x,LinearBiasDrift,31,14,1.16681106215434,1.16681106215434,1.29824789659553,1.12431316452408,0,0,NaN,NaN,0,0.615384615384615,1,0,0.615384615384615
NUAA,W8,8,vibration_x,GainDrift,31,13,1.13442451363815,1.13442451363815,1.26346986686392,1.14345506875789,0,0,NaN,NaN,0,0.583333333333333,1,0,0.583333333333333
NUAA,W8,8,vibration_x,ColoredNoiseRamp,31,11,1.22134017724974,1.22134017724974,1.39631071948539,1.15268896347539,0,0,NaN,NaN,0,0.5,1,0,0.5
NUAA,W8,8,vibration_x,IntermittentRecordDropout,31,7,1.14019742257085,1.13355943588457,1.15164021642869,1.13017845685381,1,1,2,2,0,0.166666666666667,2,0,0.166666666666667
NUAA,W8,8,vibration_y,LinearBiasDrift,31,8,1.48435290239322,1.38379999301581,1.78983732722368,1.14904147519494,1,0,19,NaN,0,0.285714285714286,1,0,0.285714285714286
NUAA,W8,8,vibration_y,GainDrift,31,13,1.12101315418975,1.12101315418975,1.28423341780212,1.16194137999422,0,0,NaN,NaN,0,0.583333333333333,1,0,0.583333333333333
NUAA,W8,8,vibration_y,ColoredNoiseRamp,31,8,0.94971536680756,1.0022834018694,1.02908411286296,1.14904147519494,1,0,20,NaN,0,0.285714285714286,1,0,0.285714285714286
NUAA,W8,8,vibration_y,IntermittentRecordDropout,31,8,1.12716427894029,1.16431798350403,1.18904246946364,1.14904147519494,1,1,4,4,0,0.285714285714286,2,0,0.285714285714286
NUAA,W8,9,force_z,LinearBiasDrift,31,8,1.15317350415616,1.15317350415616,1.30624601630259,1.30624601630259,0,1,NaN,0,0,0.285714285714286,1,0,0.285714285714286
NUAA,W8,9,force_z,GainDrift,31,9,2.07357859454116,1.4095917232854,1.32911147174178,1.32911147174178,1,1,8,0,0,0.375,1,0,0.375
NUAA,W8,9,force_z,ColoredNoiseRamp,31,7,2.16053915376413,1.28746897248474,1.29387597476501,1.29387597476501,1,1,8,0,0,0.166666666666667,1,0,0.166666666666667
NUAA,W8,9,force_z,IntermittentRecordDropout,31,13,1.20894720894287,1.24008441107479,1.30903416179032,1.30903416179032,1,1,3,0,0,0.583333333333333,1,0,0.583333333333333
NUAA,W8,9,vibration_x,LinearBiasDrift,31,10,1.10300960765392,1.10300960765392,1.25136394751783,1.16133498484488,0,0,NaN,NaN,0,0.444444444444444,1,0,0.444444444444444
NUAA,W8,9,vibration_x,GainDrift,31,9,1.20752260905563,1.20752260905563,1.36679361632177,1.1745073865936,0,0,NaN,NaN,0,0.375,1,0,0.375
NUAA,W8,9,vibration_x,ColoredNoiseRamp,31,11,1.18317100090328,1.18317100090328,1.3374977242663,1.15268896347539,0,0,NaN,NaN,0,0.5,1,0,0.5
NUAA,W8,9,vibration_x,IntermittentRecordDropout,31,9,1.18458537079543,1.17775230365992,1.18464568446127,1.1745073865936,1,1,1,1,0,0.375,2,0,0.375
NUAA,W8,9,vibration_y,LinearBiasDrift,31,11,0.725795757181769,1.02730448173801,0.750726303357992,1.17007871204525,1,1,10,18,0,0.5,2,0,0.5
NUAA,W8,9,vibration_y,GainDrift,31,14,1.19729424792518,1.19729424792518,1.31949189611154,1.14715366285646,0,0,NaN,NaN,0,0.615384615384615,1,0,0.615384615384615
NUAA,W8,9,vibration_y,ColoredNoiseRamp,31,9,1.00040683549194,1.0505981752664,1.0908988763708,1.17557295943429,1,0,19,NaN,0,0.375,1,0,0.375
NUAA,W8,9,vibration_y,IntermittentRecordDropout,31,12,1.14633677265893,1.16717035640744,1.18466070742317,1.1667877504197,1,1,2,2,0,0.545454545454545,2,0,0.545454545454545
NUAA,W8,10,force_z,LinearBiasDrift,31,13,1.15257748487655,1.15257748487655,1.30903416179032,1.30903416179032,0,1,NaN,0,0,0.583333333333333,1,0,0.583333333333333
NUAA,W8,10,force_z,GainDrift,31,9,2.19243624272192,1.39594814090626,1.32911147174178,1.32911147174178,1,1,7,0,0,0.375,1,0,0.375
NUAA,W8,10,force_z,ColoredNoiseRamp,31,6,1.55153993179767,1.27089072239163,1.28890183826003,1.28858973420472,1,1,14,0,0,0,3,0,0
NUAA,W8,10,force_z,IntermittentRecordDropout,31,13,1.18651678783798,1.199727765788,1.30903416179032,1.30903416179032,1,1,3,0,0,0.583333333333333,1,0,0.583333333333333
NUAA,W8,10,vibration_x,LinearBiasDrift,31,9,1.16471722977745,1.16471722977745,1.31088493292267,1.1745073865936,0,0,NaN,NaN,0,0.375,1,0,0.375
NUAA,W8,10,vibration_x,GainDrift,31,9,1.15426603389474,1.15426603389474,1.27191958933925,1.1745073865936,0,0,NaN,NaN,0,0.375,1,0,0.375
NUAA,W8,10,vibration_x,ColoredNoiseRamp,31,13,1.2245359085059,1.2245359085059,1.40970558742971,1.14345506875789,0,0,NaN,NaN,0,0.583333333333333,1,0,0.583333333333333
NUAA,W8,10,vibration_x,IntermittentRecordDropout,31,8,1.15936561018673,1.15069145082987,1.14899631398099,1.14899631398099,1,1,0,0,0,0.285714285714286,2,0,0.285714285714286
NUAA,W8,10,vibration_y,LinearBiasDrift,31,7,1.46838412186679,1.3699152139118,1.78287756765395,1.12390884589826,1,0,20,NaN,0,0.166666666666667,1,0,0.166666666666667
NUAA,W8,10,vibration_y,GainDrift,31,11,1.12925219617101,1.12925219617101,1.28896430634228,1.17007871204525,0,0,NaN,NaN,0,0.5,1,0,0.5
NUAA,W8,10,vibration_y,ColoredNoiseRamp,31,11,1.07909041870901,1.07909041870901,1.20034523071542,1.17007871204525,0,0,NaN,NaN,0,0.5,1,0,0.5
NUAA,W8,10,vibration_y,IntermittentRecordDropout,31,10,1.14302150381785,1.17865700397632,1.17249332070866,1.17249332070866,1,1,0,0,0,0.444444444444444,2,0,0.444444444444444
NUAA,W8,11,force_z,LinearBiasDrift,31,8,1.15353923583049,1.15353923583049,1.30624601630259,1.30624601630259,0,1,NaN,0,0,0.285714285714286,1,0,0.285714285714286
NUAA,W8,11,force_z,GainDrift,31,13,2.16143089612755,1.35804327117874,1.30903416179032,1.30903416179032,1,1,4,0,0,0.583333333333333,1,0,0.583333333333333
NUAA,W8,11,force_z,ColoredNoiseRamp,31,12,2.232761961223,1.32704200636191,1.30743200662644,1.30743200662644,1,1,7,0,0,0.545454545454545,1,0,0.545454545454545
NUAA,W8,11,force_z,IntermittentRecordDropout,31,14,1.18880678143543,1.21429866532491,1.28356621752676,1.28356621752676,1,1,7,0,0,0.615384615384615,1,0,0.615384615384615
NUAA,W8,11,vibration_x,LinearBiasDrift,31,13,1.1212131625619,1.1212131625619,1.27627595371087,1.14345506875789,0,0,NaN,NaN,0,0.583333333333333,1,0,0.583333333333333
NUAA,W8,11,vibration_x,GainDrift,31,10,1.14958658074995,1.14958658074995,1.26706660216633,1.16133498484488,0,0,NaN,NaN,0,0.444444444444444,1,0,0.444444444444444
NUAA,W8,11,vibration_x,ColoredNoiseRamp,31,9,1.21848026521443,1.21848026521443,1.37651378798847,1.1745073865936,0,0,NaN,NaN,0,0.375,1,0,0.375
NUAA,W8,11,vibration_x,IntermittentRecordDropout,31,12,1.16294140887443,1.15451060946842,1.14634486457018,1.14634486457018,1,1,0,0,0,0.545454545454545,2,0,0.545454545454545
NUAA,W8,11,vibration_y,LinearBiasDrift,31,14,1.60413862783512,1.34297576348334,1.84124832785309,1.14715366285646,1,1,10,16,0,0.615384615384615,2,0,0.615384615384615
NUAA,W8,11,vibration_y,GainDrift,31,10,1.22794955134975,1.22794955134975,1.34680199690425,1.17249332070866,0,0,NaN,NaN,0,0.444444444444444,1,0,0.444444444444444
NUAA,W8,11,vibration_y,ColoredNoiseRamp,31,10,1.02622089428607,1.02622089428607,1.12168533709092,1.17249332070866,0,0,NaN,NaN,0,0.444444444444444,1,0,0.444444444444444
NUAA,W8,11,vibration_y,IntermittentRecordDropout,31,12,1.12634636179039,1.18385977906524,1.1667877504197,1.1667877504197,1,1,0,0,0,0.545454545454545,2,0,0.545454545454545
NUAA,W8,12,force_z,LinearBiasDrift,31,13,1.22113485175474,1.22113485175474,1.30903416179032,1.30903416179032,0,1,NaN,0,0,0.583333333333333,1,0,0.583333333333333
NUAA,W8,12,force_z,GainDrift,31,9,0.652474732878249,1.31472563541595,1.32911147174178,1.32911147174178,1,1,1,0,0,0.375,1,0,0.375
NUAA,W8,12,force_z,ColoredNoiseRamp,31,12,1.566202557327,1.29483121788681,1.30743200662644,1.30743200662644,1,1,8,0,0,0.545454545454545,1,0,0.545454545454545
NUAA,W8,12,force_z,IntermittentRecordDropout,31,9,1.20566771646756,1.24631282857728,1.32911147174178,1.32911147174178,1,1,3,0,0,0.375,1,0,0.375
NUAA,W8,12,vibration_x,LinearBiasDrift,31,12,1.17946628086449,1.17946628086449,1.31911962733607,1.14634486457018,0,0,NaN,NaN,0,0.545454545454545,1,0,0.545454545454545
NUAA,W8,12,vibration_x,GainDrift,31,7,1.16391799284077,1.16391799284077,1.33542405987385,1.13017845685381,0,0,NaN,NaN,0,0.166666666666667,1,0,0.166666666666667
NUAA,W8,12,vibration_x,ColoredNoiseRamp,31,10,1.18739023036507,1.18739023036507,1.3313451381072,1.16133498484488,0,0,NaN,NaN,0,0.444444444444444,1,0,0.444444444444444
NUAA,W8,12,vibration_x,IntermittentRecordDropout,31,8,1.16293214476425,1.15591882475174,1.15808376803559,1.14899631398099,1,1,1,1,0,0.285714285714286,2,0,0.285714285714286
NUAA,W8,12,vibration_y,LinearBiasDrift,31,10,1.41610749893839,1.41610749893839,1.67177787128846,1.17249332070866,0,0,NaN,NaN,0,0.444444444444444,1,0,0.444444444444444
NUAA,W8,12,vibration_y,GainDrift,31,12,1.11838831747926,1.11838831747926,1.2788311694654,1.1667877504197,0,0,NaN,NaN,0,0.545454545454545,1,0,0.545454545454545
NUAA,W8,12,vibration_y,ColoredNoiseRamp,31,11,1.00179102293032,1.00179102293032,1.09633242803253,1.17007871204525,0,0,NaN,NaN,0,0.5,1,0,0.5
NUAA,W8,12,vibration_y,IntermittentRecordDropout,31,7,1.1149752030464,1.13541302471509,1.18208546059998,1.12390884589826,1,1,6,6,0,0.166666666666667,2,0,0.166666666666667
NUAA,W8,13,force_z,LinearBiasDrift,31,13,1.19976064232134,1.19976064232134,1.30903416179032,1.30903416179032,0,1,NaN,0,0,0.583333333333333,1,0,0.583333333333333
NUAA,W8,13,force_z,GainDrift,31,9,1.83190081032762,1.39795706771574,1.32911147174178,1.32911147174178,1,1,8,0,0,0.375,1,0,0.375
NUAA,W8,13,force_z,ColoredNoiseRamp,31,12,1.27075807529612,1.26581060980312,1.30743200662644,1.30743200662644,1,1,19,0,0,0.545454545454545,1,0,0.545454545454545
NUAA,W8,13,force_z,IntermittentRecordDropout,31,7,1.17942732687355,1.20571951280992,1.29387597476501,1.29387597476501,1,1,5,0,0,0.166666666666667,1,0,0.166666666666667
NUAA,W8,13,vibration_x,LinearBiasDrift,31,13,1.13298809961972,1.13298809961972,1.28630647287631,1.14345506875789,0,0,NaN,NaN,0,0.583333333333333,1,0,0.583333333333333
NUAA,W8,13,vibration_x,GainDrift,31,11,1.19658927701001,1.19658927701001,1.36389658963095,1.15268896347539,0,0,NaN,NaN,0,0.5,1,0,0.5
NUAA,W8,13,vibration_x,ColoredNoiseRamp,31,8,1.18473483173119,1.18473483173119,1.34440354471517,1.14899631398099,0,0,NaN,NaN,0,0.285714285714286,1,0,0.285714285714286
NUAA,W8,13,vibration_x,IntermittentRecordDropout,31,9,1.17726834972076,1.17626098230057,1.1745073865936,1.1745073865936,1,1,0,0,0,0.375,2,0,0.375
NUAA,W8,13,vibration_y,LinearBiasDrift,31,7,1.3899424315036,1.3899424315036,1.66558967831737,1.12390884589826,0,0,NaN,NaN,0,0.166666666666667,1,0,0.166666666666667
NUAA,W8,13,vibration_y,GainDrift,31,11,1.21552518369262,1.21552518369262,1.34471866368969,1.17007871204525,0,0,NaN,NaN,0,0.5,1,0,0.5
NUAA,W8,13,vibration_y,ColoredNoiseRamp,31,8,0.940713837927288,0.99068690598004,1.0209263654078,1.14904147519494,1,0,20,NaN,0,0.285714285714286,1,0,0.285714285714286
NUAA,W8,13,vibration_y,IntermittentRecordDropout,31,9,1.17011047434484,1.19461027545999,1.25048688678108,1.17557295943429,1,1,10,10,0,0.375,2,0,0.375
NUAA,W8,14,force_z,LinearBiasDrift,31,8,1.20600737048158,1.20600737048158,1.30624601630259,1.30624601630259,0,1,NaN,0,0,0.285714285714286,1,0,0.285714285714286
NUAA,W8,14,force_z,GainDrift,31,14,1.91964850821246,1.31923261333815,1.28356621752676,1.28356621752676,1,1,3,0,0,0.615384615384615,1,0,0.615384615384615
NUAA,W8,14,force_z,ColoredNoiseRamp,31,8,1.87087281227037,1.31703785747292,1.30624601630259,1.30624601630259,1,1,9,0,0,0.285714285714286,1,0,0.285714285714286
NUAA,W8,14,force_z,IntermittentRecordDropout,31,14,1.15198016122184,1.19173928769623,1.28356621752676,1.28356621752676,1,1,2,0,0,0.615384615384615,1,0,0.615384615384615
NUAA,W8,14,vibration_x,LinearBiasDrift,31,8,1.18464805931141,1.18464805931141,1.32172433085241,1.14899631398099,0,0,NaN,NaN,0,0.285714285714286,1,0,0.285714285714286
NUAA,W8,14,vibration_x,GainDrift,31,10,1.13696540197036,1.13696540197036,1.2445645596689,1.16133498484488,0,0,NaN,NaN,0,0.444444444444444,1,0,0.444444444444444
NUAA,W8,14,vibration_x,ColoredNoiseRamp,31,11,1.20452346013014,1.20452346013014,1.36785480244174,1.15268896347539,0,0,NaN,NaN,0,0.5,1,0,0.5
NUAA,W8,14,vibration_x,IntermittentRecordDropout,31,7,1.13578920355738,1.13300086637833,1.18243463854138,1.13017845685381,1,1,9,9,0,0.166666666666667,2,0,0.166666666666667
NUAA,W8,14,vibration_y,LinearBiasDrift,31,13,0.724344926237183,1.01652904442277,0.768336964492658,1.16194137999422,1,1,9,16,0,0.583333333333333,2,0,0.583333333333333
NUAA,W8,14,vibration_y,GainDrift,31,10,1.23086638776422,1.23086638776422,1.34869873234639,1.17249332070866,0,0,NaN,NaN,0,0.444444444444444,1,0,0.444444444444444
NUAA,W8,14,vibration_y,ColoredNoiseRamp,31,6,1.08830071118762,1.08830071118762,1.22552664586942,1.11043624271241,0,0,NaN,NaN,0,0,1,0,0
NUAA,W8,14,vibration_y,IntermittentRecordDropout,31,11,1.14178046428154,1.17233457328083,1.18155506818764,1.17007871204525,1,1,2,2,0,0.5,2,0,0.5
NUAA,W8,15,force_z,LinearBiasDrift,31,9,1.21756277238015,1.21756277238015,1.32911147174178,1.32911147174178,0,1,NaN,0,0,0.375,1,0,0.375
NUAA,W8,15,force_z,GainDrift,31,12,0.74303316948026,1.30743200662644,1.30743200662644,1.30743200662644,1,1,0,0,0,0.545454545454545,1,0,0.545454545454545
NUAA,W8,15,force_z,ColoredNoiseRamp,31,7,1.7502823796934,1.30129398850596,1.29387597476501,1.29387597476501,1,1,10,0,0,0.166666666666667,1,0,0.166666666666667
NUAA,W8,15,force_z,IntermittentRecordDropout,31,12,1.20996948886303,1.21471750395611,1.30743200662644,1.30743200662644,1,1,2,0,0,0.545454545454545,1,0,0.545454545454545
NUAA,W8,15,vibration_x,LinearBiasDrift,31,8,1.08458457722335,1.08458457722335,1.24221425210641,1.14899631398099,0,0,NaN,NaN,0,0.285714285714286,1,0,0.285714285714286
NUAA,W8,15,vibration_x,GainDrift,31,13,1.11884440239772,1.11884440239772,1.23563744215148,1.14345506875789,0,0,NaN,NaN,0,0.583333333333333,1,0,0.583333333333333
NUAA,W8,15,vibration_x,ColoredNoiseRamp,31,7,1.18446441651432,1.18446441651432,1.36138355882621,1.13017845685381,0,0,NaN,NaN,0,0.166666666666667,1,0,0.166666666666667
NUAA,W8,15,vibration_x,IntermittentRecordDropout,31,10,1.17213824605586,1.16739183554817,1.16133498484488,1.16133498484488,1,1,0,0,0,0.444444444444444,2,0,0.444444444444444
NUAA,W8,15,vibration_y,LinearBiasDrift,31,10,0.92468553618031,0.92468553618031,0.949423829809366,1.17249332070866,0,0,NaN,NaN,0,0.444444444444444,1,0,0.444444444444444
NUAA,W8,15,vibration_y,GainDrift,31,13,1.21690770040541,1.21690770040541,1.34534366854152,1.16194137999422,0,0,NaN,NaN,0,0.583333333333333,1,0,0.583333333333333
NUAA,W8,15,vibration_y,ColoredNoiseRamp,31,10,1.06465973753079,1.06465973753079,1.16979848395922,1.17249332070866,0,0,NaN,NaN,0,0.444444444444444,1,0,0.444444444444444
NUAA,W8,15,vibration_y,IntermittentRecordDropout,31,9,1.16406612872774,1.20143744893479,1.27908011195299,1.17557295943429,1,1,12,12,0,0.375,2,0,0.375
NUAA,W8,16,force_z,LinearBiasDrift,31,11,1.16718857163379,1.16718857163379,1.31463901362221,1.31463901362221,0,1,NaN,0,0,0.5,1,0,0.5
NUAA,W8,16,force_z,GainDrift,31,12,2.01838691277727,1.36058872142422,1.30743200662644,1.30743200662644,1,1,5,0,0,0.545454545454545,1,0,0.545454545454545
NUAA,W8,16,force_z,ColoredNoiseRamp,31,13,2.35681038862328,1.33867925476361,1.30903416179032,1.30903416179032,1,1,4,0,0,0.583333333333333,1,0,0.583333333333333
NUAA,W8,16,force_z,IntermittentRecordDropout,31,10,1.23234647633161,1.23285698618733,1.31236739881996,1.31236739881996,1,1,3,0,0,0.444444444444444,1,0,0.444444444444444
NUAA,W8,16,vibration_x,LinearBiasDrift,31,12,1.19003015619121,1.19003015619121,1.32269045757011,1.14634486457018,0,0,NaN,NaN,0,0.545454545454545,1,0,0.545454545454545
NUAA,W8,16,vibration_x,GainDrift,31,13,1.19714376634506,1.19714376634506,1.3755119987876,1.14345506875789,0,0,NaN,NaN,0,0.583333333333333,1,0,0.583333333333333
NUAA,W8,16,vibration_x,ColoredNoiseRamp,31,7,1.1569751831897,1.1569751831897,1.32135141001705,1.13017845685381,0,0,NaN,NaN,0,0.166666666666667,1,0,0.166666666666667
NUAA,W8,16,vibration_x,IntermittentRecordDropout,31,9,1.18392954849657,1.18326317771879,1.1745073865936,1.1745073865936,1,1,0,0,0,0.375,2,0,0.375
NUAA,W8,16,vibration_y,LinearBiasDrift,31,10,0.737877043877487,1.02838726137862,0.756344844513416,1.17249332070866,1,1,11,19,0,0.444444444444444,2,0,0.444444444444444
NUAA,W8,16,vibration_y,GainDrift,31,13,1.13202850760856,1.13202850760856,1.2912531184626,1.16194137999422,0,0,NaN,NaN,0,0.583333333333333,1,0,0.583333333333333
NUAA,W8,16,vibration_y,ColoredNoiseRamp,31,7,1.12074777782964,1.12074777782964,1.2705632587366,1.12390884589826,0,0,NaN,NaN,0,0.166666666666667,1,0,0.166666666666667
NUAA,W8,16,vibration_y,IntermittentRecordDropout,31,8,1.14550212654153,1.16391254687535,1.18904246946364,1.14904147519494,1,1,4,4,0,0.285714285714286,2,0,0.285714285714286
NUAA,W8,17,force_z,LinearBiasDrift,31,10,1.23039298601831,1.23039298601831,1.31236739881996,1.31236739881996,0,1,NaN,0,0,0.444444444444444,1,0,0.444444444444444
NUAA,W8,17,force_z,GainDrift,31,9,0.693036301935351,1.31545292580554,1.32911147174178,1.32911147174178,1,1,1,0,0,0.375,1,0,0.375
NUAA,W8,17,force_z,ColoredNoiseRamp,31,13,2.07202389036202,1.30835129236351,1.30903416179032,1.30903416179032,1,1,7,0,0,0.583333333333333,1,0,0.583333333333333
NUAA,W8,17,force_z,IntermittentRecordDropout,31,13,1.19334483241512,1.19666752446657,1.30903416179032,1.30903416179032,1,1,3,0,0,0.583333333333333,1,0,0.583333333333333
NUAA,W8,17,vibration_x,LinearBiasDrift,31,12,1.18150790267552,1.18150790267552,1.32017231543496,1.14634486457018,0,0,NaN,NaN,0,0.545454545454545,1,0,0.545454545454545
NUAA,W8,17,vibration_x,GainDrift,31,12,1.12286262085707,1.12286262085707,1.23585146402857,1.14634486457018,0,0,NaN,NaN,0,0.545454545454545,1,0,0.545454545454545
NUAA,W8,17,vibration_x,ColoredNoiseRamp,31,8,1.17824590434846,1.17824590434846,1.33390617781388,1.14899631398099,0,0,NaN,NaN,0,0.285714285714286,1,0,0.285714285714286
NUAA,W8,17,vibration_x,IntermittentRecordDropout,31,10,1.17531439344988,1.16839052750745,1.1577787145889,1.16133498484488,1,1,1,1,0,0.444444444444444,2,0,0.444444444444444
NUAA,W8,17,vibration_y,LinearBiasDrift,31,10,0.726674683522848,1.04957264431258,0.745557389264514,1.17249332070866,1,1,10,18,0,0.444444444444444,2,0,0.444444444444444
NUAA,W8,17,vibration_y,GainDrift,31,12,1.22054932874944,1.22054932874944,1.34439398141645,1.1667877504197,0,0,NaN,NaN,0,0.545454545454545,1,0,0.545454545454545
NUAA,W8,17,vibration_y,ColoredNoiseRamp,31,7,1.00178795185042,1.00178795185042,1.11767500956636,1.12390884589826,0,0,NaN,NaN,0,0.166666666666667,1,0,0.166666666666667
NUAA,W8,17,vibration_y,IntermittentRecordDropout,31,7,1.12650313706767,1.15698302234447,1.20544549739708,1.12390884589826,1,1,10,10,0,0.166666666666667,2,0,0.166666666666667
NUAA,W8,18,force_z,LinearBiasDrift,31,13,1.16724921281442,1.16724921281442,1.30903416179032,1.30903416179032,0,1,NaN,0,0,0.583333333333333,1,0,0.583333333333333
NUAA,W8,18,force_z,GainDrift,31,10,2.17921559359858,1.39862221826596,1.31236739881996,1.31236739881996,1,1,7,0,0,0.444444444444444,1,0,0.444444444444444
NUAA,W8,18,force_z,ColoredNoiseRamp,31,12,1.99636526534037,1.30552077881725,1.30743200662644,1.30743200662644,1,1,5,0,0,0.545454545454545,1,0,0.545454545454545
NUAA,W8,18,force_z,IntermittentRecordDropout,31,13,1.18603791275427,1.22455154250522,1.30903416179032,1.30903416179032,1,1,2,0,0,0.583333333333333,1,0,0.583333333333333
NUAA,W8,18,vibration_x,LinearBiasDrift,31,11,1.20078790039838,1.20078790039838,1.33071787752697,1.15268896347539,0,0,NaN,NaN,0,0.5,1,0,0.5
NUAA,W8,18,vibration_x,GainDrift,31,8,1.13445741147407,1.13445741147407,1.26051479453355,1.14899631398099,0,0,NaN,NaN,0,0.285714285714286,1,0,0.285714285714286
NUAA,W8,18,vibration_x,ColoredNoiseRamp,31,7,1.19347532286111,1.19347532286111,1.37772413545134,1.13017845685381,0,0,NaN,NaN,0,0.166666666666667,1,0,0.166666666666667
NUAA,W8,18,vibration_x,IntermittentRecordDropout,31,8,1.15738234819875,1.15243047419703,1.14899631398099,1.14899631398099,1,1,0,0,0,0.285714285714286,2,0,0.285714285714286
NUAA,W8,18,vibration_y,LinearBiasDrift,31,7,0.811975645006528,0.92375027439632,0.830506824386917,1.12390884589826,1,0,21,NaN,0,0.166666666666667,1,0,0.166666666666667
NUAA,W8,18,vibration_y,GainDrift,31,11,1.13379532450644,1.13379532450644,1.29190032615525,1.17007871204525,0,0,NaN,NaN,0,0.5,1,0,0.5
NUAA,W8,18,vibration_y,ColoredNoiseRamp,31,8,1.13242221259287,1.13242221259287,1.27391234100693,1.14904147519494,0,0,NaN,NaN,0,0.285714285714286,1,0,0.285714285714286
NUAA,W8,18,vibration_y,IntermittentRecordDropout,31,12,1.14883000084373,1.16591781203979,1.20563181784216,1.1667877504197,1,1,6,6,0,0.545454545454545,2,0,0.545454545454545
NUAA,W8,19,force_z,LinearBiasDrift,31,12,1.21810370905039,1.21810370905039,1.30743200662644,1.30743200662644,0,1,NaN,0,0,0.545454545454545,1,0,0.545454545454545
NUAA,W8,19,force_z,GainDrift,31,10,0.701155523663169,1.31236739881996,1.31236739881996,1.31236739881996,1,1,0,0,0,0.444444444444444,1,0,0.444444444444444
NUAA,W8,19,force_z,ColoredNoiseRamp,31,9,1.3528591502669,1.3159971730445,1.32911147174178,1.32911147174178,1,1,20,0,0,0.375,1,0,0.375
NUAA,W8,19,force_z,IntermittentRecordDropout,31,11,1.23339666641388,1.22816322727452,1.31463901362221,1.31463901362221,1,1,4,0,0,0.5,1,0,0.5
NUAA,W8,19,vibration_x,LinearBiasDrift,31,11,1.10892612781773,1.10892612781773,1.26375220521011,1.15268896347539,0,0,NaN,NaN,0,0.5,1,0,0.5
NUAA,W8,19,vibration_x,GainDrift,31,14,1.1750855687889,1.1750855687889,1.3450758246819,1.12431316452408,0,0,NaN,NaN,0,0.615384615384615,1,0,0.615384615384615
NUAA,W8,19,vibration_x,ColoredNoiseRamp,31,12,1.2002671514709,1.2002671514709,1.36635611063085,1.14634486457018,0,0,NaN,NaN,0,0.545454545454545,1,0,0.545454545454545
NUAA,W8,19,vibration_x,IntermittentRecordDropout,31,12,1.1609771040699,1.15399764531219,1.169354520653,1.14634486457018,1,1,5,5,0,0.545454545454545,2,0,0.545454545454545
NUAA,W8,19,vibration_y,LinearBiasDrift,31,8,0.851793933338412,0.942548159016084,0.870308029719091,1.14904147519494,1,0,20,NaN,0,0.285714285714286,1,0,0.285714285714286
NUAA,W8,19,vibration_y,GainDrift,31,10,1.1199418093927,1.1199418093927,1.27656764602369,1.17249332070866,0,0,NaN,NaN,0,0.444444444444444,1,0,0.444444444444444
NUAA,W8,19,vibration_y,ColoredNoiseRamp,31,11,1.04238247773009,1.04238247773009,1.15455027190706,1.17007871204525,0,0,NaN,NaN,0,0.5,1,0,0.5
NUAA,W8,19,vibration_y,IntermittentRecordDropout,31,14,1.10787725615484,1.14750563331138,1.14715366285646,1.14715366285646,1,1,0,0,0,0.615384615384615,2,0,0.615384615384615
NUAA,W8,20,force_z,LinearBiasDrift,31,13,1.15684187552186,1.15684187552186,1.30903416179032,1.30903416179032,0,1,NaN,0,0,0.583333333333333,1,0,0.583333333333333
NUAA,W8,20,force_z,GainDrift,31,14,0.657074699265837,1.28356621752676,1.28356621752676,1.28356621752676,1,1,0,0,0,0.615384615384615,1,0,0.615384615384615
NUAA,W8,20,force_z,ColoredNoiseRamp,31,8,1.51170736261155,1.30666153696799,1.30624601630259,1.30624601630259,1,1,12,0,0,0.285714285714286,1,0,0.285714285714286
NUAA,W8,20,force_z,IntermittentRecordDropout,31,9,1.2171623319643,1.2253969889756,1.32911147174178,1.32911147174178,1,1,6,0,0,0.375,1,0,0.375
NUAA,W8,20,vibration_x,LinearBiasDrift,31,13,1.09537910299774,1.09537910299774,1.25439272794675,1.14345506875789,0,0,NaN,NaN,0,0.583333333333333,1,0,0.583333333333333
NUAA,W8,20,vibration_x,GainDrift,31,10,1.19947281530523,1.19947281530523,1.35600775335384,1.16133498484488,0,0,NaN,NaN,0,0.444444444444444,1,0,0.444444444444444
NUAA,W8,20,vibration_x,ColoredNoiseRamp,31,8,1.19225451204338,1.19225451204338,1.35560218749074,1.14899631398099,0,0,NaN,NaN,0,0.285714285714286,1,0,0.285714285714286
NUAA,W8,20,vibration_x,IntermittentRecordDropout,31,6,1.13292356921521,1.13279735870176,1.15182458195825,1.12928578117425,1,1,3,3,0,0,2,0,0
NUAA,W8,20,vibration_y,LinearBiasDrift,31,8,0.958713331433373,0.958713331433373,1.00592318317852,1.14904147519494,0,0,NaN,NaN,0,0.285714285714286,1,0,0.285714285714286
NUAA,W8,20,vibration_y,GainDrift,31,8,1.10294097313883,1.10294097313883,1.26852381206769,1.14904147519494,0,0,NaN,NaN,0,0.285714285714286,1,0,0.285714285714286
NUAA,W8,20,vibration_y,ColoredNoiseRamp,31,11,0.969757479630711,1.05826571183836,1.06051023313543,1.17007871204525,1,0,17,NaN,0,0.5,1,0,0.5
NUAA,W8,20,vibration_y,IntermittentRecordDropout,31,7,1.12244551368417,1.13580829729389,1.18136056979962,1.12390884589826,1,1,5,5,0,0.166666666666667,2,0,0.166666666666667
NUAA,W8,21,force_z,LinearBiasDrift,31,14,1.16971097291031,1.16971097291031,1.28356621752676,1.28356621752676,0,1,NaN,0,0,0.615384615384615,1,0,0.615384615384615
NUAA,W8,21,force_z,GainDrift,31,8,1.71218088400114,1.36043941221121,1.30624601630259,1.30624601630259,1,1,9,0,0,0.285714285714286,1,0,0.285714285714286
NUAA,W8,21,force_z,ColoredNoiseRamp,31,11,1.91144189107771,1.33495694647701,1.31463901362221,1.31463901362221,1,1,9,0,0,0.5,1,0,0.5
NUAA,W8,21,force_z,IntermittentRecordDropout,31,9,1.2171894561022,1.23405261738733,1.32911147174178,1.32911147174178,1,1,3,0,0,0.375,1,0,0.375
NUAA,W8,21,vibration_x,LinearBiasDrift,31,13,1.10966309861097,1.10966309861097,1.26647437733496,1.14345506875789,0,0,NaN,NaN,0,0.583333333333333,1,0,0.583333333333333
NUAA,W8,21,vibration_x,GainDrift,31,6,1.15991767213888,1.15991767213888,1.326885707667,1.12928578117425,0,0,NaN,NaN,0,0,1,0,0
NUAA,W8,21,vibration_x,ColoredNoiseRamp,31,7,1.16708311405972,1.16708311405972,1.334666080731,1.13017845685381,0,0,NaN,NaN,0,0.166666666666667,1,0,0.166666666666667
NUAA,W8,21,vibration_x,IntermittentRecordDropout,31,7,1.14350068808272,1.13167155989746,1.13017845685381,1.13017845685381,1,1,0,0,0,0.166666666666667,2,0,0.166666666666667
NUAA,W8,21,vibration_y,LinearBiasDrift,31,11,1.57082115403226,1.3719076558535,1.8625803441076,1.17007871204525,1,1,13,20,0,0.5,2,0,0.5
NUAA,W8,21,vibration_y,GainDrift,31,10,1.13234557788582,1.13234557788582,1.28463346253648,1.17249332070866,0,0,NaN,NaN,0,0.444444444444444,1,0,0.444444444444444
NUAA,W8,21,vibration_y,ColoredNoiseRamp,31,9,1.13790717553952,1.13790717553952,1.26815956961151,1.17557295943429,0,0,NaN,NaN,0,0.375,1,0,0.375
NUAA,W8,21,vibration_y,IntermittentRecordDropout,31,14,1.10374007527988,1.16998274791296,1.21090801396438,1.14715366285646,1,1,6,6,0,0.615384615384615,2,0,0.615384615384615
NUAA,W8,22,force_z,LinearBiasDrift,31,6,1.15095735000163,1.15095735000163,1.28858973420472,1.28858973420472,0,1,NaN,0,0,0,1,0,0
NUAA,W8,22,force_z,GainDrift,31,10,0.729874713117257,1.31236739881996,1.31236739881996,1.31236739881996,1,1,0,0,0,0.444444444444444,1,0,0.444444444444444
NUAA,W8,22,force_z,ColoredNoiseRamp,31,11,1.28361209852421,1.28361209852421,1.31463901362221,1.31463901362221,0,1,NaN,0,0,0.5,1,0,0.5
NUAA,W8,22,force_z,IntermittentRecordDropout,31,8,1.14062728157213,1.17732086649154,1.30624601630259,1.30624601630259,1,1,3,0,0,0.285714285714286,1,0,0.285714285714286
NUAA,W8,22,vibration_x,LinearBiasDrift,31,13,1.19697501259953,1.19697501259953,1.32334614145325,1.14345506875789,0,0,NaN,NaN,0,0.583333333333333,1,0,0.583333333333333
NUAA,W8,22,vibration_x,GainDrift,31,7,1.10551319231605,1.10551319231605,1.23149926368999,1.13017845685381,0,0,NaN,NaN,0,0.166666666666667,1,0,0.166666666666667
NUAA,W8,22,vibration_x,ColoredNoiseRamp,31,7,1.2075433574149,1.2075433574149,1.39758718853077,1.13017845685381,0,0,NaN,NaN,0,0.166666666666667,1,0,0.166666666666667
NUAA,W8,22,vibration_x,IntermittentRecordDropout,31,12,1.15635240193687,1.15766071907076,1.1681303363469,1.14634486457018,1,1,4,4,0,0.545454545454545,2,0,0.545454545454545
NUAA,W8,22,vibration_y,LinearBiasDrift,31,12,0.781678057560929,0.983674692732219,0.791008636365765,1.1667877504197,1,0,13,NaN,0,0.545454545454545,1,0,0.545454545454545
NUAA,W8,22,vibration_y,GainDrift,31,10,1.13923370748417,1.13923370748417,1.28911261655226,1.17249332070866,0,0,NaN,NaN,0,0.444444444444444,1,0,0.444444444444444
NUAA,W8,22,vibration_y,ColoredNoiseRamp,31,7,0.975504244393865,1.0143906844934,1.08746081720079,1.12390884589826,1,0,21,NaN,0,0.166666666666667,1,0,0.166666666666667
NUAA,W8,22,vibration_y,IntermittentRecordDropout,31,8,1.15019951163748,1.1644675385599,1.20753804303528,1.14904147519494,1,1,7,7,0,0.285714285714286,2,0,0.285714285714286
NUAA,W8,23,force_z,LinearBiasDrift,31,12,1.1984353270066,1.1984353270066,1.30743200662644,1.30743200662644,0,1,NaN,0,0,0.545454545454545,1,0,0.545454545454545
NUAA,W8,23,force_z,GainDrift,31,11,1.76478166834376,1.37644919164995,1.31463901362221,1.31463901362221,1,1,6,0,0,0.5,1,0,0.5
NUAA,W8,23,force_z,ColoredNoiseRamp,31,10,1.82121514737715,1.30907394962492,1.31236739881996,1.31236739881996,1,1,7,0,0,0.444444444444444,1,0,0.444444444444444
NUAA,W8,23,force_z,IntermittentRecordDropout,31,13,1.15452261689997,1.18577165020741,1.30903416179032,1.30903416179032,1,1,8,0,0,0.583333333333333,1,0,0.583333333333333
NUAA,W8,23,vibration_x,LinearBiasDrift,31,9,1.21809808160413,1.21809808160413,1.34541589975923,1.1745073865936,0,0,NaN,NaN,0,0.375,1,0,0.375
NUAA,W8,23,vibration_x,GainDrift,31,9,1.14678666014507,1.14678666014507,1.25859544476565,1.1745073865936,0,0,NaN,NaN,0,0.375,1,0,0.375
NUAA,W8,23,vibration_x,ColoredNoiseRamp,31,9,1.23880188184855,1.23880188184855,1.41097446530742,1.1745073865936,0,0,NaN,NaN,0,0.375,1,0,0.375
NUAA,W8,23,vibration_x,IntermittentRecordDropout,31,13,1.15652470960392,1.15277126539841,1.17199101767166,1.14345506875789,1,1,5,5,0,0.583333333333333,2,0,0.583333333333333
NUAA,W8,23,vibration_y,LinearBiasDrift,31,10,0.778072150573908,0.990352445892528,0.772550979092781,1.17249332070866,1,1,14,20,0,0.444444444444444,2,0,0.444444444444444
NUAA,W8,23,vibration_y,GainDrift,31,13,1.20310226493797,1.20310226493797,1.33654594587349,1.16194137999422,0,0,NaN,NaN,0,0.583333333333333,1,0,0.583333333333333
NUAA,W8,23,vibration_y,ColoredNoiseRamp,31,9,1.13718045023936,1.13718045023936,1.26784072784905,1.17557295943429,0,0,NaN,NaN,0,0.375,1,0,0.375
NUAA,W8,23,vibration_y,IntermittentRecordDropout,31,7,1.11393637965961,1.12052842162429,1.15262054344212,1.12390884589826,1,1,2,2,0,0.166666666666667,2,0,0.166666666666667
NUAA,W8,24,force_z,LinearBiasDrift,31,12,1.21482967758166,1.21482967758166,1.30743200662644,1.30743200662644,0,1,NaN,0,0,0.545454545454545,1,0,0.545454545454545
NUAA,W8,24,force_z,GainDrift,31,9,0.706489638540096,1.31565250689766,1.32911147174178,1.32911147174178,1,1,1,0,0,0.375,1,0,0.375
NUAA,W8,24,force_z,ColoredNoiseRamp,31,7,1.91541886736207,1.28481698768587,1.29387597476501,1.29387597476501,1,1,9,0,0,0.166666666666667,1,0,0.166666666666667
NUAA,W8,24,force_z,IntermittentRecordDropout,31,8,1.21181666737001,1.22007532305446,1.30624601630259,1.30624601630259,1,1,12,0,0,0.285714285714286,1,0,0.285714285714286
NUAA,W8,24,vibration_x,LinearBiasDrift,31,13,1.17919756855874,1.17919756855874,1.32203770146918,1.14345506875789,0,0,NaN,NaN,0,0.583333333333333,1,0,0.583333333333333
NUAA,W8,24,vibration_x,GainDrift,31,10,1.1435528739617,1.1435528739617,1.2563092292666,1.16133498484488,0,0,NaN,NaN,0,0.444444444444444,1,0,0.444444444444444
NUAA,W8,24,vibration_x,ColoredNoiseRamp,31,11,1.20031335331969,1.20031335331969,1.36626027970454,1.15268896347539,0,0,NaN,NaN,0,0.5,1,0,0.5
NUAA,W8,24,vibration_x,IntermittentRecordDropout,31,12,1.16238870163282,1.15524728552462,1.17081621765078,1.14634486457018,1,1,3,3,0,0.545454545454545,2,0,0.545454545454545
NUAA,W8,24,vibration_y,LinearBiasDrift,31,10,1.42440704351804,1.42440704351804,1.68417885174126,1.17249332070866,0,0,NaN,NaN,0,0.444444444444444,1,0,0.444444444444444
NUAA,W8,24,vibration_y,GainDrift,31,14,1.19615624247547,1.19615624247547,1.31876992695035,1.14715366285646,0,0,NaN,NaN,0,0.615384615384615,1,0,0.615384615384615
NUAA,W8,24,vibration_y,ColoredNoiseRamp,31,7,0.936031824979069,1.01189165516248,1.01764657594621,1.12390884589826,1,0,21,NaN,0,0.166666666666667,1,0,0.166666666666667
NUAA,W8,24,vibration_y,IntermittentRecordDropout,31,9,1.1650079597268,1.19156036718618,1.22235382026068,1.17557295943429,1,1,5,5,0,0.375,2,0,0.375
NUAA,W8,25,force_z,LinearBiasDrift,31,13,1.15261371557771,1.15261371557771,1.30903416179032,1.30903416179032,0,1,NaN,0,0,0.583333333333333,1,0,0.583333333333333
NUAA,W8,25,force_z,GainDrift,31,14,1.76586567741705,1.37050974923975,1.28356621752676,1.28356621752676,1,1,6,0,0,0.615384615384615,1,0,0.615384615384615
NUAA,W8,25,force_z,ColoredNoiseRamp,31,7,1.93765498547834,1.31629765465729,1.29387597476501,1.29387597476501,1,1,10,0,0,0.166666666666667,1,0,0.166666666666667
NUAA,W8,25,force_z,IntermittentRecordDropout,31,7,1.16660783394981,1.19059953906745,1.29387597476501,1.29387597476501,1,1,6,0,0,0.166666666666667,1,0,0.166666666666667
NUAA,W8,25,vibration_x,LinearBiasDrift,31,10,1.20135489267791,1.20135489267791,1.32807730933317,1.16133498484488,0,0,NaN,NaN,0,0.444444444444444,1,0,0.444444444444444
NUAA,W8,25,vibration_x,GainDrift,31,13,1.18837416376998,1.18837416376998,1.35984591658431,1.14345506875789,0,0,NaN,NaN,0,0.583333333333333,1,0,0.583333333333333
NUAA,W8,25,vibration_x,ColoredNoiseRamp,31,13,1.21062698714337,1.21062698714337,1.38747075630595,1.14345506875789,0,0,NaN,NaN,0,0.583333333333333,1,0,0.583333333333333
NUAA,W8,25,vibration_x,IntermittentRecordDropout,31,10,1.1785232194954,1.16827072923146,1.18206944636323,1.16133498484488,1,1,4,4,0,0.444444444444444,2,0,0.444444444444444
NUAA,W8,25,vibration_y,LinearBiasDrift,31,12,1.71892194149706,1.32918781390848,1.81733926285196,1.1667877504197,1,1,9,16,0,0.545454545454545,2,0,0.545454545454545
NUAA,W8,25,vibration_y,GainDrift,31,13,1.13015556099901,1.13015556099901,1.29005955489253,1.16194137999422,0,0,NaN,NaN,0,0.583333333333333,1,0,0.583333333333333
NUAA,W8,25,vibration_y,ColoredNoiseRamp,31,13,0.991650770233749,1.01613515122172,1.09354949262568,1.16194137999422,1,0,17,NaN,0,0.583333333333333,1,0,0.583333333333333
NUAA,W8,25,vibration_y,IntermittentRecordDropout,31,11,1.14782085880603,1.18905527250622,1.18069210294912,1.17007871204525,1,1,1,1,0,0.5,2,0,0.5
NUAA,W8,26,force_z,LinearBiasDrift,31,10,1.21199588309468,1.21199588309468,1.31236739881996,1.31236739881996,0,1,NaN,0,0,0.444444444444444,1,0,0.444444444444444
NUAA,W8,26,force_z,GainDrift,31,14,0.664264269715419,1.28356621752676,1.28356621752676,1.28356621752676,1,1,0,0,0,0.615384615384615,1,0,0.615384615384615
NUAA,W8,26,force_z,ColoredNoiseRamp,31,9,1.71992417357762,1.36446063267324,1.32911147174178,1.32911147174178,1,1,11,0,0,0.375,1,0,0.375
NUAA,W8,26,force_z,IntermittentRecordDropout,31,9,1.20077018432126,1.22699435604189,1.32911147174178,1.32911147174178,1,1,1,0,0,0.375,1,0,0.375
NUAA,W8,26,vibration_x,LinearBiasDrift,31,10,1.21187420017067,1.21187420017067,1.32754725106239,1.16133498484488,0,0,NaN,NaN,0,0.444444444444444,1,0,0.444444444444444
NUAA,W8,26,vibration_x,GainDrift,31,13,1.12037111743443,1.12037111743443,1.23836477706335,1.14345506875789,0,0,NaN,NaN,0,0.583333333333333,1,0,0.583333333333333
NUAA,W8,26,vibration_x,ColoredNoiseRamp,31,12,1.19766100986484,1.19766100986484,1.36291556731666,1.14634486457018,0,0,NaN,NaN,0,0.545454545454545,1,0,0.545454545454545
NUAA,W8,26,vibration_x,IntermittentRecordDropout,31,9,1.18655514949105,1.18383818200112,1.21031513350208,1.1745073865936,1,1,6,6,0,0.375,2,0,0.375
NUAA,W8,26,vibration_y,LinearBiasDrift,31,7,0.927767712473986,0.927767712473986,0.978687556936229,1.12390884589826,0,0,NaN,NaN,0,0.166666666666667,1,0,0.166666666666667
NUAA,W8,26,vibration_y,GainDrift,31,7,1.11013177129168,1.11013177129168,1.27365713950978,1.12390884589826,0,0,NaN,NaN,0,0.166666666666667,1,0,0.166666666666667
NUAA,W8,26,vibration_y,ColoredNoiseRamp,31,12,1.05137072855218,1.05137072855218,1.16467748043704,1.1667877504197,0,0,NaN,NaN,0,0.545454545454545,1,0,0.545454545454545
NUAA,W8,26,vibration_y,IntermittentRecordDropout,31,12,1.13518939310279,1.15377628821514,1.16769386392014,1.1667877504197,1,1,1,1,0,0.545454545454545,2,0,0.545454545454545
NUAA,W8,27,force_z,LinearBiasDrift,31,6,1.15660112288382,1.15660112288382,1.28858973420472,1.28858973420472,0,1,NaN,0,0,0,1,0,0
NUAA,W8,27,force_z,GainDrift,31,10,0.739349416967627,1.31236739881996,1.31236739881996,1.31236739881996,1,1,0,0,0,0.444444444444444,1,0,0.444444444444444
NUAA,W8,27,force_z,ColoredNoiseRamp,31,14,2.04631486330265,1.29957113061193,1.28356621752676,1.28356621752676,1,1,7,0,0,0.615384615384615,1,0,0.615384615384615
NUAA,W8,27,force_z,IntermittentRecordDropout,31,10,1.20503045987838,1.22396722552878,1.31236739881996,1.31236739881996,1,1,11,0,0,0.444444444444444,1,0,0.444444444444444
NUAA,W8,27,vibration_x,LinearBiasDrift,31,8,1.18613532836282,1.18613532836282,1.32202024184144,1.14899631398099,0,0,NaN,NaN,0,0.285714285714286,1,0,0.285714285714286
NUAA,W8,27,vibration_x,GainDrift,31,9,1.16108397251193,1.16108397251193,1.28406541903968,1.1745073865936,0,0,NaN,NaN,0,0.375,1,0,0.375
NUAA,W8,27,vibration_x,ColoredNoiseRamp,31,11,1.17992060704125,1.17992060704125,1.33258097822159,1.15268896347539,0,0,NaN,NaN,0,0.5,1,0,0.5
NUAA,W8,27,vibration_x,IntermittentRecordDropout,31,12,1.16428871816324,1.15676503628886,1.16410425892403,1.14634486457018,1,1,2,2,0,0.545454545454545,2,0,0.545454545454545
NUAA,W8,27,vibration_y,LinearBiasDrift,31,13,1.52344054924274,1.38309177926708,1.85195848647992,1.16194137999422,1,0,14,NaN,0,0.583333333333333,1,0,0.583333333333333
NUAA,W8,27,vibration_y,GainDrift,31,6,1.10596574898288,1.10596574898288,1.2668865049165,1.11043624271241,0,0,NaN,NaN,0,0,1,0,0
NUAA,W8,27,vibration_y,ColoredNoiseRamp,31,11,1.0886739249509,1.0886739249509,1.21807778944373,1.17007871204525,0,0,NaN,NaN,0,0.5,1,0,0.5
NUAA,W8,27,vibration_y,IntermittentRecordDropout,31,10,1.15159730086758,1.17597501733405,1.21187821999276,1.17249332070866,1,1,7,7,0,0.444444444444444,2,0,0.444444444444444
NUAA,W8,28,force_z,LinearBiasDrift,31,10,1.17194115557567,1.17194115557567,1.31236739881996,1.31236739881996,0,1,NaN,0,0,0.444444444444444,1,0,0.444444444444444
NUAA,W8,28,force_z,GainDrift,31,9,1.65094364770191,1.43056702411613,1.32911147174178,1.32911147174178,1,1,8,0,0,0.375,1,0,0.375
NUAA,W8,28,force_z,ColoredNoiseRamp,31,9,1.36389854792515,1.32075794557379,1.32911147174178,1.32911147174178,1,1,18,0,0,0.375,1,0,0.375
NUAA,W8,28,force_z,IntermittentRecordDropout,31,12,1.16208819719262,1.19498341467649,1.30743200662644,1.30743200662644,1,1,3,0,0,0.545454545454545,1,0,0.545454545454545
NUAA,W8,28,vibration_x,LinearBiasDrift,31,7,1.09211418930208,1.09211418930208,1.25282718816797,1.13017845685381,0,0,NaN,NaN,0,0.166666666666667,1,0,0.166666666666667
NUAA,W8,28,vibration_x,GainDrift,31,11,1.13808118786657,1.13808118786657,1.25951018475271,1.15268896347539,0,0,NaN,NaN,0,0.5,1,0,0.5
NUAA,W8,28,vibration_x,ColoredNoiseRamp,31,7,1.1706586740107,1.1706586740107,1.33870908226785,1.13017845685381,0,0,NaN,NaN,0,0.166666666666667,1,0,0.166666666666667
NUAA,W8,28,vibration_x,IntermittentRecordDropout,31,12,1.16410306345232,1.1543466646455,1.17081621765078,1.14634486457018,1,1,3,3,0,0.545454545454545,2,0,0.545454545454545
NUAA,W8,28,vibration_y,LinearBiasDrift,31,11,0.839549778670982,0.971542659231571,0.85657756552366,1.17007871204525,1,0,17,NaN,0,0.5,1,0,0.5
NUAA,W8,28,vibration_y,GainDrift,31,11,1.20885647185155,1.20885647185155,1.34040897471618,1.17007871204525,0,0,NaN,NaN,0,0.5,1,0,0.5
NUAA,W8,28,vibration_y,ColoredNoiseRamp,31,10,1.06416193244525,1.06416193244525,1.17039147199727,1.17249332070866,0,0,NaN,NaN,0,0.444444444444444,1,0,0.444444444444444
NUAA,W8,28,vibration_y,IntermittentRecordDropout,31,7,1.1197568797042,1.14320950032325,1.17244532144037,1.12390884589826,1,1,4,4,0,0.166666666666667,2,0,0.166666666666667
NUAA,W8,29,force_z,LinearBiasDrift,31,10,1.17765714374759,1.17765714374759,1.31236739881996,1.31236739881996,0,1,NaN,0,0,0.444444444444444,1,0,0.444444444444444
NUAA,W8,29,force_z,GainDrift,31,8,0.627036950339744,1.29372278957319,1.30624601630259,1.30624601630259,1,1,1,0,0,0.285714285714286,1,0,0.285714285714286
NUAA,W8,29,force_z,ColoredNoiseRamp,31,7,2.04608472808369,1.29950020631711,1.29387597476501,1.29387597476501,1,1,9,0,0,0.166666666666667,1,0,0.166666666666667
NUAA,W8,29,force_z,IntermittentRecordDropout,31,9,1.20599637134952,1.22658436014287,1.32911147174178,1.32911147174178,1,1,1,0,0,0.375,1,0,0.375
NUAA,W8,29,vibration_x,LinearBiasDrift,31,11,1.13135163224073,1.13135163224073,1.28279705463277,1.15268896347539,0,0,NaN,NaN,0,0.5,1,0,0.5
NUAA,W8,29,vibration_x,GainDrift,31,10,1.20196770590128,1.20196770590128,1.36045584296569,1.16133498484488,0,0,NaN,NaN,0,0.444444444444444,1,0,0.444444444444444
NUAA,W8,29,vibration_x,ColoredNoiseRamp,31,10,1.21759251488869,1.21759251488869,1.379290426989,1.16133498484488,0,0,NaN,NaN,0,0.444444444444444,1,0,0.444444444444444
NUAA,W8,29,vibration_x,IntermittentRecordDropout,31,10,1.17499850071744,1.16571925969618,1.18684241157138,1.16133498484488,1,1,7,7,0,0.444444444444444,2,0,0.444444444444444
NUAA,W8,29,vibration_y,LinearBiasDrift,31,13,1.45298667757708,1.38830450322092,1.74635887439572,1.16194137999422,1,0,15,NaN,0,0.583333333333333,1,0,0.583333333333333
NUAA,W8,29,vibration_y,GainDrift,31,7,1.10169390552166,1.10169390552166,1.26805191495468,1.12390884589826,0,0,NaN,NaN,0,0.166666666666667,1,0,0.166666666666667
NUAA,W8,29,vibration_y,ColoredNoiseRamp,31,8,0.962925384348253,1.03949654629119,1.05483166707284,1.14904147519494,1,0,20,NaN,0,0.285714285714286,1,0,0.285714285714286
NUAA,W8,29,vibration_y,IntermittentRecordDropout,31,10,1.14372075238277,1.19365986961564,1.17437802004195,1.17249332070866,1,1,1,1,0,0.444444444444444,2,0,0.444444444444444
NUAA,W8,30,force_z,LinearBiasDrift,31,7,1.18628575522188,1.18628575522188,1.29387597476501,1.29387597476501,0,1,NaN,0,0,0.166666666666667,1,0,0.166666666666667
NUAA,W8,30,force_z,GainDrift,31,7,0.612538611524638,1.28046807504546,1.29387597476501,1.29387597476501,1,1,0,0,0,0.166666666666667,1,0,0.166666666666667
NUAA,W8,30,force_z,ColoredNoiseRamp,31,10,1.83813221239778,1.32376327858706,1.31236739881996,1.31236739881996,1,1,10,0,0,0.444444444444444,1,0,0.444444444444444
NUAA,W8,30,force_z,IntermittentRecordDropout,31,9,1.18637266454416,1.25481448189066,1.32911147174178,1.32911147174178,1,1,4,0,0,0.375,1,0,0.375
NUAA,W8,30,vibration_x,LinearBiasDrift,31,9,1.10683473203013,1.10683473203013,1.26173593377224,1.1745073865936,0,0,NaN,NaN,0,0.375,1,0,0.375
NUAA,W8,30,vibration_x,GainDrift,31,7,1.17757551361377,1.17757551361377,1.359726087275,1.13017845685381,0,0,NaN,NaN,0,0.166666666666667,1,0,0.166666666666667
NUAA,W8,30,vibration_x,ColoredNoiseRamp,31,10,1.18571918194844,1.18571918194844,1.32921378030092,1.16133498484488,0,0,NaN,NaN,0,0.444444444444444,1,0,0.444444444444444
NUAA,W8,30,vibration_x,IntermittentRecordDropout,31,13,1.15673990549739,1.1530911619954,1.22887784604956,1.14345506875789,1,1,9,9,0,0.583333333333333,2,0,0.583333333333333
NUAA,W8,30,vibration_y,LinearBiasDrift,31,7,1.44290601879823,1.36814342457997,1.74475401056302,1.12390884589826,1,0,21,NaN,0,0.166666666666667,1,0,0.166666666666667
NUAA,W8,30,vibration_y,GainDrift,31,10,1.12664017403782,1.12664017403782,1.28092340130833,1.17249332070866,0,0,NaN,NaN,0,0.444444444444444,1,0,0.444444444444444
NUAA,W8,30,vibration_y,ColoredNoiseRamp,31,12,1.04886551027775,1.04886551027775,1.16443269512137,1.1667877504197,0,0,NaN,NaN,0,0.545454545454545,1,0,0.545454545454545
NUAA,W8,30,vibration_y,IntermittentRecordDropout,31,8,1.1451887602888,1.1733514467709,1.21413093571099,1.14904147519494,1,1,9,9,0,0.285714285714286,2,0,0.285714285714286
NUAA,W9,0,None,Clean,7,Inf,1,1,1,1,0,0,NaN,NaN,0,0,0,0,0
NUAA,W9,1,force_z,LinearBiasDrift,7,2,1.02671089106642,1.02671089106642,1.02671089106642,1.17669573257219,0,0,NaN,NaN,0,0,0,0,0
NUAA,W9,1,force_z,GainDrift,7,3,1.59154340827088,1.05502004357949,1.11270675394891,1.04192022405522,1,1,1,2,0,0,1,0,0
NUAA,W9,1,force_z,ColoredNoiseRamp,7,3,0.629837660053574,0.926943596434596,0.815527529169494,1.04192022405522,1,1,2,3,0,0,1,0,0
NUAA,W9,1,force_z,IntermittentRecordDropout,7,2,0.997849652870554,0.987037637681974,0.997849652870554,1.17669573257219,1,0,2,NaN,0,0,0,0,0
NUAA,W9,1,vibration_x,LinearBiasDrift,7,3,0.747363408592167,0.747363408592167,0.747363408592167,0.919176811023263,0,0,NaN,NaN,0,0,0,0,0
NUAA,W9,1,vibration_x,GainDrift,7,2,0.988947182718748,0.988947182718748,0.988947182718748,1.0208891909053,0,0,NaN,NaN,0,0,0,0,0
NUAA,W9,1,vibration_x,ColoredNoiseRamp,7,3,0.845226100055198,0.845226100055198,0.845226100055198,0.919176811023263,0,0,NaN,NaN,0,0,0,0,0
NUAA,W9,1,vibration_x,IntermittentRecordDropout,7,2,0.911784721562485,0.993226065622489,1.02431484269409,1.0208891909053,1,1,1,1,0,0,1,0,0
NUAA,W9,1,vibration_y,LinearBiasDrift,7,3,0.737915186729687,0.737915186729687,0.737915186729687,0.988182554004008,0,0,NaN,NaN,0,0,0,0,0
NUAA,W9,1,vibration_y,GainDrift,7,2,0.949935714791689,0.949935714791689,0.949935714791689,1.08870633344585,0,0,NaN,NaN,0,0,0,0,0
NUAA,W9,1,vibration_y,ColoredNoiseRamp,7,2,0.883381034363121,0.883381034363121,0.883381034363121,1.08870633344585,0,0,NaN,NaN,0,0,0,0,0
NUAA,W9,1,vibration_y,IntermittentRecordDropout,7,2,0.922675014214024,1.08181962851138,1.08181962851138,1.08870633344585,1,1,1,1,0,0,1,0,0
NUAA,W9,2,force_z,LinearBiasDrift,7,3,0.755889598385086,0.755889598385086,0.755889598385086,1.04192022405522,0,0,NaN,NaN,0,0,0,0,0
NUAA,W9,2,force_z,GainDrift,7,3,1.9125561532098,1.04192022405522,1.07638794475606,1.04192022405522,1,1,0,1,0,0,1,0,0
NUAA,W9,2,force_z,ColoredNoiseRamp,7,3,1.28047280911015,0.95415540348695,0.95415540348695,1.04192022405522,1,1,1,1,0,0,1,0,0
NUAA,W9,2,force_z,IntermittentRecordDropout,7,2,1.09488949801493,1.1171535004928,1.16000466724936,1.17669573257219,1,1,2,5,0,0,1,0,0
NUAA,W9,2,vibration_x,LinearBiasDrift,7,2,1.03858835281414,1.03115024593249,1.03858835281414,1.0208891909053,1,0,5,NaN,0,0,0,0,0
NUAA,W9,2,vibration_x,GainDrift,7,3,0.85377133140193,0.85377133140193,0.85377133140193,0.919176811023263,0,0,NaN,NaN,0,0,0,0,0
NUAA,W9,2,vibration_x,ColoredNoiseRamp,7,2,0.975418908860739,0.975418908860739,0.975418908860739,1.0208891909053,0,0,NaN,NaN,0,0,0,0,0
NUAA,W9,2,vibration_x,IntermittentRecordDropout,7,2,0.927965187678111,0.996235011067363,0.996235011067363,1.0208891909053,1,1,4,4,0,0,1,0,0
NUAA,W9,2,vibration_y,LinearBiasDrift,7,2,0.834047770387092,0.945440570066337,0.834047770387092,1.08870633344585,1,0,4,NaN,0,0,0,0,0
NUAA,W9,2,vibration_y,GainDrift,7,2,0.948842149352152,0.948842149352152,0.948842149352152,1.08870633344585,0,0,NaN,NaN,0,0,0,0,0
NUAA,W9,2,vibration_y,ColoredNoiseRamp,7,2,0.927444378989405,0.927444378989405,0.927444378989405,1.08870633344585,0,0,NaN,NaN,0,0,0,0,0
NUAA,W9,2,vibration_y,IntermittentRecordDropout,7,2,0.938346309616618,1.04701436434717,1.07051958107696,1.08870633344585,1,1,2,2,0,0,1,0,0
NUAA,W9,3,force_z,LinearBiasDrift,7,2,0.861746323382611,0.861746323382611,0.861746323382611,1.17669573257219,0,0,NaN,NaN,0,0,0,0,0
NUAA,W9,3,force_z,GainDrift,7,2,1.08764618643386,1.17669573257219,1.06370495821408,1.17669573257219,1,1,0,1,0,0,1,0,0
NUAA,W9,3,force_z,ColoredNoiseRamp,7,2,0.927096710817637,1.07366336493793,0.954135084741999,1.17669573257219,1,1,2,3,0,0,1,0,0
NUAA,W9,3,force_z,IntermittentRecordDropout,7,3,0.847903922881692,0.869077202289118,0.913634412176284,1.04192022405522,1,1,1,1,0,0,3,0,0
NUAA,W9,3,vibration_x,LinearBiasDrift,7,3,0.7639781451471,0.7639781451471,0.7639781451471,0.919176811023263,0,0,NaN,NaN,0,0,0,0,0
NUAA,W9,3,vibration_x,GainDrift,7,2,0.981609769836672,0.981609769836672,0.981609769836672,1.0208891909053,0,0,NaN,NaN,0,0,0,0,0
NUAA,W9,3,vibration_x,ColoredNoiseRamp,7,3,0.852194742623872,0.852194742623872,0.852194742623872,0.919176811023263,0,0,NaN,NaN,0,0,0,0,0
NUAA,W9,3,vibration_x,IntermittentRecordDropout,7,3,0.810827130287955,0.848174480585269,0.848174480585269,0.919176811023263,1,1,4,4,0,0,1,0,0
NUAA,W9,3,vibration_y,LinearBiasDrift,7,2,0.810582520101205,0.924857594584787,0.901515189740005,1.08870633344585,1,1,4,5,0,0,1,0,0
NUAA,W9,3,vibration_y,GainDrift,7,2,0.940237095053149,0.940237095053149,0.940237095053149,1.08870633344585,0,0,NaN,NaN,0,0,0,0,0
NUAA,W9,3,vibration_y,ColoredNoiseRamp,7,2,0.899095058171294,0.899095058171294,0.899095058171294,1.08870633344585,0,0,NaN,NaN,0,0,0,0,0
NUAA,W9,3,vibration_y,IntermittentRecordDropout,7,2,0.933671826183514,1.02501210058396,1.08870633344585,1.08870633344585,1,1,0,0,0,0,1,0,0
NUAA,W9,4,force_z,LinearBiasDrift,7,2,0.82106055406168,0.82106055406168,0.82106055406168,1.17669573257219,0,0,NaN,NaN,0,0,0,0,0
NUAA,W9,4,force_z,GainDrift,7,2,1.78524271860485,1.1667692249861,1.21478670397818,1.17669573257219,1,1,1,2,0,0,1,0,0
NUAA,W9,4,force_z,ColoredNoiseRamp,7,3,0.721654833074608,0.991155003145299,0.861095130376932,1.04192022405522,1,1,1,2,0,0,1,0,0
NUAA,W9,4,force_z,IntermittentRecordDropout,7,3,1.02518419442882,1.0262382213369,1.01204789668647,1.04192022405522,1,1,1,2,0,0,3,0,0
NUAA,W9,4,vibration_x,LinearBiasDrift,7,2,0.863595732960236,0.910825185083944,0.863595732960236,1.0208891909053,1,0,5,NaN,0,0,0,0,0
NUAA,W9,4,vibration_x,GainDrift,7,2,0.994643691297541,0.994643691297541,0.994643691297541,1.0208891909053,0,0,NaN,NaN,0,0,0,0,0
NUAA,W9,4,vibration_x,ColoredNoiseRamp,7,3,0.866128996402436,0.866128996402436,0.866128996402436,0.919176811023263,0,0,NaN,NaN,0,0,0,0,0
NUAA,W9,4,vibration_x,IntermittentRecordDropout,7,2,0.927230359588937,0.988768537026343,1.01985731409794,1.0208891909053,1,1,3,3,0,0,1,0,0
NUAA,W9,4,vibration_y,LinearBiasDrift,7,3,0.918655426816918,0.914072319739738,0.918655426816918,0.988182554004008,1,0,4,NaN,0,0,0,0,0
NUAA,W9,4,vibration_y,GainDrift,7,3,0.821070800880155,0.821070800880155,0.821070800880155,0.988182554004008,0,0,NaN,NaN,0,0,0,0,0
NUAA,W9,4,vibration_y,ColoredNoiseRamp,7,2,0.881580717614557,0.931812696856906,0.881580717614557,1.08870633344585,1,0,5,NaN,0,0,0,0,0
NUAA,W9,4,vibration_y,IntermittentRecordDropout,7,3,0.808829603547607,0.90359573921269,0.90359573921269,0.988182554004008,1,1,3,3,0,0,1,0,0
NUAA,W9,5,force_z,LinearBiasDrift,7,3,0.875242079325377,0.875242079325377,0.875242079325377,1.04192022405522,0,0,NaN,NaN,0,0,0,0,0
NUAA,W9,5,force_z,GainDrift,7,2,0.817538693690499,1.08176583742047,0.961143719600973,1.17669573257219,1,1,1,2,0,0,1,0,0
NUAA,W9,5,force_z,ColoredNoiseRamp,7,3,1.05586149542095,0.998053493781556,0.851567405128834,1.04192022405522,1,1,1,2,0,0,1,0,0
NUAA,W9,5,force_z,IntermittentRecordDropout,7,2,1.06540541352556,1.10894883297638,1.08939308687199,1.17669573257219,1,1,0,5,0,0,1,0,0
NUAA,W9,5,vibration_x,LinearBiasDrift,7,2,0.866417164986691,0.866417164986691,0.866417164986691,1.0208891909053,0,0,NaN,NaN,0,0,0,0,0
NUAA,W9,5,vibration_x,GainDrift,7,3,0.880283208155852,0.880283208155852,0.880283208155852,0.919176811023263,0,0,NaN,NaN,0,0,0,0,0
NUAA,W9,5,vibration_x,ColoredNoiseRamp,7,3,0.850364734635582,0.850364734635582,0.850364734635582,0.919176811023263,0,0,NaN,NaN,0,0,0,0,0
NUAA,W9,5,vibration_x,IntermittentRecordDropout,7,3,0.797119184272475,0.885505757733464,0.91385252137016,0.919176811023263,1,1,1,1,0,0,1,0,0
NUAA,W9,5,vibration_y,LinearBiasDrift,7,2,1.02051920456197,1.02051920456197,1.02051920456197,1.08870633344585,0,0,NaN,NaN,0,0,0,0,0
NUAA,W9,5,vibration_y,GainDrift,7,2,0.949665731904805,0.949665731904805,0.949665731904805,1.08870633344585,0,0,NaN,NaN,0,0,0,0,0
NUAA,W9,5,vibration_y,ColoredNoiseRamp,7,3,0.810786237016639,0.810786237016639,0.810786237016639,0.988182554004008,0,0,NaN,NaN,0,0,0,0,0
NUAA,W9,5,vibration_y,IntermittentRecordDropout,7,2,0.936557506805822,0.968299653366075,0.968299653366075,1.08870633344585,1,1,5,5,0,0,1,0,0
NUAA,W9,6,force_z,LinearBiasDrift,7,2,0.865533077270327,0.865533077270327,0.865533077270327,1.17669573257219,0,0,NaN,NaN,0,0,0,0,0
NUAA,W9,6,force_z,GainDrift,7,2,1.57506759722736,1.15672416035428,1.23761842586436,1.17669573257219,1,1,1,3,0,0,1,0,0
NUAA,W9,6,force_z,ColoredNoiseRamp,7,3,1.22846735983388,0.959941557127426,0.959941557127426,1.04192022405522,1,1,1,1,0,0,1,0,0
NUAA,W9,6,force_z,IntermittentRecordDropout,7,2,0.992136462472608,0.987037637681974,0.992136462472608,1.17669573257219,1,0,2,NaN,0,0,0,0,0
NUAA,W9,6,vibration_x,LinearBiasDrift,7,3,0.912110246552638,0.912110246552638,0.912110246552638,0.919176811023263,0,0,NaN,NaN,0,0,0,0,0
NUAA,W9,6,vibration_x,GainDrift,7,2,0.898024573023249,0.898024573023249,0.898024573023249,1.0208891909053,0,0,NaN,NaN,0,0,0,0,0
NUAA,W9,6,vibration_x,ColoredNoiseRamp,7,3,0.83735867851797,0.83735867851797,0.83735867851797,0.919176811023263,0,0,NaN,NaN,0,0,0,0,0
NUAA,W9,6,vibration_x,IntermittentRecordDropout,7,3,0.796133108358685,0.881870278537342,0.919176811023263,0.919176811023263,1,1,0,0,0,0,1,0,0
NUAA,W9,6,vibration_y,LinearBiasDrift,7,2,0.800409287762687,0.99588416595035,0.897965185520737,1.08870633344585,1,1,3,5,0,0,1,0,0
NUAA,W9,6,vibration_y,GainDrift,7,3,0.820645979095523,0.820645979095523,0.820645979095523,0.988182554004008,0,0,NaN,NaN,0,0,0,0,0
NUAA,W9,6,vibration_y,ColoredNoiseRamp,7,3,0.818407673145556,0.818407673145556,0.818407673145556,0.988182554004008,0,0,NaN,NaN,0,0,0,0,0
NUAA,W9,6,vibration_y,IntermittentRecordDropout,7,2,0.937531159929265,1.01371205314955,1.08870633344585,1.08870633344585,1,1,0,0,0,0,1,0,0
NUAA,W9,7,force_z,LinearBiasDrift,7,2,1.06367329413165,1.06367329413165,1.06367329413165,1.17669573257219,0,0,NaN,NaN,0,0,0,0,0
NUAA,W9,7,force_z,GainDrift,7,3,1.49807849517873,1.0487986425357,1.09329219123279,1.04192022405522,1,1,1,2,0,0,1,0,0
NUAA,W9,7,force_z,ColoredNoiseRamp,7,2,1.39875299034924,1.097677283994,0.960174856418783,1.17669573257219,1,1,1,2,0,0,1,0,0
NUAA,W9,7,force_z,IntermittentRecordDropout,7,2,1.12245789904042,1.11698810781911,1.12101238901636,1.17669573257219,1,1,2,4,0,0,1,0,0
NUAA,W9,7,vibration_x,LinearBiasDrift,7,2,0.868140508867684,0.868140508867684,0.868140508867684,1.0208891909053,0,0,NaN,NaN,0,0,0,0,0
NUAA,W9,7,vibration_x,GainDrift,7,3,0.879754200874266,0.879754200874266,0.879754200874266,0.919176811023263,0,0,NaN,NaN,0,0,0,0,0
NUAA,W9,7,vibration_x,ColoredNoiseRamp,7,3,0.844136897431172,0.844136897431172,0.844136897431172,0.919176811023263,0,0,NaN,NaN,0,0,0,0,0
NUAA,W9,7,vibration_x,IntermittentRecordDropout,7,2,0.915409227167855,1.01643166230915,1.0208891909053,1.0208891909053,1,1,0,0,0,0,1,0,0
NUAA,W9,7,vibration_y,LinearBiasDrift,7,2,0.886941065234391,0.886941065234391,0.886941065234391,1.08870633344585,0,0,NaN,NaN,0,0,0,0,0
NUAA,W9,7,vibration_y,GainDrift,7,2,0.949754551771365,0.949754551771365,0.949754551771365,1.08870633344585,0,0,NaN,NaN,0,0,0,0,0
NUAA,W9,7,vibration_y,ColoredNoiseRamp,7,2,0.921764975329977,0.921764975329977,0.921764975329977,1.08870633344585,0,0,NaN,NaN,0,0,0,0,0
NUAA,W9,7,vibration_y,IntermittentRecordDropout,7,3,0.808618336420452,0.900185403188158,0.951822558571203,0.988182554004008,1,1,2,2,0,0,1,0,0
NUAA,W9,8,force_z,LinearBiasDrift,7,3,0.681579821499608,0.681579821499608,0.681579821499608,1.04192022405522,0,0,NaN,NaN,0,0,0,0,0
NUAA,W9,8,force_z,GainDrift,7,2,2.27650509220339,1.17669573257219,1.19024851340824,1.17669573257219,1,1,0,1,0,0,1,0,0
NUAA,W9,8,force_z,ColoredNoiseRamp,7,2,0.883121097937803,1.06854931149549,1.06854931149549,1.17669573257219,1,1,2,2,0,0,1,0,0
NUAA,W9,8,force_z,IntermittentRecordDropout,7,2,1.0435172958376,1.07180583559215,1.14703780605219,1.17669573257219,1,1,2,2,0,0,1,0,0
NUAA,W9,8,vibration_x,LinearBiasDrift,7,2,0.898219566332573,0.898219566332573,0.898219566332573,1.0208891909053,0,0,NaN,NaN,0,0,0,0,0
NUAA,W9,8,vibration_x,GainDrift,7,3,0.851712202514542,0.851712202514542,0.851712202514542,0.919176811023263,0,0,NaN,NaN,0,0,0,0,0
NUAA,W9,8,vibration_x,ColoredNoiseRamp,7,3,0.829081368529328,0.829081368529328,0.829081368529328,0.919176811023263,0,0,NaN,NaN,0,0,0,0,0
NUAA,W9,8,vibration_x,IntermittentRecordDropout,7,3,0.82375232375389,0.82375232375389,0.82375232375389,0.919176811023263,0,0,NaN,NaN,0,0,0,0,0
NUAA,W9,8,vibration_y,LinearBiasDrift,7,2,1.03411876035004,1.03085081188508,1.03411876035004,1.08870633344585,1,0,5,NaN,0,0,0,0,0
NUAA,W9,8,vibration_y,GainDrift,7,2,0.941038569811031,0.941038569811031,0.941038569811031,1.08870633344585,0,0,NaN,NaN,0,0,0,0,0
NUAA,W9,8,vibration_y,ColoredNoiseRamp,7,3,0.813270775432353,0.813270775432353,0.813270775432353,0.988182554004008,0,0,NaN,NaN,0,0,0,0,0
NUAA,W9,8,vibration_y,IntermittentRecordDropout,7,3,0.818200927924728,0.874758522341151,0.97462249708271,0.988182554004008,1,1,1,1,0,0,1,0,0
NUAA,W9,9,force_z,LinearBiasDrift,7,2,0.765022753019699,0.765022753019699,0.765022753019699,1.17669573257219,0,0,NaN,NaN,0,0,0,0,0
NUAA,W9,9,force_z,GainDrift,7,2,2.02423745670399,1.17819168819268,1.248870376872,1.17669573257219,1,1,1,2,0,0,1,0,0
NUAA,W9,9,force_z,ColoredNoiseRamp,7,2,1.15865496832887,1.10885293213237,0.979255256119608,1.17669573257219,1,1,1,2,0,0,1,0,0
NUAA,W9,9,force_z,IntermittentRecordDropout,7,2,1.07413707438607,1.06222153554452,1.1031994183286,1.17669573257219,1,1,3,5,0,0,1,0,0
NUAA,W9,9,vibration_x,LinearBiasDrift,7,3,0.747087310313171,0.747087310313171,0.747087310313171,0.919176811023263,0,0,NaN,NaN,0,0,0,0,0
NUAA,W9,9,vibration_x,GainDrift,7,2,0.893057966909066,0.893057966909066,0.893057966909066,1.0208891909053,0,0,NaN,NaN,0,0,0,0,0
NUAA,W9,9,vibration_x,ColoredNoiseRamp,7,2,0.951168333330217,0.951168333330217,0.951168333330217,1.0208891909053,0,0,NaN,NaN,0,0,0,0,0
NUAA,W9,9,vibration_x,IntermittentRecordDropout,7,2,0.932483979510313,0.965146233995762,0.965146233995762,1.0208891909053,1,1,5,5,0,0,1,0,0
NUAA,W9,9,vibration_y,LinearBiasDrift,7,3,0.922068825200699,0.916328528412379,0.922068825200699,0.988182554004008,1,0,4,NaN,0,0,0,0,0
NUAA,W9,9,vibration_y,GainDrift,7,3,0.827000169567145,0.827000169567145,0.827000169567145,0.988182554004008,0,0,NaN,NaN,0,0,0,0,0
NUAA,W9,9,vibration_y,ColoredNoiseRamp,7,3,0.810867017805496,0.810867017805496,0.810867017805496,0.988182554004008,0,0,NaN,NaN,0,0,0,0,0
NUAA,W9,9,vibration_y,IntermittentRecordDropout,7,2,0.927346483430822,1.04163061237928,1.08181962851138,1.08870633344585,1,1,1,1,0,0,1,0,0
NUAA,W9,10,force_z,LinearBiasDrift,7,2,0.880535537850755,0.880535537850755,0.880535537850755,1.17669573257219,0,0,NaN,NaN,0,0,0,0,0
NUAA,W9,10,force_z,GainDrift,7,2,1.78122702234841,1.16657729966129,1.21421401489417,1.17669573257219,1,1,1,2,0,0,1,0,0
NUAA,W9,10,force_z,ColoredNoiseRamp,7,2,0.80982055475277,1.07994839896727,0.903405859935735,1.17669573257219,1,1,2,4,0,0,1,0,0
NUAA,W9,10,force_z,IntermittentRecordDropout,7,2,1.00237013783629,1.08207534408083,1.06987177242605,1.17669573257219,1,1,0,5,0,0,1,0,0
NUAA,W9,10,vibration_x,LinearBiasDrift,7,2,0.972438386487692,0.972438386487692,0.972438386487692,1.0208891909053,0,0,NaN,NaN,0,0,0,0,0
NUAA,W9,10,vibration_x,GainDrift,7,2,0.916447138880696,0.916447138880696,0.916447138880696,1.0208891909053,0,0,NaN,NaN,0,0,0,0,0
NUAA,W9,10,vibration_x,ColoredNoiseRamp,7,2,0.958421960444157,0.958421960444157,0.958421960444157,1.0208891909053,0,0,NaN,NaN,0,0,0,0,0
NUAA,W9,10,vibration_x,IntermittentRecordDropout,7,2,0.920899987629493,1.00394242478271,1.02431484269409,1.0208891909053,1,1,1,1,0,0,1,0,0
NUAA,W9,10,vibration_y,LinearBiasDrift,7,2,0.874881240394842,0.874881240394842,0.874881240394842,1.08870633344585,0,0,NaN,NaN,0,0,0,0,0
NUAA,W9,10,vibration_y,GainDrift,7,2,0.93938119504473,0.93938119504473,0.93938119504473,1.08870633344585,0,0,NaN,NaN,0,0,0,0,0
NUAA,W9,10,vibration_y,ColoredNoiseRamp,7,2,0.885292540489526,0.885292540489526,0.885292540489526,1.08870633344585,0,0,NaN,NaN,0,0,0,0,0
NUAA,W9,10,vibration_y,IntermittentRecordDropout,7,3,0.809903441802174,0.951822558571203,0.951822558571203,0.988182554004008,1,1,2,2,0,0,1,0,0
NUAA,W9,11,force_z,LinearBiasDrift,7,2,0.778213487432484,0.778213487432484,0.778213487432484,1.17669573257219,0,0,NaN,NaN,0,0,0,0,0
NUAA,W9,11,force_z,GainDrift,7,3,1.70481689643888,1.06255998315902,1.13623596044315,1.04192022405522,1,1,1,2,0,0,1,0,0
NUAA,W9,11,force_z,ColoredNoiseRamp,7,2,0.804921868285127,1.07591586568514,0.945806282987872,1.17669573257219,1,1,2,3,0,0,1,0,0
NUAA,W9,11,force_z,IntermittentRecordDropout,7,2,0.94847553135427,1.01555393816332,1.01555393816332,1.17669573257219,1,1,4,4,0,0,1,0,0
NUAA,W9,11,vibration_x,LinearBiasDrift,7,2,0.864546014648544,0.911256616222981,0.864546014648544,1.0208891909053,1,0,5,NaN,0,0,0,0,0
NUAA,W9,11,vibration_x,GainDrift,7,3,0.796421939767687,0.796421939767687,0.796421939767687,0.919176811023263,0,0,NaN,NaN,0,0,0,0,0
NUAA,W9,11,vibration_x,ColoredNoiseRamp,7,3,0.8692949932663,0.8692949932663,0.8692949932663,0.919176811023263,0,0,NaN,NaN,0,0,0,0,0
NUAA,W9,11,vibration_x,IntermittentRecordDropout,7,2,0.918336891927382,1.01985731409794,1.01985731409794,1.0208891909053,1,1,3,3,0,0,1,0,0
NUAA,W9,11,vibration_y,LinearBiasDrift,7,2,0.889827763783399,0.889827763783399,0.889827763783399,1.08870633344585,0,0,NaN,NaN,0,0,0,0,0
NUAA,W9,11,vibration_y,GainDrift,7,3,0.826834849274196,0.826834849274196,0.826834849274196,0.988182554004008,0,0,NaN,NaN,0,0,0,0,0
NUAA,W9,11,vibration_y,ColoredNoiseRamp,7,2,0.916798165145046,0.916798165145046,0.916798165145046,1.08870633344585,0,0,NaN,NaN,0,0,0,0,0
NUAA,W9,11,vibration_y,IntermittentRecordDropout,7,2,0.943287604279912,0.987825399455485,1.01133061618528,1.08870633344585,1,1,4,4,0,0,1,0,0
NUAA,W9,12,force_z,LinearBiasDrift,7,3,0.6777117431954,0.6777117431954,0.6777117431954,1.04192022405522,0,0,NaN,NaN,0,0,0,0,0
NUAA,W9,12,force_z,GainDrift,7,2,2.15098169005523,1.17669573257219,1.18424927487268,1.17669573257219,1,1,0,1,0,0,1,0,0
NUAA,W9,12,force_z,ColoredNoiseRamp,7,2,0.762123289240304,1.07519866138333,0.98880028255624,1.17669573257219,1,1,2,3,0,0,1,0,0
NUAA,W9,12,force_z,IntermittentRecordDropout,7,2,0.930526230083502,0.98256516874897,0.999879668230029,1.17669573257219,1,1,2,5,0,0,1,0,0
NUAA,W9,12,vibration_x,LinearBiasDrift,7,2,0.978325055682778,0.978325055682778,0.978325055682778,1.0208891909053,0,0,NaN,NaN,0,0,0,0,0
NUAA,W9,12,vibration_x,GainDrift,7,2,0.887326551596773,0.887326551596773,0.887326551596773,1.0208891909053,0,0,NaN,NaN,0,0,0,0,0
NUAA,W9,12,vibration_x,ColoredNoiseRamp,7,2,0.959788683961122,0.959788683961122,0.959788683961122,1.0208891909053,0,0,NaN,NaN,0,0,0,0,0
NUAA,W9,12,vibration_x,IntermittentRecordDropout,7,3,0.82375232375389,0.82375232375389,0.82375232375389,0.919176811023263,0,0,NaN,NaN,0,0,0,0,0
NUAA,W9,12,vibration_y,LinearBiasDrift,7,3,0.972937456069587,0.959583768756224,0.949839406122693,0.988182554004008,1,1,3,4,0,0,1,0,0
NUAA,W9,12,vibration_y,GainDrift,7,2,0.941827298751232,0.941827298751232,0.941827298751232,1.08870633344585,0,0,NaN,NaN,0,0,0,0,0
NUAA,W9,12,vibration_y,ColoredNoiseRamp,7,2,0.90298266299452,0.90298266299452,0.90298266299452,1.08870633344585,0,0,NaN,NaN,0,0,0,0,0
NUAA,W9,12,vibration_y,IntermittentRecordDropout,7,2,0.932711413784726,1.01133061618528,1.01133061618528,1.08870633344585,1,1,4,4,0,0,1,0,0
NUAA,W9,13,force_z,LinearBiasDrift,7,2,0.843385284455751,0.843385284455751,0.843385284455751,1.17669573257219,0,0,NaN,NaN,0,0,0,0,0
NUAA,W9,13,force_z,GainDrift,7,2,1.93838328041174,1.17408839212169,1.23662648529268,1.17669573257219,1,1,1,2,0,0,1,0,0
NUAA,W9,13,force_z,ColoredNoiseRamp,7,2,0.836361987464514,1.05030518441344,1.05030518441344,1.17669573257219,1,1,2,2,0,0,1,0,0
NUAA,W9,13,force_z,IntermittentRecordDropout,7,3,0.892778684578463,0.936242918039927,0.936242918039927,1.04192022405522,1,1,1,1,0,0,3,0,0
NUAA,W9,13,vibration_x,LinearBiasDrift,7,3,0.922972157361136,0.913230873259674,0.922972157361136,0.919176811023263,1,0,4,NaN,0,0,0,0,0
NUAA,W9,13,vibration_x,GainDrift,7,2,0.90488882879562,0.90488882879562,0.90488882879562,1.0208891909053,0,0,NaN,NaN,0,0,0,0,0
NUAA,W9,13,vibration_x,ColoredNoiseRamp,7,2,0.954953208299687,0.954953208299687,0.954953208299687,1.0208891909053,0,0,NaN,NaN,0,0,0,0,0
NUAA,W9,13,vibration_x,IntermittentRecordDropout,7,3,0.789910932285538,0.913827776707887,0.913827776707887,0.919176811023263,1,1,2,2,0,0,1,0,0
NUAA,W9,13,vibration_y,LinearBiasDrift,7,3,0.957391161645906,0.953640422379893,0.957391161645906,0.988182554004008,1,0,3,NaN,0,0,0,0,0
NUAA,W9,13,vibration_y,GainDrift,7,3,0.820521913004824,0.820521913004824,0.820521913004824,0.988182554004008,0,0,NaN,NaN,0,0,0,0,0
NUAA,W9,13,vibration_y,ColoredNoiseRamp,7,2,0.927211635792748,0.927211635792748,0.927211635792748,1.08870633344585,0,0,NaN,NaN,0,0,0,0,0
NUAA,W9,13,vibration_y,IntermittentRecordDropout,7,2,0.920404064314226,1.06281967975179,1.08181962851138,1.08870633344585,1,1,1,1,0,0,1,0,0
NUAA,W9,14,force_z,LinearBiasDrift,7,3,0.936162935744292,0.936162935744292,0.936162935744292,1.04192022405522,0,0,NaN,NaN,0,0,0,0,0
NUAA,W9,14,force_z,GainDrift,7,3,2.04812864732712,1.04192022405522,1.08541219598045,1.04192022405522,1,1,0,1,0,0,1,0,0
NUAA,W9,14,force_z,ColoredNoiseRamp,7,2,0.963159267888673,1.11788308604816,1.06831624573354,1.17669573257219,1,1,1,2,0,0,1,0,0
NUAA,W9,14,force_z,IntermittentRecordDropout,7,3,0.923696469755936,0.914030688305938,0.908663725586334,1.04192022405522,1,1,3,3,0,0,1,0,0
NUAA,W9,14,vibration_x,LinearBiasDrift,7,2,0.90474507621368,0.90474507621368,0.90474507621368,1.0208891909053,0,0,NaN,NaN,0,0,0,0,0
NUAA,W9,14,vibration_x,GainDrift,7,3,0.784427526842882,0.784427526842882,0.784427526842882,0.919176811023263,0,0,NaN,NaN,0,0,0,0,0
NUAA,W9,14,vibration_x,ColoredNoiseRamp,7,2,0.984547008224638,0.984547008224638,0.984547008224638,1.0208891909053,0,0,NaN,NaN,0,0,0,0,0
NUAA,W9,14,vibration_x,IntermittentRecordDropout,7,3,0.809178409317465,0.848174480585269,0.848174480585269,0.919176811023263,1,1,4,4,0,0,1,0,0
NUAA,W9,14,vibration_y,LinearBiasDrift,7,3,0.967966437493507,0.95768495585701,0.946572466466794,0.988182554004008,1,1,3,4,0,0,1,0,0
NUAA,W9,14,vibration_y,GainDrift,7,2,0.949782388342845,0.949782388342845,0.949782388342845,1.08870633344585,0,0,NaN,NaN,0,0,0,0,0
NUAA,W9,14,vibration_y,ColoredNoiseRamp,7,3,0.809308138974992,0.809308138974992,0.809308138974992,0.988182554004008,0,0,NaN,NaN,0,0,0,0,0
NUAA,W9,14,vibration_y,IntermittentRecordDropout,7,2,0.921247198184101,1.08870633344585,1.08870633344585,1.08870633344585,1,1,0,0,0,0,1,0,0
NUAA,W9,15,force_z,LinearBiasDrift,7,2,0.998542463058012,0.998542463058012,0.998542463058012,1.17669573257219,0,0,NaN,NaN,0,0,0,0,0
NUAA,W9,15,force_z,GainDrift,7,3,1.00901063986162,1.04192022405522,0.916176692331287,1.04192022405522,1,1,0,1,0,0,1,0,0
NUAA,W9,15,force_z,ColoredNoiseRamp,7,2,0.98937046950554,1.13236575276329,1.03366439921336,1.17669573257219,1,1,1,2,0,0,1,0,0
NUAA,W9,15,force_z,IntermittentRecordDropout,7,2,1.05494460955207,1.06369302999946,1.03604457644748,1.17669573257219,1,1,0,3,0,0,2,0,0
NUAA,W9,15,vibration_x,LinearBiasDrift,7,2,0.900904006325107,0.900904006325107,0.900904006325107,1.0208891909053,0,0,NaN,NaN,0,0,0,0,0
NUAA,W9,15,vibration_x,GainDrift,7,2,0.916203592462127,0.916203592462127,0.916203592462127,1.0208891909053,0,0,NaN,NaN,0,0,0,0,0
NUAA,W9,15,vibration_x,ColoredNoiseRamp,7,2,0.952572380000073,0.952572380000073,0.952572380000073,1.0208891909053,0,0,NaN,NaN,0,0,0,0,0
NUAA,W9,15,vibration_x,IntermittentRecordDropout,7,3,0.797930604816087,0.890805302724293,0.919176811023263,0.919176811023263,1,1,0,0,0,0,1,0,0
NUAA,W9,15,vibration_y,LinearBiasDrift,7,2,0.788001528757617,0.989879310312855,0.893506872397984,1.08870633344585,1,1,3,5,0,0,1,0,0
NUAA,W9,15,vibration_y,GainDrift,7,2,0.939741656850638,0.939741656850638,0.939741656850638,1.08870633344585,0,0,NaN,NaN,0,0,0,0,0
NUAA,W9,15,vibration_y,ColoredNoiseRamp,7,2,0.92358007119457,0.92358007119457,0.92358007119457,1.08870633344585,0,0,NaN,NaN,0,0,0,0,0
NUAA,W9,15,vibration_y,IntermittentRecordDropout,7,3,0.815432080609753,0.874758522341151,0.97462249708271,0.988182554004008,1,1,1,1,0,0,1,0,0
NUAA,W9,16,force_z,LinearBiasDrift,7,2,1.02241588470663,1.02241588470663,1.02241588470663,1.17669573257219,0,0,NaN,NaN,0,0,0,0,0
NUAA,W9,16,force_z,GainDrift,7,3,2.16998296745385,1.04192022405522,1.09352331029432,1.04192022405522,1,1,0,1,0,0,1,0,0
NUAA,W9,16,force_z,ColoredNoiseRamp,7,2,0.92149898358283,1.10315880468832,0.993470213063786,1.17669573257219,1,1,1,2,0,0,1,0,0
NUAA,W9,16,force_z,IntermittentRecordDropout,7,2,0.979540566434073,0.977452975942581,1.01240561285299,1.17669573257219,1,1,3,5,0,0,1,0,0
NUAA,W9,16,vibration_x,LinearBiasDrift,7,2,0.908579338393282,0.908579338393282,0.908579338393282,1.0208891909053,0,0,NaN,NaN,0,0,0,0,0
NUAA,W9,16,vibration_x,GainDrift,7,3,0.787580306777483,0.787580306777483,0.787580306777483,0.919176811023263,0,0,NaN,NaN,0,0,0,0,0
NUAA,W9,16,vibration_x,ColoredNoiseRamp,7,2,0.956201027349723,0.956201027349723,0.956201027349723,1.0208891909053,0,0,NaN,NaN,0,0,0,0,0
NUAA,W9,16,vibration_x,IntermittentRecordDropout,7,2,0.932596775655436,0.972853647711112,1.02431484269409,1.0208891909053,1,1,1,1,0,0,1,0,0
NUAA,W9,16,vibration_y,LinearBiasDrift,7,2,1.01588529377538,1.01588529377538,1.01588529377538,1.08870633344585,0,0,NaN,NaN,0,0,0,0,0
NUAA,W9,16,vibration_y,GainDrift,7,3,0.82796167441784,0.82796167441784,0.82796167441784,0.988182554004008,0,0,NaN,NaN,0,0,0,0,0
NUAA,W9,16,vibration_y,ColoredNoiseRamp,7,2,0.892410310356333,0.892410310356333,0.892410310356333,1.08870633344585,0,0,NaN,NaN,0,0,0,0,0
NUAA,W9,16,vibration_y,IntermittentRecordDropout,7,2,0.937825013673848,0.987825399455485,1.01133061618528,1.08870633344585,1,1,4,4,0,0,1,0,0
NUAA,W9,17,force_z,LinearBiasDrift,7,2,1.01033775294703,1.01033775294703,1.01033775294703,1.17669573257219,0,0,NaN,NaN,0,0,0,0,0
NUAA,W9,17,force_z,GainDrift,7,2,1.63847259719005,1.15975452531104,1.19385542804852,1.17669573257219,1,1,1,2,0,0,1,0,0
NUAA,W9,17,force_z,ColoredNoiseRamp,7,3,0.598194693700968,0.988724657179814,0.782492791638993,1.04192022405522,1,1,1,3,0,0,1,0,0
NUAA,W9,17,force_z,IntermittentRecordDropout,7,3,0.947465139328617,0.972012096432727,0.972012096432727,1.04192022405522,1,1,4,4,0,0,1,0,0
NUAA,W9,17,vibration_x,LinearBiasDrift,7,3,0.74791645867196,0.74791645867196,0.74791645867196,0.919176811023263,0,0,NaN,NaN,0,0,0,0,0
NUAA,W9,17,vibration_x,GainDrift,7,3,0.780669798299526,0.780669798299526,0.780669798299526,0.919176811023263,0,0,NaN,NaN,0,0,0,0,0
NUAA,W9,17,vibration_x,ColoredNoiseRamp,7,3,0.843708531135029,0.843708531135029,0.843708531135029,0.919176811023263,0,0,NaN,NaN,0,0,0,0,0
NUAA,W9,17,vibration_x,IntermittentRecordDropout,7,3,0.809547491406199,0.848174480585269,0.848174480585269,0.919176811023263,1,1,4,4,0,0,1,0,0
NUAA,W9,17,vibration_y,LinearBiasDrift,7,2,1.03942256744027,1.03459533652787,1.03942256744027,1.08870633344585,1,0,5,NaN,0,0,0,0,0
NUAA,W9,17,vibration_y,GainDrift,7,3,0.820284930952191,0.820284930952191,0.820284930952191,0.988182554004008,0,0,NaN,NaN,0,0,0,0,0
NUAA,W9,17,vibration_y,ColoredNoiseRamp,7,2,0.937905280061669,0.937905280061669,0.937905280061669,1.08870633344585,0,0,NaN,NaN,0,0,0,0,0
NUAA,W9,17,vibration_y,IntermittentRecordDropout,7,3,0.811706599937516,0.926395677724197,0.97462249708271,0.988182554004008,1,1,1,1,0,0,1,0,0
NUAA,W9,18,force_z,LinearBiasDrift,7,2,0.864362451479501,0.864362451479501,0.864362451479501,1.17669573257219,0,0,NaN,NaN,0,0,0,0,0
NUAA,W9,18,force_z,GainDrift,7,2,1.66263397692284,1.16090928910715,1.19730114643557,1.17669573257219,1,1,1,2,0,0,1,0,0
NUAA,W9,18,force_z,ColoredNoiseRamp,7,3,1.32926351240545,0.96011062678231,0.96011062678231,1.04192022405522,1,1,1,1,0,0,1,0,0
NUAA,W9,18,force_z,IntermittentRecordDropout,7,2,1.11672587446875,1.09492814744831,1.09539413151328,1.17669573257219,1,1,2,3,0,0,1,0,0
NUAA,W9,18,vibration_x,LinearBiasDrift,7,3,0.742206182779897,0.742206182779897,0.742206182779897,0.919176811023263,0,0,NaN,NaN,0,0,0,0,0
NUAA,W9,18,vibration_x,GainDrift,7,2,0.914267082991498,0.914267082991498,0.914267082991498,1.0208891909053,0,0,NaN,NaN,0,0,0,0,0
NUAA,W9,18,vibration_x,ColoredNoiseRamp,7,3,0.868397243375877,0.868397243375877,0.868397243375877,0.919176811023263,0,0,NaN,NaN,0,0,0,0,0
NUAA,W9,18,vibration_x,IntermittentRecordDropout,7,3,0.792659128860204,0.919152066360989,0.919176811023263,0.919176811023263,1,1,0,0,0,0,1,0,0
NUAA,W9,18,vibration_y,LinearBiasDrift,7,2,1.0706515920939,1.06807322366394,1.05678449981239,1.08870633344585,1,1,4,5,0,0,1,0,0
NUAA,W9,18,vibration_y,GainDrift,7,2,0.939430975652975,0.939430975652975,0.939430975652975,1.08870633344585,0,0,NaN,NaN,0,0,0,0,0
NUAA,W9,18,vibration_y,ColoredNoiseRamp,7,2,0.919751856834844,0.919751856834844,0.919751856834844,1.08870633344585,0,0,NaN,NaN,0,0,0,0,0
NUAA,W9,18,vibration_y,IntermittentRecordDropout,7,2,0.928309197411545,1.02263066361969,1.08181962851138,1.08870633344585,1,1,1,1,0,0,1,0,0
NUAA,W9,19,force_z,LinearBiasDrift,7,2,1.0438538710271,1.0438538710271,1.0438538710271,1.17669573257219,0,0,NaN,NaN,0,0,0,0,0
NUAA,W9,19,force_z,GainDrift,7,3,0.629891430431626,0.954518629789442,0.79908109513755,1.04192022405522,1,1,1,2,0,0,1,0,0
NUAA,W9,19,force_z,ColoredNoiseRamp,7,2,0.790964042647153,0.987970505546647,0.869017895886263,1.17669573257219,1,1,2,5,0,0,1,0,0
NUAA,W9,19,force_z,IntermittentRecordDropout,7,3,0.895630788636152,0.952599615468451,0.952599615468451,1.04192022405522,1,1,3,3,0,0,1,0,0
NUAA,W9,19,vibration_x,LinearBiasDrift,7,2,0.880843759016069,0.880843759016069,0.880843759016069,1.0208891909053,0,0,NaN,NaN,0,0,0,0,0
NUAA,W9,19,vibration_x,GainDrift,7,3,0.79176679548511,0.79176679548511,0.79176679548511,0.919176811023263,0,0,NaN,NaN,0,0,0,0,0
NUAA,W9,19,vibration_x,ColoredNoiseRamp,7,2,0.97982124608654,0.97982124608654,0.97982124608654,1.0208891909053,0,0,NaN,NaN,0,0,0,0,0
NUAA,W9,19,vibration_x,IntermittentRecordDropout,7,3,0.800661332698036,0.88548101307119,0.88548101307119,0.919176811023263,1,1,3,3,0,0,1,0,0
NUAA,W9,19,vibration_y,LinearBiasDrift,7,2,0.859510413589818,0.859510413589818,0.859510413589818,1.08870633344585,0,0,NaN,NaN,0,0,0,0,0
NUAA,W9,19,vibration_y,GainDrift,7,3,0.818249609887303,0.818249609887303,0.818249609887303,0.988182554004008,0,0,NaN,NaN,0,0,0,0,0
NUAA,W9,19,vibration_y,ColoredNoiseRamp,7,3,0.775974033000762,0.775974033000762,0.775974033000762,0.988182554004008,0,0,NaN,NaN,0,0,0,0,0
NUAA,W9,19,vibration_y,IntermittentRecordDropout,7,2,0.927290899983658,1.03878866569217,1.08181962851138,1.08870633344585,1,1,1,1,0,0,1,0,0
NUAA,W9,20,force_z,LinearBiasDrift,7,3,0.926506840570847,0.926506840570847,0.926506840570847,1.04192022405522,0,0,NaN,NaN,0,0,0,0,0
NUAA,W9,20,force_z,GainDrift,7,2,1.85475951301011,1.17009169573441,1.22470067823544,1.17669573257219,1,1,1,2,0,0,1,0,0
NUAA,W9,20,force_z,ColoredNoiseRamp,7,2,1.04435979314484,1.11195318713882,1.05378922351697,1.17669573257219,1,1,1,2,0,0,1,0,0
NUAA,W9,20,force_z,IntermittentRecordDropout,7,2,0.97335724789547,0.977452975942581,0.977452975942581,1.17669573257219,1,1,3,3,0,0,3,0,0
NUAA,W9,20,vibration_x,LinearBiasDrift,7,2,0.872387228808764,0.872387228808764,0.872387228808764,1.0208891909053,0,0,NaN,NaN,0,0,0,0,0
NUAA,W9,20,vibration_x,GainDrift,7,2,0.988942653113757,0.988942653113757,0.988942653113757,1.0208891909053,0,0,NaN,NaN,0,0,0,0,0
NUAA,W9,20,vibration_x,ColoredNoiseRamp,7,3,0.835210170182253,0.835210170182253,0.835210170182253,0.919176811023263,0,0,NaN,NaN,0,0,0,0,0
NUAA,W9,20,vibration_x,IntermittentRecordDropout,7,3,0.807321789195013,0.866383145892914,0.919176811023263,0.919176811023263,1,1,0,0,0,0,1,0,0
NUAA,W9,20,vibration_y,LinearBiasDrift,7,2,1.08273279640842,1.07373217092557,1.06536798444535,1.08870633344585,1,1,4,5,0,0,1,0,0
NUAA,W9,20,vibration_y,GainDrift,7,2,0.942016156514336,0.942016156514336,0.942016156514336,1.08870633344585,0,0,NaN,NaN,0,0,0,0,0
NUAA,W9,20,vibration_y,ColoredNoiseRamp,7,2,0.904618876578205,0.904618876578205,0.904618876578205,1.08870633344585,0,0,NaN,NaN,0,0,0,0,0
NUAA,W9,20,vibration_y,IntermittentRecordDropout,7,2,0.937782165730493,0.987825399455485,1.01133061618528,1.08870633344585,1,1,4,4,0,0,1,0,0
NUAA,W9,21,force_z,LinearBiasDrift,7,2,0.845435832837278,0.845435832837278,0.845435832837278,1.17669573257219,0,0,NaN,NaN,0,0,0,0,0
NUAA,W9,21,force_z,GainDrift,7,2,0.689876018444131,1.09730418350884,0.872824349986383,1.17669573257219,1,1,1,3,0,0,1,0,0
NUAA,W9,21,force_z,ColoredNoiseRamp,7,3,0.627748352972995,0.994622747937118,0.814263879430247,1.04192022405522,1,1,1,3,0,0,1,0,0
NUAA,W9,21,force_z,IntermittentRecordDropout,7,3,0.885721445530379,0.927431789870792,0.927431789870792,1.04192022405522,1,1,4,4,0,0,1,0,0
NUAA,W9,21,vibration_x,LinearBiasDrift,7,3,0.893453820742721,0.893453820742721,0.893453820742721,0.919176811023263,0,0,NaN,NaN,0,0,0,0,0
NUAA,W9,21,vibration_x,GainDrift,7,2,0.989863340656776,0.989863340656776,0.989863340656776,1.0208891909053,0,0,NaN,NaN,0,0,0,0,0
NUAA,W9,21,vibration_x,ColoredNoiseRamp,7,2,0.960771660419734,0.960771660419734,0.960771660419734,1.0208891909053,0,0,NaN,NaN,0,0,0,0,0
NUAA,W9,21,vibration_x,IntermittentRecordDropout,7,2,0.919543424158229,0.993205445070595,1.02431484269409,1.0208891909053,1,1,1,1,0,0,1,0,0
NUAA,W9,21,vibration_y,LinearBiasDrift,7,3,0.968005924482937,0.957700044651334,0.946598422618124,0.988182554004008,1,1,3,4,0,0,1,0,0
NUAA,W9,21,vibration_y,GainDrift,7,2,0.94997302110647,0.94997302110647,0.94997302110647,1.08870633344585,0,0,NaN,NaN,0,0,0,0,0
NUAA,W9,21,vibration_y,ColoredNoiseRamp,7,3,0.800443876641033,0.800443876641033,0.800443876641033,0.988182554004008,0,0,NaN,NaN,0,0,0,0,0
NUAA,W9,21,vibration_y,IntermittentRecordDropout,7,2,0.923491994472115,1.02951736855417,1.08870633344585,1.08870633344585,1,1,0,0,0,0,1,0,0
NUAA,W9,22,force_z,LinearBiasDrift,7,2,1.00799075174525,1.00799075174525,1.00799075174525,1.17669573257219,0,0,NaN,NaN,0,0,0,0,0
NUAA,W9,22,force_z,GainDrift,7,2,0.760151939567744,1.08638537431576,0.974928030533946,1.17669573257219,1,1,1,2,0,0,1,0,0
NUAA,W9,22,force_z,ColoredNoiseRamp,7,3,1.3008727506733,0.932831426766434,0.932831426766434,1.04192022405522,1,1,1,1,0,0,1,0,0
NUAA,W9,22,force_z,IntermittentRecordDropout,7,3,1.00551928637604,1.03530407147863,1.00391277672833,1.04192022405522,1,1,1,1,0,0,1,0,0
NUAA,W9,22,vibration_x,LinearBiasDrift,7,3,0.906054544650616,0.906054544650616,0.906054544650616,0.919176811023263,0,0,NaN,NaN,0,0,0,0,0
NUAA,W9,22,vibration_x,GainDrift,7,2,0.993830643524197,0.993830643524197,0.993830643524197,1.0208891909053,0,0,NaN,NaN,0,0,0,0,0
NUAA,W9,22,vibration_x,ColoredNoiseRamp,7,2,0.951598461348954,0.951598461348954,0.951598461348954,1.0208891909053,0,0,NaN,NaN,0,0,0,0,0
NUAA,W9,22,vibration_x,IntermittentRecordDropout,7,3,0.788561816484981,0.913827776707887,0.913827776707887,0.919176811023263,1,1,2,2,0,0,1,0,0
NUAA,W9,22,vibration_y,LinearBiasDrift,7,2,0.87090854884924,0.87090854884924,0.87090854884924,1.08870633344585,0,0,NaN,NaN,0,0,0,0,0
NUAA,W9,22,vibration_y,GainDrift,7,2,0.94772120427495,0.94772120427495,0.94772120427495,1.08870633344585,0,0,NaN,NaN,0,0,0,0,0
NUAA,W9,22,vibration_y,ColoredNoiseRamp,7,2,0.936903648041065,0.936903648041065,0.936903648041065,1.08870633344585,0,0,NaN,NaN,0,0,0,0,0
NUAA,W9,22,vibration_y,IntermittentRecordDropout,7,2,0.939204063216039,0.996283500202789,1.08181962851138,1.08870633344585,1,1,1,1,0,0,1,0,0
NUAA,W9,23,force_z,LinearBiasDrift,7,2,0.793930502211795,0.793930502211795,0.793930502211795,1.17669573257219,0,0,NaN,NaN,0,0,0,0,0
NUAA,W9,23,force_z,GainDrift,7,2,0.778531308740458,1.08437408667925,0.968926516792284,1.17669573257219,1,1,1,2,0,0,1,0,0
NUAA,W9,23,force_z,ColoredNoiseRamp,7,3,0.925568687340923,0.963760715456655,0.963760715456655,1.04192022405522,1,1,1,1,0,0,1,0,0
NUAA,W9,23,force_z,IntermittentRecordDropout,7,2,1.06983726671264,1.04374585022743,1.06983726671264,1.17669573257219,1,0,4,NaN,0,0,0,0,0
NUAA,W9,23,vibration_x,LinearBiasDrift,7,2,0.86480070354269,0.911372168693713,0.86480070354269,1.0208891909053,1,0,5,NaN,0,0,0,0,0
NUAA,W9,23,vibration_x,GainDrift,7,2,0.909273998975006,0.909273998975006,0.909273998975006,1.0208891909053,0,0,NaN,NaN,0,0,0,0,0
NUAA,W9,23,vibration_x,ColoredNoiseRamp,7,3,0.841481185396479,0.841481185396479,0.841481185396479,0.919176811023263,0,0,NaN,NaN,0,0,0,0,0
NUAA,W9,23,vibration_x,IntermittentRecordDropout,7,3,0.802426820229287,0.889405619876508,0.913827776707887,0.919176811023263,1,1,2,2,0,0,1,0,0
NUAA,W9,23,vibration_y,LinearBiasDrift,7,3,0.741640955967303,0.741640955967303,0.741640955967303,0.988182554004008,0,0,NaN,NaN,0,0,0,0,0
NUAA,W9,23,vibration_y,GainDrift,7,3,0.827784213257817,0.827784213257817,0.827784213257817,0.988182554004008,0,0,NaN,NaN,0,0,0,0,0
NUAA,W9,23,vibration_y,ColoredNoiseRamp,7,3,0.773548693830583,0.773548693830583,0.773548693830583,0.988182554004008,0,0,NaN,NaN,0,0,0,0,0
NUAA,W9,23,vibration_y,IntermittentRecordDropout,7,3,0.803806765532781,0.922985341699664,0.97462249708271,0.988182554004008,1,1,1,1,0,0,1,0,0
NUAA,W9,24,force_z,LinearBiasDrift,7,3,0.681708998621901,0.681708998621901,0.681708998621901,1.04192022405522,0,0,NaN,NaN,0,0,0,0,0
NUAA,W9,24,force_z,GainDrift,7,2,1.62615880332545,1.15916600249054,1.19209932527613,1.17669573257219,1,1,1,2,0,0,1,0,0
NUAA,W9,24,force_z,ColoredNoiseRamp,7,3,0.886099636647386,0.986693036683075,0.986693036683075,1.04192022405522,1,1,1,1,0,0,1,0,0
NUAA,W9,24,force_z,IntermittentRecordDropout,7,2,1.02463931814393,1.08019401750873,1.08019401750873,1.17669573257219,1,1,5,5,0,0,1,0,0
NUAA,W9,24,vibration_x,LinearBiasDrift,7,3,0.85662794070013,0.85662794070013,0.85662794070013,0.919176811023263,0,0,NaN,NaN,0,0,0,0,0
NUAA,W9,24,vibration_x,GainDrift,7,2,0.990911357369667,0.990911357369667,0.990911357369667,1.0208891909053,0,0,NaN,NaN,0,0,0,0,0
NUAA,W9,24,vibration_x,ColoredNoiseRamp,7,2,0.960225190787183,0.960225190787183,0.960225190787183,1.0208891909053,0,0,NaN,NaN,0,0,0,0,0
NUAA,W9,24,vibration_x,IntermittentRecordDropout,7,3,0.804796460022347,0.853498770238372,0.919176811023263,0.919176811023263,1,1,0,0,0,0,1,0,0
NUAA,W9,24,vibration_y,LinearBiasDrift,7,2,0.990794860928198,0.990794860928198,0.990794860928198,1.08870633344585,0,0,NaN,NaN,0,0,0,0,0
NUAA,W9,24,vibration_y,GainDrift,7,3,0.820085450110916,0.820085450110916,0.820085450110916,0.988182554004008,0,0,NaN,NaN,0,0,0,0,0
NUAA,W9,24,vibration_y,ColoredNoiseRamp,7,2,0.924835976885858,0.924835976885858,0.924835976885858,1.08870633344585,0,0,NaN,NaN,0,0,0,0,0
NUAA,W9,24,vibration_y,IntermittentRecordDropout,7,3,0.801850435610307,0.951822558571203,0.951822558571203,0.988182554004008,1,1,2,2,0,0,1,0,0
NUAA,W9,25,force_z,LinearBiasDrift,7,2,0.852492091192314,0.852492091192314,0.852492091192314,1.17669573257219,0,0,NaN,NaN,0,0,0,0,0
NUAA,W9,25,force_z,GainDrift,7,2,1.7579508280954,1.16546484222997,1.21089453515397,1.17669573257219,1,1,1,2,0,0,1,0,0
NUAA,W9,25,force_z,ColoredNoiseRamp,7,2,0.814535773292297,1.00250285748815,0.948490608747787,1.17669573257219,1,1,2,4,0,0,1,0,0
NUAA,W9,25,force_z,IntermittentRecordDropout,7,3,1.00650170711932,0.994143145769891,0.994143145769891,1.04192022405522,1,1,2,2,0,0,3,0,0
NUAA,W9,25,vibration_x,LinearBiasDrift,7,2,0.970247228013311,0.970247228013311,0.970247228013311,1.0208891909053,0,0,NaN,NaN,0,0,0,0,0
NUAA,W9,25,vibration_x,GainDrift,7,3,0.867153081551094,0.867153081551094,0.867153081551094,0.919176811023263,0,0,NaN,NaN,0,0,0,0,0
NUAA,W9,25,vibration_x,ColoredNoiseRamp,7,2,0.986896090824919,0.986896090824919,0.986896090824919,1.0208891909053,0,0,NaN,NaN,0,0,0,0,0
NUAA,W9,25,vibration_x,IntermittentRecordDropout,7,3,0.795257858183173,0.885505757733464,0.91385252137016,0.919176811023263,1,1,1,1,0,0,1,0,0
NUAA,W9,25,vibration_y,LinearBiasDrift,7,2,1.04505406441279,1.03856924649968,1.04505406441279,1.08870633344585,1,0,5,NaN,0,0,0,0,0
NUAA,W9,25,vibration_y,GainDrift,7,3,0.820420349295751,0.820420349295751,0.820420349295751,0.988182554004008,0,0,NaN,NaN,0,0,0,0,0
NUAA,W9,25,vibration_y,ColoredNoiseRamp,7,2,0.878188640419974,0.878188640419974,0.878188640419974,1.08870633344585,0,0,NaN,NaN,0,0,0,0,0
NUAA,W9,25,vibration_y,IntermittentRecordDropout,7,2,0.927689096506673,1.04701436434717,1.07051958107696,1.08870633344585,1,1,2,2,0,0,1,0,0
NUAA,W9,26,force_z,LinearBiasDrift,7,3,0.927969776718213,0.927969776718213,0.927969776718213,1.04192022405522,0,0,NaN,NaN,0,0,0,0,0
NUAA,W9,26,force_z,GainDrift,7,3,1.67875074902929,1.06082491540647,1.13082149166649,1.04192022405522,1,1,1,2,0,0,1,0,0
NUAA,W9,26,force_z,ColoredNoiseRamp,7,3,0.860947414349506,0.993778671834977,0.883016431895726,1.04192022405522,1,1,1,2,0,0,1,0,0
NUAA,W9,26,force_z,IntermittentRecordDropout,7,2,1.07662328379486,1.08456804652249,1.09872543968486,1.17669573257219,1,1,1,5,0,0,1,0,0
NUAA,W9,26,vibration_x,LinearBiasDrift,7,2,0.992072597117341,0.992072597117341,0.992072597117341,1.0208891909053,0,0,NaN,NaN,0,0,0,0,0
NUAA,W9,26,vibration_x,GainDrift,7,3,0.859259185961559,0.859259185961559,0.859259185961559,0.919176811023263,0,0,NaN,NaN,0,0,0,0,0
NUAA,W9,26,vibration_x,ColoredNoiseRamp,7,2,0.95127092344375,0.95127092344375,0.95127092344375,1.0208891909053,0,0,NaN,NaN,0,0,0,0,0
NUAA,W9,26,vibration_x,IntermittentRecordDropout,7,2,0.936097009980491,0.96841673966686,1.01985731409794,1.0208891909053,1,1,3,3,0,0,1,0,0
NUAA,W9,26,vibration_y,LinearBiasDrift,7,3,0.684699837786166,0.826072091069775,0.798478954846416,0.988182554004008,1,1,3,4,0,0,1,0,0
NUAA,W9,26,vibration_y,GainDrift,7,2,0.940849995042744,0.940849995042744,0.940849995042744,1.08870633344585,0,0,NaN,NaN,0,0,0,0,0
NUAA,W9,26,vibration_y,ColoredNoiseRamp,7,2,0.891652949276972,0.928371712319329,0.891652949276972,1.08870633344585,1,0,5,NaN,0,0,0,0,0
NUAA,W9,26,vibration_y,IntermittentRecordDropout,7,2,0.927633456008237,1.07051958107696,1.07051958107696,1.08870633344585,1,1,2,2,0,0,1,0,0
NUAA,W9,27,force_z,LinearBiasDrift,7,3,0.924231515436904,0.924231515436904,0.924231515436904,1.04192022405522,0,0,NaN,NaN,0,0,0,0,0
NUAA,W9,27,force_z,GainDrift,7,2,0.777714447715821,1.08442870652021,0.969089497820014,1.17669573257219,1,1,1,2,0,0,1,0,0
NUAA,W9,27,force_z,ColoredNoiseRamp,7,2,1.35037272251688,1.09757240958201,0.998618179637008,1.17669573257219,1,1,1,2,0,0,1,0,0
NUAA,W9,27,force_z,IntermittentRecordDropout,7,2,1.13795212585151,1.08883028810804,1.0912406406168,1.17669573257219,1,1,1,3,0,0,1,0,0
NUAA,W9,27,vibration_x,LinearBiasDrift,7,3,0.855903479688422,0.855903479688422,0.855903479688422,0.919176811023263,0,0,NaN,NaN,0,0,0,0,0
NUAA,W9,27,vibration_x,GainDrift,7,2,0.986984823683543,0.986984823683543,0.986984823683543,1.0208891909053,0,0,NaN,NaN,0,0,0,0,0
NUAA,W9,27,vibration_x,ColoredNoiseRamp,7,3,0.854110315407745,0.854110315407745,0.854110315407745,0.919176811023263,0,0,NaN,NaN,0,0,0,0,0
NUAA,W9,27,vibration_x,IntermittentRecordDropout,7,2,0.918898500944469,0.992809359278573,1.0208891909053,1.0208891909053,1,1,0,0,0,0,1,0,0
NUAA,W9,27,vibration_y,LinearBiasDrift,7,2,1.03119167744521,1.03119167744521,1.03119167744521,1.08870633344585,0,0,NaN,NaN,0,0,0,0,0
NUAA,W9,27,vibration_y,GainDrift,7,2,0.949073071931253,0.949073071931253,0.949073071931253,1.08870633344585,0,0,NaN,NaN,0,0,0,0,0
NUAA,W9,27,vibration_y,ColoredNoiseRamp,7,3,0.75658594258213,0.81480589263618,0.75658594258213,0.988182554004008,1,0,4,NaN,0,0,0,0,0
NUAA,W9,27,vibration_y,IntermittentRecordDropout,7,2,0.922525555368778,1.08181962851138,1.08181962851138,1.08870633344585,1,1,1,1,0,0,1,0,0
NUAA,W9,28,force_z,LinearBiasDrift,7,3,0.928816433944936,0.928816433944936,0.928816433944936,1.04192022405522,0,0,NaN,NaN,0,0,0,0,0
NUAA,W9,28,force_z,GainDrift,7,2,0.751800577143858,1.08735143909835,0.977810686879499,1.17669573257219,1,1,1,2,0,0,1,0,0
NUAA,W9,28,force_z,ColoredNoiseRamp,7,2,0.736782904460685,1.07223581839442,0.94473272948071,1.17669573257219,1,1,2,3,0,0,1,0,0
NUAA,W9,28,force_z,IntermittentRecordDropout,7,2,1.10770198192393,1.07091575713488,1.08146465303949,1.17669573257219,1,1,3,5,0,0,1,0,0
NUAA,W9,28,vibration_x,LinearBiasDrift,7,2,0.887142800180858,0.887142800180858,0.887142800180858,1.0208891909053,0,0,NaN,NaN,0,0,0,0,0
NUAA,W9,28,vibration_x,GainDrift,7,2,0.995643948068665,0.995643948068665,0.995643948068665,1.0208891909053,0,0,NaN,NaN,0,0,0,0,0
NUAA,W9,28,vibration_x,ColoredNoiseRamp,7,3,0.870534808375622,0.870534808375622,0.870534808375622,0.919176811023263,0,0,NaN,NaN,0,0,0,0,0
NUAA,W9,28,vibration_x,IntermittentRecordDropout,7,3,0.803539559659023,0.853498770238372,0.919176811023263,0.919176811023263,1,1,0,0,0,0,1,0,0
NUAA,W9,28,vibration_y,LinearBiasDrift,7,2,1.03761349951144,1.03331832616441,1.03761349951144,1.08870633344585,1,0,5,NaN,0,0,0,0,0
NUAA,W9,28,vibration_y,GainDrift,7,2,0.941636753962503,0.941636753962503,0.941636753962503,1.08870633344585,0,0,NaN,NaN,0,0,0,0,0
NUAA,W9,28,vibration_y,ColoredNoiseRamp,7,3,0.810855785435971,0.810855785435971,0.810855785435971,0.988182554004008,0,0,NaN,NaN,0,0,0,0,0
NUAA,W9,28,vibration_y,IntermittentRecordDropout,7,2,0.924953096268127,1.03878866569217,1.08181962851138,1.08870633344585,1,1,1,1,0,0,1,0,0
NUAA,W9,29,force_z,LinearBiasDrift,7,3,0.753011752445285,0.753011752445285,0.753011752445285,1.04192022405522,0,0,NaN,NaN,0,0,0,0,0
NUAA,W9,29,force_z,GainDrift,7,2,1.68871082742544,1.16215560050204,1.20102003518475,1.17669573257219,1,1,1,2,0,0,1,0,0
NUAA,W9,29,force_z,ColoredNoiseRamp,7,2,0.781246482454843,1.0912789277289,0.911589821629827,1.17669573257219,1,1,2,4,0,0,1,0,0
NUAA,W9,29,force_z,IntermittentRecordDropout,7,2,1.08353675129637,1.08043363565997,1.08043363565997,1.17669573257219,1,1,2,2,0,0,3,0,0
NUAA,W9,29,vibration_x,LinearBiasDrift,7,2,1.01522282986327,1.01522282986327,1.01522282986327,1.0208891909053,0,0,NaN,NaN,0,0,0,0,0
NUAA,W9,29,vibration_x,GainDrift,7,3,0.79449263866024,0.79449263866024,0.79449263866024,0.919176811023263,0,0,NaN,NaN,0,0,0,0,0
NUAA,W9,29,vibration_x,ColoredNoiseRamp,7,2,0.966666548340693,0.966666548340693,0.966666548340693,1.0208891909053,0,0,NaN,NaN,0,0,0,0,0
NUAA,W9,29,vibration_x,IntermittentRecordDropout,7,3,0.795599070005913,0.913827776707887,0.913827776707887,0.919176811023263,1,1,2,2,0,0,1,0,0
NUAA,W9,29,vibration_y,LinearBiasDrift,7,3,0.671502188649606,0.909029956980675,0.796528237676366,0.988182554004008,1,1,2,4,0,0,1,0,0
NUAA,W9,29,vibration_y,GainDrift,7,3,0.826786696792486,0.826786696792486,0.826786696792486,0.988182554004008,0,0,NaN,NaN,0,0,0,0,0
NUAA,W9,29,vibration_y,ColoredNoiseRamp,7,3,0.78949737099078,0.78949737099078,0.78949737099078,0.988182554004008,0,0,NaN,NaN,0,0,0,0,0
NUAA,W9,29,vibration_y,IntermittentRecordDropout,7,3,0.815170935597878,0.851958583829644,0.851958583829644,0.988182554004008,1,1,4,4,0,0,1,0,0
NUAA,W9,30,force_z,LinearBiasDrift,7,2,0.780870743673023,0.780870743673023,0.780870743673023,1.17669573257219,0,0,NaN,NaN,0,0,0,0,0
NUAA,W9,30,force_z,GainDrift,7,3,0.619165323058002,0.958597606497005,0.811809988283854,1.04192022405522,1,1,1,2,0,0,1,0,0
NUAA,W9,30,force_z,ColoredNoiseRamp,7,3,0.902368406648396,0.970128289015205,0.817533004946543,1.04192022405522,1,1,1,2,0,0,1,0,0
NUAA,W9,30,force_z,IntermittentRecordDropout,7,2,1.05957980308549,1.05715741533562,1.05268494640262,1.17669573257219,1,1,3,3,0,0,1,0,0
NUAA,W9,30,vibration_x,LinearBiasDrift,7,2,0.874492653845716,0.874492653845716,0.874492653845716,1.0208891909053,0,0,NaN,NaN,0,0,0,0,0
NUAA,W9,30,vibration_x,GainDrift,7,3,0.881230742319883,0.881230742319883,0.881230742319883,0.919176811023263,0,0,NaN,NaN,0,0,0,0,0
NUAA,W9,30,vibration_x,ColoredNoiseRamp,7,2,0.977525532772757,0.977525532772757,0.977525532772757,1.0208891909053,0,0,NaN,NaN,0,0,0,0,0
NUAA,W9,30,vibration_x,IntermittentRecordDropout,7,3,0.82375232375389,0.82375232375389,0.82375232375389,0.919176811023263,0,0,NaN,NaN,0,0,0,0,0
NUAA,W9,30,vibration_y,LinearBiasDrift,7,3,0.890238510188797,0.890238510188797,0.890238510188797,0.988182554004008,0,0,NaN,NaN,0,0,0,0,0
NUAA,W9,30,vibration_y,GainDrift,7,2,0.941172282487169,0.941172282487169,0.941172282487169,1.08870633344585,0,0,NaN,NaN,0,0,0,0,0
NUAA,W9,30,vibration_y,ColoredNoiseRamp,7,3,0.76797194558536,0.76797194558536,0.76797194558536,0.988182554004008,0,0,NaN,NaN,0,0,0,0,0
NUAA,W9,30,vibration_y,IntermittentRecordDropout,7,2,0.925537892843423,1.02263066361969,1.08181962851138,1.08870633344585,1,1,1,1,0,0,1,0,0
PHM2010,c1,0,None,Clean,315,Inf,1,1,1,1,0,0,NaN,NaN,0.053968253968254,0.142857142857143,15,0.053968253968254,0.142857142857143
PHM2010,c1,1,force_z,LinearBiasDrift,315,141,1.0052120057227,1.26833383981146,1.2724827032401,1.26995033613666,1,1,60,57,0.0571428571428571,0.242857142857143,11,0.0571428571428571,0.242857142857143
PHM2010,c1,1,force_z,GainDrift,315,113,1.60208308470155,1.62274295138616,1.64256949570896,1.16386843741438,1,1,8,8,0.0535714285714286,0.125,15,0.0535714285714286,0.125
PHM2010,c1,1,force_z,ColoredNoiseRamp,315,138,1.316466258467,1.26742758532085,1.30973864395646,1.25722999792683,1,1,100,0,0.0583941605839416,0.226277372262774,17,0.0583941605839416,0.226277372262774
PHM2010,c1,1,force_z,IntermittentRecordDropout,315,82,0.958529448426961,1.07398893531682,1.04104989606289,1.04104989606289,1,1,0,0,0.0617283950617284,0.172839506172839,5,0.0617283950617284,0.172839506172839
PHM2010,c1,1,vibration_x,LinearBiasDrift,315,134,1.29238539742959,1.31285813791767,1.38982881362797,1.60861599779417,1,1,145,145,0.0601503759398496,0.203007518796992,11,0.0601503759398496,0.203007518796992
PHM2010,c1,1,vibration_x,GainDrift,315,128,1.66846753859647,1.66748603100152,1.65615844492825,1.5665995169149,1,1,151,151,0.062992125984252,0.165354330708661,15,0.062992125984252,0.165354330708661
PHM2010,c1,1,vibration_x,ColoredNoiseRamp,315,85,1.22311232275072,1.22877933607424,1.23371926760424,1.36708468872808,1,1,220,220,0.0595238095238095,0.166666666666667,11,0.0595238095238095,0.166666666666667
PHM2010,c1,1,vibration_x,IntermittentRecordDropout,315,64,1.01733225083,1.23710374642864,1.32087611209045,1.34196736106142,1,1,2,3,0.0476190476190476,0.222222222222222,34,0.0476190476190476,0.222222222222222
PHM2010,c1,1,vibration_y,LinearBiasDrift,315,118,1.21127143592072,1.22698649100368,1.23923919194872,1.47506088753207,1,0,24,NaN,0.0512820512820513,0.11965811965812,15,0.0512820512820513,0.11965811965812
PHM2010,c1,1,vibration_y,GainDrift,315,104,0.92699765113137,0.933065407967689,0.935099115877528,1.39755484114993,1,0,38,NaN,0.0485436893203883,0.135922330097087,15,0.0485436893203883,0.135922330097087
PHM2010,c1,1,vibration_y,ColoredNoiseRamp,315,83,1.38610017483986,1.41030686267345,1.44253849218973,1.31976916161144,0,0,NaN,NaN,0.0609756097560976,0.170731707317073,15,0.0609756097560976,0.170731707317073
PHM2010,c1,1,vibration_y,IntermittentRecordDropout,315,119,1.22891930426498,1.25747741245175,1.30217693794414,1.47914720486134,1,1,23,143,0.0508474576271186,0.11864406779661,23,0.0508474576271186,0.11864406779661
PHM2010,c1,2,force_z,LinearBiasDrift,315,140,0.988540900860851,1.25929214560822,1.2666682370508,1.26483076016785,1,1,61,0,0.0575539568345324,0.237410071942446,11,0.0575539568345324,0.237410071942446
PHM2010,c1,2,force_z,GainDrift,315,123,1.87743914307543,1.89007318674928,1.88620600531481,1.19312156863748,1,1,189,0,0.0573770491803279,0.131147540983607,15,0.0573770491803279,0.131147540983607
PHM2010,c1,2,force_z,ColoredNoiseRamp,315,89,1.14671231096145,1.08379929213802,1.10303369219347,1.06053857212192,1,1,110,138,0.0568181818181818,0.159090909090909,15,0.0568181818181818,0.159090909090909
PHM2010,c1,2,force_z,IntermittentRecordDropout,315,93,0.975315531494768,1.09762324272513,1.08084748747062,1.07648301462512,1,1,14,28,0.0543478260869565,0.152173913043478,5,0.0543478260869565,0.152173913043478
PHM2010,c1,2,vibration_x,LinearBiasDrift,315,69,1.06954617417069,1.0864195533131,1.16965403411117,1.3464134858641,1,1,56,210,0.0588235294117647,0.205882352941176,9,0.0588235294117647,0.205882352941176
PHM2010,c1,2,vibration_x,GainDrift,315,69,0.80503361313716,0.823008253648481,0.842274606692588,1.3464134858641,1,1,56,210,0.0588235294117647,0.205882352941176,15,0.0588235294117647,0.205882352941176
PHM2010,c1,2,vibration_x,ColoredNoiseRamp,315,119,1.56971087865124,1.57039790776997,1.56673902440844,1.51259031268958,1,1,186,186,0.0508474576271186,0.11864406779661,9,0.0508474576271186,0.11864406779661
PHM2010,c1,2,vibration_x,IntermittentRecordDropout,315,85,1.07433622420188,1.25321248334098,1.33994636110968,1.36708468872808,1,1,5,10,0.0595238095238095,0.166666666666667,39,0.0595238095238095,0.166666666666667
PHM2010,c1,2,vibration_y,LinearBiasDrift,315,89,1.27020865818695,1.29610702223274,1.32674083098751,1.3371349051724,1,0,53,NaN,0.0568181818181818,0.159090909090909,15,0.0568181818181818,0.159090909090909
PHM2010,c1,2,vibration_y,GainDrift,315,140,1.5775989350773,1.60559523922358,1.63434076581578,1.60459038130926,1,0,2,NaN,0.0575539568345324,0.237410071942446,15,0.0575539568345324,0.237410071942446
PHM2010,c1,2,vibration_y,ColoredNoiseRamp,315,104,1.22215508629387,1.24090472997224,1.26187632249219,1.39755484114993,0,0,NaN,NaN,0.0485436893203883,0.135922330097087,15,0.0485436893203883,0.135922330097087
PHM2010,c1,2,vibration_y,IntermittentRecordDropout,315,102,1.1559025596994,1.17924497659511,1.22462319756065,1.38610826352672,1,1,60,117,0.0495049504950495,0.138613861386139,22,0.0495049504950495,0.138613861386139
PHM2010,c1,3,force_z,LinearBiasDrift,315,77,1.42246921056436,1.1925266827951,1.1483456968355,1.03033114145539,1,1,44,44,0.0657894736842105,0.184210526315789,11,0.0657894736842105,0.184210526315789
PHM2010,c1,3,force_z,GainDrift,315,128,0.907835715859392,0.901219247290928,0.897131742963645,1.20698280288318,0,1,NaN,0,0.062992125984252,0.165354330708661,15,0.062992125984252,0.165354330708661
PHM2010,c1,3,force_z,ColoredNoiseRamp,315,116,1.30832262010715,1.23571748331453,1.20549182173182,1.17392216021225,1,1,91,95,0.0521739130434783,0.121739130434783,19,0.0521739130434783,0.121739130434783
PHM2010,c1,3,force_z,IntermittentRecordDropout,315,132,1.13804374318344,1.27671766423521,1.22927115934086,1.23037415348129,1,1,2,0,0.0610687022900763,0.190839694656489,7,0.0610687022900763,0.190839694656489
PHM2010,c1,3,vibration_x,LinearBiasDrift,315,74,1.0826429464444,1.13196855662417,1.19745781785162,1.34928991156813,1,1,51,191,0.0684931506849315,0.191780821917808,7,0.0684931506849315,0.191780821917808
PHM2010,c1,3,vibration_x,GainDrift,315,100,0.956662212699191,0.977614211140997,1.0029841036794,1.4143863782723,1,1,25,179,0.0505050505050505,0.141414141414141,15,0.0505050505050505,0.141414141414141
PHM2010,c1,3,vibration_x,ColoredNoiseRamp,315,102,1.45164369012948,1.44978158114551,1.45465720494499,1.42082929666054,1,1,203,203,0.0495049504950495,0.138613861386139,11,0.0495049504950495,0.138613861386139
PHM2010,c1,3,vibration_x,IntermittentRecordDropout,315,97,1.09873036300481,1.31643637444226,1.40930021230143,1.40415307437773,1,1,8,8,0.0520833333333333,0.145833333333333,28,0.0520833333333333,0.145833333333333
PHM2010,c1,3,vibration_y,LinearBiasDrift,315,125,1.23341423006446,1.24949692016012,1.26144601443005,1.50670702888612,1,0,17,NaN,0.0564516129032258,0.145161290322581,15,0.0564516129032258,0.145161290322581
PHM2010,c1,3,vibration_y,GainDrift,315,66,0.843215941524785,0.84869565624294,0.8472975695775,1.30097237785294,1,0,4,NaN,0.0615384615384615,0.215384615384615,15,0.0615384615384615,0.215384615384615
PHM2010,c1,3,vibration_y,ColoredNoiseRamp,315,90,1.29647276318471,1.31808054158182,1.34629306939526,1.34106111824886,0,0,NaN,NaN,0.0561797752808989,0.157303370786517,15,0.0561797752808989,0.157303370786517
PHM2010,c1,3,vibration_y,IntermittentRecordDropout,315,134,1.3005010242547,1.32456036372892,1.34123569757027,1.56267885790402,1,1,8,158,0.0601503759398496,0.203007518796992,16,0.0601503759398496,0.203007518796992
PHM2010,c1,4,force_z,LinearBiasDrift,315,96,2.13263976018822,1.17938715415509,1.15692346722375,1.08905699565766,1,1,25,25,0.0526315789473684,0.147368421052632,11,0.0526315789473684,0.147368421052632
PHM2010,c1,4,force_z,GainDrift,315,78,0.789706590129851,0.785235928636096,0.788218308342719,1.03201510652544,1,1,29,43,0.0649350649350649,0.181818181818182,15,0.0649350649350649,0.181818181818182
PHM2010,c1,4,force_z,ColoredNoiseRamp,315,137,1.28268379607372,1.25936945235132,1.26756492500245,1.25304503731305,1,1,111,0,0.0588235294117647,0.220588235294118,17,0.0588235294117647,0.220588235294118
PHM2010,c1,4,force_z,IntermittentRecordDropout,315,98,0.996325927448012,1.11276528968894,1.0978036162784,1.09562791891543,1,1,0,0,0.0515463917525773,0.144329896907216,7,0.0515463917525773,0.144329896907216
PHM2010,c1,4,vibration_x,LinearBiasDrift,315,70,1.07383846196469,1.10405605893677,1.18313649677605,1.34841606671412,1,1,55,208,0.0579710144927536,0.202898550724638,7,0.0579710144927536,0.202898550724638
PHM2010,c1,4,vibration_x,GainDrift,315,71,0.884386155929702,0.903512679139343,0.925469718581978,1.34924221396103,1,1,54,208,0.0714285714285714,0.2,15,0.0714285714285714,0.2
PHM2010,c1,4,vibration_x,ColoredNoiseRamp,315,132,1.93864359004728,1.88480763308104,1.78926723325107,1.59563251882032,1,1,146,146,0.0610687022900763,0.190839694656489,11,0.0610687022900763,0.190839694656489
PHM2010,c1,4,vibration_x,IntermittentRecordDropout,315,72,1.04432181095799,1.23800035660245,1.32147695260649,1.35038921690328,1,1,4,16,0.0704225352112676,0.197183098591549,33,0.0704225352112676,0.197183098591549
PHM2010,c1,4,vibration_y,LinearBiasDrift,315,140,1.37327989342768,1.39806004297163,1.41718551149546,1.60459038130926,1,0,2,NaN,0.0575539568345324,0.237410071942446,15,0.0575539568345324,0.237410071942446
PHM2010,c1,4,vibration_y,GainDrift,315,88,1.28668078349016,1.30642432188887,1.33245678636049,1.33517287051127,1,0,54,NaN,0.0574712643678161,0.160919540229885,15,0.0574712643678161,0.160919540229885
PHM2010,c1,4,vibration_y,ColoredNoiseRamp,315,95,1.2022431803626,1.22019980357384,1.24245317308992,1.36078573258837,0,0,NaN,NaN,0.0531914893617021,0.148936170212766,15,0.0531914893617021,0.148936170212766
PHM2010,c1,4,vibration_y,IntermittentRecordDropout,315,77,1.08792198416986,1.09930450122845,1.12007382406687,1.31115816871313,1,1,65,199,0.0657894736842105,0.184210526315789,19,0.0657894736842105,0.184210526315789
PHM2010,c1,5,force_z,LinearBiasDrift,315,63,1.36697717044088,1.18260642038009,1.12126074340682,0.995382836452933,1,1,58,58,0.0483870967741935,0.225806451612903,11,0.0483870967741935,0.225806451612903
PHM2010,c1,5,force_z,GainDrift,315,93,0.8636299417045,0.869925791454915,0.882058241047629,1.07648301462512,1,1,14,28,0.0543478260869565,0.152173913043478,15,0.0543478260869565,0.152173913043478
PHM2010,c1,5,force_z,ColoredNoiseRamp,315,81,1.05183294836127,1.04199879598394,1.05119143665571,1.039419775249,1,1,163,163,0.0625,0.175,27,0.0625,0.175
PHM2010,c1,5,force_z,IntermittentRecordDropout,315,84,0.959257302703623,1.089773540576,1.04865908729617,1.04854026301534,1,1,0,0,0.0602409638554217,0.168674698795181,7,0.0602409638554217,0.168674698795181
PHM2010,c1,5,vibration_x,LinearBiasDrift,315,85,1.22394438189707,1.25480305333559,1.29187413075639,1.36708468872808,1,1,40,194,0.0595238095238095,0.166666666666667,7,0.0595238095238095,0.166666666666667
PHM2010,c1,5,vibration_x,GainDrift,315,101,1.67600403745066,1.66799550441382,1.63267986842197,1.41740596027109,1,1,24,178,0.05,0.14,11,0.05,0.14
PHM2010,c1,5,vibration_x,ColoredNoiseRamp,315,134,1.58507089470822,1.58799226284136,1.5876457811118,1.60861599779417,1,1,171,171,0.0601503759398496,0.203007518796992,11,0.0601503759398496,0.203007518796992
PHM2010,c1,5,vibration_x,IntermittentRecordDropout,315,84,1.06159259446065,1.25811748132358,1.34871209636719,1.36564668372014,1,1,22,22,0.0602409638554217,0.168674698795181,27,0.0602409638554217,0.168674698795181
PHM2010,c1,5,vibration_y,LinearBiasDrift,315,137,1.41088520948403,1.43913773094177,1.46653938732347,1.58268996461034,1,0,5,NaN,0.0588235294117647,0.220588235294118,15,0.0588235294117647,0.220588235294118
PHM2010,c1,5,vibration_y,GainDrift,315,112,1.55424614608894,1.5808853264818,1.61692916286105,1.44158623897558,1,0,30,NaN,0.0540540540540541,0.126126126126126,15,0.0540540540540541,0.126126126126126
PHM2010,c1,5,vibration_y,ColoredNoiseRamp,315,131,1.4081427842351,1.43188744306328,1.4599980858784,1.54202147957778,0,0,NaN,NaN,0.0615384615384615,0.184615384615385,15,0.0615384615384615,0.184615384615385
PHM2010,c1,5,vibration_y,IntermittentRecordDropout,315,108,1.19117799673683,1.21154271900199,1.21850715612195,1.41773370888395,1,1,34,158,0.0560747663551402,0.130841121495327,17,0.0560747663551402,0.130841121495327
PHM2010,c1,6,force_z,LinearBiasDrift,315,108,2.46407045075998,1.23085875541143,1.21594905911898,1.14309741092112,1,1,13,13,0.0560747663551402,0.130841121495327,11,0.0560747663551402,0.130841121495327
PHM2010,c1,6,force_z,GainDrift,315,88,0.827677365349853,0.819441108700782,0.817013273598244,1.05904480770182,1,1,19,33,0.0574712643678161,0.160919540229885,15,0.0574712643678161,0.160919540229885
PHM2010,c1,6,force_z,ColoredNoiseRamp,315,97,1.3772248647744,1.15069880236302,1.11247646225289,1.09275041828669,1,1,97,97,0.0520833333333333,0.145833333333333,17,0.0520833333333333,0.145833333333333
PHM2010,c1,6,force_z,IntermittentRecordDropout,315,64,0.912286332387642,1.0375651800602,1.00154360299179,0.997207916524792,1,1,3,3,0.0476190476190476,0.222222222222222,7,0.0476190476190476,0.222222222222222
PHM2010,c1,6,vibration_x,LinearBiasDrift,315,101,1.34328491525251,1.37461383295721,1.4043373843962,1.41740596027109,1,1,24,146,0.05,0.14,7,0.05,0.14
PHM2010,c1,6,vibration_x,GainDrift,315,138,0.962479244150072,0.980950782719383,1.00600700181454,1.63703351132186,1,1,141,141,0.0583941605839416,0.226277372262774,15,0.0583941605839416,0.226277372262774
PHM2010,c1,6,vibration_x,ColoredNoiseRamp,315,112,1.30506878718799,1.31210393357539,1.31448688889101,1.46965448250227,1,1,193,193,0.0540540540540541,0.126126126126126,11,0.0540540540540541,0.126126126126126
PHM2010,c1,6,vibration_x,IntermittentRecordDropout,315,122,1.19890678301138,1.43911092185827,1.54687909384937,1.5305303521506,1,1,3,48,0.0578512396694215,0.12396694214876,19,0.0578512396694215,0.12396694214876
PHM2010,c1,6,vibration_y,LinearBiasDrift,315,94,1.10945746194518,1.12291950395992,1.13406502450463,1.35637054174965,1,0,48,NaN,0.0537634408602151,0.150537634408602,15,0.0537634408602151,0.150537634408602
PHM2010,c1,6,vibration_y,GainDrift,315,82,1.42591897483909,1.44853486447223,1.48186856471148,1.31658702835753,1,0,60,NaN,0.0617283950617284,0.172839506172839,15,0.0617283950617284,0.172839506172839
PHM2010,c1,6,vibration_y,ColoredNoiseRamp,315,102,1.37886145712208,1.40416257714979,1.4342255038656,1.38610826352672,0,0,NaN,NaN,0.0495049504950495,0.138613861386139,15,0.0495049504950495,0.138613861386139
PHM2010,c1,6,vibration_y,IntermittentRecordDropout,315,89,1.11447984166525,1.12721628504887,1.16320367633328,1.3371349051724,1,1,53,169,0.0568181818181818,0.159090909090909,23,0.0568181818181818,0.159090909090909
PHM2010,c1,7,force_z,LinearBiasDrift,315,69,2.04103555756739,1.12364277455299,1.0873057793085,1.00945272935261,1,1,52,52,0.0588235294117647,0.205882352941176,11,0.0588235294117647,0.205882352941176
PHM2010,c1,7,force_z,GainDrift,315,130,2.00347730827505,2.01611269085843,1.99255961721676,1.21730630431127,1,1,182,0,0.062015503875969,0.178294573643411,17,0.062015503875969,0.178294573643411
PHM2010,c1,7,force_z,ColoredNoiseRamp,315,136,1.29122719108464,1.2428108755627,1.27180287380211,1.24869442867587,1,1,101,0,0.0592592592592593,0.214814814814815,21,0.0592592592592593,0.214814814814815
PHM2010,c1,7,force_z,IntermittentRecordDropout,315,140,1.16849367431339,1.31058217676322,1.265502335281,1.26483076016785,1,1,28,0,0.0575539568345324,0.237410071942446,7,0.0575539568345324,0.237410071942446
PHM2010,c1,7,vibration_x,LinearBiasDrift,315,95,1.32789540476493,1.35366130690159,1.39536407654257,1.3959840250402,1,1,30,143,0.0531914893617021,0.148936170212766,9,0.0531914893617021,0.148936170212766
PHM2010,c1,7,vibration_x,GainDrift,315,107,0.985534197015383,1.00708515832346,1.03356641413114,1.44263335071061,1,1,18,172,0.0471698113207547,0.132075471698113,15,0.0471698113207547,0.132075471698113
PHM2010,c1,7,vibration_x,ColoredNoiseRamp,315,91,1.289071391517,1.29529806301702,1.30158436875372,1.38404717526615,1,1,214,214,0.0555555555555556,0.155555555555556,11,0.0555555555555556,0.155555555555556
PHM2010,c1,7,vibration_x,IntermittentRecordDropout,315,134,1.24561556735223,1.50147100347921,1.60386906221898,1.60861599779417,1,1,3,10,0.0601503759398496,0.203007518796992,33,0.0601503759398496,0.203007518796992
PHM2010,c1,7,vibration_y,LinearBiasDrift,315,129,1.36446086474924,1.39161962810803,1.41939146472403,1.52891917000234,1,0,13,NaN,0.0625,0.171875,15,0.0625,0.171875
PHM2010,c1,7,vibration_y,GainDrift,315,138,1.58013746077707,1.60815703683657,1.63899372437328,1.59120075621793,1,0,4,NaN,0.0583941605839416,0.226277372262774,15,0.0583941605839416,0.226277372262774
PHM2010,c1,7,vibration_y,ColoredNoiseRamp,315,103,1.24989972726442,1.26937231513646,1.29348871998335,1.39250820549663,0,0,NaN,NaN,0.0490196078431373,0.137254901960784,15,0.0490196078431373,0.137254901960784
PHM2010,c1,7,vibration_y,IntermittentRecordDropout,315,87,1.11169403772824,1.14146644476842,1.15154604255543,1.33265459075535,1,1,55,224,0.0581395348837209,0.162790697674419,17,0.0581395348837209,0.162790697674419
PHM2010,c1,8,force_z,LinearBiasDrift,315,104,2.43787705845124,1.21212256342325,1.19994837875176,1.12349031480915,1,1,17,17,0.0485436893203883,0.135922330097087,11,0.0485436893203883,0.135922330097087
PHM2010,c1,8,force_z,GainDrift,315,127,1.97242442632969,1.98497095307802,1.96323695201006,1.20629013551529,1,1,185,0,0.0634920634920635,0.158730158730159,17,0.0634920634920635,0.158730158730159
PHM2010,c1,8,force_z,ColoredNoiseRamp,315,79,1.26515341362626,1.08501306681463,1.08692087420998,1.03244484491209,1,1,77,131,0.0641025641025641,0.179487179487179,11,0.0641025641025641,0.179487179487179
PHM2010,c1,8,force_z,IntermittentRecordDropout,315,106,1.02299105581689,1.15281531189285,1.12988247112737,1.13362142818021,1,1,0,0,0.0476190476190476,0.133333333333333,9,0.0476190476190476,0.133333333333333
PHM2010,c1,8,vibration_x,LinearBiasDrift,315,123,1.25308242769119,1.34999734569499,1.3925498257792,1.53753172537108,1,1,2,141,0.0573770491803279,0.131147540983607,7,0.0573770491803279,0.131147540983607
PHM2010,c1,8,vibration_x,GainDrift,315,67,0.796630091086623,0.812782214159545,0.829968724630274,1.3464859202508,1,1,58,212,0.0606060606060606,0.212121212121212,15,0.0606060606060606,0.212121212121212
PHM2010,c1,8,vibration_x,ColoredNoiseRamp,315,97,1.30420439656173,1.30817371305906,1.31373277353802,1.40415307437773,1,1,208,208,0.0520833333333333,0.145833333333333,11,0.0520833333333333,0.145833333333333
PHM2010,c1,8,vibration_x,IntermittentRecordDropout,315,64,1.02007821412275,1.254493016728,1.2978019567113,1.34196736106142,1,1,0,39,0.0476190476190476,0.222222222222222,27,0.0476190476190476,0.222222222222222
PHM2010,c1,8,vibration_y,LinearBiasDrift,315,136,1.35883636518396,1.38359809085917,1.40567125844129,1.57407904701411,1,0,6,NaN,0.0592592592592593,0.214814814814815,15,0.0592592592592593,0.214814814814815
PHM2010,c1,8,vibration_y,GainDrift,315,108,0.929785315498312,0.935934619668683,0.936338092775111,1.41773370888395,1,0,34,NaN,0.0560747663551402,0.130841121495327,15,0.0560747663551402,0.130841121495327
PHM2010,c1,8,vibration_y,ColoredNoiseRamp,315,87,1.30806002693083,1.32968458082981,1.35812498153257,1.33265459075535,0,0,NaN,NaN,0.0581395348837209,0.162790697674419,15,0.0581395348837209,0.162790697674419
PHM2010,c1,8,vibration_y,IntermittentRecordDropout,315,83,1.10494628900823,1.11967500810612,1.13758533491365,1.31976916161144,1,1,59,203,0.0609756097560976,0.170731707317073,19,0.0609756097560976,0.170731707317073
PHM2010,c1,9,force_z,LinearBiasDrift,315,118,2.14308226979492,1.27928486968052,1.24651776967995,1.18099845231981,1,1,3,3,0.0512820512820513,0.11965811965812,11,0.0512820512820513,0.11965811965812
PHM2010,c1,9,force_z,GainDrift,315,79,1.596431725745,1.60679607368246,1.60808694787924,1.03244484491209,1,1,28,42,0.0641025641025641,0.179487179487179,16,0.0641025641025641,0.179487179487179
PHM2010,c1,9,force_z,ColoredNoiseRamp,315,119,1.56307294570142,1.26542403200556,1.24762069202096,1.18286941927231,1,1,68,68,0.0508474576271186,0.11864406779661,19,0.0508474576271186,0.11864406779661
PHM2010,c1,9,force_z,IntermittentRecordDropout,315,74,0.943049372160152,1.06212767918927,1.03060696226911,1.02019094935401,1,1,10,10,0.0684931506849315,0.191780821917808,5,0.0684931506849315,0.191780821917808
PHM2010,c1,9,vibration_x,LinearBiasDrift,315,98,1.13485428871038,1.15127073415239,1.24616007023813,1.40597740368979,1,1,27,181,0.0515463917525773,0.144329896907216,9,0.0515463917525773,0.144329896907216
PHM2010,c1,9,vibration_x,GainDrift,315,137,0.964108613260892,0.984111295649857,1.01113734101416,1.6285099838171,1,1,142,142,0.0588235294117647,0.220588235294118,15,0.0588235294117647,0.220588235294118
PHM2010,c1,9,vibration_x,ColoredNoiseRamp,315,74,1.30158743652333,1.30361105867713,1.30919766841278,1.34928991156813,1,1,231,231,0.0684931506849315,0.191780821917808,11,0.0684931506849315,0.191780821917808
PHM2010,c1,9,vibration_x,IntermittentRecordDropout,315,138,1.26097361528043,1.53946161067857,1.64298875040424,1.63703351132186,1,1,16,16,0.0583941605839416,0.226277372262774,27,0.0583941605839416,0.226277372262774
PHM2010,c1,9,vibration_y,LinearBiasDrift,315,66,1.05881816003866,1.07184612613471,1.08108343007505,1.30097237785294,1,0,4,NaN,0.0615384615384615,0.215384615384615,15,0.0615384615384615,0.215384615384615
PHM2010,c1,9,vibration_y,GainDrift,315,81,0.930649068826749,0.9385386660163,0.944301043163386,1.31673899741478,1,0,61,NaN,0.0625,0.175,15,0.0625,0.175
PHM2010,c1,9,vibration_y,ColoredNoiseRamp,315,65,1.38933178457254,1.41577299688827,1.44760052919291,1.2995666214231,0,0,NaN,NaN,0.046875,0.21875,15,0.046875,0.21875
PHM2010,c1,9,vibration_y,IntermittentRecordDropout,315,82,1.09645766847488,1.11710606257605,1.15856079479632,1.31658702835753,1,1,80,205,0.0617283950617284,0.172839506172839,21,0.0617283950617284,0.172839506172839
PHM2010,c1,10,force_z,LinearBiasDrift,315,64,1.99739407027254,1.11714079284627,1.07896870119412,0.997207916524792,1,1,57,57,0.0476190476190476,0.222222222222222,11,0.0476190476190476,0.222222222222222
PHM2010,c1,10,force_z,GainDrift,315,139,0.963938967811947,0.959865947812899,0.956283890549678,1.26259371344218,0,1,NaN,0,0.0579710144927536,0.231884057971014,15,0.0579710144927536,0.231884057971014
PHM2010,c1,10,force_z,ColoredNoiseRamp,315,135,1.38340024187742,1.31057875653867,1.285004480263,1.24518534136764,1,1,89,0,0.0597014925373134,0.208955223880597,15,0.0597014925373134,0.208955223880597
PHM2010,c1,10,force_z,IntermittentRecordDropout,315,120,1.07993199198981,1.21927086385657,1.18554868863963,1.18592456420746,1,1,1,1,0.0504201680672269,0.117647058823529,5,0.0504201680672269,0.117647058823529
PHM2010,c1,10,vibration_x,LinearBiasDrift,315,102,1.20536472932389,1.22036544194588,1.24654208095654,1.42082929666054,1,1,23,177,0.0495049504950495,0.138613861386139,15,0.0495049504950495,0.138613861386139
PHM2010,c1,10,vibration_x,GainDrift,315,100,1.44817297498824,1.45090005839816,1.45233564693728,1.4143863782723,1,1,25,179,0.0505050505050505,0.141414141414141,15,0.0505050505050505,0.141414141414141
PHM2010,c1,10,vibration_x,ColoredNoiseRamp,315,136,1.39726867657984,1.40812972274444,1.41264225935796,1.62216538656002,1,1,169,169,0.0592592592592593,0.214814814814815,11,0.0592592592592593,0.214814814814815
PHM2010,c1,10,vibration_x,IntermittentRecordDropout,315,119,1.18242411544325,1.43822375381483,1.51032106524164,1.51259031268958,1,1,6,23,0.0508474576271186,0.11864406779661,27,0.0508474576271186,0.11864406779661
PHM2010,c1,10,vibration_y,LinearBiasDrift,315,138,1.47783609713562,1.51031068875393,1.54247579163849,1.59120075621793,1,0,4,NaN,0.0583941605839416,0.226277372262774,15,0.0583941605839416,0.226277372262774
PHM2010,c1,10,vibration_y,GainDrift,315,126,1.48878752545222,1.51431998089247,1.54445591127916,1.51149338675032,1,0,16,NaN,0.064,0.152,15,0.064,0.152
PHM2010,c1,10,vibration_y,ColoredNoiseRamp,315,135,1.52579040742529,1.55495967730779,1.58825641822657,1.56715906111049,0,0,NaN,NaN,0.0597014925373134,0.208955223880597,15,0.0597014925373134,0.208955223880597
PHM2010,c1,10,vibration_y,IntermittentRecordDropout,315,75,1.08303264001942,1.10902896006801,1.13973301548303,1.30639631610784,1,1,67,212,0.0675675675675676,0.189189189189189,18,0.0675675675675676,0.189189189189189
PHM2010,c1,11,force_z,LinearBiasDrift,315,133,1.00210544550696,1.23807851791422,1.23866775935445,1.2359844076873,1,1,62,0,0.0606060606060606,0.196969696969697,11,0.0606060606060606,0.196969696969697
PHM2010,c1,11,force_z,GainDrift,315,104,1.87857995726414,1.88880354028129,1.84123183604249,1.12349031480915,1,1,3,17,0.0485436893203883,0.135922330097087,17,0.0485436893203883,0.135922330097087
PHM2010,c1,11,force_z,ColoredNoiseRamp,315,85,1.13238119522199,1.06273148422505,1.07379909900768,1.05124853675084,1,1,110,124,0.0595238095238095,0.166666666666667,17,0.0595238095238095,0.166666666666667
PHM2010,c1,11,force_z,IntermittentRecordDropout,315,76,0.971054873977199,1.072595280932,1.04084279324317,1.0279765346303,1,1,16,16,0.0666666666666667,0.186666666666667,5,0.0666666666666667,0.186666666666667
PHM2010,c1,11,vibration_x,LinearBiasDrift,315,101,1.31489882193453,1.34729294963091,1.37443281338424,1.41740596027109,1,1,24,152,0.05,0.14,7,0.05,0.14
PHM2010,c1,11,vibration_x,GainDrift,315,141,1.11543908477407,1.14150030868891,1.16806096354497,1.6619707809725,1,1,138,138,0.0571428571428571,0.242857142857143,15,0.0571428571428571,0.242857142857143
PHM2010,c1,11,vibration_x,ColoredNoiseRamp,315,130,1.54377103598508,1.54547028393712,1.54689711438901,1.58107829669248,1,1,175,175,0.062015503875969,0.178294573643411,11,0.062015503875969,0.178294573643411
PHM2010,c1,11,vibration_x,IntermittentRecordDropout,315,129,1.21562262281286,1.45330734986908,1.5508864896151,1.57473263082008,1,1,5,11,0.0625,0.171875,34,0.0625,0.171875
PHM2010,c1,11,vibration_y,LinearBiasDrift,315,76,1.06565121260692,1.07776413107447,1.08755950683225,1.3091287475057,1,0,66,NaN,0.0666666666666667,0.186666666666667,15,0.0666666666666667,0.186666666666667
PHM2010,c1,11,vibration_y,GainDrift,315,136,1.15814620561846,1.17011944627143,1.17766324714191,1.57407904701411,1,0,6,NaN,0.0592592592592593,0.214814814814815,15,0.0592592592592593,0.214814814814815
PHM2010,c1,11,vibration_y,ColoredNoiseRamp,315,123,1.31805704034169,1.34014784417734,1.36450895946434,1.49786942687526,0,0,NaN,NaN,0.0573770491803279,0.131147540983607,15,0.0573770491803279,0.131147540983607
PHM2010,c1,11,vibration_y,IntermittentRecordDropout,315,87,1.11076700357531,1.13176061747559,1.14515989388157,1.33265459075535,1,1,55,207,0.0581395348837209,0.162790697674419,21,0.0581395348837209,0.162790697674419
PHM2010,c1,12,force_z,LinearBiasDrift,315,95,0.874318067819698,1.07918362020809,1.08895398648361,1.08485966719053,1,1,26,26,0.0531914893617021,0.148936170212766,11,0.0531914893617021,0.148936170212766
PHM2010,c1,12,force_z,GainDrift,315,107,0.850028861005352,0.842587532843778,0.841512685510391,1.13880059486302,1,1,0,14,0.0471698113207547,0.132075471698113,15,0.0471698113207547,0.132075471698113
PHM2010,c1,12,force_z,ColoredNoiseRamp,315,130,1.33154336229197,1.23963351692407,1.25708907113225,1.21730630431127,1,1,92,0,0.062015503875969,0.178294573643411,21,0.062015503875969,0.178294573643411
PHM2010,c1,12,force_z,IntermittentRecordDropout,315,64,0.918275447124062,1.05127374870309,1.03239820617688,0.997207916524792,1,1,43,48,0.0476190476190476,0.222222222222222,5,0.0476190476190476,0.222222222222222
PHM2010,c1,12,vibration_x,LinearBiasDrift,315,101,1.27568417950379,1.30144722368205,1.35044164711337,1.41740596027109,1,1,24,178,0.05,0.14,7,0.05,0.14
PHM2010,c1,12,vibration_x,GainDrift,315,140,1.88878289184486,1.87970788303519,1.83018638059145,1.65361042744401,1,1,139,139,0.0575539568345324,0.237410071942446,11,0.0575539568345324,0.237410071942446
PHM2010,c1,12,vibration_x,ColoredNoiseRamp,315,114,1.67378581891016,1.6607113588062,1.64046991177689,1.48363372963456,1,1,182,182,0.0530973451327434,0.123893805309735,9,0.0530973451327434,0.123893805309735
PHM2010,c1,12,vibration_x,IntermittentRecordDropout,315,73,1.03906464327583,1.23673233080282,1.31566097018524,1.34977174466669,1,1,9,21,0.0694444444444444,0.194444444444444,33,0.0694444444444444,0.194444444444444
PHM2010,c1,12,vibration_y,LinearBiasDrift,315,139,1.30644808674661,1.32422239656506,1.33389810236505,1.60014915352473,1,0,3,NaN,0.0579710144927536,0.231884057971014,15,0.0579710144927536,0.231884057971014
PHM2010,c1,12,vibration_y,GainDrift,315,72,1.29890169745163,1.31837164478245,1.34547601456081,1.30493199448199,1,0,70,NaN,0.0704225352112676,0.197183098591549,15,0.0704225352112676,0.197183098591549
PHM2010,c1,12,vibration_y,ColoredNoiseRamp,315,123,1.34879783389834,1.37142704184875,1.39560130928332,1.49786942687526,0,0,NaN,NaN,0.0573770491803279,0.131147540983607,15,0.0573770491803279,0.131147540983607
PHM2010,c1,12,vibration_y,IntermittentRecordDropout,315,129,1.2681446786753,1.29788980060203,1.35066714963326,1.52891917000234,1,1,13,163,0.0625,0.171875,17,0.0625,0.171875
PHM2010,c1,13,force_z,LinearBiasDrift,315,126,2.70431087964571,1.28960620090475,1.27586000169214,1.20197943548206,1,1,55,0,0.064,0.152,11,0.064,0.152
PHM2010,c1,13,force_z,GainDrift,315,121,1.93076730285718,1.9430232519644,1.92262868765604,1.18685498734275,1,1,0,0,0.05,0.116666666666667,17,0.05,0.116666666666667
PHM2010,c1,13,force_z,ColoredNoiseRamp,315,134,1.49096124256843,1.30898354583643,1.3034250486662,1.24248481027617,1,1,58,0,0.0601503759398496,0.203007518796992,19,0.0601503759398496,0.203007518796992
PHM2010,c1,13,force_z,IntermittentRecordDropout,315,75,0.90869070674483,1.07255724518084,1.03418098620692,1.02386361293778,1,1,13,13,0.0675675675675676,0.189189189189189,5,0.0675675675675676,0.189189189189189
PHM2010,c1,13,vibration_x,LinearBiasDrift,315,115,1.21538075235602,1.25163016224011,1.34827718203322,1.48857157792559,1,1,10,163,0.0526315789473684,0.12280701754386,7,0.0526315789473684,0.12280701754386
PHM2010,c1,13,vibration_x,GainDrift,315,108,0.894137815023624,0.91607713917392,0.942542356267254,1.44699104737245,1,1,17,171,0.0560747663551402,0.130841121495327,15,0.0560747663551402,0.130841121495327
PHM2010,c1,13,vibration_x,ColoredNoiseRamp,315,123,1.33335603295336,1.34338015288172,1.34939335979361,1.53753172537108,1,1,182,182,0.0573770491803279,0.131147540983607,11,0.0573770491803279,0.131147540983607
PHM2010,c1,13,vibration_x,IntermittentRecordDropout,315,113,1.17145362697164,1.37125746056348,1.49805715664588,1.47670496815601,1,1,3,29,0.0535714285714286,0.125,33,0.0535714285714286,0.125
PHM2010,c1,13,vibration_y,LinearBiasDrift,315,137,1.46348301272838,1.49523865427744,1.52721735880862,1.58268996461034,1,0,5,NaN,0.0588235294117647,0.220588235294118,15,0.0588235294117647,0.220588235294118
PHM2010,c1,13,vibration_y,GainDrift,315,87,1.31800180048639,1.33840883712405,1.36606437703164,1.33265459075535,1,0,55,NaN,0.0581395348837209,0.162790697674419,15,0.0581395348837209,0.162790697674419
PHM2010,c1,13,vibration_y,ColoredNoiseRamp,315,82,1.30949955056088,1.3329583277752,1.35842149773477,1.31658702835753,0,0,NaN,NaN,0.0617283950617284,0.172839506172839,15,0.0617283950617284,0.172839506172839
PHM2010,c1,13,vibration_y,IntermittentRecordDropout,315,91,1.11881333355234,1.14235784386711,1.16196162291201,1.3458101126607,1,1,51,192,0.0555555555555556,0.155555555555556,22,0.0555555555555556,0.155555555555556
PHM2010,c1,14,force_z,LinearBiasDrift,315,114,1.80367260617451,1.28333948196599,1.27415767508883,1.16823840572609,1,1,7,7,0.0530973451327434,0.123893805309735,11,0.0530973451327434,0.123893805309735
PHM2010,c1,14,force_z,GainDrift,315,124,0.917311010498698,0.907600033158995,0.898435619637055,1.19596437335528,0,1,NaN,0,0.0569105691056911,0.138211382113821,15,0.0569105691056911,0.138211382113821
PHM2010,c1,14,force_z,ColoredNoiseRamp,315,110,1.16412144537541,1.1642808038234,1.17217155387873,1.15153719304295,1,1,117,158,0.055045871559633,0.128440366972477,22,0.055045871559633,0.128440366972477
PHM2010,c1,14,force_z,IntermittentRecordDropout,315,83,0.971003923028754,1.09087521023674,1.05767157096495,1.04492326834669,1,1,19,19,0.0609756097560976,0.170731707317073,5,0.0609756097560976,0.170731707317073
PHM2010,c1,14,vibration_x,LinearBiasDrift,315,121,1.23908466146047,1.29762666217628,1.37573685855019,1.52413095118419,1,1,4,155,0.05,0.116666666666667,7,0.05,0.116666666666667
PHM2010,c1,14,vibration_x,GainDrift,315,100,1.66695102098583,1.65922486517228,1.62508930461092,1.4143863782723,1,1,25,179,0.0505050505050505,0.141414141414141,11,0.0505050505050505,0.141414141414141
PHM2010,c1,14,vibration_x,ColoredNoiseRamp,315,135,1.62120489484935,1.61910392073029,1.62000759491644,1.6153362981928,1,1,170,170,0.0597014925373134,0.208955223880597,11,0.0597014925373134,0.208955223880597
PHM2010,c1,14,vibration_x,IntermittentRecordDropout,315,114,1.16791365565792,1.4170917085783,1.49801357313975,1.48363372963456,1,1,1,2,0.0530973451327434,0.123893805309735,24,0.0530973451327434,0.123893805309735
PHM2010,c1,14,vibration_y,LinearBiasDrift,315,115,1.37523856840753,1.40450057038594,1.43727707820884,1.45782573688339,1,0,27,NaN,0.0526315789473684,0.12280701754386,15,0.0526315789473684,0.12280701754386
PHM2010,c1,14,vibration_y,GainDrift,315,82,1.32781173833401,1.34833020731995,1.37680519852831,1.31658702835753,1,0,60,NaN,0.0617283950617284,0.172839506172839,15,0.0617283950617284,0.172839506172839
PHM2010,c1,14,vibration_y,ColoredNoiseRamp,315,120,1.5363729144372,1.56812752025925,1.60285062586908,1.48497692999169,0,0,NaN,NaN,0.0504201680672269,0.117647058823529,15,0.0504201680672269,0.117647058823529
PHM2010,c1,14,vibration_y,IntermittentRecordDropout,315,74,1.08564127592618,1.10353895553647,1.1204234930331,1.30334891083808,1,1,68,187,0.0684931506849315,0.191780821917808,19,0.0684931506849315,0.191780821917808
PHM2010,c1,15,force_z,LinearBiasDrift,315,114,0.894048145484584,1.03042290881157,1.13429981257294,1.16823840572609,1,1,7,7,0.0530973451327434,0.123893805309735,11,0.0530973451327434,0.123893805309735
PHM2010,c1,15,force_z,GainDrift,315,90,0.814383215473578,0.813738088427928,0.820593361702006,1.06492337320611,1,1,17,31,0.0561797752808989,0.157303370786517,15,0.0561797752808989,0.157303370786517
PHM2010,c1,15,force_z,ColoredNoiseRamp,315,132,1.26299157343892,1.2559947461894,1.26001010993051,1.23037415348129,1,1,117,0,0.0610687022900763,0.190839694656489,23,0.0610687022900763,0.190839694656489
PHM2010,c1,15,force_z,IntermittentRecordDropout,315,122,1.09564324494021,1.22629057844148,1.18891250924693,1.18891250924693,1,1,5,0,0.0578512396694215,0.12396694214876,5,0.0578512396694215,0.12396694214876
PHM2010,c1,15,vibration_x,LinearBiasDrift,315,137,1.52032777765315,1.55868554120177,1.56721454501383,1.6285099838171,1,1,116,116,0.0588235294117647,0.220588235294118,7,0.0588235294117647,0.220588235294118
PHM2010,c1,15,vibration_x,GainDrift,315,109,1.53900298941338,1.54024939279026,1.5362011107698,1.45382488217563,1,1,16,170,0.0555555555555556,0.12962962962963,15,0.0555555555555556,0.12962962962963
PHM2010,c1,15,vibration_x,ColoredNoiseRamp,315,112,1.61370763179219,1.61095802101483,1.60447498076113,1.46965448250227,1,1,193,193,0.0540540540540541,0.126126126126126,7,0.0540540540540541,0.126126126126126
PHM2010,c1,15,vibration_x,IntermittentRecordDropout,315,119,1.19521114774209,1.3781635242129,1.5117153626403,1.51259031268958,1,1,1,1,0.0508474576271186,0.11864406779661,33,0.0508474576271186,0.11864406779661
PHM2010,c1,15,vibration_y,LinearBiasDrift,315,78,1.07446740012637,1.08736261515303,1.09806512518738,1.31254371048058,1,0,64,NaN,0.0649350649350649,0.181818181818182,15,0.0649350649350649,0.181818181818182
PHM2010,c1,15,vibration_y,GainDrift,315,65,1.35257344379196,1.37559665912291,1.40266802129675,1.2995666214231,1,0,0,NaN,0.046875,0.21875,15,0.046875,0.21875
PHM2010,c1,15,vibration_y,ColoredNoiseRamp,315,100,1.42040625268157,1.44721595614925,1.47958622903308,1.37821963496363,0,0,NaN,NaN,0.0505050505050505,0.141414141414141,15,0.0505050505050505,0.141414141414141
PHM2010,c1,15,vibration_y,IntermittentRecordDropout,315,82,1.09811179737553,1.11231952881001,1.14675287660946,1.31658702835753,1,1,60,183,0.0617283950617284,0.172839506172839,22,0.0617283950617284,0.172839506172839
PHM2010,c1,16,force_z,LinearBiasDrift,315,106,0.848985043884823,1.10539824994027,1.1227631706313,1.13362142818021,1,1,15,15,0.0476190476190476,0.133333333333333,11,0.0476190476190476,0.133333333333333
PHM2010,c1,16,force_z,GainDrift,315,120,0.894403261304812,0.890303742777044,0.890533646940895,1.18592456420746,1,1,1,1,0.0504201680672269,0.117647058823529,15,0.0504201680672269,0.117647058823529
PHM2010,c1,16,force_z,ColoredNoiseRamp,315,124,1.44957127787511,1.21215655124176,1.23426782992677,1.19596437335528,1,1,94,0,0.0569105691056911,0.138211382113821,13,0.0569105691056911,0.138211382113821
PHM2010,c1,16,force_z,IntermittentRecordDropout,315,100,1.01381861907044,1.12985786577087,1.10548599105614,1.10548599105614,1,1,0,0,0.0505050505050505,0.141414141414141,5,0.0505050505050505,0.141414141414141
PHM2010,c1,16,vibration_x,LinearBiasDrift,315,91,1.14055818420393,1.25239760375299,1.33316652374068,1.38404717526615,1,1,34,147,0.0555555555555556,0.155555555555556,7,0.0555555555555556,0.155555555555556
PHM2010,c1,16,vibration_x,GainDrift,315,95,1.62803352099734,1.62120964281634,1.59062415041035,1.3959840250402,1,1,30,184,0.0531914893617021,0.148936170212766,11,0.0531914893617021,0.148936170212766
PHM2010,c1,16,vibration_x,ColoredNoiseRamp,315,102,1.54190908081709,1.53798307045815,1.52973388172905,1.42082929666054,1,1,190,203,0.0495049504950495,0.138613861386139,9,0.0495049504950495,0.138613861386139
PHM2010,c1,16,vibration_x,IntermittentRecordDropout,315,88,1.05871737487761,1.27611650736878,1.36191511781648,1.37662438205126,1,1,0,1,0.0574712643678161,0.160919540229885,35,0.0574712643678161,0.160919540229885
PHM2010,c1,16,vibration_y,LinearBiasDrift,315,137,1.43552340778199,1.46546145208735,1.49514209247084,1.58268996461034,1,0,5,NaN,0.0588235294117647,0.220588235294118,15,0.0588235294117647,0.220588235294118
PHM2010,c1,16,vibration_y,GainDrift,315,122,1.45105189151395,1.47529433806454,1.50554741888352,1.49154857732125,1,0,20,NaN,0.0578512396694215,0.12396694214876,15,0.0578512396694215,0.12396694214876
PHM2010,c1,16,vibration_y,ColoredNoiseRamp,315,72,1.20103687730629,1.21943562559936,1.24326998499964,1.30493199448199,0,0,NaN,NaN,0.0704225352112676,0.197183098591549,15,0.0704225352112676,0.197183098591549
PHM2010,c1,16,vibration_y,IntermittentRecordDropout,315,67,1.07750610301034,1.11695501496903,1.1300854452469,1.30102877054875,1,1,75,152,0.0606060606060606,0.212121212121212,18,0.0606060606060606,0.212121212121212
PHM2010,c1,17,force_z,LinearBiasDrift,315,64,1.56719502233066,1.13240912922836,1.09620922294159,0.997207916524792,1,1,57,57,0.0476190476190476,0.222222222222222,11,0.0476190476190476,0.222222222222222
PHM2010,c1,17,force_z,GainDrift,315,91,0.803977607009714,0.797299473454406,0.798158345144689,1.06899715537282,1,1,16,30,0.0555555555555556,0.155555555555556,15,0.0555555555555556,0.155555555555556
PHM2010,c1,17,force_z,ColoredNoiseRamp,315,137,1.2809873913807,1.22464545600944,1.22167366923153,1.25304503731305,1,1,100,0,0.0588235294117647,0.220588235294118,17,0.0588235294117647,0.220588235294118
PHM2010,c1,17,force_z,IntermittentRecordDropout,315,139,1.17602206091586,1.31763494968485,1.26187524478303,1.26259371344218,1,1,13,0,0.0579710144927536,0.231884057971014,7,0.0579710144927536,0.231884057971014
PHM2010,c1,17,vibration_x,LinearBiasDrift,315,94,1.27960790972667,1.31298109357893,1.34158443259938,1.39289704435757,1,1,31,159,0.0537634408602151,0.150537634408602,7,0.0537634408602151,0.150537634408602
PHM2010,c1,17,vibration_x,GainDrift,315,137,0.958713333166628,0.977237598748864,1.0029073590732,1.6285099838171,1,1,142,142,0.0588235294117647,0.220588235294118,15,0.0588235294117647,0.220588235294118
PHM2010,c1,17,vibration_x,ColoredNoiseRamp,315,98,1.38239079790766,1.3833099767813,1.38790417424223,1.40597740368979,1,1,195,207,0.0515463917525773,0.144329896907216,11,0.0515463917525773,0.144329896907216
PHM2010,c1,17,vibration_x,IntermittentRecordDropout,315,70,1.03238740069285,1.23030229547592,1.29800280487899,1.34841606671412,1,1,7,11,0.0579710144927536,0.202898550724638,36,0.0579710144927536,0.202898550724638
PHM2010,c1,17,vibration_y,LinearBiasDrift,315,79,1.07754673116467,1.09076374092423,1.10193367060353,1.3119773138153,1,0,63,NaN,0.0641025641025641,0.179487179487179,15,0.0641025641025641,0.179487179487179
PHM2010,c1,17,vibration_y,GainDrift,315,140,1.15584671409725,1.16721833740885,1.17143379098846,1.60459038130926,1,0,2,NaN,0.0575539568345324,0.237410071942446,15,0.0575539568345324,0.237410071942446
PHM2010,c1,17,vibration_y,ColoredNoiseRamp,315,134,1.56401102999241,1.59343250669821,1.62550429423648,1.56267885790402,0,0,NaN,NaN,0.0601503759398496,0.203007518796992,15,0.0601503759398496,0.203007518796992
PHM2010,c1,17,vibration_y,IntermittentRecordDropout,315,112,1.21159858204407,1.24330275437427,1.24926686978113,1.44158623897558,1,1,30,153,0.0540540540540541,0.126126126126126,21,0.0540540540540541,0.126126126126126
PHM2010,c1,18,force_z,LinearBiasDrift,315,99,0.82445454341875,1.06676955147876,1.09116542710319,1.10062343761188,1,1,22,22,0.0510204081632653,0.142857142857143,11,0.0510204081632653,0.142857142857143
PHM2010,c1,18,force_z,GainDrift,315,72,1.51995956691831,1.53699300730802,1.53280013172297,1.01819329848511,1,1,35,49,0.0704225352112676,0.197183098591549,16,0.0704225352112676,0.197183098591549
PHM2010,c1,18,force_z,ColoredNoiseRamp,315,139,1.28324443858873,1.27011322337502,1.27768183449615,1.26259371344218,1,1,110,0,0.0579710144927536,0.231884057971014,13,0.0579710144927536,0.231884057971014
PHM2010,c1,18,force_z,IntermittentRecordDropout,315,64,0.944775597345967,1.04582441545272,1.0111248466307,0.997207916524792,1,1,5,5,0.0476190476190476,0.222222222222222,7,0.0476190476190476,0.222222222222222
PHM2010,c1,18,vibration_x,LinearBiasDrift,315,116,1.21657992543619,1.23565781414746,1.25997960438876,1.49527880877929,1,1,9,163,0.0521739130434783,0.121739130434783,15,0.0521739130434783,0.121739130434783
PHM2010,c1,18,vibration_x,GainDrift,315,67,1.54657246789158,1.54126412382741,1.5113947585947,1.3464859202508,1,1,58,212,0.0606060606060606,0.212121212121212,11,0.0606060606060606,0.212121212121212
PHM2010,c1,18,vibration_x,ColoredNoiseRamp,315,65,1.49350602468083,1.49393716371311,1.48416489165338,1.34428686443049,1,1,240,240,0.046875,0.21875,7,0.046875,0.21875
PHM2010,c1,18,vibration_x,IntermittentRecordDropout,315,84,1.06891536054722,1.23416636341126,1.35059490231175,1.36564668372014,1,1,6,12,0.0602409638554217,0.168674698795181,26,0.0602409638554217,0.168674698795181
PHM2010,c1,18,vibration_y,LinearBiasDrift,315,86,1.09689235386019,1.11060456299474,1.12234953159431,1.33029521726381,1,0,56,NaN,0.0588235294117647,0.164705882352941,15,0.0588235294117647,0.164705882352941
PHM2010,c1,18,vibration_y,GainDrift,315,93,0.914295465255258,0.921053622248126,0.92453687466764,1.35225413153775,1,0,49,NaN,0.0543478260869565,0.152173913043478,15,0.0543478260869565,0.152173913043478
PHM2010,c1,18,vibration_y,ColoredNoiseRamp,315,87,1.29297577061937,1.31467651475607,1.3412248381246,1.33265459075535,0,0,NaN,NaN,0.0581395348837209,0.162790697674419,15,0.0581395348837209,0.162790697674419
PHM2010,c1,18,vibration_y,IntermittentRecordDropout,315,114,1.21860063136139,1.24295623719088,1.27057385889907,1.45359303589118,1,1,28,159,0.0530973451327434,0.123893805309735,23,0.0530973451327434,0.123893805309735
PHM2010,c1,19,force_z,LinearBiasDrift,315,117,0.914863426017711,1.16645522433823,1.17344376915085,1.17662332323827,1,1,4,4,0.0517241379310345,0.120689655172414,11,0.0517241379310345,0.120689655172414
PHM2010,c1,19,force_z,GainDrift,315,117,0.942532790440986,0.949534308263979,0.961044002789852,1.17662332323827,1,1,4,4,0.0517241379310345,0.120689655172414,15,0.0517241379310345,0.120689655172414
PHM2010,c1,19,force_z,ColoredNoiseRamp,315,91,1.11281706394904,1.08016243049781,1.08552744883083,1.06899715537282,1,1,124,124,0.0555555555555556,0.155555555555556,31,0.0555555555555556,0.155555555555556
PHM2010,c1,19,force_z,IntermittentRecordDropout,315,129,1.11541622295209,1.25421018601724,1.21089461208005,1.21183581504335,1,1,16,0,0.0625,0.171875,7,0.0625,0.171875
PHM2010,c1,19,vibration_x,LinearBiasDrift,315,129,1.28566176192107,1.40255844173038,1.47389268146001,1.57473263082008,1,1,135,115,0.0625,0.171875,9,0.0625,0.171875
PHM2010,c1,19,vibration_x,GainDrift,315,67,1.57005379428426,1.5637509517133,1.52594931749222,1.3464859202508,1,1,58,212,0.0606060606060606,0.212121212121212,11,0.0606060606060606,0.212121212121212
PHM2010,c1,19,vibration_x,ColoredNoiseRamp,315,82,1.40638652729425,1.40468351000167,1.4049907196824,1.36065048890242,1,1,223,223,0.0617283950617284,0.172839506172839,11,0.0617283950617284,0.172839506172839
PHM2010,c1,19,vibration_x,IntermittentRecordDropout,315,101,1.10798233212226,1.31967836202494,1.40328586403072,1.41740596027109,1,1,16,16,0.05,0.14,26,0.05,0.14
PHM2010,c1,19,vibration_y,LinearBiasDrift,315,89,1.09785201148986,1.11139810847521,1.12271604500577,1.3371349051724,1,0,53,NaN,0.0568181818181818,0.159090909090909,15,0.0568181818181818,0.159090909090909
PHM2010,c1,19,vibration_y,GainDrift,315,138,1.04338512536911,1.05025684584585,1.0491711816871,1.59120075621793,1,0,4,NaN,0.0583941605839416,0.226277372262774,15,0.0583941605839416,0.226277372262774
PHM2010,c1,19,vibration_y,ColoredNoiseRamp,315,84,1.17965386712481,1.19681078742115,1.21921118044911,1.32316590273655,0,0,NaN,NaN,0.0602409638554217,0.168674698795181,15,0.0602409638554217,0.168674698795181
PHM2010,c1,19,vibration_y,IntermittentRecordDropout,315,67,1.07739641115682,1.09964368224744,1.11203410164258,1.30102877054875,1,1,3,216,0.0606060606060606,0.212121212121212,19,0.0606060606060606,0.212121212121212
PHM2010,c1,20,force_z,LinearBiasDrift,315,78,2.38587516352804,1.14952183002817,1.09580670766165,1.03201510652544,1,1,43,43,0.0649350649350649,0.181818181818182,11,0.0649350649350649,0.181818181818182
PHM2010,c1,20,force_z,GainDrift,315,70,1.77335461983721,1.77551074904975,1.68526725836934,1.01264850212461,1,1,37,51,0.0579710144927536,0.202898550724638,21,0.0579710144927536,0.202898550724638
PHM2010,c1,20,force_z,ColoredNoiseRamp,315,118,1.18323281142653,1.18535212271291,1.19164987510764,1.18099845231981,1,1,133,154,0.0512820512820513,0.11965811965812,24,0.0512820512820513,0.11965811965812
PHM2010,c1,20,force_z,IntermittentRecordDropout,315,76,0.940568196629457,1.068357585008,1.02815808276039,1.0279765346303,1,1,1,1,0.0666666666666667,0.186666666666667,7,0.0666666666666667,0.186666666666667
PHM2010,c1,20,vibration_x,LinearBiasDrift,315,86,1.28396374533116,1.31305087196436,1.34434955421516,1.37274271083188,1,1,39,161,0.0588235294117647,0.164705882352941,7,0.0588235294117647,0.164705882352941
PHM2010,c1,20,vibration_x,GainDrift,315,80,1.59109767570211,1.58408574763369,1.55151602527084,1.35796329275065,1,1,45,199,0.0632911392405063,0.177215189873418,11,0.0632911392405063,0.177215189873418
PHM2010,c1,20,vibration_x,ColoredNoiseRamp,315,118,1.31608411662965,1.32664461578308,1.33331173607369,1.50746700913482,1,1,187,187,0.0512820512820513,0.11965811965812,11,0.0512820512820513,0.11965811965812
PHM2010,c1,20,vibration_x,IntermittentRecordDropout,315,135,1.26762832265666,1.49906680674052,1.62562141853798,1.6153362981928,1,1,14,14,0.0597014925373134,0.208955223880597,23,0.0597014925373134,0.208955223880597
PHM2010,c1,20,vibration_y,LinearBiasDrift,315,124,1.34977270108462,1.37634215647385,1.40527479807366,1.50283935306903,1,0,18,NaN,0.0569105691056911,0.138211382113821,15,0.0569105691056911,0.138211382113821
PHM2010,c1,20,vibration_y,GainDrift,315,80,0.927334733445898,0.935127359536276,0.94075591096572,1.31522586931776,1,0,62,NaN,0.0632911392405063,0.177215189873418,15,0.0632911392405063,0.177215189873418
PHM2010,c1,20,vibration_y,ColoredNoiseRamp,315,84,1.40903103611496,1.43420941244659,1.46715684554562,1.32316590273655,0,0,NaN,NaN,0.0602409638554217,0.168674698795181,15,0.0602409638554217,0.168674698795181
PHM2010,c1,20,vibration_y,IntermittentRecordDropout,315,100,1.15401414023083,1.17045001369591,1.18432064910367,1.37821963496363,1,1,42,206,0.0505050505050505,0.141414141414141,16,0.0505050505050505,0.141414141414141
PHM2010,c1,21,force_z,LinearBiasDrift,315,75,1.56992683769762,1.15232003616206,1.10809186808328,1.02386361293778,1,1,46,46,0.0675675675675676,0.189189189189189,11,0.0675675675675676,0.189189189189189
PHM2010,c1,21,force_z,GainDrift,315,86,0.799049366823114,0.794645673303365,0.797321647845665,1.05428182614815,1,1,21,35,0.0588235294117647,0.164705882352941,15,0.0588235294117647,0.164705882352941
PHM2010,c1,21,force_z,ColoredNoiseRamp,315,110,1.18981297368986,1.14246407431091,1.12174147855486,1.15153719304295,1,1,97,105,0.055045871559633,0.128440366972477,19,0.055045871559633,0.128440366972477
PHM2010,c1,21,force_z,IntermittentRecordDropout,315,106,1.01170520345439,1.16661285054216,1.12961249120451,1.13362142818021,1,1,0,0,0.0476190476190476,0.133333333333333,7,0.0476190476190476,0.133333333333333
PHM2010,c1,21,vibration_x,LinearBiasDrift,315,91,1.12229554731877,1.19328237385457,1.24457143558323,1.38404717526615,1,1,34,174,0.0555555555555556,0.155555555555556,7,0.0555555555555556,0.155555555555556
PHM2010,c1,21,vibration_x,GainDrift,315,98,0.92436059185216,0.945625867212981,0.971019324879753,1.40597740368979,1,1,27,181,0.0515463917525773,0.144329896907216,15,0.0515463917525773,0.144329896907216
PHM2010,c1,21,vibration_x,ColoredNoiseRamp,315,99,1.45148925979819,1.45125332151392,1.45170570313946,1.41100182185427,1,1,206,206,0.0510204081632653,0.142857142857143,9,0.0510204081632653,0.142857142857143
PHM2010,c1,21,vibration_x,IntermittentRecordDropout,315,138,1.26297892673566,1.51938808624057,1.62153598221196,1.63703351132186,1,1,9,9,0.0583941605839416,0.226277372262774,25,0.0583941605839416,0.226277372262774
PHM2010,c1,21,vibration_y,LinearBiasDrift,315,141,1.31545527302952,1.33343348389658,1.34236388722464,1.61375937156047,1,0,1,NaN,0.0571428571428571,0.242857142857143,15,0.0571428571428571,0.242857142857143
PHM2010,c1,21,vibration_y,GainDrift,315,67,1.37995911819628,1.40177545004038,1.43201983112201,1.30102877054875,1,0,3,NaN,0.0606060606060606,0.212121212121212,15,0.0606060606060606,0.212121212121212
PHM2010,c1,21,vibration_y,ColoredNoiseRamp,315,100,1.35160534589925,1.37575101607442,1.40826135698605,1.37821963496363,0,0,NaN,NaN,0.0505050505050505,0.141414141414141,15,0.0505050505050505,0.141414141414141
PHM2010,c1,21,vibration_y,IntermittentRecordDropout,315,101,1.15392757548071,1.18202558197443,1.20377125201978,1.38178983257283,1,1,41,187,0.05,0.14,17,0.05,0.14
PHM2010,c1,22,force_z,LinearBiasDrift,315,132,0.945818204202269,1.09178866982649,1.18788049457894,1.23037415348129,1,1,109,0,0.0610687022900763,0.190839694656489,11,0.0610687022900763,0.190839694656489
PHM2010,c1,22,force_z,GainDrift,315,82,1.77373416097728,1.78259408843774,1.73552064613369,1.04104989606289,1,1,25,39,0.0617283950617284,0.172839506172839,17,0.0617283950617284,0.172839506172839
PHM2010,c1,22,force_z,ColoredNoiseRamp,315,119,1.20312491570366,1.16830576526093,1.16711047751055,1.18286941927231,1,1,103,103,0.0508474576271186,0.11864406779661,23,0.0508474576271186,0.11864406779661
PHM2010,c1,22,force_z,IntermittentRecordDropout,315,83,0.960790979175343,1.08192510102198,1.04492326834669,1.04492326834669,1,1,0,0,0.0609756097560976,0.170731707317073,5,0.0609756097560976,0.170731707317073
PHM2010,c1,22,vibration_x,LinearBiasDrift,315,110,1.19098741393241,1.21753758180639,1.32203137899904,1.45805485867595,1,1,15,169,0.055045871559633,0.128440366972477,7,0.055045871559633,0.128440366972477
PHM2010,c1,22,vibration_x,GainDrift,315,100,1.61125300635654,1.60607212805287,1.58277583631746,1.4143863782723,1,1,25,179,0.0505050505050505,0.141414141414141,15,0.0505050505050505,0.141414141414141
PHM2010,c1,22,vibration_x,ColoredNoiseRamp,315,128,1.71499872765849,1.70998453787915,1.69831570176642,1.5665995169149,1,1,177,177,0.062992125984252,0.165354330708661,7,0.062992125984252,0.165354330708661
PHM2010,c1,22,vibration_x,IntermittentRecordDropout,315,106,1.13941178752321,1.3347785263901,1.44463099555239,1.43737024714998,1,1,17,34,0.0476190476190476,0.133333333333333,28,0.0476190476190476,0.133333333333333
PHM2010,c1,22,vibration_y,LinearBiasDrift,315,105,1.20989190523417,1.22969335551527,1.25069572529288,1.40249894251519,1,0,37,NaN,0.0480769230769231,0.134615384615385,15,0.0480769230769231,0.134615384615385
PHM2010,c1,22,vibration_y,GainDrift,315,111,1.37138320545859,1.3937322403297,1.4210056468376,1.43514342212744,1,0,31,NaN,0.0545454545454545,0.127272727272727,15,0.0545454545454545,0.127272727272727
PHM2010,c1,22,vibration_y,ColoredNoiseRamp,315,139,1.73475447183081,1.77238167655164,1.81348065671625,1.60014915352473,0,0,NaN,NaN,0.0579710144927536,0.231884057971014,15,0.0579710144927536,0.231884057971014
PHM2010,c1,22,vibration_y,IntermittentRecordDropout,315,88,1.11139684740999,1.13662015508839,1.1521586957139,1.33517287051127,1,1,54,204,0.0574712643678161,0.160919540229885,20,0.0574712643678161,0.160919540229885
PHM2010,c1,23,force_z,LinearBiasDrift,315,98,0.844908263702882,1.08352899069859,1.09664381638996,1.09562791891543,1,1,23,23,0.0515463917525773,0.144329896907216,11,0.0515463917525773,0.144329896907216
PHM2010,c1,23,force_z,GainDrift,315,65,0.786665779242434,0.784085618010552,0.784468151867446,1.00082990181963,1,1,42,56,0.046875,0.21875,15,0.046875,0.21875
PHM2010,c1,23,force_z,ColoredNoiseRamp,315,118,1.21034340188537,1.19150543362575,1.19274658621173,1.18099845231981,1,1,122,122,0.0512820512820513,0.11965811965812,23,0.0512820512820513,0.11965811965812
PHM2010,c1,23,force_z,IntermittentRecordDropout,315,69,0.950118924002788,1.04400061489936,1.03276077216732,1.00945272935261,1,1,25,25,0.0588235294117647,0.205882352941176,5,0.0588235294117647,0.205882352941176
PHM2010,c1,23,vibration_x,LinearBiasDrift,315,94,1.13210243396271,1.20803947216128,1.25535272931512,1.39289704435757,1,1,31,170,0.0537634408602151,0.150537634408602,7,0.0537634408602151,0.150537634408602
PHM2010,c1,23,vibration_x,GainDrift,315,92,1.36387135293197,1.36891277767415,1.37552039795714,1.38717930770659,1,1,33,187,0.0549450549450549,0.153846153846154,15,0.0549450549450549,0.153846153846154
PHM2010,c1,23,vibration_x,ColoredNoiseRamp,315,134,1.75172509899894,1.74204765797795,1.73344695261995,1.60861599779417,1,1,170,171,0.0601503759398496,0.203007518796992,7,0.0601503759398496,0.203007518796992
PHM2010,c1,23,vibration_x,IntermittentRecordDropout,315,69,1.03083403507398,1.25136959566826,1.31236401177821,1.3464134858641,1,1,4,4,0.0588235294117647,0.205882352941176,20,0.0588235294117647,0.205882352941176
PHM2010,c1,23,vibration_y,LinearBiasDrift,315,130,1.44348676824419,1.47537893637568,1.50824275634197,1.53473639041277,1,0,12,NaN,0.062015503875969,0.178294573643411,15,0.062015503875969,0.178294573643411
PHM2010,c1,23,vibration_y,GainDrift,315,78,0.957127180167172,0.965868176294689,0.972822911618204,1.31254371048058,1,0,64,NaN,0.0649350649350649,0.181818181818182,15,0.0649350649350649,0.181818181818182
PHM2010,c1,23,vibration_y,ColoredNoiseRamp,315,67,1.28905457947539,1.30992430083534,1.33700758430671,1.30102877054875,0,0,NaN,NaN,0.0606060606060606,0.212121212121212,15,0.0606060606060606,0.212121212121212
PHM2010,c1,23,vibration_y,IntermittentRecordDropout,315,94,1.13347474867414,1.16214453288318,1.1876808178999,1.35637054174965,1,1,48,189,0.0537634408602151,0.150537634408602,21,0.0537634408602151,0.150537634408602
PHM2010,c1,24,force_z,LinearBiasDrift,315,102,2.41396411466604,1.20412748454578,1.19119175960923,1.11369288994117,1,1,19,19,0.0495049504950495,0.138613861386139,11,0.0495049504950495,0.138613861386139
PHM2010,c1,24,force_z,GainDrift,315,95,0.813261554223077,0.805367406667621,0.805004206055989,1.08485966719053,1,1,12,26,0.0531914893617021,0.148936170212766,15,0.0531914893617021,0.148936170212766
PHM2010,c1,24,force_z,ColoredNoiseRamp,315,79,1.05230620168705,1.02170203548688,1.03322514096785,1.03244484491209,1,1,150,150,0.0641025641025641,0.179487179487179,22,0.0641025641025641,0.179487179487179
PHM2010,c1,24,force_z,IntermittentRecordDropout,315,73,0.898582622944248,1.06066606138209,1.02845430968609,1.01891216854056,1,1,1,1,0.0694444444444444,0.194444444444444,7,0.0694444444444444,0.194444444444444
PHM2010,c1,24,vibration_x,LinearBiasDrift,315,107,1.30231121502593,1.32765597838865,1.38111777080233,1.44263335071061,1,1,18,172,0.0471698113207547,0.132075471698113,7,0.0471698113207547,0.132075471698113
PHM2010,c1,24,vibration_x,GainDrift,315,105,0.897886458914539,0.919865670974155,0.946705572245454,1.43290601089454,1,1,20,174,0.0480769230769231,0.134615384615385,15,0.0480769230769231,0.134615384615385
PHM2010,c1,24,vibration_x,ColoredNoiseRamp,315,137,1.95099589553976,1.90167036066101,1.79362268241469,1.6285099838171,1,1,129,129,0.0588235294117647,0.220588235294118,9,0.0588235294117647,0.220588235294118
PHM2010,c1,24,vibration_x,IntermittentRecordDropout,315,123,1.19585700082874,1.4379716062083,1.53854550923026,1.53753172537108,1,1,2,19,0.0573770491803279,0.131147540983607,31,0.0573770491803279,0.131147540983607
PHM2010,c1,24,vibration_y,LinearBiasDrift,315,128,1.24304494529024,1.25961028863887,1.27124260449497,1.52233549313301,1,0,14,NaN,0.062992125984252,0.165354330708661,15,0.062992125984252,0.165354330708661
PHM2010,c1,24,vibration_y,GainDrift,315,100,1.38748162533984,1.4096293797385,1.43964280423324,1.37821963496363,1,0,42,NaN,0.0505050505050505,0.141414141414141,15,0.0505050505050505,0.141414141414141
PHM2010,c1,24,vibration_y,ColoredNoiseRamp,315,72,1.35335641253915,1.37609842434184,1.40504730913277,1.30493199448199,0,0,NaN,NaN,0.0704225352112676,0.197183098591549,15,0.0704225352112676,0.197183098591549
PHM2010,c1,24,vibration_y,IntermittentRecordDropout,315,121,1.23713980365082,1.25504165076264,1.26803063807779,1.48833563740517,1,0,21,NaN,0.05,0.116666666666667,15,0.05,0.116666666666667
PHM2010,c1,25,force_z,LinearBiasDrift,315,103,0.905600281958796,1.11170773418659,1.12043135685083,1.11859300923446,1,1,18,18,0.0490196078431373,0.137254901960784,11,0.0490196078431373,0.137254901960784
PHM2010,c1,25,force_z,GainDrift,315,71,1.76830839844815,1.76977594298969,1.68145677186372,1.01542898483289,1,1,36,50,0.0714285714285714,0.2,21,0.0714285714285714,0.2
PHM2010,c1,25,force_z,ColoredNoiseRamp,315,101,1.16736990630299,1.08598972717374,1.0909520555184,1.10874631797178,1,1,102,125,0.05,0.14,21,0.05,0.14
PHM2010,c1,25,force_z,IntermittentRecordDropout,315,129,1.0783310585995,1.23381011165422,1.21088839878488,1.21183581504335,1,1,21,0,0.0625,0.171875,7,0.0625,0.171875
PHM2010,c1,25,vibration_x,LinearBiasDrift,315,137,1.30468056611408,1.32586003055116,1.36957666147236,1.6285099838171,1,1,142,142,0.0588235294117647,0.220588235294118,15,0.0588235294117647,0.220588235294118
PHM2010,c1,25,vibration_x,GainDrift,315,70,0.790981215338659,0.80582206017008,0.821620878736005,1.34841606671412,1,1,55,209,0.0579710144927536,0.202898550724638,15,0.0579710144927536,0.202898550724638
PHM2010,c1,25,vibration_x,ColoredNoiseRamp,315,123,1.64350992071916,1.63690403339376,1.63649176853391,1.53753172537108,1,1,160,182,0.0573770491803279,0.131147540983607,7,0.0573770491803279,0.131147540983607
PHM2010,c1,25,vibration_x,IntermittentRecordDropout,315,112,1.15409068056389,1.35937684899732,1.47839280899019,1.46965448250227,1,1,3,8,0.0540540540540541,0.126126126126126,23,0.0540540540540541,0.126126126126126
PHM2010,c1,25,vibration_y,LinearBiasDrift,315,72,1.1838260189087,1.20551359939137,1.23050481814521,1.30493199448199,1,0,70,NaN,0.0704225352112676,0.197183098591549,15,0.0704225352112676,0.197183098591549
PHM2010,c1,25,vibration_y,GainDrift,315,108,1.45757267579645,1.48191225452839,1.5137080773663,1.41773370888395,1,0,34,NaN,0.0560747663551402,0.130841121495327,15,0.0560747663551402,0.130841121495327
PHM2010,c1,25,vibration_y,ColoredNoiseRamp,315,94,1.24949017396009,1.27065353309377,1.29629374562656,1.35637054174965,0,0,NaN,NaN,0.0537634408602151,0.150537634408602,15,0.0537634408602151,0.150537634408602
PHM2010,c1,25,vibration_y,IntermittentRecordDropout,315,89,1.10944312020244,1.12821322713527,1.14739755929142,1.3371349051724,1,1,53,221,0.0568181818181818,0.159090909090909,16,0.0568181818181818,0.159090909090909
PHM2010,c1,26,force_z,LinearBiasDrift,315,84,1.56212062036556,1.16962906851133,1.16038962890039,1.04854026301534,1,1,37,37,0.0602409638554217,0.168674698795181,11,0.0602409638554217,0.168674698795181
PHM2010,c1,26,force_z,GainDrift,315,132,0.930339062382537,0.920081878955156,0.911173677959382,1.23037415348129,0,1,NaN,0,0.0610687022900763,0.190839694656489,15,0.0610687022900763,0.190839694656489
PHM2010,c1,26,force_z,ColoredNoiseRamp,315,71,1.35487369666504,1.10269964135662,1.06835752570205,1.01542898483289,1,1,125,125,0.0714285714285714,0.2,13,0.0714285714285714,0.2
PHM2010,c1,26,force_z,IntermittentRecordDropout,315,90,0.95139074247597,1.10408286935175,1.06642413150336,1.06492337320611,1,1,0,0,0.0561797752808989,0.157303370786517,7,0.0561797752808989,0.157303370786517
PHM2010,c1,26,vibration_x,LinearBiasDrift,315,82,1.28790188939747,1.30752923849143,1.35834799564739,1.36065048890242,1,1,43,148,0.0617283950617284,0.172839506172839,9,0.0617283950617284,0.172839506172839
PHM2010,c1,26,vibration_x,GainDrift,315,94,0.847805646042701,0.868183189901216,0.892942752067704,1.39289704435757,1,1,31,185,0.0537634408602151,0.150537634408602,15,0.0537634408602151,0.150537634408602
PHM2010,c1,26,vibration_x,ColoredNoiseRamp,315,115,1.6594395988231,1.65371843848569,1.64403397594002,1.48857157792559,1,1,190,190,0.0526315789473684,0.12280701754386,7,0.0526315789473684,0.12280701754386
PHM2010,c1,26,vibration_x,IntermittentRecordDropout,315,84,1.05468441315494,1.26572964224639,1.35696315808054,1.36564668372014,1,1,10,10,0.0602409638554217,0.168674698795181,34,0.0602409638554217,0.168674698795181
PHM2010,c1,26,vibration_y,LinearBiasDrift,315,116,1.29874172558495,1.32302943519658,1.34889922540333,1.46355293415836,1,0,26,NaN,0.0521739130434783,0.121739130434783,15,0.0521739130434783,0.121739130434783
PHM2010,c1,26,vibration_y,GainDrift,315,73,0.846380473000841,0.851263910663427,0.851013380537007,1.30340153146306,1,0,69,NaN,0.0694444444444444,0.194444444444444,15,0.0694444444444444,0.194444444444444
PHM2010,c1,26,vibration_y,ColoredNoiseRamp,315,93,1.41050327016508,1.4375432113647,1.47030642469591,1.35225413153775,0,0,NaN,NaN,0.0543478260869565,0.152173913043478,15,0.0543478260869565,0.152173913043478
PHM2010,c1,26,vibration_y,IntermittentRecordDropout,315,65,1.07662589392508,1.09795351913453,1.11109938645588,1.2995666214231,1,1,0,209,0.046875,0.21875,20,0.046875,0.21875
PHM2010,c1,27,force_z,LinearBiasDrift,315,93,2.39081449531157,1.17759460378787,1.14670056456968,1.07648301462512,1,1,28,28,0.0543478260869565,0.152173913043478,11,0.0543478260869565,0.152173913043478
PHM2010,c1,27,force_z,GainDrift,315,138,1.95506547906007,1.96912557653597,1.97379515060181,1.25722999792683,1,1,174,0,0.0583941605839416,0.226277372262774,16,0.0583941605839416,0.226277372262774
PHM2010,c1,27,force_z,ColoredNoiseRamp,315,140,1.31051709575352,1.28715923001861,1.31406088785054,1.26483076016785,1,1,105,0,0.0575539568345324,0.237410071942446,29,0.0575539568345324,0.237410071942446
PHM2010,c1,27,force_z,IntermittentRecordDropout,315,84,0.921428585205472,1.07937079314788,1.05798750031604,1.04854026301534,1,1,9,9,0.0602409638554217,0.168674698795181,7,0.0602409638554217,0.168674698795181
PHM2010,c1,27,vibration_x,LinearBiasDrift,315,118,1.43896614164256,1.46769440634305,1.49774489472573,1.50746700913482,1,1,7,129,0.0512820512820513,0.11965811965812,7,0.0512820512820513,0.11965811965812
PHM2010,c1,27,vibration_x,GainDrift,315,139,1.75691372284052,1.7548805732135,1.73753395953108,1.64625770616982,1,1,140,140,0.0579710144927536,0.231884057971014,15,0.0579710144927536,0.231884057971014
PHM2010,c1,27,vibration_x,ColoredNoiseRamp,315,85,1.30606841527433,1.30788025223997,1.31137881261696,1.36708468872808,1,1,220,220,0.0595238095238095,0.166666666666667,11,0.0595238095238095,0.166666666666667
PHM2010,c1,27,vibration_x,IntermittentRecordDropout,315,101,1.12244957731765,1.28394627655295,1.41194607506128,1.41740596027109,1,1,6,6,0.05,0.14,31,0.05,0.14
PHM2010,c1,27,vibration_y,LinearBiasDrift,315,97,1.20539873860638,1.22657599129825,1.25008133805542,1.36818518226367,1,0,45,NaN,0.0520833333333333,0.145833333333333,15,0.0520833333333333,0.145833333333333
PHM2010,c1,27,vibration_y,GainDrift,315,96,1.47545441084673,1.49951741367183,1.53428281540874,1.36503696215452,1,0,46,NaN,0.0526315789473684,0.147368421052632,15,0.0526315789473684,0.147368421052632
PHM2010,c1,27,vibration_y,ColoredNoiseRamp,315,102,1.40517880748006,1.4296411025239,1.4623352787406,1.38610826352672,0,0,NaN,NaN,0.0495049504950495,0.138613861386139,15,0.0495049504950495,0.138613861386139
PHM2010,c1,27,vibration_y,IntermittentRecordDropout,315,70,1.07335578371669,1.10050041477266,1.14615475161536,1.30239374736331,1,1,0,184,0.0579710144927536,0.202898550724638,17,0.0579710144927536,0.202898550724638
PHM2010,c1,28,force_z,LinearBiasDrift,315,118,0.977889048066367,1.17774299079613,1.18672833364886,1.18099845231981,1,1,3,3,0.0512820512820513,0.11965811965812,11,0.0512820512820513,0.11965811965812
PHM2010,c1,28,force_z,GainDrift,315,72,0.788487028318116,0.784529985029331,0.788138215638467,1.01819329848511,1,1,35,49,0.0704225352112676,0.197183098591549,15,0.0704225352112676,0.197183098591549
PHM2010,c1,28,force_z,ColoredNoiseRamp,315,96,1.12688609247228,1.0997214053419,1.10715328375339,1.08905699565766,1,1,103,120,0.0526315789473684,0.147368421052632,23,0.0526315789473684,0.147368421052632
PHM2010,c1,28,force_z,IntermittentRecordDropout,315,67,0.935938710766293,1.04721572590627,1.01395809158721,1.00578443576576,1,1,0,0,0.0606060606060606,0.212121212121212,7,0.0606060606060606,0.212121212121212
PHM2010,c1,28,vibration_x,LinearBiasDrift,315,84,1.1223932843646,1.24300743565696,1.30889285235737,1.36564668372014,1,1,41,154,0.0602409638554217,0.168674698795181,7,0.0602409638554217,0.168674698795181
PHM2010,c1,28,vibration_x,GainDrift,315,83,1.41805342899927,1.41891652626526,1.41721564903803,1.36309088507162,1,1,42,196,0.0609756097560976,0.170731707317073,15,0.0609756097560976,0.170731707317073
PHM2010,c1,28,vibration_x,ColoredNoiseRamp,315,86,1.18351894586402,1.19093343971577,1.19689489798785,1.37274271083188,1,1,219,219,0.0588235294117647,0.164705882352941,11,0.0588235294117647,0.164705882352941
PHM2010,c1,28,vibration_x,IntermittentRecordDropout,315,83,1.04626695018804,1.2811527983295,1.34862400196879,1.36309088507162,1,1,0,21,0.0609756097560976,0.170731707317073,28,0.0609756097560976,0.170731707317073
PHM2010,c1,28,vibration_y,LinearBiasDrift,315,83,1.25550936321358,1.2808534059695,1.31090739746622,1.31976916161144,1,0,59,NaN,0.0609756097560976,0.170731707317073,15,0.0609756097560976,0.170731707317073
PHM2010,c1,28,vibration_y,GainDrift,315,116,1.56372593102027,1.59067893686329,1.62673808860324,1.46355293415836,1,0,26,NaN,0.0521739130434783,0.121739130434783,15,0.0521739130434783,0.121739130434783
PHM2010,c1,28,vibration_y,ColoredNoiseRamp,315,77,1.16301018513989,1.17916792330842,1.20027027944246,1.31115816871313,0,0,NaN,NaN,0.0657894736842105,0.184210526315789,15,0.0657894736842105,0.184210526315789
PHM2010,c1,28,vibration_y,IntermittentRecordDropout,315,98,1.14499890379261,1.17070971685359,1.18783307747611,1.36962357905514,1,1,44,168,0.0515463917525773,0.144329896907216,16,0.0515463917525773,0.144329896907216
PHM2010,c1,29,force_z,LinearBiasDrift,315,104,0.874947772405148,0.971252472450505,1.06518375864289,1.12349031480915,1,1,17,17,0.0485436893203883,0.135922330097087,11,0.0485436893203883,0.135922330097087
PHM2010,c1,29,force_z,GainDrift,315,79,1.79837724862009,1.79995006563676,1.70933822392893,1.03244484491209,1,1,28,42,0.0641025641025641,0.179487179487179,21,0.0641025641025641,0.179487179487179
PHM2010,c1,29,force_z,ColoredNoiseRamp,315,119,1.24704494688496,1.18282710680259,1.17014937177351,1.18286941927231,1,1,87,129,0.0508474576271186,0.11864406779661,17,0.0508474576271186,0.11864406779661
PHM2010,c1,29,force_z,IntermittentRecordDropout,315,116,1.08203703844862,1.1890081830931,1.17223502173721,1.17392216021225,1,1,5,5,0.0521739130434783,0.121739130434783,5,0.0521739130434783,0.121739130434783
PHM2010,c1,29,vibration_x,LinearBiasDrift,315,81,1.18566315222159,1.19645963170349,1.26461066314929,1.3595500687599,1,1,44,198,0.0625,0.175,7,0.0625,0.175
PHM2010,c1,29,vibration_x,GainDrift,315,71,0.845936333140457,0.865600324835969,0.887889853318515,1.34924221396103,1,1,54,208,0.0714285714285714,0.2,15,0.0714285714285714,0.2
PHM2010,c1,29,vibration_x,ColoredNoiseRamp,315,133,1.3703708224862,1.37947820502089,1.38109730776422,1.60116277389437,1,1,172,172,0.0606060606060606,0.196969696969697,11,0.0606060606060606,0.196969696969697
PHM2010,c1,29,vibration_x,IntermittentRecordDropout,315,88,1.07673089061547,1.25059719062046,1.36450058895879,1.37662438205126,1,1,4,4,0.0574712643678161,0.160919540229885,36,0.0574712643678161,0.160919540229885
PHM2010,c1,29,vibration_y,LinearBiasDrift,315,82,1.07521595490783,1.08784023943246,1.09819075143994,1.31658702835753,1,0,60,NaN,0.0617283950617284,0.172839506172839,15,0.0617283950617284,0.172839506172839
PHM2010,c1,29,vibration_y,GainDrift,315,116,1.4097922868601,1.43305469186465,1.46160556068834,1.46355293415836,1,0,26,NaN,0.0521739130434783,0.121739130434783,15,0.0521739130434783,0.121739130434783
PHM2010,c1,29,vibration_y,ColoredNoiseRamp,315,73,1.23077914496235,1.25098943155438,1.27438183714712,1.30340153146306,0,0,NaN,NaN,0.0694444444444444,0.194444444444444,15,0.0694444444444444,0.194444444444444
PHM2010,c1,29,vibration_y,IntermittentRecordDropout,315,67,1.07227242559153,1.09727888937188,1.12199620332722,1.30102877054875,1,1,3,216,0.0606060606060606,0.212121212121212,18,0.0606060606060606,0.212121212121212
PHM2010,c1,30,force_z,LinearBiasDrift,315,92,0.81351182606182,1.06159428122468,1.07389428750378,1.07309303478598,1,1,29,29,0.0549450549450549,0.153846153846154,11,0.0549450549450549,0.153846153846154
PHM2010,c1,30,force_z,GainDrift,315,116,0.883357029672995,0.879222316039208,0.879477956067131,1.17392216021225,1,1,5,5,0.0521739130434783,0.121739130434783,15,0.0521739130434783,0.121739130434783
PHM2010,c1,30,force_z,ColoredNoiseRamp,315,96,1.1174166159469,1.09575658288682,1.09617851641601,1.08905699565766,1,1,115,115,0.0526315789473684,0.147368421052632,31,0.0526315789473684,0.147368421052632
PHM2010,c1,30,force_z,IntermittentRecordDropout,315,90,0.969816161902905,1.09424295232124,1.07135666423345,1.06492337320611,1,1,8,8,0.0561797752808989,0.157303370786517,7,0.0561797752808989,0.157303370786517
PHM2010,c1,30,vibration_x,LinearBiasDrift,315,127,1.51329498571121,1.51838889274798,1.57411273803305,1.56281453473979,1,1,122,103,0.0634920634920635,0.158730158730159,9,0.0634920634920635,0.158730158730159
PHM2010,c1,30,vibration_x,GainDrift,315,81,0.794366116006947,0.808637061676974,0.826605777053727,1.3595500687599,1,1,44,198,0.0625,0.175,15,0.0625,0.175
PHM2010,c1,30,vibration_x,ColoredNoiseRamp,315,104,1.69771049445366,1.67923413273614,1.66635648748757,1.42889142114557,1,1,201,201,0.0485436893203883,0.135922330097087,7,0.0485436893203883,0.135922330097087
PHM2010,c1,30,vibration_x,IntermittentRecordDropout,315,118,1.18508160697461,1.41761532333348,1.51762173696906,1.50746700913482,1,1,7,25,0.0512820512820513,0.11965811965812,27,0.0512820512820513,0.11965811965812
PHM2010,c1,30,vibration_y,LinearBiasDrift,315,67,1.05310442785493,1.06554668180773,1.074010676166,1.30102877054875,1,0,3,NaN,0.0606060606060606,0.212121212121212,15,0.0606060606060606,0.212121212121212
PHM2010,c1,30,vibration_y,GainDrift,315,110,1.50038538958552,1.52574524298013,1.55940954879403,1.4287262282273,1,0,32,NaN,0.055045871559633,0.128440366972477,15,0.055045871559633,0.128440366972477
PHM2010,c1,30,vibration_y,ColoredNoiseRamp,315,133,1.68862632118015,1.72302417779926,1.76399770256576,1.55562172634644,0,0,NaN,NaN,0.0606060606060606,0.196969696969697,15,0.0606060606060606,0.196969696969697
PHM2010,c1,30,vibration_y,IntermittentRecordDropout,315,102,1.15549355186151,1.17728991217349,1.1990817447393,1.38610826352672,1,1,40,182,0.0495049504950495,0.138613861386139,21,0.0495049504950495,0.138613861386139
PHM2010,c4,0,None,Clean,315,Inf,1,1,1,1,0,0,NaN,NaN,0.0285714285714286,0.0412698412698413,9,0.0285714285714286,0.0412698412698413
PHM2010,c4,1,force_z,LinearBiasDrift,315,123,1.11954184447731,1.01303089730352,1.00393141398624,0.933049437210437,1,1,60,58,0.040983606557377,0.0573770491803279,5,0.040983606557377,0.0573770491803279
PHM2010,c4,1,force_z,GainDrift,315,130,1.10596893685298,1.10551841372616,1.10940990976399,0.960850382329393,0,0,NaN,NaN,0.0387596899224806,0.0542635658914729,9,0.0387596899224806,0.0542635658914729
PHM2010,c4,1,force_z,ColoredNoiseRamp,315,64,0.883733177289205,0.883778990898621,0.837265204641234,0.808129049820369,1,1,59,59,0.0634920634920635,0.111111111111111,14,0.0634920634920635,0.111111111111111
PHM2010,c4,1,force_z,IntermittentRecordDropout,315,112,1.00137648245941,0.969973530151564,0.906525720518292,0.887863019499245,1,1,8,8,0.045045045045045,0.0630630630630631,12,0.045045045045045,0.0630630630630631
PHM2010,c4,1,vibration_x,LinearBiasDrift,315,141,1.07957782574635,1.13158149950119,1.13400042377632,1.17603565639175,1,1,39,39,0.0357142857142857,0.05,14,0.0357142857142857,0.05
PHM2010,c4,1,vibration_x,GainDrift,315,97,0.96373270889217,0.974572561201368,0.998583582346341,0.997718607395639,1,1,12,83,0.0416666666666667,0.0729166666666667,11,0.0416666666666667,0.0729166666666667
PHM2010,c4,1,vibration_x,ColoredNoiseRamp,315,100,0.928895307015149,0.932219113244664,0.935953145628667,1.01019509945368,1,1,192,192,0.0404040404040404,0.0707070707070707,5,0.0404040404040404,0.0707070707070707
PHM2010,c4,1,vibration_x,IntermittentRecordDropout,315,98,0.93793767966252,0.95064847998723,0.978322200635649,1.00223764734863,1,1,11,22,0.0412371134020619,0.0721649484536082,28,0.0412371134020619,0.0721649484536082
PHM2010,c4,1,vibration_y,LinearBiasDrift,315,69,0.882311429701358,0.848689421562332,0.867253813017815,1.02940450460385,1,1,182,174,0.0588235294117647,0.102941176470588,10,0.0588235294117647,0.102941176470588
PHM2010,c4,1,vibration_y,GainDrift,315,69,0.907552985338227,0.908024717589646,0.909620329479469,1.02940450460385,1,0,215,NaN,0.0588235294117647,0.102941176470588,9,0.0588235294117647,0.102941176470588
PHM2010,c4,1,vibration_y,ColoredNoiseRamp,315,127,1.02967255833786,1.03140036840516,1.03216496644391,1.1837945778273,0,0,NaN,NaN,0.0396825396825397,0.0555555555555556,9,0.0396825396825397,0.0555555555555556
PHM2010,c4,1,vibration_y,IntermittentRecordDropout,315,85,0.904231850401922,0.950910350709759,0.992057667216464,1.04033344193924,1,1,14,14,0.0476190476190476,0.0833333333333333,38,0.0476190476190476,0.0833333333333333
PHM2010,c4,2,force_z,LinearBiasDrift,315,110,0.971192825679898,0.940723981287824,0.932071980387149,0.88056453973391,1,1,103,90,0.0458715596330275,0.0642201834862385,8,0.0458715596330275,0.0642201834862385
PHM2010,c4,2,force_z,GainDrift,315,124,1.07606917967372,1.07979104053724,1.07868483254116,0.937702806054199,0,0,NaN,NaN,0.040650406504065,0.0569105691056911,9,0.040650406504065,0.0569105691056911
PHM2010,c4,2,force_z,ColoredNoiseRamp,315,91,0.865612947031174,0.889708788685063,0.867717979658125,0.822182869849579,1,1,97,97,0.0444444444444444,0.0777777777777778,10,0.0444444444444444,0.0777777777777778
PHM2010,c4,2,force_z,IntermittentRecordDropout,315,109,0.990021805786645,0.961627602806225,0.891854184706123,0.876817715953139,1,1,5,5,0.037037037037037,0.0648148148148148,18,0.037037037037037,0.0648148148148148
PHM2010,c4,2,vibration_x,LinearBiasDrift,315,70,0.896065919997594,0.929103625774438,0.933722379605809,0.963705326027249,1,1,110,110,0.0579710144927536,0.101449275362319,10,0.0579710144927536,0.101449275362319
PHM2010,c4,2,vibration_x,GainDrift,315,67,0.889857729186341,0.889221880179605,0.891126885591424,0.961168937790488,1,1,42,113,0.0606060606060606,0.106060606060606,9,0.0606060606060606,0.106060606060606
PHM2010,c4,2,vibration_x,ColoredNoiseRamp,315,100,0.923865494158158,0.942098742155362,0.991420279653336,1.01019509945368,1,1,181,184,0.0404040404040404,0.0707070707070707,10,0.0404040404040404,0.0707070707070707
PHM2010,c4,2,vibration_x,IntermittentRecordDropout,315,115,1.0152039341223,1.02522159099807,1.05841684691985,1.07626591480333,1,1,0,3,0.043859649122807,0.0614035087719298,24,0.043859649122807,0.0614035087719298
PHM2010,c4,2,vibration_y,LinearBiasDrift,315,109,0.975843951078684,0.976044685263748,0.981367093604206,1.11526856440194,1,1,175,194,0.037037037037037,0.0648148148148148,11,0.037037037037037,0.0648148148148148
PHM2010,c4,2,vibration_y,GainDrift,315,130,1.07802899273164,1.07595839846454,1.08159693596472,1.19379338374378,1,0,154,NaN,0.0387596899224806,0.0542635658914729,9,0.0387596899224806,0.0542635658914729
PHM2010,c4,2,vibration_y,ColoredNoiseRamp,315,138,1.06067482191524,1.06783476318878,1.06268706637679,1.22376131052291,1,0,169,NaN,0.0364963503649635,0.0510948905109489,9,0.0364963503649635,0.0510948905109489
PHM2010,c4,2,vibration_y,IntermittentRecordDropout,315,111,0.9955896296754,1.00826956584871,1.05931040187792,1.12338288310242,1,1,3,3,0.0454545454545455,0.0636363636363636,43,0.0454545454545455,0.0636363636363636
PHM2010,c4,3,force_z,LinearBiasDrift,315,68,1.0087158194734,0.874675981651654,0.8525075738102,0.805109525078435,1,1,89,85,0.0597014925373134,0.104477611940299,4,0.0597014925373134,0.104477611940299
PHM2010,c4,3,force_z,GainDrift,315,114,1.00261644606232,1.00202212430081,1.00559526081324,0.896312784343508,0,0,NaN,NaN,0.0442477876106195,0.0619469026548673,9,0.0442477876106195,0.0619469026548673
PHM2010,c4,3,force_z,ColoredNoiseRamp,315,129,1.01154751945007,1.06850997006589,1.02330841257214,0.956704213457243,1,1,57,57,0.0390625,0.0546875,12,0.0390625,0.0546875
PHM2010,c4,3,force_z,IntermittentRecordDropout,315,68,0.906174450784027,0.857083420826115,0.814607004374049,0.805109525078435,1,1,0,0,0.0597014925373134,0.104477611940299,14,0.0597014925373134,0.104477611940299
PHM2010,c4,3,vibration_x,LinearBiasDrift,315,112,0.985246679192945,0.986962655739071,0.987834580232228,1.06379167643856,1,1,68,68,0.045045045045045,0.0630630630630631,12,0.045045045045045,0.0630630630630631
PHM2010,c4,3,vibration_x,GainDrift,315,139,1.15482506182387,1.15254440085194,1.15535726049898,1.16904056610832,1,1,41,41,0.036231884057971,0.0507246376811594,9,0.036231884057971,0.0507246376811594
PHM2010,c4,3,vibration_x,ColoredNoiseRamp,315,68,0.892988180276332,0.905882050566386,0.932137314196649,0.962352599644317,1,1,208,209,0.0597014925373134,0.104477611940299,11,0.0597014925373134,0.104477611940299
PHM2010,c4,3,vibration_x,IntermittentRecordDropout,315,69,0.900890011970866,0.923287239861058,0.946771353781322,0.96308077982704,1,1,16,16,0.0588235294117647,0.102941176470588,32,0.0588235294117647,0.102941176470588
PHM2010,c4,3,vibration_y,LinearBiasDrift,315,138,1.0945802015516,1.09356072675137,1.09776920604163,1.22376131052291,1,0,146,NaN,0.0364963503649635,0.0510948905109489,9,0.0364963503649635,0.0510948905109489
PHM2010,c4,3,vibration_y,GainDrift,315,74,0.914196462697775,0.914918758895497,0.916224167592766,1.03063532539333,1,0,210,NaN,0.0547945205479452,0.0958904109589041,9,0.0547945205479452,0.0958904109589041
PHM2010,c4,3,vibration_y,ColoredNoiseRamp,315,95,0.917100050555004,0.921300102487695,0.92067220371053,1.05814493405543,1,1,196,197,0.0425531914893617,0.074468085106383,11,0.0425531914893617,0.074468085106383
PHM2010,c4,3,vibration_y,IntermittentRecordDropout,315,69,0.897634596468397,0.942672223430089,0.986863672610242,1.02940450460385,1,1,6,6,0.0588235294117647,0.102941176470588,36,0.0588235294117647,0.102941176470588
PHM2010,c4,4,force_z,LinearBiasDrift,315,90,0.895522067077308,0.855669581166211,0.849019943828601,0.819891785067789,1,1,104,89,0.0449438202247191,0.0786516853932584,6,0.0449438202247191,0.0786516853932584
PHM2010,c4,4,force_z,GainDrift,315,109,0.993941302731057,0.994081639451571,0.996957710865876,0.876817715953139,0,0,NaN,NaN,0.037037037037037,0.0648148148148148,9,0.037037037037037,0.0648148148148148
PHM2010,c4,4,force_z,ColoredNoiseRamp,315,105,0.9518917713232,0.956909452861004,0.972680800436215,0.861790653659315,1,1,162,162,0.0384615384615385,0.0673076923076923,18,0.0384615384615385,0.0673076923076923
PHM2010,c4,4,force_z,IntermittentRecordDropout,315,122,1.04244505176135,1.00748710257401,0.949731876008984,0.929495190268376,1,1,12,12,0.0413223140495868,0.0578512396694215,12,0.0413223140495868,0.0578512396694215
PHM2010,c4,4,vibration_x,LinearBiasDrift,315,111,0.975091552191633,0.992456649905661,1.00566303992386,1.05862995606977,1,1,69,69,0.0454545454545455,0.0636363636363636,10,0.0454545454545455,0.0636363636363636
PHM2010,c4,4,vibration_x,GainDrift,315,130,1.06951190042313,1.08084077292695,1.0858612127968,1.1343613366477,1,1,50,50,0.0387596899224806,0.0542635658914729,9,0.0387596899224806,0.0542635658914729
PHM2010,c4,4,vibration_x,ColoredNoiseRamp,315,94,0.913482078091682,0.912923596225207,0.913482078091682,0.99110111356881,0,0,NaN,NaN,0.043010752688172,0.0752688172043011,3,0.043010752688172,0.0752688172043011
PHM2010,c4,4,vibration_x,IntermittentRecordDropout,315,111,0.997047727562583,1.01028261818513,1.04373466800351,1.05862995606977,1,1,4,4,0.0454545454545455,0.0636363636363636,28,0.0454545454545455,0.0636363636363636
PHM2010,c4,4,vibration_y,LinearBiasDrift,315,89,0.903756504755305,0.896767903328135,0.868989488734158,1.04623395421537,1,1,195,195,0.0454545454545455,0.0795454545454545,10,0.0454545454545455,0.0795454545454545
PHM2010,c4,4,vibration_y,GainDrift,315,92,0.917165613421111,0.915795056154731,0.920067388401962,1.05227234030818,1,0,192,NaN,0.043956043956044,0.0769230769230769,9,0.043956043956044,0.0769230769230769
PHM2010,c4,4,vibration_y,ColoredNoiseRamp,315,85,0.900147065819831,0.902161551385374,0.902475524490289,1.04033344193924,0,0,NaN,NaN,0.0476190476190476,0.0833333333333333,9,0.0476190476190476,0.0833333333333333
PHM2010,c4,4,vibration_y,IntermittentRecordDropout,315,113,0.993775107535982,1.04044241086347,1.0743475724751,1.13279511067746,1,1,6,6,0.0446428571428571,0.0625,34,0.0446428571428571,0.0625
PHM2010,c4,5,force_z,LinearBiasDrift,315,141,1.11394910961787,1.04680028209697,1.0420929872495,1.00696785065268,1,1,54,47,0.0357142857142857,0.05,6,0.0357142857142857,0.05
PHM2010,c4,5,force_z,GainDrift,315,119,1.05208779603769,1.05165699376719,1.0553122107291,0.916092818505866,0,0,NaN,NaN,0.0423728813559322,0.0593220338983051,9,0.0423728813559322,0.0593220338983051
PHM2010,c4,5,force_z,ColoredNoiseRamp,315,80,0.87316327439557,0.889883070203347,0.850161005815245,0.808566679854704,1,1,98,88,0.0506329113924051,0.0886075949367089,14,0.0506329113924051,0.0886075949367089
PHM2010,c4,5,force_z,IntermittentRecordDropout,315,114,1.01030945548929,0.9701581546182,0.91907014277005,0.896312784343508,1,1,27,27,0.0442477876106195,0.0619469026548673,6,0.0442477876106195,0.0619469026548673
PHM2010,c4,5,vibration_x,LinearBiasDrift,315,63,0.894781448078264,0.901206419241254,0.910891336689413,0.965488885384475,1,1,117,117,0.0645161290322581,0.112903225806452,14,0.0645161290322581,0.112903225806452
PHM2010,c4,5,vibration_x,GainDrift,315,130,1.09939077480807,1.09747003709211,1.10026810078755,1.1343613366477,1,1,50,50,0.0387596899224806,0.0542635658914729,9,0.0387596899224806,0.0542635658914729
PHM2010,c4,5,vibration_x,ColoredNoiseRamp,315,74,0.891306454070502,0.888783378888997,0.890573781438669,0.964711935882503,1,1,196,196,0.0547945205479452,0.0958904109589041,5,0.0547945205479452,0.0958904109589041
PHM2010,c4,5,vibration_x,IntermittentRecordDropout,315,104,0.963745783992456,0.978315472037691,1.00596539245084,1.02817503649529,1,1,5,14,0.0388349514563107,0.0679611650485437,16,0.0388349514563107,0.0679611650485437
PHM2010,c4,5,vibration_y,LinearBiasDrift,315,90,0.917658476873677,0.927070154221583,0.929269040223251,1.04783252020173,1,1,175,174,0.0449438202247191,0.0786516853932584,10,0.0449438202247191,0.0786516853932584
PHM2010,c4,5,vibration_y,GainDrift,315,92,0.91530238093996,0.914295268184054,0.918088409100265,1.05227234030818,1,0,192,NaN,0.043956043956044,0.0769230769230769,9,0.043956043956044,0.0769230769230769
PHM2010,c4,5,vibration_y,ColoredNoiseRamp,315,100,0.925074043896124,0.927046247365403,0.927207585509329,1.07606448742468,0,0,NaN,NaN,0.0404040404040404,0.0707070707070707,9,0.0404040404040404,0.0707070707070707
PHM2010,c4,5,vibration_y,IntermittentRecordDropout,315,66,0.894757332121712,0.942028216909267,0.991934511422244,1.02771802549038,1,1,2,2,0.0615384615384615,0.107692307692308,28,0.0615384615384615,0.107692307692308
PHM2010,c4,6,force_z,LinearBiasDrift,315,79,0.99544084360797,0.886918800393618,0.85550079845203,0.808786519737005,1,1,95,78,0.0512820512820513,0.0897435897435897,4,0.0512820512820513,0.0897435897435897
PHM2010,c4,6,force_z,GainDrift,315,82,1.02109982148041,1.02599140218257,1.02489464563517,0.810950107688365,0,0,NaN,NaN,0.0493827160493827,0.0864197530864197,9,0.0493827160493827,0.0864197530864197
PHM2010,c4,6,force_z,ColoredNoiseRamp,315,134,1.0079296079682,1.05830153692132,1.05707067867504,0.978832982979774,1,1,78,78,0.037593984962406,0.0526315789473684,10,0.037593984962406,0.0526315789473684
PHM2010,c4,6,force_z,IntermittentRecordDropout,315,140,1.11907627214204,1.09501882110988,1.03387812326317,1.00425450244796,1,1,22,22,0.0359712230215827,0.0503597122302158,8,0.0359712230215827,0.0503597122302158
PHM2010,c4,6,vibration_x,LinearBiasDrift,315,110,0.979810458962373,0.977947649371771,0.981411241540396,1.05446646368649,1,1,70,70,0.0458715596330275,0.0642201834862385,15,0.0458715596330275,0.0642201834862385
PHM2010,c4,6,vibration_x,GainDrift,315,88,0.949589549960041,0.959853399563938,0.982729165785375,0.979738995830269,1,1,21,92,0.0459770114942529,0.0804597701149425,11,0.0459770114942529,0.0804597701149425
PHM2010,c4,6,vibration_x,ColoredNoiseRamp,315,95,0.910690228533056,0.918084136248532,0.922907842286557,0.992937465945792,1,1,169,189,0.0425531914893617,0.074468085106383,9,0.0425531914893617,0.074468085106383
PHM2010,c4,6,vibration_x,IntermittentRecordDropout,315,88,0.918264966184915,0.933903760356466,0.961860921087366,0.979738995830269,1,1,12,12,0.0459770114942529,0.0804597701149425,32,0.0459770114942529,0.0804597701149425
PHM2010,c4,6,vibration_y,LinearBiasDrift,315,88,0.899217034184849,0.869901336976697,0.869350819191074,1.04543016524386,1,1,168,163,0.0459770114942529,0.0804597701149425,10,0.0459770114942529,0.0804597701149425
PHM2010,c4,6,vibration_y,GainDrift,315,123,1.0354239930096,1.03526147073518,1.03800914229665,1.17073333228513,1,0,161,NaN,0.040983606557377,0.0573770491803279,9,0.040983606557377,0.0573770491803279
PHM2010,c4,6,vibration_y,ColoredNoiseRamp,315,111,0.977150853592542,0.978784441318309,0.979659110284913,1.12338288310242,0,0,NaN,NaN,0.0454545454545455,0.0636363636363636,9,0.0454545454545455,0.0636363636363636
PHM2010,c4,6,vibration_y,IntermittentRecordDropout,315,66,0.896438894063712,0.931165362652032,0.976072122047586,1.02771802549038,1,1,10,10,0.0615384615384615,0.107692307692308,42,0.0615384615384615,0.107692307692308
PHM2010,c4,7,force_z,LinearBiasDrift,315,87,0.893953652628518,0.871907715448725,0.861987376469341,0.81723195470754,1,1,135,113,0.0465116279069767,0.0813953488372093,8,0.0465116279069767,0.0813953488372093
PHM2010,c4,7,force_z,GainDrift,315,105,1.06820333444379,1.0735806791175,1.07235097895185,0.861790653659315,0,0,NaN,NaN,0.0384615384615385,0.0673076923076923,9,0.0384615384615385,0.0673076923076923
PHM2010,c4,7,force_z,ColoredNoiseRamp,315,107,0.945095094744664,0.955615257993363,0.974425808528231,0.869107723649144,1,1,78,114,0.0377358490566038,0.0660377358490566,14,0.0377358490566038,0.0660377358490566
PHM2010,c4,7,force_z,IntermittentRecordDropout,315,129,1.07063876467728,1.03500669127035,0.973317062991971,0.956704213457243,1,1,7,7,0.0390625,0.0546875,14,0.0390625,0.0546875
PHM2010,c4,7,vibration_x,LinearBiasDrift,315,128,1.04458251554686,1.05717147410013,1.06899006263862,1.12746488804338,1,1,52,52,0.0393700787401575,0.0551181102362205,14,0.0393700787401575,0.0551181102362205
PHM2010,c4,7,vibration_x,GainDrift,315,120,1.04997128943415,1.04828327636359,1.05100805991305,1.09674837763113,1,1,60,60,0.0420168067226891,0.0588235294117647,9,0.0420168067226891,0.0588235294117647
PHM2010,c4,7,vibration_x,ColoredNoiseRamp,315,104,0.940199973556261,0.964617546888389,1.02356454884405,1.02817503649529,1,1,174,175,0.0388349514563107,0.0679611650485437,9,0.0388349514563107,0.0679611650485437
PHM2010,c4,7,vibration_x,IntermittentRecordDropout,315,95,0.931756260254489,0.948314680730285,0.97499026879558,0.992937465945792,1,1,3,3,0.0425531914893617,0.074468085106383,24,0.0425531914893617,0.074468085106383
PHM2010,c4,7,vibration_y,LinearBiasDrift,315,102,0.951680156034294,0.970117393428881,0.974191767788024,1.08450383719633,1,1,159,151,0.0396039603960396,0.0693069306930693,10,0.0396039603960396,0.0693069306930693
PHM2010,c4,7,vibration_y,GainDrift,315,100,0.940832805808305,0.939575949329362,0.943821174302523,1.07606448742468,1,0,184,NaN,0.0404040404040404,0.0707070707070707,9,0.0404040404040404,0.0707070707070707
PHM2010,c4,7,vibration_y,ColoredNoiseRamp,315,118,1.00068617777176,1.0022961047137,1.00324694222009,1.15233291100975,0,0,NaN,NaN,0.0427350427350427,0.0598290598290598,9,0.0427350427350427,0.0598290598290598
PHM2010,c4,7,vibration_y,IntermittentRecordDropout,315,137,1.0978066169413,1.11463801411943,1.14998787687115,1.2208329808886,1,1,1,17,0.0367647058823529,0.0514705882352941,30,0.0367647058823529,0.0514705882352941
PHM2010,c4,8,force_z,LinearBiasDrift,315,136,1.12336701396034,1.09153416282693,1.05958195961744,0.98803982465689,1,1,67,54,0.037037037037037,0.0518518518518519,6,0.037037037037037,0.0518518518518519
PHM2010,c4,8,force_z,GainDrift,315,79,0.974221728298153,0.97882442365234,0.976800922208018,0.808786519737005,0,0,NaN,NaN,0.0512820512820513,0.0897435897435897,9,0.0512820512820513,0.0897435897435897
PHM2010,c4,8,force_z,ColoredNoiseRamp,315,137,1.049602120901,1.07156326244891,1.09776295404419,0.991491543894246,1,1,84,77,0.0367647058823529,0.0514705882352941,12,0.0367647058823529,0.0514705882352941
PHM2010,c4,8,force_z,IntermittentRecordDropout,315,75,0.910205149068652,0.875315210489137,0.814479402797166,0.806563438340162,1,1,6,6,0.0540540540540541,0.0945945945945946,18,0.0540540540540541,0.0945945945945946
PHM2010,c4,8,vibration_x,LinearBiasDrift,315,89,0.910016456982962,0.909128290930868,0.912650659496196,0.980755055776727,1,1,91,91,0.0454545454545455,0.0795454545454545,9,0.0454545454545455,0.0795454545454545
PHM2010,c4,8,vibration_x,GainDrift,315,87,0.934244607918996,0.938740690855369,0.943348685657127,0.978327114084175,1,1,22,93,0.0465116279069767,0.0813953488372093,9,0.0465116279069767,0.0813953488372093
PHM2010,c4,8,vibration_x,ColoredNoiseRamp,315,102,0.934381251152502,0.938017342728659,0.946572386601433,1.01943048453148,1,1,197,183,0.0396039603960396,0.0693069306930693,9,0.0396039603960396,0.0693069306930693
PHM2010,c4,8,vibration_x,IntermittentRecordDropout,315,85,0.916694827183373,0.926917447846819,0.958499052400668,0.974943682477597,1,1,5,5,0.0476190476190476,0.0833333333333333,26,0.0476190476190476,0.0833333333333333
PHM2010,c4,8,vibration_y,LinearBiasDrift,315,116,1.00437475135354,1.01373421605531,1.01561371247699,1.1450844343724,1,1,152,149,0.0434782608695652,0.0608695652173913,10,0.0434782608695652,0.0608695652173913
PHM2010,c4,8,vibration_y,GainDrift,315,137,1.0891382923318,1.08936974864834,1.09167846804494,1.2208329808886,1,0,147,NaN,0.0367647058823529,0.0514705882352941,9,0.0367647058823529,0.0514705882352941
PHM2010,c4,8,vibration_y,ColoredNoiseRamp,315,136,1.07155486877287,1.07333106497868,1.07427028512762,1.21811231154927,0,0,NaN,NaN,0.037037037037037,0.0518518518518519,9,0.037037037037037,0.0518518518518519
PHM2010,c4,8,vibration_y,IntermittentRecordDropout,315,127,1.0607080485154,1.07165100905848,1.12027577829732,1.1837945778273,1,1,10,10,0.0396825396825397,0.0555555555555556,38,0.0396825396825397,0.0555555555555556
PHM2010,c4,9,force_z,LinearBiasDrift,315,77,0.868838081162671,0.822314155867969,0.817375402922446,0.807073473479715,1,1,81,68,0.0526315789473684,0.0921052631578947,4,0.0526315789473684,0.0921052631578947
PHM2010,c4,9,force_z,GainDrift,315,126,1.08143213882443,1.08095502668192,1.08475882009346,0.945292784246332,0,0,NaN,NaN,0.04,0.056,9,0.04,0.056
PHM2010,c4,9,force_z,ColoredNoiseRamp,315,126,0.995760250782631,1.03736563871835,1.01567580023012,0.945292784246332,1,1,63,83,0.04,0.056,12,0.04,0.056
PHM2010,c4,9,force_z,IntermittentRecordDropout,315,125,1.05660447830682,1.01028964424601,0.950919186539156,0.941074806798409,1,1,0,0,0.0403225806451613,0.0564516129032258,10,0.0403225806451613,0.0564516129032258
PHM2010,c4,9,vibration_x,LinearBiasDrift,315,68,0.888978064723618,0.900624109629941,0.91287920219539,0.962352599644317,1,1,110,111,0.0597014925373134,0.104477611940299,10,0.0597014925373134,0.104477611940299
PHM2010,c4,9,vibration_x,GainDrift,315,87,0.909024743886503,0.908460368332589,0.910412283339609,0.978327114084175,1,1,22,93,0.0465116279069767,0.0813953488372093,9,0.0465116279069767,0.0813953488372093
PHM2010,c4,9,vibration_x,ColoredNoiseRamp,315,121,1.00425226770792,1.02992461338571,1.11221706165793,1.10071355506841,1,1,136,137,0.0416666666666667,0.0583333333333333,9,0.0416666666666667,0.0583333333333333
PHM2010,c4,9,vibration_x,IntermittentRecordDropout,315,109,0.994423413002392,0.998892181821997,1.02547084616576,1.05001422842373,1,1,0,3,0.037037037037037,0.0648148148148148,28,0.037037037037037,0.0648148148148148
PHM2010,c4,9,vibration_y,LinearBiasDrift,315,80,0.893280594843167,0.893005668082392,0.89242827045352,1.03380920155506,1,1,204,204,0.0506329113924051,0.0886075949367089,11,0.0506329113924051,0.0886075949367089
PHM2010,c4,9,vibration_y,GainDrift,315,135,1.07997758443067,1.0798731400507,1.08266509451921,1.21338814959248,1,0,149,NaN,0.0373134328358209,0.0522388059701493,9,0.0373134328358209,0.0522388059701493
PHM2010,c4,9,vibration_y,ColoredNoiseRamp,315,128,1.03865012250817,1.0402909490727,1.04099476438331,1.18786669275232,0,0,NaN,NaN,0.0393700787401575,0.0551181102362205,9,0.0393700787401575,0.0551181102362205
PHM2010,c4,9,vibration_y,IntermittentRecordDropout,315,139,1.10809884532267,1.13516464038351,1.16314388502281,1.22652541676914,1,1,1,1,0.036231884057971,0.0507246376811594,28,0.036231884057971,0.0507246376811594
PHM2010,c4,10,force_z,LinearBiasDrift,315,98,0.957298877527349,0.959077758135242,0.940431058428563,0.838315161084285,1,1,117,110,0.0412371134020619,0.0721649484536082,8,0.0412371134020619,0.0721649484536082
PHM2010,c4,10,force_z,GainDrift,315,91,0.917858566503277,0.917835618396452,0.920595284247147,0.822182869849579,0,0,NaN,NaN,0.0444444444444444,0.0777777777777778,9,0.0444444444444444,0.0777777777777778
PHM2010,c4,10,force_z,ColoredNoiseRamp,315,107,0.962619710856961,0.965229629184788,0.970309568507782,0.869107723649144,1,1,179,179,0.0377358490566038,0.0660377358490566,14,0.0377358490566038,0.0660377358490566
PHM2010,c4,10,force_z,IntermittentRecordDropout,315,108,0.985233991350356,0.95012702996778,0.885088951536616,0.872947518323809,1,1,19,19,0.0373831775700935,0.0654205607476635,12,0.0373831775700935,0.0654205607476635
PHM2010,c4,10,vibration_x,LinearBiasDrift,315,67,0.892274920076867,0.902475214569277,0.904370449109574,0.961168937790488,1,1,113,113,0.0606060606060606,0.106060606060606,14,0.0606060606060606,0.106060606060606
PHM2010,c4,10,vibration_x,GainDrift,315,130,1.10841549343809,1.10635691956681,1.10909620937787,1.1343613366477,1,1,50,50,0.0387596899224806,0.0542635658914729,9,0.0387596899224806,0.0542635658914729
PHM2010,c4,10,vibration_x,ColoredNoiseRamp,315,120,1.00639324559096,1.00526555152819,1.00639324559096,1.09674837763113,1,0,170,NaN,0.0420168067226891,0.0588235294117647,3,0.0420168067226891,0.0588235294117647
PHM2010,c4,10,vibration_x,IntermittentRecordDropout,315,100,0.947169278843176,0.95797932136672,0.992149277366636,1.01019509945368,1,1,7,7,0.0404040404040404,0.0707070707070707,24,0.0404040404040404,0.0707070707070707
PHM2010,c4,10,vibration_y,LinearBiasDrift,315,109,0.97569840141527,0.983236955482503,0.984501784225022,1.11526856440194,1,1,159,156,0.037037037037037,0.0648148148148148,10,0.037037037037037,0.0648148148148148
PHM2010,c4,10,vibration_y,GainDrift,315,107,0.978128121491735,0.978905358417843,0.980412957723587,1.10738550547078,1,0,177,NaN,0.0377358490566038,0.0660377358490566,9,0.0377358490566038,0.0660377358490566
PHM2010,c4,10,vibration_y,ColoredNoiseRamp,315,122,1.01656078142359,1.01806449809818,1.02035946254571,1.16795149468794,1,1,172,173,0.0413223140495868,0.0578512396694215,11,0.0413223140495868,0.0578512396694215
PHM2010,c4,10,vibration_y,IntermittentRecordDropout,315,108,0.977903060008346,1.00731420549884,1.04562040234545,1.11158458788573,1,1,6,6,0.0373831775700935,0.0654205607476635,32,0.0373831775700935,0.0654205607476635
PHM2010,c4,11,force_z,LinearBiasDrift,315,81,0.935149240631301,0.922972646055032,0.889531663199142,0.809804208313608,1,1,128,109,0.05,0.0875,8,0.05,0.0875
PHM2010,c4,11,force_z,GainDrift,315,101,1.01041192252323,1.01545860582748,1.01326546347136,0.848253662585533,0,0,NaN,NaN,0.04,0.07,9,0.04,0.07
PHM2010,c4,11,force_z,ColoredNoiseRamp,315,99,0.897724622038755,0.91541148874934,0.929385043467611,0.841152546959416,1,1,120,120,0.0408163265306122,0.0714285714285714,18,0.0408163265306122,0.0714285714285714
PHM2010,c4,11,force_z,IntermittentRecordDropout,315,64,0.909109506614134,0.864919723605315,0.815888750360112,0.808129049820369,1,1,16,16,0.0634920634920635,0.111111111111111,14,0.0634920634920635,0.111111111111111
PHM2010,c4,11,vibration_x,LinearBiasDrift,315,77,0.891155029338419,0.905426799800158,0.917730647856674,0.966540104266411,1,1,101,102,0.0526315789473684,0.0921052631578947,10,0.0526315789473684,0.0921052631578947
PHM2010,c4,11,vibration_x,GainDrift,315,114,1.00405311234138,1.00683595368683,1.01252534332907,1.07213489138575,1,1,66,66,0.0442477876106195,0.0619469026548673,9,0.0442477876106195,0.0619469026548673
PHM2010,c4,11,vibration_x,ColoredNoiseRamp,315,112,0.969944662286331,0.969825316588437,0.969944662286331,1.06379167643856,0,0,NaN,NaN,0.045045045045045,0.0630630630630631,3,0.045045045045045,0.0630630630630631
PHM2010,c4,11,vibration_x,IntermittentRecordDropout,315,106,0.976837980605734,0.98881747345486,1.0119410192586,1.03766437358574,1,1,0,0,0.0380952380952381,0.0666666666666667,28,0.0380952380952381,0.0666666666666667
PHM2010,c4,11,vibration_y,LinearBiasDrift,315,112,0.988683790557063,1.00130881045458,1.00430671805051,1.12830269411104,1,1,153,152,0.045045045045045,0.0630630630630631,10,0.045045045045045,0.0630630630630631
PHM2010,c4,11,vibration_y,GainDrift,315,66,0.886762385830388,0.885111870330143,0.8893772017342,1.02771802549038,1,0,218,NaN,0.0615384615384615,0.107692307692308,9,0.0615384615384615,0.107692307692308
PHM2010,c4,11,vibration_y,ColoredNoiseRamp,315,98,0.926454153875642,0.928602597154676,0.928775062010967,1.06782797245825,0,0,NaN,NaN,0.0412371134020619,0.0721649484536082,9,0.0412371134020619,0.0721649484536082
PHM2010,c4,11,vibration_y,IntermittentRecordDropout,315,68,0.89844466400977,0.928659949484237,0.972756005052937,1.02863831052682,1,1,19,19,0.0597014925373134,0.104477611940299,39,0.0597014925373134,0.104477611940299
PHM2010,c4,12,force_z,LinearBiasDrift,315,68,0.93102188564974,0.916757864209808,0.886535640935893,0.805109525078435,1,1,140,122,0.0597014925373134,0.104477611940299,8,0.0597014925373134,0.104477611940299
PHM2010,c4,12,force_z,GainDrift,315,123,1.08436242763972,1.083988555281,1.08772267419805,0.933049437210437,0,0,NaN,NaN,0.040983606557377,0.0573770491803279,9,0.040983606557377,0.0573770491803279
PHM2010,c4,12,force_z,ColoredNoiseRamp,315,130,1.0552887858166,1.06278101850448,1.07867366450129,0.960850382329393,1,1,125,125,0.0387596899224806,0.0542635658914729,20,0.0387596899224806,0.0542635658914729
PHM2010,c4,12,force_z,IntermittentRecordDropout,315,124,1.05425996361629,1.02188808088953,0.95827335532139,0.937702806054199,1,1,19,19,0.040650406504065,0.0569105691056911,10,0.040650406504065,0.0569105691056911
PHM2010,c4,12,vibration_x,LinearBiasDrift,315,86,0.902789740522123,0.904133675340563,0.907835668229875,0.976140958376421,1,1,94,94,0.0470588235294118,0.0823529411764706,16,0.0470588235294118,0.0823529411764706
PHM2010,c4,12,vibration_x,GainDrift,315,69,0.889541682650157,0.889002294286815,0.890901205717817,0.96308077982704,1,1,40,111,0.0588235294117647,0.102941176470588,9,0.0588235294117647,0.102941176470588
PHM2010,c4,12,vibration_x,ColoredNoiseRamp,315,107,0.948271395131458,0.971345835975251,1.00627335474337,1.04202598490325,1,1,168,171,0.0377358490566038,0.0660377358490566,11,0.0377358490566038,0.0660377358490566
PHM2010,c4,12,vibration_x,IntermittentRecordDropout,315,94,0.931887404727194,0.946585706081337,0.976213379704108,0.99110111356881,1,1,13,13,0.043010752688172,0.0752688172043011,24,0.043010752688172,0.0752688172043011
PHM2010,c4,12,vibration_y,LinearBiasDrift,315,131,1.05999706953173,1.02775340835117,1.01394448366534,1.19874038293944,1,1,128,128,0.0384615384615385,0.0538461538461538,10,0.0384615384615385,0.0538461538461538
PHM2010,c4,12,vibration_y,GainDrift,315,75,0.909636482082395,0.910178422027875,0.911728960557868,1.03135074396548,1,0,209,NaN,0.0540540540540541,0.0945945945945946,9,0.0540540540540541,0.0945945945945946
PHM2010,c4,12,vibration_y,ColoredNoiseRamp,315,110,0.969065675906686,0.970645588491639,0.971447490642182,1.11995267449298,0,0,NaN,NaN,0.0458715596330275,0.0642201834862385,9,0.0458715596330275,0.0642201834862385
PHM2010,c4,12,vibration_y,IntermittentRecordDropout,315,136,1.097965307313,1.11799362278303,1.16323359166862,1.21811231154927,1,1,3,3,0.037037037037037,0.0518518518518519,36,0.037037037037037,0.0518518518518519
PHM2010,c4,13,force_z,LinearBiasDrift,315,133,1.07533935651932,1.07388958043832,1.06693860708576,0.974850143772373,1,1,122,106,0.0378787878787879,0.053030303030303,8,0.0378787878787879,0.053030303030303
PHM2010,c4,13,force_z,GainDrift,315,84,0.904707496159225,0.904609656204745,0.907364591877986,0.812562200279079,0,0,NaN,NaN,0.0481927710843374,0.0843373493975904,9,0.0481927710843374,0.0843373493975904
PHM2010,c4,13,force_z,ColoredNoiseRamp,315,139,1.09077550856237,1.10875779758694,1.13276200438966,0.999120168256426,1,1,128,124,0.036231884057971,0.0507246376811594,18,0.036231884057971,0.0507246376811594
PHM2010,c4,13,force_z,IntermittentRecordDropout,315,107,0.980729296363825,0.932471469981146,0.873938482885198,0.869107723649144,1,1,3,3,0.0377358490566038,0.0660377358490566,10,0.0377358490566038,0.0660377358490566
PHM2010,c4,13,vibration_x,LinearBiasDrift,315,87,0.907726740852255,0.909939647559219,0.917030540131379,0.978327114084175,1,1,93,93,0.0465116279069767,0.0813953488372093,15,0.0465116279069767,0.0813953488372093
PHM2010,c4,13,vibration_x,GainDrift,315,107,0.993498198687363,0.992495958740483,0.994451062288221,1.04202598490325,1,1,2,73,0.0377358490566038,0.0660377358490566,9,0.0377358490566038,0.0660377358490566
PHM2010,c4,13,vibration_x,ColoredNoiseRamp,315,131,1.04771080341713,1.04982726664666,1.04771080341713,1.13932665435878,1,0,153,NaN,0.0384615384615385,0.0538461538461538,3,0.0384615384615385,0.0538461538461538
PHM2010,c4,13,vibration_x,IntermittentRecordDropout,315,116,1.0175402537042,1.02435021103889,1.05146290640405,1.08115218073039,1,1,5,5,0.0434782608695652,0.0608695652173913,24,0.0434782608695652,0.0608695652173913
PHM2010,c4,13,vibration_y,LinearBiasDrift,315,90,0.920252515268585,0.937488626219988,0.942577428373586,1.04783252020173,1,1,171,163,0.0449438202247191,0.0786516853932584,8,0.0449438202247191,0.0786516853932584
PHM2010,c4,13,vibration_y,GainDrift,315,127,1.0535834876313,1.05387156973235,1.05600224698933,1.1837945778273,1,0,157,NaN,0.0396825396825397,0.0555555555555556,9,0.0396825396825397,0.0555555555555556
PHM2010,c4,13,vibration_y,ColoredNoiseRamp,315,96,0.921435821750743,0.923457217604766,0.923758122085802,1.06017347466534,0,0,NaN,NaN,0.0421052631578947,0.0736842105263158,9,0.0421052631578947,0.0736842105263158
PHM2010,c4,13,vibration_y,IntermittentRecordDropout,315,79,0.901990029894935,0.946959265592684,0.990234749986848,1.03391342504703,1,1,7,7,0.0512820512820513,0.0897435897435897,37,0.0512820512820513,0.0897435897435897
PHM2010,c4,14,force_z,LinearBiasDrift,315,136,1.0979920230551,1.1291635441139,1.10008272689749,0.98803982465689,1,1,79,79,0.037037037037037,0.0518518518518519,8,0.037037037037037,0.0518518518518519
PHM2010,c4,14,force_z,GainDrift,315,91,0.987104862005576,0.991947421073385,0.989907665914697,0.822182869849579,0,0,NaN,NaN,0.0444444444444444,0.0777777777777778,9,0.0444444444444444,0.0777777777777778
PHM2010,c4,14,force_z,ColoredNoiseRamp,315,108,0.935190703922356,0.967063743078278,0.969148945646518,0.872947518323809,1,1,81,104,0.0373831775700935,0.0654205607476635,14,0.0373831775700935,0.0654205607476635
PHM2010,c4,14,force_z,IntermittentRecordDropout,315,84,0.918694029965534,0.87588770839711,0.82163986543822,0.812562200279079,1,1,6,6,0.0481927710843374,0.0843373493975904,12,0.0481927710843374,0.0843373493975904
PHM2010,c4,14,vibration_x,LinearBiasDrift,315,65,0.889883908098824,0.903790231835861,0.916826637941755,0.962583196433436,1,1,113,114,0.0625,0.109375,10,0.0625,0.109375
PHM2010,c4,14,vibration_x,GainDrift,315,66,0.886510267530559,0.886122059843744,0.887994114301527,0.96158541244109,1,1,43,114,0.0615384615384615,0.107692307692308,9,0.0615384615384615,0.107692307692308
PHM2010,c4,14,vibration_x,ColoredNoiseRamp,315,105,0.95092319994216,0.94856517329534,0.95092319994216,1.03292594912852,0,0,NaN,NaN,0.0384615384615385,0.0673076923076923,3,0.0384615384615385,0.0673076923076923
PHM2010,c4,14,vibration_x,IntermittentRecordDropout,315,125,1.05546712288071,1.0629861392813,1.08811983608454,1.1155507783968,1,1,18,18,0.0403225806451613,0.0564516129032258,20,0.0403225806451613,0.0564516129032258
PHM2010,c4,14,vibration_y,LinearBiasDrift,315,101,0.947800462581089,0.966229567674184,0.970265899111742,1.08002834639188,1,1,160,152,0.04,0.07,10,0.04,0.07
PHM2010,c4,14,vibration_y,GainDrift,315,65,0.886946419451086,0.885785851182835,0.889431665787247,1.02854366605766,1,0,219,NaN,0.0625,0.109375,9,0.0625,0.109375
PHM2010,c4,14,vibration_y,ColoredNoiseRamp,315,74,0.891703517049539,0.893568149175432,0.893767300962883,1.03063532539333,0,0,NaN,NaN,0.0547945205479452,0.0958904109589041,9,0.0547945205479452,0.0958904109589041
PHM2010,c4,14,vibration_y,IntermittentRecordDropout,315,84,0.904631521385498,0.957817570153828,1.0037430170086,1.03868467133621,1,1,8,8,0.0481927710843374,0.0843373493975904,30,0.0481927710843374,0.0843373493975904
PHM2010,c4,15,force_z,LinearBiasDrift,315,95,0.901642868640164,0.848704757627585,0.846035768524389,0.830609731291869,1,1,71,66,0.0425531914893617,0.074468085106383,4,0.0425531914893617,0.074468085106383
PHM2010,c4,15,force_z,GainDrift,315,107,0.998049898954165,0.998268255888392,1.00110590975105,0.869107723649144,0,0,NaN,NaN,0.0377358490566038,0.0660377358490566,9,0.0377358490566038,0.0660377358490566
PHM2010,c4,15,force_z,ColoredNoiseRamp,315,84,0.879484891384714,0.887816100032776,0.881487815668803,0.812562200279079,1,1,89,89,0.0481927710843374,0.0843373493975904,14,0.0481927710843374,0.0843373493975904
PHM2010,c4,15,force_z,IntermittentRecordDropout,315,91,0.926919801098705,0.898545389854109,0.844685445355795,0.822182869849579,1,1,8,8,0.0444444444444444,0.0777777777777778,12,0.0444444444444444,0.0777777777777778
PHM2010,c4,15,vibration_x,LinearBiasDrift,315,99,0.933486517391321,0.931157692095817,0.932296607262277,1.00652047146548,1,1,81,81,0.0408163265306122,0.0714285714285714,15,0.0408163265306122,0.0714285714285714
PHM2010,c4,15,vibration_x,GainDrift,315,135,1.11250317963514,1.11070716021681,1.1136525222403,1.1547966025079,1,1,45,45,0.0373134328358209,0.0522388059701493,9,0.0373134328358209,0.0522388059701493
PHM2010,c4,15,vibration_x,ColoredNoiseRamp,315,84,0.8978462997125,0.89574620852357,0.8978462997125,0.97357841702537,0,0,NaN,NaN,0.0481927710843374,0.0843373493975904,3,0.0481927710843374,0.0843373493975904
PHM2010,c4,15,vibration_x,IntermittentRecordDropout,315,141,1.11217818076526,1.13726627169543,1.16519758776521,1.17603565639175,1,1,0,0,0.0357142857142857,0.05,20,0.0357142857142857,0.05
PHM2010,c4,15,vibration_y,LinearBiasDrift,315,85,0.893019189939773,0.85620072218879,0.876975495900954,1.04033344193924,1,1,166,158,0.0476190476190476,0.0833333333333333,10,0.0476190476190476,0.0833333333333333
PHM2010,c4,15,vibration_y,GainDrift,315,73,0.923335873845222,0.924377745707694,0.925255954833195,1.02944004023153,1,0,211,NaN,0.0555555555555556,0.0972222222222222,9,0.0555555555555556,0.0972222222222222
PHM2010,c4,15,vibration_y,ColoredNoiseRamp,315,136,1.07864332527294,1.08048891963865,1.08154652505671,1.21811231154927,0,0,NaN,NaN,0.037037037037037,0.0518518518518519,9,0.037037037037037,0.0518518518518519
PHM2010,c4,15,vibration_y,IntermittentRecordDropout,315,93,0.921320981233099,0.956755755921617,1.00014926759679,1.05441658520547,1,1,12,12,0.0434782608695652,0.0760869565217391,35,0.0434782608695652,0.0760869565217391
PHM2010,c4,16,force_z,LinearBiasDrift,315,112,0.982575182342066,0.980229076908144,0.967029616415494,0.887863019499245,1,1,138,116,0.045045045045045,0.0630630630630631,8,0.045045045045045,0.0630630630630631
PHM2010,c4,16,force_z,GainDrift,315,115,1.07658036183589,1.08144006027502,1.08063679836764,0.900420348498011,0,0,NaN,NaN,0.043859649122807,0.0614035087719298,9,0.043859649122807,0.0614035087719298
PHM2010,c4,16,force_z,ColoredNoiseRamp,315,121,0.982907586288079,1.01661005556695,1.01741496882624,0.924792708635387,1,1,74,86,0.0416666666666667,0.0583333333333333,12,0.0416666666666667,0.0583333333333333
PHM2010,c4,16,force_z,IntermittentRecordDropout,315,69,0.907473109744311,0.879284140094135,0.827945242367439,0.805686705543367,1,1,9,9,0.0588235294117647,0.102941176470588,16,0.0588235294117647,0.102941176470588
PHM2010,c4,16,vibration_x,LinearBiasDrift,315,107,0.956771083557954,0.996358049116061,0.999363047436416,1.04202598490325,1,1,73,73,0.0377358490566038,0.0660377358490566,12,0.0377358490566038,0.0660377358490566
PHM2010,c4,16,vibration_x,GainDrift,315,119,1.04336863549246,1.0417295930817,1.04445840202434,1.0928153951477,1,1,61,61,0.0423728813559322,0.0593220338983051,9,0.0423728813559322,0.0593220338983051
PHM2010,c4,16,vibration_x,ColoredNoiseRamp,315,128,1.0289880532759,1.0960832648877,1.16724461663512,1.12746488804338,1,1,163,141,0.0393700787401575,0.0551181102362205,6,0.0393700787401575,0.0551181102362205
PHM2010,c4,16,vibration_x,IntermittentRecordDropout,315,106,0.971057815282409,0.985275427997018,1.01005564491877,1.03766437358574,1,1,2,2,0.0380952380952381,0.0666666666666667,22,0.0380952380952381,0.0666666666666667
PHM2010,c4,16,vibration_y,LinearBiasDrift,315,104,0.956493917255434,0.956624771958006,0.958992251889797,1.09359381352901,1,0,180,NaN,0.0388349514563107,0.0679611650485437,9,0.0388349514563107,0.0679611650485437
PHM2010,c4,16,vibration_y,GainDrift,315,118,1.01858490051943,1.01863577264075,1.02102587458612,1.15233291100975,1,0,166,NaN,0.0427350427350427,0.0598290598290598,9,0.0427350427350427,0.0598290598290598
PHM2010,c4,16,vibration_y,ColoredNoiseRamp,315,85,0.903426062536432,0.905416065742708,0.90576655447401,1.04033344193924,0,0,NaN,NaN,0.0476190476190476,0.0833333333333333,9,0.0476190476190476,0.0833333333333333
PHM2010,c4,16,vibration_y,IntermittentRecordDropout,315,79,0.906103602321117,0.925119318755705,0.970098118167432,1.03391342504703,1,1,8,8,0.0512820512820513,0.0897435897435897,39,0.0512820512820513,0.0897435897435897
PHM2010,c4,17,force_z,LinearBiasDrift,315,105,1.08980399088746,0.935941821729454,0.905620677308064,0.861790653659315,1,1,67,52,0.0384615384615385,0.0673076923076923,4,0.0384615384615385,0.0673076923076923
PHM2010,c4,17,force_z,GainDrift,315,127,1.10405751643021,1.1036773923153,1.10749887461524,0.948097769978997,0,0,NaN,NaN,0.0396825396825397,0.0555555555555556,9,0.0396825396825397,0.0555555555555556
PHM2010,c4,17,force_z,ColoredNoiseRamp,315,135,1.0337711604837,1.08527640573351,1.10180617481461,0.982859928227856,1,1,105,106,0.0373134328358209,0.0522388059701493,10,0.0373134328358209,0.0522388059701493
PHM2010,c4,17,force_z,IntermittentRecordDropout,315,133,1.08796138788727,1.05326222327413,0.984659792530889,0.974850143772373,1,1,4,4,0.0378787878787879,0.053030303030303,9,0.0378787878787879,0.053030303030303
PHM2010,c4,17,vibration_x,LinearBiasDrift,315,85,0.897356313401902,0.917092392139931,0.934315734829453,0.974943682477597,1,1,93,94,0.0476190476190476,0.0833333333333333,8,0.0476190476190476,0.0833333333333333
PHM2010,c4,17,vibration_x,GainDrift,315,81,0.906429573922506,0.905667994149771,0.907593095808967,0.969765959516252,1,1,28,99,0.05,0.0875,9,0.05,0.0875
PHM2010,c4,17,vibration_x,ColoredNoiseRamp,315,117,1.00946884240438,1.0477594437058,1.130172711478,1.08538979155518,1,1,138,138,0.0431034482758621,0.0603448275862069,8,0.0431034482758621,0.0603448275862069
PHM2010,c4,17,vibration_x,IntermittentRecordDropout,315,93,0.926156282988275,0.946594271834749,0.967168980115991,0.98899144412723,1,1,1,1,0.0434782608695652,0.0760869565217391,28,0.0434782608695652,0.0760869565217391
PHM2010,c4,17,vibration_y,LinearBiasDrift,315,105,0.950851479728039,0.926833265306193,0.914232715993988,1.09876051949853,1,1,151,151,0.0384615384615385,0.0673076923076923,10,0.0384615384615385,0.0673076923076923
PHM2010,c4,17,vibration_y,GainDrift,315,79,0.924122296257969,0.925118858583652,0.926098932563194,1.03391342504703,1,0,205,NaN,0.0512820512820513,0.0897435897435897,9,0.0512820512820513,0.0897435897435897
PHM2010,c4,17,vibration_y,ColoredNoiseRamp,315,133,1.06534822290446,1.06716457097117,1.06815586325819,1.20686290048192,0,0,NaN,NaN,0.0378787878787879,0.053030303030303,9,0.0378787878787879,0.053030303030303
PHM2010,c4,17,vibration_y,IntermittentRecordDropout,315,65,0.899781735312007,0.934110709344408,0.97687738488386,1.02854366605766,1,1,5,5,0.0625,0.109375,34,0.0625,0.109375
PHM2010,c4,18,force_z,LinearBiasDrift,315,107,0.953164189772071,0.898495508263378,0.891875377096775,0.869107723649144,1,1,68,58,0.0377358490566038,0.0660377358490566,4,0.0377358490566038,0.0660377358490566
PHM2010,c4,18,force_z,GainDrift,315,91,0.909096343973855,0.909048513662988,0.911756515142173,0.822182869849579,0,0,NaN,NaN,0.0444444444444444,0.0777777777777778,9,0.0444444444444444,0.0777777777777778
PHM2010,c4,18,force_z,ColoredNoiseRamp,315,87,0.884711882096172,0.907777175936679,0.860312194850418,0.81723195470754,1,1,77,53,0.0465116279069767,0.0813953488372093,15,0.0465116279069767,0.0813953488372093
PHM2010,c4,18,force_z,IntermittentRecordDropout,315,86,0.922660702940007,0.888414433098857,0.824358777276406,0.814899303061636,1,1,6,6,0.0470588235294118,0.0823529411764706,14,0.0470588235294118,0.0823529411764706
PHM2010,c4,18,vibration_x,LinearBiasDrift,315,63,0.895813777614588,0.896942670594417,0.90233810425234,0.965488885384475,1,1,117,117,0.0645161290322581,0.112903225806452,16,0.0645161290322581,0.112903225806452
PHM2010,c4,18,vibration_x,GainDrift,315,88,0.916722308717665,0.915995320591078,0.917930771078166,0.979738995830269,1,1,21,92,0.0459770114942529,0.0804597701149425,9,0.0459770114942529,0.0804597701149425
PHM2010,c4,18,vibration_x,ColoredNoiseRamp,315,139,1.05668916620725,1.07459149554343,1.12394961928767,1.16904056610832,1,1,117,148,0.036231884057971,0.0507246376811594,6,0.036231884057971,0.0507246376811594
PHM2010,c4,18,vibration_x,IntermittentRecordDropout,315,103,0.968605026124416,0.968414184245619,1.00094363783772,1.02402517212155,1,1,6,28,0.0392156862745098,0.0686274509803922,20,0.0392156862745098,0.0686274509803922
PHM2010,c4,18,vibration_y,LinearBiasDrift,315,67,0.897938771859457,0.898078031340034,0.900083655108621,1.02738444036628,1,0,217,NaN,0.0606060606060606,0.106060606060606,9,0.0606060606060606,0.106060606060606
PHM2010,c4,18,vibration_y,GainDrift,315,141,1.099852782176,1.09985247868768,1.10255320706352,1.23265976826679,1,0,143,NaN,0.0357142857142857,0.05,9,0.0357142857142857,0.05
PHM2010,c4,18,vibration_y,ColoredNoiseRamp,315,87,0.923910993566271,0.930176112352633,0.932070570484683,1.04405492635947,1,1,201,227,0.0465116279069767,0.0813953488372093,10,0.0465116279069767,0.0813953488372093
PHM2010,c4,18,vibration_y,IntermittentRecordDropout,315,109,0.985726310558336,0.996633409959266,1.04611275634555,1.11526856440194,1,1,2,2,0.037037037037037,0.0648148148148148,33,0.037037037037037,0.0648148148148148
PHM2010,c4,19,force_z,LinearBiasDrift,315,101,1.00036831429616,0.940725423847481,0.920654584074967,0.848253662585533,1,1,88,81,0.04,0.07,5,0.04,0.07
PHM2010,c4,19,force_z,GainDrift,315,97,0.936689649004559,0.936744563776542,0.939521635601047,0.835162590251963,0,0,NaN,NaN,0.0416666666666667,0.0729166666666667,9,0.0416666666666667,0.0729166666666667
PHM2010,c4,19,force_z,ColoredNoiseRamp,315,93,0.886787848776016,0.932406100490335,0.878209611151573,0.826963458848473,1,1,93,93,0.0434782608695652,0.0760869565217391,12,0.0434782608695652,0.0760869565217391
PHM2010,c4,19,force_z,IntermittentRecordDropout,315,74,0.907353592200454,0.869143278476793,0.811706806350249,0.805901296445885,1,1,4,4,0.0547945205479452,0.0958904109589041,14,0.0547945205479452,0.0958904109589041
PHM2010,c4,19,vibration_x,LinearBiasDrift,315,121,1.01797358638645,1.04042051949782,1.04357163969383,1.10071355506841,1,1,59,59,0.0416666666666667,0.0583333333333333,12,0.0416666666666667,0.0583333333333333
PHM2010,c4,19,vibration_x,GainDrift,315,81,0.897111302784399,0.896615703258124,0.898551481731305,0.969765959516252,1,1,28,99,0.05,0.0875,9,0.05,0.0875
PHM2010,c4,19,vibration_x,ColoredNoiseRamp,315,134,1.04794251351235,1.09559062396095,1.19830716610941,1.15114038310319,1,1,133,133,0.037593984962406,0.0526315789473684,6,0.037593984962406,0.0526315789473684
PHM2010,c4,19,vibration_x,IntermittentRecordDropout,315,70,0.900852686232184,0.919489561557237,0.948194675642844,0.963705326027249,1,1,6,6,0.0579710144927536,0.101449275362319,38,0.0579710144927536,0.101449275362319
PHM2010,c4,19,vibration_y,LinearBiasDrift,315,134,1.0775811068109,1.07685430083475,1.0805636060092,1.21027236254025,1,0,150,NaN,0.037593984962406,0.0526315789473684,9,0.037593984962406,0.0526315789473684
PHM2010,c4,19,vibration_y,GainDrift,315,64,0.889161320088399,0.888207626170503,0.891586406108742,1.0299159663922,1,0,220,NaN,0.0634920634920635,0.111111111111111,9,0.0634920634920635,0.111111111111111
PHM2010,c4,19,vibration_y,ColoredNoiseRamp,315,105,0.95080739670933,0.952913497435654,0.953019549463302,1.09876051949853,0,0,NaN,NaN,0.0384615384615385,0.0673076923076923,9,0.0384615384615385,0.0673076923076923
PHM2010,c4,19,vibration_y,IntermittentRecordDropout,315,134,1.08880946464919,1.10326972355567,1.13797240374875,1.21027236254025,1,1,4,10,0.037593984962406,0.0526315789473684,30,0.037593984962406,0.0526315789473684
PHM2010,c4,20,force_z,LinearBiasDrift,315,63,0.872062374465802,0.832712074933014,0.826274725387607,0.810600408590543,1,1,103,92,0.0645161290322581,0.112903225806452,4,0.0645161290322581,0.112903225806452
PHM2010,c4,20,force_z,GainDrift,315,131,1.11998101366234,1.11956726690094,1.12348076928185,0.965421376403543,0,0,NaN,NaN,0.0384615384615385,0.0538461538461538,9,0.0384615384615385,0.0538461538461538
PHM2010,c4,20,force_z,ColoredNoiseRamp,315,106,0.954199288060532,0.970416656050155,0.989620831045691,0.865226845397358,1,1,165,153,0.0380952380952381,0.0666666666666667,18,0.0380952380952381,0.0666666666666667
PHM2010,c4,20,force_z,IntermittentRecordDropout,315,125,1.05179997767146,1.02173444266953,0.959908004676157,0.941074806798409,1,1,8,8,0.0403225806451613,0.0564516129032258,14,0.0403225806451613,0.0564516129032258
PHM2010,c4,20,vibration_x,LinearBiasDrift,315,128,1.05394644166696,1.05287334890532,1.05604455700435,1.12746488804338,1,1,52,52,0.0393700787401575,0.0551181102362205,13,0.0393700787401575,0.0551181102362205
PHM2010,c4,20,vibration_x,GainDrift,315,90,0.919120296363973,0.918403445946306,0.920343428106733,0.982303445893671,1,1,19,90,0.0449438202247191,0.0786516853932584,9,0.0449438202247191,0.0786516853932584
PHM2010,c4,20,vibration_x,ColoredNoiseRamp,315,107,0.955762525909074,0.95441473489629,0.955762525909074,1.04202598490325,0,0,NaN,NaN,0.0377358490566038,0.0660377358490566,3,0.0377358490566038,0.0660377358490566
PHM2010,c4,20,vibration_x,IntermittentRecordDropout,315,91,0.923054033632147,0.942322566904483,0.967156114177037,0.98449536498417,1,1,18,24,0.0444444444444444,0.0777777777777778,18,0.0444444444444444,0.0777777777777778
PHM2010,c4,20,vibration_y,LinearBiasDrift,315,111,0.981246291434703,0.980346542815194,0.984006570322929,1.12338288310242,1,0,173,NaN,0.0454545454545455,0.0636363636363636,9,0.0454545454545455,0.0636363636363636
PHM2010,c4,20,vibration_y,GainDrift,315,76,0.891519923365843,0.890622016412955,0.894065119362762,1.0314574442984,1,0,208,NaN,0.0533333333333333,0.0933333333333333,9,0.0533333333333333,0.0933333333333333
PHM2010,c4,20,vibration_y,ColoredNoiseRamp,315,68,0.893479733599579,0.895199712260995,0.895563326144118,1.02863831052682,0,0,NaN,NaN,0.0597014925373134,0.104477611940299,9,0.0597014925373134,0.104477611940299
PHM2010,c4,20,vibration_y,IntermittentRecordDropout,315,83,0.902458235163027,0.943116818271481,0.989044564587444,1.03799716520532,1,1,37,37,0.0487804878048781,0.0853658536585366,27,0.0487804878048781,0.0853658536585366
PHM2010,c4,21,force_z,LinearBiasDrift,315,104,1.05432702402241,0.94156050039872,0.924401721642412,0.858764737461632,1,1,77,68,0.0388349514563107,0.0679611650485437,6,0.0388349514563107,0.0679611650485437
PHM2010,c4,21,force_z,GainDrift,315,80,0.976669875911065,0.981306894767744,0.979423769908759,0.808566679854704,0,0,NaN,NaN,0.0506329113924051,0.0886075949367089,9,0.0506329113924051,0.0886075949367089
PHM2010,c4,21,force_z,ColoredNoiseRamp,315,134,1.02727444620162,1.08715464406295,1.04133538959643,0.978832982979774,1,1,49,63,0.037593984962406,0.0526315789473684,9,0.037593984962406,0.0526315789473684
PHM2010,c4,21,force_z,IntermittentRecordDropout,315,78,0.910141447048366,0.882393050783753,0.815807149651062,0.807680557785128,1,1,0,0,0.051948051948052,0.0909090909090909,10,0.051948051948052,0.0909090909090909
PHM2010,c4,21,vibration_x,LinearBiasDrift,315,102,0.944350203630178,0.943926791189267,0.946546017947094,1.01943048453148,1,1,78,78,0.0396039603960396,0.0693069306930693,10,0.0396039603960396,0.0693069306930693
PHM2010,c4,21,vibration_x,GainDrift,315,138,1.09689312189442,1.10920971550768,1.11457579035342,1.16607858645126,1,1,42,42,0.0364963503649635,0.0510948905109489,9,0.0364963503649635,0.0510948905109489
PHM2010,c4,21,vibration_x,ColoredNoiseRamp,315,119,0.999802140682478,0.999292398467773,1.00142554434985,1.0928153951477,1,1,143,143,0.0423728813559322,0.0593220338983051,7,0.0423728813559322,0.0593220338983051
PHM2010,c4,21,vibration_x,IntermittentRecordDropout,315,74,0.905079152800953,0.921558634390136,0.952300924069853,0.964711935882503,1,1,20,20,0.0547945205479452,0.0958904109589041,20,0.0547945205479452,0.0958904109589041
PHM2010,c4,21,vibration_y,LinearBiasDrift,315,139,1.09185812326268,1.09134790641991,1.09719182801017,1.22652541676914,1,1,145,164,0.036231884057971,0.0507246376811594,11,0.036231884057971,0.0507246376811594
PHM2010,c4,21,vibration_y,GainDrift,315,138,1.12143436451962,1.11911454567249,1.12528367217218,1.22376131052291,1,0,146,NaN,0.0364963503649635,0.0510948905109489,9,0.0364963503649635,0.0510948905109489
PHM2010,c4,21,vibration_y,ColoredNoiseRamp,315,101,0.937226161910365,0.939091066394454,0.939197802579592,1.08002834639188,0,0,NaN,NaN,0.04,0.07,9,0.04,0.07
PHM2010,c4,21,vibration_y,IntermittentRecordDropout,315,108,0.974047562236593,1.01904870666587,1.05415413483344,1.11158458788573,1,1,5,9,0.0373831775700935,0.0654205607476635,28,0.0373831775700935,0.0654205607476635
PHM2010,c4,22,force_z,LinearBiasDrift,315,126,1.04390191106296,0.981077149650247,0.975691514030382,0.945292784246332,1,1,56,49,0.04,0.056,6,0.04,0.056
PHM2010,c4,22,force_z,GainDrift,315,140,1.16816047521302,1.17374844674749,1.17286379699793,1.00425450244796,0,0,NaN,NaN,0.0359712230215827,0.0503597122302158,9,0.0359712230215827,0.0503597122302158
PHM2010,c4,22,force_z,ColoredNoiseRamp,315,69,0.883492154116848,0.888880113888603,0.900072552543849,0.805686705543367,1,1,183,183,0.0588235294117647,0.102941176470588,19,0.0588235294117647,0.102941176470588
PHM2010,c4,22,force_z,IntermittentRecordDropout,315,86,0.921595851782027,0.884753040498049,0.819670948327601,0.814899303061636,1,1,0,0,0.0470588235294118,0.0823529411764706,14,0.0470588235294118,0.0823529411764706
PHM2010,c4,22,vibration_x,LinearBiasDrift,315,76,0.893218553273641,0.894519841114064,0.900245340677414,0.965632590538209,1,1,104,104,0.0533333333333333,0.0933333333333333,16,0.0533333333333333,0.0933333333333333
PHM2010,c4,22,vibration_x,GainDrift,315,117,1.03112078667633,1.04213631264597,1.04670658780639,1.08538979155518,1,1,63,63,0.0431034482758621,0.0603448275862069,9,0.0431034482758621,0.0603448275862069
PHM2010,c4,22,vibration_x,ColoredNoiseRamp,315,79,0.893910640565351,0.911798622182517,0.976911136887509,0.968709430559157,1,1,192,192,0.0512820512820513,0.0897435897435897,7,0.0512820512820513,0.0897435897435897
PHM2010,c4,22,vibration_x,IntermittentRecordDropout,315,114,1.00022766594263,1.02244941567756,1.04918202186158,1.07213489138575,1,1,8,8,0.0442477876106195,0.0619469026548673,28,0.0442477876106195,0.0619469026548673
PHM2010,c4,22,vibration_y,LinearBiasDrift,315,78,0.903513383265443,0.907451536050167,0.905010656802482,1.0327765480132,1,1,204,190,0.051948051948052,0.0909090909090909,10,0.051948051948052,0.0909090909090909
PHM2010,c4,22,vibration_y,GainDrift,315,132,1.09180903350807,1.08959338815584,1.09548455043503,1.20255532017975,1,0,152,NaN,0.0381679389312977,0.0534351145038168,9,0.0381679389312977,0.0534351145038168
PHM2010,c4,22,vibration_y,ColoredNoiseRamp,315,82,0.896522383908912,0.898248231459692,0.898329183570273,1.03615789120591,0,0,NaN,NaN,0.0493827160493827,0.0864197530864197,9,0.0493827160493827,0.0864197530864197
PHM2010,c4,22,vibration_y,IntermittentRecordDropout,315,129,1.06788305386945,1.0785470710727,1.11353301414305,1.19045577824826,1,1,5,15,0.0390625,0.0546875,22,0.0390625,0.0546875
PHM2010,c4,23,force_z,LinearBiasDrift,315,118,1.00779512062122,0.962955700530614,0.959084111096808,0.911558619536181,1,1,82,76,0.0427350427350427,0.0598290598290598,8,0.0427350427350427,0.0598290598290598
PHM2010,c4,23,force_z,GainDrift,315,121,1.09509654336538,1.10008266008552,1.09910844159514,0.924792708635387,0,0,NaN,NaN,0.0416666666666667,0.0583333333333333,9,0.0416666666666667,0.0583333333333333
PHM2010,c4,23,force_z,ColoredNoiseRamp,315,119,0.979007632268586,1.00904671921479,1.02797869411615,0.916092818505866,1,1,120,120,0.0423728813559322,0.0593220338983051,12,0.0423728813559322,0.0593220338983051
PHM2010,c4,23,force_z,IntermittentRecordDropout,315,135,1.09537323840774,1.05318713811697,0.994020812656605,0.982859928227856,1,1,6,6,0.0373134328358209,0.0522388059701493,8,0.0373134328358209,0.0522388059701493
PHM2010,c4,23,vibration_x,LinearBiasDrift,315,87,0.902824431008607,0.913067918155891,0.925894787782093,0.978327114084175,1,1,93,93,0.0465116279069767,0.0813953488372093,12,0.0465116279069767,0.0813953488372093
PHM2010,c4,23,vibration_x,GainDrift,315,110,0.997111136103577,1.00183247763833,1.00760870845237,1.05446646368649,1,1,70,70,0.0458715596330275,0.0642201834862385,9,0.0458715596330275,0.0642201834862385
PHM2010,c4,23,vibration_x,ColoredNoiseRamp,315,120,1.00607267773255,1.03199175469162,1.0869819635735,1.09674837763113,1,1,154,154,0.0420168067226891,0.0588235294117647,7,0.0420168067226891,0.0588235294117647
PHM2010,c4,23,vibration_x,IntermittentRecordDropout,315,98,0.942564787051737,0.95688686635761,0.985941346379377,1.00223764734863,1,1,7,7,0.0412371134020619,0.0721649484536082,26,0.0412371134020619,0.0721649484536082
PHM2010,c4,23,vibration_y,LinearBiasDrift,315,90,0.900339684018465,0.862694613595732,0.875287961278256,1.04783252020173,1,1,161,161,0.0449438202247191,0.0786516853932584,8,0.0449438202247191,0.0786516853932584
PHM2010,c4,23,vibration_y,GainDrift,315,138,1.09072973908693,1.09064084880099,1.09344277940822,1.22376131052291,1,0,146,NaN,0.0364963503649635,0.0510948905109489,9,0.0364963503649635,0.0510948905109489
PHM2010,c4,23,vibration_y,ColoredNoiseRamp,315,96,0.922578274362698,0.923706000473825,0.926310632907677,1.06017347466534,1,0,173,NaN,0.0421052631578947,0.0736842105263158,9,0.0421052631578947,0.0736842105263158
PHM2010,c4,23,vibration_y,IntermittentRecordDropout,315,77,0.900799013173318,0.938062281007403,0.98697098900948,1.03212227169202,1,1,0,4,0.0526315789473684,0.0921052631578947,33,0.0526315789473684,0.0921052631578947
PHM2010,c4,24,force_z,LinearBiasDrift,315,125,1.0382510578745,1.01858688447641,1.01397899297411,0.941074806798409,1,1,102,99,0.0403225806451613,0.0564516129032258,8,0.0403225806451613,0.0564516129032258
PHM2010,c4,24,force_z,GainDrift,315,103,0.981464854590538,0.983995466491789,0.983926012294023,0.855078351689969,0,0,NaN,NaN,0.0392156862745098,0.0686274509803922,9,0.0392156862745098,0.0686274509803922
PHM2010,c4,24,force_z,ColoredNoiseRamp,315,99,0.882178075112368,0.923396128994921,0.930037411610814,0.841152546959416,1,1,61,61,0.0408163265306122,0.0714285714285714,18,0.0408163265306122,0.0714285714285714
PHM2010,c4,24,force_z,IntermittentRecordDropout,315,89,0.924393016729948,0.880390404067205,0.838834190007348,0.818670564826786,1,1,5,5,0.0454545454545455,0.0795454545454545,15,0.0454545454545455,0.0795454545454545
PHM2010,c4,24,vibration_x,LinearBiasDrift,315,137,1.08134728244809,1.09273286463494,1.10370160708147,1.16247662099026,1,1,43,43,0.0367647058823529,0.0514705882352941,12,0.0367647058823529,0.0514705882352941
PHM2010,c4,24,vibration_x,GainDrift,315,104,0.963872640299286,0.966579869767445,0.971342659603727,1.02817503649529,1,1,5,76,0.0388349514563107,0.0679611650485437,9,0.0388349514563107,0.0679611650485437
PHM2010,c4,24,vibration_x,ColoredNoiseRamp,315,124,1.0302367195786,1.0275622177152,1.0302367195786,1.11260188711532,0,0,NaN,NaN,0.040650406504065,0.0569105691056911,3,0.040650406504065,0.0569105691056911
PHM2010,c4,24,vibration_x,IntermittentRecordDropout,315,123,1.04510011212391,1.06003073867745,1.08546164909056,1.10864141988655,1,1,12,12,0.040983606557377,0.0573770491803279,20,0.040983606557377,0.0573770491803279
PHM2010,c4,24,vibration_y,LinearBiasDrift,315,136,1.08022572255094,1.08243597530819,1.07656544386004,1.21811231154927,1,1,148,133,0.037037037037037,0.0518518518518519,10,0.037037037037037,0.0518518518518519
PHM2010,c4,24,vibration_y,GainDrift,315,139,1.09357960038185,1.09338305852658,1.09635915288724,1.22652541676914,1,0,145,NaN,0.036231884057971,0.0507246376811594,9,0.036231884057971,0.0507246376811594
PHM2010,c4,24,vibration_y,ColoredNoiseRamp,315,95,0.925340019311652,0.939295397175033,0.937751219876058,1.05814493405543,1,1,174,174,0.0425531914893617,0.074468085106383,17,0.0425531914893617,0.074468085106383
PHM2010,c4,24,vibration_y,IntermittentRecordDropout,315,91,0.920717805145432,0.943386628962629,0.992597816785394,1.05005239746537,1,1,0,6,0.0444444444444444,0.0777777777777778,35,0.0444444444444444,0.0777777777777778
PHM2010,c4,25,force_z,LinearBiasDrift,315,109,0.96301430686287,0.909104642891631,0.902084127295271,0.876817715953139,1,1,70,57,0.037037037037037,0.0648148148148148,6,0.037037037037037,0.0648148148148148
PHM2010,c4,25,force_z,GainDrift,315,139,1.13745331990346,1.14282068416948,1.14077142354185,0.999120168256426,0,0,NaN,NaN,0.036231884057971,0.0507246376811594,9,0.036231884057971,0.0507246376811594
PHM2010,c4,25,force_z,ColoredNoiseRamp,315,110,0.963052705375846,0.989247143519372,0.967156123648071,0.88056453973391,1,1,105,105,0.0458715596330275,0.0642201834862385,10,0.0458715596330275,0.0642201834862385
PHM2010,c4,25,force_z,IntermittentRecordDropout,315,116,1.01942261270492,0.980090194091142,0.9149053930434,0.904434513082508,1,1,1,1,0.0434782608695652,0.0608695652173913,12,0.0434782608695652,0.0608695652173913
PHM2010,c4,25,vibration_x,LinearBiasDrift,315,128,1.04539906837885,1.05698138710382,1.06643400889377,1.12746488804338,1,1,52,52,0.0393700787401575,0.0551181102362205,12,0.0393700787401575,0.0551181102362205
PHM2010,c4,25,vibration_x,GainDrift,315,128,1.05947490291898,1.06463679278664,1.07111105963867,1.12746488804338,1,1,52,52,0.0393700787401575,0.0551181102362205,9,0.0393700787401575,0.0551181102362205
PHM2010,c4,25,vibration_x,ColoredNoiseRamp,315,106,0.946377346887957,0.951253517946211,0.977606788489099,1.03766437358574,1,1,178,178,0.0380952380952381,0.0666666666666667,7,0.0380952380952381,0.0666666666666667
PHM2010,c4,25,vibration_x,IntermittentRecordDropout,315,82,0.90777674587979,0.916638763685534,0.950450391663454,0.971182686035084,1,1,12,12,0.0493827160493827,0.0864197530864197,30,0.0493827160493827,0.0864197530864197
PHM2010,c4,25,vibration_y,LinearBiasDrift,315,82,0.892015209508232,0.870323894732448,0.858976785026965,1.03615789120591,1,1,174,174,0.0493827160493827,0.0864197530864197,10,0.0493827160493827,0.0864197530864197
PHM2010,c4,25,vibration_y,GainDrift,315,130,1.07465512400814,1.07275992822529,1.07813965489261,1.19379338374378,1,0,154,NaN,0.0387596899224806,0.0542635658914729,9,0.0387596899224806,0.0542635658914729
PHM2010,c4,25,vibration_y,ColoredNoiseRamp,315,113,0.980713862242224,0.982476668564923,0.983278583845283,1.13279511067746,0,0,NaN,NaN,0.0446428571428571,0.0625,9,0.0446428571428571,0.0625
PHM2010,c4,25,vibration_y,IntermittentRecordDropout,315,104,0.969095805286205,0.975739012474457,1.02632942355469,1.09359381352901,1,1,8,8,0.0388349514563107,0.0679611650485437,37,0.0388349514563107,0.0679611650485437
PHM2010,c4,26,force_z,LinearBiasDrift,315,131,1.06524844623496,1.03881673882801,1.0362475298676,0.965421376403543,1,1,96,91,0.0384615384615385,0.0538461538461538,8,0.0384615384615385,0.0538461538461538
PHM2010,c4,26,force_z,GainDrift,315,102,0.951173219842548,0.951230290920638,0.954017123515707,0.851610913029039,0,0,NaN,NaN,0.0396039603960396,0.0693069306930693,9,0.0396039603960396,0.0693069306930693
PHM2010,c4,26,force_z,ColoredNoiseRamp,315,64,0.865270940099896,0.88457324318526,0.855452403255404,0.808129049820369,1,1,89,89,0.0634920634920635,0.111111111111111,14,0.0634920634920635,0.111111111111111
PHM2010,c4,26,force_z,IntermittentRecordDropout,315,92,0.931017309785284,0.895810574444799,0.837547769135033,0.824505200865136,1,1,2,2,0.043956043956044,0.0769230769230769,22,0.043956043956044,0.0769230769230769
PHM2010,c4,26,vibration_x,LinearBiasDrift,315,70,0.892479684044146,0.893823955776593,0.895765533517576,0.963705326027249,1,1,110,110,0.0579710144927536,0.101449275362319,14,0.0579710144927536,0.101449275362319
PHM2010,c4,26,vibration_x,GainDrift,315,124,1.05099324191685,1.05724007432803,1.06640690392262,1.11260188711532,1,1,56,56,0.040650406504065,0.0569105691056911,9,0.040650406504065,0.0569105691056911
PHM2010,c4,26,vibration_x,ColoredNoiseRamp,315,82,0.902705877152875,0.907031210355141,0.908302308878174,0.971182686035084,1,1,187,187,0.0493827160493827,0.0864197530864197,7,0.0493827160493827,0.0864197530864197
PHM2010,c4,26,vibration_x,IntermittentRecordDropout,315,69,0.900566919492687,0.92133046930501,0.948318082890262,0.96308077982704,1,1,0,0,0.0588235294117647,0.102941176470588,32,0.0588235294117647,0.102941176470588
PHM2010,c4,26,vibration_y,LinearBiasDrift,315,118,1.01128097466276,1.017536559518,1.01759000957374,1.15233291100975,1,1,151,147,0.0427350427350427,0.0598290598290598,10,0.0427350427350427,0.0598290598290598
PHM2010,c4,26,vibration_y,GainDrift,315,74,0.89034726870349,0.889460873610009,0.892866112977698,1.03063532539333,1,0,210,NaN,0.0547945205479452,0.0958904109589041,9,0.0547945205479452,0.0958904109589041
PHM2010,c4,26,vibration_y,ColoredNoiseRamp,315,65,0.899536161341411,0.901231973617228,0.90280999478966,1.02854366605766,1,0,232,NaN,0.0625,0.109375,9,0.0625,0.109375
PHM2010,c4,26,vibration_y,IntermittentRecordDropout,315,97,0.933713800550241,0.970409867848071,1.00566255835759,1.06310101245867,1,1,5,11,0.0416666666666667,0.0729166666666667,43,0.0416666666666667,0.0729166666666667
PHM2010,c4,27,force_z,LinearBiasDrift,315,114,1.03817994603997,1.00804963615533,0.97757003735457,0.896312784343508,1,1,89,75,0.0442477876106195,0.0619469026548673,6,0.0442477876106195,0.0619469026548673
PHM2010,c4,27,force_z,GainDrift,315,123,1.10925663306176,1.11434114805429,1.11354675433342,0.933049437210437,0,0,NaN,NaN,0.040983606557377,0.0573770491803279,9,0.040983606557377,0.0573770491803279
PHM2010,c4,27,force_z,ColoredNoiseRamp,315,104,0.903078100090723,0.953941329742757,0.92589377326682,0.858764737461632,1,1,88,88,0.0388349514563107,0.0679611650485437,16,0.0388349514563107,0.0679611650485437
PHM2010,c4,27,force_z,IntermittentRecordDropout,315,111,0.998211466418511,0.961992726021075,0.889510625520739,0.88430932230767,1,1,3,3,0.0454545454545455,0.0636363636363636,12,0.0454545454545455,0.0636363636363636
PHM2010,c4,27,vibration_x,LinearBiasDrift,315,103,0.941595112896383,0.979345440029529,0.982463140525297,1.02402517212155,1,1,77,77,0.0392156862745098,0.0686274509803922,12,0.0392156862745098,0.0686274509803922
PHM2010,c4,27,vibration_x,GainDrift,315,84,0.941306452692012,0.951000486121544,0.972483339882989,0.97357841702537,1,1,25,96,0.0481927710843374,0.0843373493975904,11,0.0481927710843374,0.0843373493975904
PHM2010,c4,27,vibration_x,ColoredNoiseRamp,315,93,0.911786355838369,0.910513480566354,0.911786355838369,0.98899144412723,0,0,NaN,NaN,0.0434782608695652,0.0760869565217391,3,0.0434782608695652,0.0760869565217391
PHM2010,c4,27,vibration_x,IntermittentRecordDropout,315,108,0.979414726332124,0.999400832189826,1.02345335865246,1.04636126711875,1,1,1,10,0.0373831775700935,0.0654205607476635,34,0.0373831775700935,0.0654205607476635
PHM2010,c4,27,vibration_y,LinearBiasDrift,315,84,0.893172741531842,0.864803597048002,0.861150400804741,1.03868467133621,1,1,172,172,0.0481927710843374,0.0843373493975904,8,0.0481927710843374,0.0843373493975904
PHM2010,c4,27,vibration_y,GainDrift,315,81,0.929193366704546,0.930338018841625,0.93113563433818,1.03491133322866,1,0,203,NaN,0.05,0.0875,9,0.05,0.0875
PHM2010,c4,27,vibration_y,ColoredNoiseRamp,315,130,1.0379386871432,1.0394714049869,1.04024481074769,1.19379338374378,0,0,NaN,NaN,0.0387596899224806,0.0542635658914729,9,0.0387596899224806,0.0542635658914729
PHM2010,c4,27,vibration_y,IntermittentRecordDropout,315,83,0.910191167770001,0.937364000489713,0.973914802730752,1.03799716520532,1,1,1,11,0.0487804878048781,0.0853658536585366,42,0.0487804878048781,0.0853658536585366
PHM2010,c4,28,force_z,LinearBiasDrift,315,110,0.96928909678509,0.917758557608741,0.911978828169213,0.88056453973391,1,1,78,66,0.0458715596330275,0.0642201834862385,6,0.0458715596330275,0.0642201834862385
PHM2010,c4,28,force_z,GainDrift,315,140,1.15504953694144,1.16054789136624,1.15956394832464,1.00425450244796,0,0,NaN,NaN,0.0359712230215827,0.0503597122302158,9,0.0359712230215827,0.0503597122302158
PHM2010,c4,28,force_z,ColoredNoiseRamp,315,118,0.952943631747126,1.01847380810272,0.977227389168907,0.911558619536181,1,1,68,68,0.0427350427350427,0.0598290598290598,13,0.0427350427350427,0.0598290598290598
PHM2010,c4,28,force_z,IntermittentRecordDropout,315,68,0.906419697457789,0.867406522773594,0.817930906948493,0.805109525078435,1,1,5,5,0.0597014925373134,0.104477611940299,16,0.0597014925373134,0.104477611940299
PHM2010,c4,28,vibration_x,LinearBiasDrift,315,71,0.894514418091548,0.903950112574869,0.906532444510392,0.964075483681034,1,1,109,109,0.0571428571428571,0.1,14,0.0571428571428571,0.1
PHM2010,c4,28,vibration_x,GainDrift,315,117,1.04450830688668,1.04273985283579,1.04538423211864,1.08538979155518,1,1,63,63,0.0431034482758621,0.0603448275862069,9,0.0431034482758621,0.0603448275862069
PHM2010,c4,28,vibration_x,ColoredNoiseRamp,315,131,1.02975250498195,1.04184023548162,1.10020519384011,1.13932665435878,1,1,122,122,0.0384615384615385,0.0538461538461538,9,0.0384615384615385,0.0538461538461538
PHM2010,c4,28,vibration_x,IntermittentRecordDropout,315,112,0.994529674236736,1.00657003759354,1.0299571619541,1.06379167643856,1,1,9,9,0.045045045045045,0.0630630630630631,28,0.045045045045045,0.0630630630630631
PHM2010,c4,28,vibration_y,LinearBiasDrift,315,72,0.881980475034611,0.84601587143812,0.866766532926671,1.02945981212039,1,1,179,171,0.0563380281690141,0.0985915492957746,10,0.0563380281690141,0.0985915492957746
PHM2010,c4,28,vibration_y,GainDrift,315,69,0.888754364543046,0.887877348940488,0.891214677170367,1.02940450460385,1,0,215,NaN,0.0588235294117647,0.102941176470588,9,0.0588235294117647,0.102941176470588
PHM2010,c4,28,vibration_y,ColoredNoiseRamp,315,86,0.897894548869736,0.899713610187418,0.899929723220901,1.04157509125163,0,0,NaN,NaN,0.0470588235294118,0.0823529411764706,9,0.0470588235294118,0.0823529411764706
PHM2010,c4,28,vibration_y,IntermittentRecordDropout,315,133,1.07731835922249,1.12287910266225,1.16832801496131,1.20686290048192,1,1,3,3,0.0378787878787879,0.053030303030303,28,0.0378787878787879,0.053030303030303
PHM2010,c4,29,force_z,LinearBiasDrift,315,120,1.01720253480776,0.974940906247076,0.968958595999407,0.92036480419836,1,1,86,75,0.0420168067226891,0.0588235294117647,8,0.0420168067226891,0.0588235294117647
PHM2010,c4,29,force_z,GainDrift,315,117,1.0421912537704,1.04490976186371,1.04477369793167,0.90858637344552,0,0,NaN,NaN,0.0431034482758621,0.0603448275862069,9,0.0431034482758621,0.0603448275862069
PHM2010,c4,29,force_z,ColoredNoiseRamp,315,99,0.932613895861137,0.949919519493127,0.955809964362064,0.841152546959416,1,1,149,138,0.0408163265306122,0.0714285714285714,20,0.0408163265306122,0.0714285714285714
PHM2010,c4,29,force_z,IntermittentRecordDropout,315,127,1.06200596936255,1.02432079831932,0.969538794961391,0.948097769978997,1,1,1,1,0.0396825396825397,0.0555555555555556,12,0.0396825396825397,0.0555555555555556
PHM2010,c4,29,vibration_x,LinearBiasDrift,315,99,0.928453783709287,0.955143120767185,0.959294796985328,1.00652047146548,1,1,81,81,0.0408163265306122,0.0714285714285714,10,0.0408163265306122,0.0714285714285714
PHM2010,c4,29,vibration_x,GainDrift,315,73,0.889087656310016,0.888618268021625,0.890524504064395,0.963679059629764,1,1,36,107,0.0555555555555556,0.0972222222222222,9,0.0555555555555556,0.0972222222222222
PHM2010,c4,29,vibration_x,ColoredNoiseRamp,315,100,0.927386413370572,0.925927581207421,0.927386413370572,1.01019509945368,1,0,183,NaN,0.0404040404040404,0.0707070707070707,3,0.0404040404040404,0.0707070707070707
PHM2010,c4,29,vibration_x,IntermittentRecordDropout,315,125,1.04667029735612,1.06939582582187,1.09460311869164,1.1155507783968,1,1,11,11,0.0403225806451613,0.0564516129032258,30,0.0403225806451613,0.0564516129032258
PHM2010,c4,29,vibration_y,LinearBiasDrift,315,135,1.0730879172797,1.09248797022529,1.09637019268178,1.21338814959248,1,1,130,127,0.0373134328358209,0.0522388059701493,10,0.0373134328358209,0.0522388059701493
PHM2010,c4,29,vibration_y,GainDrift,315,83,0.900578424837207,0.899165272284155,0.90335714585382,1.03799716520532,1,0,201,NaN,0.0487804878048781,0.0853658536585366,9,0.0487804878048781,0.0853658536585366
PHM2010,c4,29,vibration_y,ColoredNoiseRamp,315,68,0.921470013620096,0.922829553198729,0.929471866350546,1.02863831052682,1,1,191,208,0.0597014925373134,0.104477611940299,15,0.0597014925373134,0.104477611940299
PHM2010,c4,29,vibration_y,IntermittentRecordDropout,315,103,0.956791617240925,0.991563322997066,1.033839727938,1.08919408999157,1,1,6,6,0.0392156862745098,0.0686274509803922,44,0.0392156862745098,0.0686274509803922
PHM2010,c4,30,force_z,LinearBiasDrift,315,74,0.874530100919594,0.837341860169604,0.828404071438063,0.805901296445885,1,1,114,92,0.0547945205479452,0.0958904109589041,6,0.0547945205479452,0.0958904109589041
PHM2010,c4,30,force_z,GainDrift,315,84,0.994309976850924,0.999097579282993,0.997891619716363,0.812562200279079,0,0,NaN,NaN,0.0481927710843374,0.0843373493975904,9,0.0481927710843374,0.0843373493975904
PHM2010,c4,30,force_z,ColoredNoiseRamp,315,71,0.851810749626414,0.884843481504781,0.87666637919969,0.806213186771238,1,1,134,145,0.0571428571428571,0.1,16,0.0571428571428571,0.1
PHM2010,c4,30,force_z,IntermittentRecordDropout,315,122,1.04239601499696,1.01386607788524,0.943953406514827,0.929495190268376,1,1,14,14,0.0413223140495868,0.0578512396694215,10,0.0413223140495868,0.0578512396694215
PHM2010,c4,30,vibration_x,LinearBiasDrift,315,106,0.960416862663563,0.962005392902306,0.962830715203006,1.03766437358574,1,1,74,74,0.0380952380952381,0.0666666666666667,12,0.0380952380952381,0.0666666666666667
PHM2010,c4,30,vibration_x,GainDrift,315,137,1.12391300885557,1.12204563896711,1.12499930901741,1.16247662099026,1,1,43,43,0.0367647058823529,0.0514705882352941,9,0.0367647058823529,0.0514705882352941
PHM2010,c4,30,vibration_x,ColoredNoiseRamp,315,93,0.905750408606719,0.911053605510112,0.913488054010399,0.98899144412723,1,1,185,185,0.0434782608695652,0.0760869565217391,8,0.0434782608695652,0.0760869565217391
PHM2010,c4,30,vibration_x,IntermittentRecordDropout,315,132,1.08393691031907,1.09311533873152,1.11681448253037,1.1432344138856,1,1,8,8,0.0381679389312977,0.0534351145038168,22,0.0381679389312977,0.0534351145038168
PHM2010,c4,30,vibration_y,LinearBiasDrift,315,70,0.901059553696535,0.902130146920586,0.897592381063476,1.03024791765392,1,1,214,199,0.0579710144927536,0.101449275362319,15,0.0579710144927536,0.101449275362319
PHM2010,c4,30,vibration_y,GainDrift,315,83,0.921717530097484,0.92252993971127,0.923784902644412,1.03799716520532,1,0,201,NaN,0.0487804878048781,0.0853658536585366,9,0.0487804878048781,0.0853658536585366
PHM2010,c4,30,vibration_y,ColoredNoiseRamp,315,82,0.89875781420167,0.900564257699232,0.900688095616207,1.03615789120591,0,0,NaN,NaN,0.0493827160493827,0.0864197530864197,9,0.0493827160493827,0.0864197530864197
PHM2010,c4,30,vibration_y,IntermittentRecordDropout,315,110,0.98854574682472,1.01691268234957,1.06452822907527,1.11995267449298,1,1,4,4,0.0458715596330275,0.0642201834862385,30,0.0458715596330275,0.0642201834862385
PHM2010,c6,0,None,Clean,315,Inf,1,1,1,1,0,0,NaN,NaN,0.00634920634920635,0,0,0.00634920634920635,0
PHM2010,c6,1,force_z,LinearBiasDrift,315,86,1.14204001294284,0.804568879824739,0.745411984131677,0.740226363484468,1,1,134,109,0.0117647058823529,0,1,0.0117647058823529,0
PHM2010,c6,1,force_z,GainDrift,315,104,0.817761655297423,0.818278450843961,0.817761655297423,0.71413030558942,1,0,188,NaN,0.00970873786407767,0,0,0.00970873786407767,0
PHM2010,c6,1,force_z,ColoredNoiseRamp,315,126,0.977064823852237,0.968152693103011,0.939393840585861,0.742804507321942,1,1,95,121,0.008,0,1,0.008,0
PHM2010,c6,1,force_z,IntermittentRecordDropout,315,63,1.36785734080607,0.866472939802694,0.762606197351021,0.761534967653725,1,1,4,4,0.0161290322580645,0,1,0.0161290322580645,0
PHM2010,c6,1,vibration_x,LinearBiasDrift,315,101,1.59693534681061,1.59643086042072,1.59693534681061,0.787297131355909,0,0,NaN,NaN,0.01,0,0,0.01,0
PHM2010,c6,1,vibration_x,GainDrift,315,65,1.10148787461395,1.10077566704919,1.10148787461395,0.818494331695486,0,0,NaN,NaN,0.015625,0,0,0.015625,0
PHM2010,c6,1,vibration_x,ColoredNoiseRamp,315,67,0.990686580652622,0.991264249330183,0.990686580652622,0.819341895689566,0,0,NaN,NaN,0.0151515151515152,0,0,0.0151515151515152,0
PHM2010,c6,1,vibration_x,IntermittentRecordDropout,315,73,1.02296070731082,1.02171699700757,1.02296070731082,0.814764396575354,0,0,NaN,NaN,0.0138888888888889,0,0,0.0138888888888889,0
PHM2010,c6,1,vibration_y,LinearBiasDrift,315,138,1.19683278907807,1.19671113921504,1.19683278907807,0.604373499560413,0,0,NaN,NaN,0.0072992700729927,0,0,0.0072992700729927,0
PHM2010,c6,1,vibration_y,GainDrift,315,117,1.37241868464195,1.36876442454719,1.37241868464195,0.616547698241139,0,0,NaN,NaN,0.00862068965517241,0,0,0.00862068965517241,0
PHM2010,c6,1,vibration_y,ColoredNoiseRamp,315,71,1.28137392639776,1.27793005765979,1.28137392639776,0.726346538755449,0,0,NaN,NaN,0.0142857142857143,0,0,0.0142857142857143,0
PHM2010,c6,1,vibration_y,IntermittentRecordDropout,315,100,0.87046856171884,0.869755980874576,0.867904430403507,0.632399949027105,0,1,NaN,196,0.0101010101010101,0,5,0.0101010101010101,0
PHM2010,c6,2,force_z,LinearBiasDrift,315,87,0.620467951584174,0.6944805087795,0.712831145321655,0.736900367445577,1,1,136,124,0.0116279069767442,0,1,0.0116279069767442,0
PHM2010,c6,2,force_z,GainDrift,315,93,1.23172715825143,1.2274609158193,1.23172715825143,0.723011010617195,1,0,199,NaN,0.0108695652173913,0,0,0.0108695652173913,0
PHM2010,c6,2,force_z,ColoredNoiseRamp,315,109,0.963719590464574,0.956000756946447,0.937527804673507,0.723354541525042,1,1,150,171,0.00925925925925926,0,1,0.00925925925925926,0
PHM2010,c6,2,force_z,IntermittentRecordDropout,315,77,1.37467325198137,0.839313078004327,0.747513972511679,0.747598918629193,1,1,1,1,0.0131578947368421,0,3,0.0131578947368421,0
PHM2010,c6,2,vibration_x,LinearBiasDrift,315,77,0.603541976401721,0.605311015933847,0.603541976401721,0.808449882831477,0,0,NaN,NaN,0.0131578947368421,0,0,0.0131578947368421,0
PHM2010,c6,2,vibration_x,GainDrift,315,117,1.21374697298114,1.21302646026015,1.21374697298114,0.81716191533094,0,0,NaN,NaN,0.00862068965517241,0,0,0.00862068965517241,0
PHM2010,c6,2,vibration_x,ColoredNoiseRamp,315,69,0.990303082942242,0.989512127977234,0.990303082942242,0.819695428430759,0,0,NaN,NaN,0.0147058823529412,0,0,0.0147058823529412,0
PHM2010,c6,2,vibration_x,IntermittentRecordDropout,315,67,1.01442784907826,1.01298324117383,0.981881325926567,0.819341895689566,0,1,NaN,226,0.0151515151515152,0,5,0.0151515151515152,0
PHM2010,c6,2,vibration_y,LinearBiasDrift,315,119,1.11077657386189,1.11086871740499,1.11077657386189,0.616599918973802,0,0,NaN,NaN,0.00847457627118644,0,0,0.00847457627118644,0
PHM2010,c6,2,vibration_y,GainDrift,315,128,0.660023936352044,0.661920077022949,0.660023936352044,0.61156239195461,0,0,NaN,NaN,0.0078740157480315,0,0,0.0078740157480315,0
PHM2010,c6,2,vibration_y,ColoredNoiseRamp,315,121,1.23899515923879,1.23538473099445,1.23899515923879,0.610146442716351,0,0,NaN,NaN,0.00833333333333333,0,0,0.00833333333333333,0
PHM2010,c6,2,vibration_y,IntermittentRecordDropout,315,64,0.879027106487865,0.879173903533509,0.879027106487865,0.741331063448201,0,0,NaN,NaN,0.0158730158730159,0,0,0.0158730158730159,0
PHM2010,c6,3,force_z,LinearBiasDrift,315,67,0.664651852677352,0.727243233017993,0.749603534108881,0.756539526197627,1,1,150,137,0.0151515151515152,0,1,0.0151515151515152,0
PHM2010,c6,3,force_z,GainDrift,315,64,0.802737243565336,0.803691057995864,0.802737243565336,0.757414087579204,1,0,228,NaN,0.0158730158730159,0,0,0.0158730158730159,0
PHM2010,c6,3,force_z,ColoredNoiseRamp,315,108,0.997800727296154,1.0067769571111,0.997450590978881,0.722168090711367,1,1,176,177,0.00934579439252336,0,2,0.00934579439252336,0
PHM2010,c6,3,force_z,IntermittentRecordDropout,315,96,1.38253663541397,0.851995771093485,0.713399300446306,0.716271746177234,1,1,8,8,0.0105263157894737,0,1,0.0105263157894737,0
PHM2010,c6,3,vibration_x,LinearBiasDrift,315,122,2.06688087416921,2.06729684479457,2.06688087416921,0.825910718601987,0,0,NaN,NaN,0.00826446280991736,0,0,0.00826446280991736,0
PHM2010,c6,3,vibration_x,GainDrift,315,103,1.1148805842301,1.11402836314038,1.1148805842301,0.786537023168399,0,0,NaN,NaN,0.00980392156862745,0,0,0.00980392156862745,0
PHM2010,c6,3,vibration_x,ColoredNoiseRamp,315,121,1.1601344738742,1.15964942318585,1.1601344738742,0.822222872504188,0,0,NaN,NaN,0.00833333333333333,0,0,0.00833333333333333,0
PHM2010,c6,3,vibration_x,IntermittentRecordDropout,315,108,1.05608376579302,1.05461067621077,1.05608376579302,0.801306890331678,0,0,NaN,NaN,0.00934579439252336,0,0,0.00934579439252336,0
PHM2010,c6,3,vibration_y,LinearBiasDrift,315,73,0.860463489988678,0.866542269391196,0.860463489988678,0.721133336071634,0,0,NaN,NaN,0.0138888888888889,0,0,0.0138888888888889,0
PHM2010,c6,3,vibration_y,GainDrift,315,127,0.63667533024234,0.638869869062088,0.63667533024234,0.611848636534752,0,0,NaN,NaN,0.00793650793650794,0,0,0.00793650793650794,0
PHM2010,c6,3,vibration_y,ColoredNoiseRamp,315,98,1.2674027253267,1.26301548888408,1.2674027253267,0.639141388528122,0,0,NaN,NaN,0.0103092783505155,0,0,0.0103092783505155,0
PHM2010,c6,3,vibration_y,IntermittentRecordDropout,315,64,0.894290369287864,0.893074485823147,0.889207015107311,0.741331063448201,0,1,NaN,248,0.0158730158730159,0,1,0.0158730158730159,0
PHM2010,c6,4,force_z,LinearBiasDrift,315,75,1.07247624073192,0.8452438367185,0.775948968314016,0.750308842782173,1,1,163,131,0.0135135135135135,0,1,0.0135135135135135,0
PHM2010,c6,4,force_z,GainDrift,315,96,0.820782989375992,0.821150345771717,0.820782989375992,0.716271746177234,1,0,196,NaN,0.0105263157894737,0,0,0.0105263157894737,0
PHM2010,c6,4,force_z,ColoredNoiseRamp,315,141,1.04832203713118,1.02577467145156,1.00124293522379,0.774252781251957,1,1,88,121,0.00714285714285714,0,1,0.00714285714285714,0
PHM2010,c6,4,force_z,IntermittentRecordDropout,315,102,1.45083497691222,0.825316482868626,0.712933060138087,0.713975825268537,1,1,4,4,0.0099009900990099,0,1,0.0099009900990099,0
PHM2010,c6,4,vibration_x,LinearBiasDrift,315,74,0.69411439299287,0.692563052762018,0.69411439299287,0.813778634090889,0,0,NaN,NaN,0.0136986301369863,0,0,0.0136986301369863,0
PHM2010,c6,4,vibration_x,GainDrift,315,100,0.78963209672075,0.787427762506238,0.78963209672075,0.786323603403794,0,0,NaN,NaN,0.0101010101010101,0,0,0.0101010101010101,0
PHM2010,c6,4,vibration_x,ColoredNoiseRamp,315,108,0.984964996893051,0.983655953482302,0.984964996893051,0.801306890331678,0,0,NaN,NaN,0.00934579439252336,0,0,0.00934579439252336,0
PHM2010,c6,4,vibration_x,IntermittentRecordDropout,315,107,1.02969870401137,1.02823266270463,1.02723817637596,0.797591324480381,0,1,NaN,176,0.00943396226415094,0,2,0.00943396226415094,0
PHM2010,c6,4,vibration_y,LinearBiasDrift,315,126,0.806326648138684,0.813624359592248,0.806326648138684,0.610379068777165,0,0,NaN,NaN,0.008,0,0,0.008,0
PHM2010,c6,4,vibration_y,GainDrift,315,90,0.594002618013399,0.59594665901233,0.594002618013399,0.66964778544436,0,0,NaN,NaN,0.0112359550561798,0,0,0.0112359550561798,0
PHM2010,c6,4,vibration_y,ColoredNoiseRamp,315,81,1.32154814922729,1.31730080971321,1.32154814922729,0.699843104308173,0,0,NaN,NaN,0.0125,0,0,0.0125,0
PHM2010,c6,4,vibration_y,IntermittentRecordDropout,315,91,0.891993784301392,0.890631994820909,0.891993784301392,0.663324933280458,0,0,NaN,NaN,0.0111111111111111,0,0,0.0111111111111111,0
PHM2010,c6,5,force_z,LinearBiasDrift,315,120,0.638360320146199,0.694839164603352,0.716345222103054,0.732338095927212,1,1,106,97,0.00840336134453781,0,1,0.00840336134453781,0
PHM2010,c6,5,force_z,GainDrift,315,130,1.38651034920514,1.38114826282639,1.38651034920514,0.750936434317704,1,0,162,NaN,0.00775193798449612,0,0,0.00775193798449612,0
PHM2010,c6,5,force_z,ColoredNoiseRamp,315,64,1.00584757925548,1.00456490031283,1.00584757925548,0.757414087579204,1,0,240,NaN,0.0158730158730159,0,0,0.0158730158730159,0
PHM2010,c6,5,force_z,IntermittentRecordDropout,315,104,1.35651516590266,0.858924493113426,0.702881542954644,0.71413030558942,1,1,7,7,0.00970873786407767,0,3,0.00970873786407767,0
PHM2010,c6,5,vibration_x,LinearBiasDrift,315,101,0.869867958078901,0.872083066718714,0.869867958078901,0.787297131355909,0,0,NaN,NaN,0.01,0,0,0.01,0
PHM2010,c6,5,vibration_x,GainDrift,315,89,1.11164507010214,1.11086735148414,1.11164507010214,0.797549739529235,0,0,NaN,NaN,0.0113636363636364,0,0,0.0113636363636364,0
PHM2010,c6,5,vibration_x,ColoredNoiseRamp,315,96,0.966236732409073,0.964911926750191,0.966236732409073,0.7890192282606,0,0,NaN,NaN,0.0105263157894737,0,0,0.0105263157894737,0
PHM2010,c6,5,vibration_x,IntermittentRecordDropout,315,117,1.0657536956792,1.06421693013939,1.04936004395198,0.81716191533094,0,1,NaN,193,0.00862068965517241,0,2,0.00862068965517241,0
PHM2010,c6,5,vibration_y,LinearBiasDrift,315,140,0.870562259424639,0.878491810173527,0.870562259424639,0.60454372628494,0,0,NaN,NaN,0.00719424460431655,0,0,0.00719424460431655,0
PHM2010,c6,5,vibration_y,GainDrift,315,138,1.63754598299308,1.63242145576247,1.63754598299308,0.604373499560413,0,0,NaN,NaN,0.0072992700729927,0,0,0.0072992700729927,0
PHM2010,c6,5,vibration_y,ColoredNoiseRamp,315,104,1.0664951195899,1.06487382492933,1.0664951195899,0.625011084096272,0,0,NaN,NaN,0.00970873786407767,0,0,0.00970873786407767,0
PHM2010,c6,5,vibration_y,IntermittentRecordDropout,315,100,0.893426111609721,0.893808455137959,0.893426111609721,0.632399949027105,0,0,NaN,NaN,0.0101010101010101,0,0,0.0101010101010101,0
PHM2010,c6,6,force_z,LinearBiasDrift,315,132,1.16425267293205,1.03346713398019,0.968552025068387,0.753446185778276,1,1,137,114,0.00763358778625954,0,1,0.00763358778625954,0
PHM2010,c6,6,force_z,GainDrift,315,129,1.25979114299846,1.2558459386055,1.25979114299846,0.749972732542904,1,0,163,NaN,0.0078125,0,0,0.0078125,0
PHM2010,c6,6,force_z,ColoredNoiseRamp,315,72,1.0239286721642,1.02616063498824,1.0239286721642,0.750960478973625,1,0,243,NaN,0.0140845070422535,0,0,0.0140845070422535,0
PHM2010,c6,6,force_z,IntermittentRecordDropout,315,122,1.46555341175374,0.873631638340439,0.73550141733314,0.73448787549548,1,1,3,3,0.00826446280991736,0,3,0.00826446280991736,0
PHM2010,c6,6,vibration_x,LinearBiasDrift,315,74,1.69701751692917,1.69692474043575,1.69701751692917,0.813778634090889,0,0,NaN,NaN,0.0136986301369863,0,0,0.0136986301369863,0
PHM2010,c6,6,vibration_x,GainDrift,315,67,1.08774312960493,1.08695913920026,1.08774312960493,0.819341895689566,0,0,NaN,NaN,0.0151515151515152,0,0,0.0151515151515152,0
PHM2010,c6,6,vibration_x,ColoredNoiseRamp,315,96,1.00432463908994,1.00342058837433,1.00432463908994,0.7890192282606,0,0,NaN,NaN,0.0105263157894737,0,0,0.0105263157894737,0
PHM2010,c6,6,vibration_x,IntermittentRecordDropout,315,113,1.05973406737842,1.05818816180508,1.05813906781882,0.808829720949515,0,1,NaN,171,0.00892857142857143,0,2,0.00892857142857143,0
PHM2010,c6,6,vibration_y,LinearBiasDrift,315,87,0.895885609560823,0.896652553932406,0.895885609560823,0.681922819467147,0,0,NaN,NaN,0.0116279069767442,0,0,0.0116279069767442,0
PHM2010,c6,6,vibration_y,GainDrift,315,66,1.23907109447659,1.23636281974092,1.23907109447659,0.737113910246785,0,0,NaN,NaN,0.0153846153846154,0,0,0.0153846153846154,0
PHM2010,c6,6,vibration_y,ColoredNoiseRamp,315,117,1.07910489570127,1.07670955717312,1.07910489570127,0.616547698241139,0,0,NaN,NaN,0.00862068965517241,0,0,0.00862068965517241,0
PHM2010,c6,6,vibration_y,IntermittentRecordDropout,315,77,0.854765484866669,0.85491066842663,0.854068205509852,0.709436479331988,0,1,NaN,238,0.0131578947368421,0,1,0.0131578947368421,0
PHM2010,c6,7,force_z,LinearBiasDrift,315,122,1.19992315428343,0.884624770408295,0.820947761854903,0.73448787549548,1,1,116,91,0.00826446280991736,0,1,0.00826446280991736,0
PHM2010,c6,7,force_z,GainDrift,315,75,0.79013030847566,0.791205173014601,0.79013030847566,0.750308842782173,1,0,217,NaN,0.0135135135135135,0,0,0.0135135135135135,0
PHM2010,c6,7,force_z,ColoredNoiseRamp,315,134,1.16631122469053,1.1737343326586,1.16631122469053,0.757614044654888,1,0,176,NaN,0.0075187969924812,0,0,0.0075187969924812,0
PHM2010,c6,7,force_z,IntermittentRecordDropout,315,128,1.53186133352847,0.912123207123385,0.747062087959597,0.747804080297834,1,1,1,1,0.0078740157480315,0,1,0.0078740157480315,0
PHM2010,c6,7,vibration_x,LinearBiasDrift,315,81,0.700423330200601,0.702342221539509,0.700423330200601,0.807559818118587,0,0,NaN,NaN,0.0125,0,0,0.0125,0
PHM2010,c6,7,vibration_x,GainDrift,315,141,1.33313922187608,1.33238350913433,1.33313922187608,0.879837988826867,0,0,NaN,NaN,0.00714285714285714,0,0,0.00714285714285714,0
PHM2010,c6,7,vibration_x,ColoredNoiseRamp,315,67,0.968491945710306,0.968177590120787,0.968491945710306,0.819341895689566,0,0,NaN,NaN,0.0151515151515152,0,0,0.0151515151515152,0
PHM2010,c6,7,vibration_x,IntermittentRecordDropout,315,135,1.14056896607256,1.13890413159688,1.12940715070523,0.859108448585374,0,1,NaN,155,0.00746268656716418,0,4,0.00746268656716418,0
PHM2010,c6,7,vibration_y,LinearBiasDrift,315,93,1.01284401803321,1.01313620312094,1.01284401803321,0.656130227005406,0,0,NaN,NaN,0.0108695652173913,0,0,0.0108695652173913,0
PHM2010,c6,7,vibration_y,GainDrift,315,86,0.663548396436174,0.664600097752203,0.663548396436174,0.686271225723513,0,0,NaN,NaN,0.0117647058823529,0,0,0.0117647058823529,0
PHM2010,c6,7,vibration_y,ColoredNoiseRamp,315,140,1.27430810603358,1.27079755854327,1.27430810603358,0.60454372628494,0,0,NaN,NaN,0.00719424460431655,0,0,0.00719424460431655,0
PHM2010,c6,7,vibration_y,IntermittentRecordDropout,315,77,0.871488340719523,0.871478233140225,0.873970705309252,0.709436479331988,0,1,NaN,202,0.0131578947368421,0,2,0.0131578947368421,0
PHM2010,c6,8,force_z,LinearBiasDrift,315,87,0.651006179430471,0.699668331371906,0.715000777388878,0.736900367445577,1,1,130,116,0.0116279069767442,0,1,0.0116279069767442,0
PHM2010,c6,8,force_z,GainDrift,315,138,1.40442269813302,1.39900813136331,1.40442269813302,0.765009214200706,1,0,154,NaN,0.0072992700729927,0,0,0.0072992700729927,0
PHM2010,c6,8,force_z,ColoredNoiseRamp,315,67,0.969952569543724,0.963873748277223,0.92231093388488,0.756539526197627,1,1,169,176,0.0151515151515152,0,5,0.0151515151515152,0
PHM2010,c6,8,force_z,IntermittentRecordDropout,315,89,1.37392438785562,0.84717991273737,0.728018897637034,0.730019905668016,1,1,8,8,0.0113636363636364,0,1,0.0113636363636364,0
PHM2010,c6,8,vibration_x,LinearBiasDrift,315,116,0.729810130187251,0.732101827586233,0.729810130187251,0.815972928853706,0,0,NaN,NaN,0.00869565217391304,0,0,0.00869565217391304,0
PHM2010,c6,8,vibration_x,GainDrift,315,132,1.26725723047514,1.26643875913409,1.26725723047514,0.852769235347089,0,0,NaN,NaN,0.00763358778625954,0,0,0.00763358778625954,0
PHM2010,c6,8,vibration_x,ColoredNoiseRamp,315,73,1.02861883341749,1.02807676753091,1.02861883341749,0.814764396575354,0,0,NaN,NaN,0.0138888888888889,0,0,0.0138888888888889,0
PHM2010,c6,8,vibration_x,IntermittentRecordDropout,315,68,1.03800400277173,1.03668422409296,1.02185917823674,0.818662917479533,0,1,NaN,224,0.0149253731343284,0,5,0.0149253731343284,0
PHM2010,c6,8,vibration_y,LinearBiasDrift,315,103,0.59233489879014,0.597002820454004,0.59233489879014,0.623769539355738,0,0,NaN,NaN,0.00980392156862745,0,0,0.00980392156862745,0
PHM2010,c6,8,vibration_y,GainDrift,315,130,0.647434521329476,0.649652053075272,0.647434521329476,0.608503516209409,0,0,NaN,NaN,0.00775193798449612,0,0,0.00775193798449612,0
PHM2010,c6,8,vibration_y,ColoredNoiseRamp,315,89,1.00458938145078,1.00317447952931,1.00458938145078,0.671996915264963,0,0,NaN,NaN,0.0113636363636364,0,0,0.0113636363636364,0
PHM2010,c6,8,vibration_y,IntermittentRecordDropout,315,139,1.00205074441066,1.00154614253784,1.00205074441066,0.603017874961405,0,0,NaN,NaN,0.0072463768115942,0,0,0.0072463768115942,0
PHM2010,c6,9,force_z,LinearBiasDrift,315,140,0.69728642363841,0.760772510739825,0.786152300251646,0.769922142916154,1,1,99,85,0.00719424460431655,0,1,0.00719424460431655,0
PHM2010,c6,9,force_z,GainDrift,315,135,1.32195108724974,1.31740082660583,1.32195108724974,0.756696206283685,1,0,157,NaN,0.00746268656716418,0,0,0.00746268656716418,0
PHM2010,c6,9,force_z,ColoredNoiseRamp,315,114,1.05662356235613,1.05662356235613,1.05662356235613,0.726927451206414,0,0,NaN,NaN,0.00884955752212389,0,0,0.00884955752212389,0
PHM2010,c6,9,force_z,IntermittentRecordDropout,315,118,1.47823466358745,0.868741489943292,0.725681708898656,0.733462174338589,1,1,17,17,0.00854700854700855,0,1,0.00854700854700855,0
PHM2010,c6,9,vibration_x,LinearBiasDrift,315,100,0.757105369766783,0.759256528623983,0.757105369766783,0.786323603403794,0,0,NaN,NaN,0.0101010101010101,0,0,0.0101010101010101,0
PHM2010,c6,9,vibration_x,GainDrift,315,139,0.921096327787237,0.918540636268819,0.921096327787237,0.870723271260695,0,0,NaN,NaN,0.0072463768115942,0,0,0.0072463768115942,0
PHM2010,c6,9,vibration_x,ColoredNoiseRamp,315,70,0.989739810092211,0.988374693324089,0.989739810092211,0.818562388850595,0,0,NaN,NaN,0.0144927536231884,0,0,0.0144927536231884,0
PHM2010,c6,9,vibration_x,IntermittentRecordDropout,315,137,1.15611931860271,1.15415091542035,1.14670949315893,0.864686329982397,1,1,103,170,0.00735294117647059,0,2,0.00735294117647059,0
PHM2010,c6,9,vibration_y,LinearBiasDrift,315,131,0.985538596242566,0.986556622104602,0.985538596242566,0.610192663817673,0,0,NaN,NaN,0.00769230769230769,0,0,0.00769230769230769,0
PHM2010,c6,9,vibration_y,GainDrift,315,96,1.52982139720707,1.52523978752026,1.52982139720707,0.644785878205326,0,0,NaN,NaN,0.0105263157894737,0,0,0.0105263157894737,0
PHM2010,c6,9,vibration_y,ColoredNoiseRamp,315,70,1.35221339105889,1.34767846426855,1.35221339105889,0.730726055526651,0,0,NaN,NaN,0.0144927536231884,0,0,0.0144927536231884,0
PHM2010,c6,9,vibration_y,IntermittentRecordDropout,315,118,0.921741224264555,0.921330230707622,0.921330247271758,0.61790230104322,0,1,NaN,196,0.00854700854700855,0,1,0.00854700854700855,0
PHM2010,c6,10,force_z,LinearBiasDrift,315,116,1.235294424778,0.825142376439466,0.765191515890015,0.730554120966345,1,1,104,82,0.00869565217391304,0,1,0.00869565217391304,0
PHM2010,c6,10,force_z,GainDrift,315,111,1.2285310733199,1.22444441968805,1.2285310733199,0.722639897526214,1,0,181,NaN,0.00909090909090909,0,0,0.00909090909090909,0
PHM2010,c6,10,force_z,ColoredNoiseRamp,315,84,0.873366321094455,0.86614409911692,0.856998755753894,0.741138125265732,1,1,172,172,0.0120481927710843,0,3,0.0120481927710843,0
PHM2010,c6,10,force_z,IntermittentRecordDropout,315,128,1.54708754168866,0.903230838686134,0.7457269055835,0.747804080297834,1,1,6,6,0.0078740157480315,0,1,0.0078740157480315,0
PHM2010,c6,10,vibration_x,LinearBiasDrift,315,102,1.92939960837704,1.92972761657876,1.92939960837704,0.788782541958975,0,0,NaN,NaN,0.0099009900990099,0,0,0.0099009900990099,0
PHM2010,c6,10,vibration_x,GainDrift,315,101,1.13560026077265,1.13484598290872,1.13560026077265,0.787297131355909,0,0,NaN,NaN,0.01,0,0,0.01,0
PHM2010,c6,10,vibration_x,ColoredNoiseRamp,315,80,0.990640563105323,0.989801033325399,0.990640563105323,0.806110388470288,0,0,NaN,NaN,0.0126582278481013,0,0,0.0126582278481013,0
PHM2010,c6,10,vibration_x,IntermittentRecordDropout,315,134,1.13225299605911,1.13056917536968,1.10504796325105,0.859076447755134,1,1,106,171,0.0075187969924812,0,3,0.0075187969924812,0
PHM2010,c6,10,vibration_y,LinearBiasDrift,315,132,0.772717599992055,0.77978878923813,0.772717599992055,0.605973076744136,0,0,NaN,NaN,0.00763358778625954,0,0,0.00763358778625954,0
PHM2010,c6,10,vibration_y,GainDrift,315,69,1.3382557382023,1.33501079868857,1.3382557382023,0.733201205365437,0,0,NaN,NaN,0.0147058823529412,0,0,0.0147058823529412,0
PHM2010,c6,10,vibration_y,ColoredNoiseRamp,315,65,1.53203139453746,1.5263995959635,1.53203139453746,0.738319011242381,0,0,NaN,NaN,0.015625,0,0,0.015625,0
PHM2010,c6,10,vibration_y,IntermittentRecordDropout,315,92,0.865696479375858,0.864328610478051,0.866467318162273,0.65974958335853,0,1,NaN,215,0.010989010989011,0,2,0.010989010989011,0
PHM2010,c6,11,force_z,LinearBiasDrift,315,139,0.741090233637461,0.739981153301356,0.760001175878047,0.766049904768446,1,1,84,77,0.0072463768115942,0,1,0.0072463768115942,0
PHM2010,c6,11,force_z,GainDrift,315,127,1.3319378411178,1.32709398529421,1.3319378411178,0.7453626974293,1,0,165,NaN,0.00793650793650794,0,0,0.00793650793650794,0
PHM2010,c6,11,force_z,ColoredNoiseRamp,315,83,0.863700403192247,0.867970889331304,0.874007429256588,0.742709171257302,1,1,140,171,0.0121951219512195,0,1,0.0121951219512195,0
PHM2010,c6,11,force_z,IntermittentRecordDropout,315,107,1.39972430895504,0.864465710711128,0.71860340182483,0.719741973931914,1,1,2,2,0.00943396226415094,0,1,0.00943396226415094,0
PHM2010,c6,11,vibration_x,LinearBiasDrift,315,115,0.858489081885552,0.860844824630188,0.858489081885552,0.813135716954621,0,0,NaN,NaN,0.0087719298245614,0,0,0.0087719298245614,0
PHM2010,c6,11,vibration_x,GainDrift,315,90,1.17073856038091,1.17018526849553,1.17073856038091,0.798298589814142,0,0,NaN,NaN,0.0112359550561798,0,0,0.0112359550561798,0
PHM2010,c6,11,vibration_x,ColoredNoiseRamp,315,118,1.0408284340567,1.03930007742212,1.0408284340567,0.821127419426302,0,0,NaN,NaN,0.00854700854700855,0,0,0.00854700854700855,0
PHM2010,c6,11,vibration_x,IntermittentRecordDropout,315,86,1.0196190713212,1.01780865662471,1.0153895875354,0.804831981620879,1,1,45,225,0.0117647058823529,0,2,0.0117647058823529,0
PHM2010,c6,11,vibration_y,LinearBiasDrift,315,130,0.809737023812985,0.817082209607708,0.809737023812985,0.608503516209409,0,0,NaN,NaN,0.00775193798449612,0,0,0.00775193798449612,0
PHM2010,c6,11,vibration_y,GainDrift,315,136,1.75187478757865,1.74604158779639,1.75187478757865,0.607172406071442,0,0,NaN,NaN,0.00740740740740741,0,0,0.00740740740740741,0
PHM2010,c6,11,vibration_y,ColoredNoiseRamp,315,65,1.27041587772617,1.26603293635879,1.27041587772617,0.738319011242381,0,0,NaN,NaN,0.015625,0,0,0.015625,0
PHM2010,c6,11,vibration_y,IntermittentRecordDropout,315,102,0.881608518957966,0.880176730952786,0.875919117083417,0.628929024933959,0,1,NaN,206,0.0099009900990099,0,2,0.0099009900990099,0
PHM2010,c6,12,force_z,LinearBiasDrift,315,103,1.18519280116293,0.788902175192637,0.724851630071308,0.710984942221719,1,1,117,91,0.00980392156862745,0,1,0.00980392156862745,0
PHM2010,c6,12,force_z,GainDrift,315,136,1.33184120297734,1.32720108703552,1.33184120297734,0.76072125099159,1,0,156,NaN,0.00740740740740741,0,0,0.00740740740740741,0
PHM2010,c6,12,force_z,ColoredNoiseRamp,315,74,0.872807416378035,0.860876246543817,0.836889757395878,0.752137543590871,1,1,123,159,0.0136986301369863,0,1,0.0136986301369863,0
PHM2010,c6,12,force_z,IntermittentRecordDropout,315,98,1.33453339093653,0.848843735814529,0.71167371962116,0.715889155903775,1,1,3,3,0.0103092783505155,0,3,0.0103092783505155,0
PHM2010,c6,12,vibration_x,LinearBiasDrift,315,126,1.74923242460605,1.74872502786387,1.74923242460605,0.837903552998813,0,0,NaN,NaN,0.008,0,0,0.008,0
PHM2010,c6,12,vibration_x,GainDrift,315,86,0.822908220170857,0.820929649363831,0.822908220170857,0.804831981620879,0,0,NaN,NaN,0.0117647058823529,0,0,0.0117647058823529,0
PHM2010,c6,12,vibration_x,ColoredNoiseRamp,315,95,1.02781593972193,1.02716990011546,1.02781593972193,0.789839954837181,0,0,NaN,NaN,0.0106382978723404,0,0,0.0106382978723404,0
PHM2010,c6,12,vibration_x,IntermittentRecordDropout,315,97,1.01881281244988,1.01741371366856,1.01881281244988,0.789325994292648,0,0,NaN,NaN,0.0104166666666667,0,0,0.0104166666666667,0
PHM2010,c6,12,vibration_y,LinearBiasDrift,315,124,0.839525449423734,0.847020735659864,0.839525449423734,0.609039054149587,0,0,NaN,NaN,0.00813008130081301,0,0,0.00813008130081301,0
PHM2010,c6,12,vibration_y,GainDrift,315,140,0.737772661392919,0.739148029731812,0.737772661392919,0.60454372628494,0,0,NaN,NaN,0.00719424460431655,0,0,0.00719424460431655,0
PHM2010,c6,12,vibration_y,ColoredNoiseRamp,315,125,1.53610893537941,1.53003769065298,1.53610893537941,0.611289085441744,0,0,NaN,NaN,0.00806451612903226,0,0,0.00806451612903226,0
PHM2010,c6,12,vibration_y,IntermittentRecordDropout,315,64,0.898049926198515,0.896834042733799,0.896417780001737,0.741331063448201,0,1,NaN,250,0.0158730158730159,0,1,0.0158730158730159,0
PHM2010,c6,13,force_z,LinearBiasDrift,315,75,1.03319463205203,1.01511685834018,0.92512293906289,0.750308842782173,1,1,218,186,0.0135135135135135,0,1,0.0135135135135135,0
PHM2010,c6,13,force_z,GainDrift,315,109,0.802862557698376,0.803877348301895,0.802862557698376,0.723354541525042,1,0,183,NaN,0.00925925925925926,0,0,0.00925925925925926,0
PHM2010,c6,13,force_z,ColoredNoiseRamp,315,64,0.885502794813701,0.902459661952397,0.867164065920218,0.757414087579204,1,1,173,171,0.0158730158730159,0,1,0.0158730158730159,0
PHM2010,c6,13,force_z,IntermittentRecordDropout,315,89,1.43031443025975,0.834101680174047,0.722603017495028,0.730019905668016,1,1,6,6,0.0113636363636364,0,3,0.0113636363636364,0
PHM2010,c6,13,vibration_x,LinearBiasDrift,315,140,0.659393121078984,0.661686457424333,0.659393121078984,0.875619349250854,0,0,NaN,NaN,0.00719424460431655,0,0,0.00719424460431655,0
PHM2010,c6,13,vibration_x,GainDrift,315,128,0.912451766091729,0.910160983120611,0.912451766091729,0.84643574791475,0,0,NaN,NaN,0.0078740157480315,0,0,0.0078740157480315,0
PHM2010,c6,13,vibration_x,ColoredNoiseRamp,315,133,1.07647488584959,1.07527351615065,1.07647488584959,0.857178416978198,0,0,NaN,NaN,0.00757575757575758,0,0,0.00757575757575758,0
PHM2010,c6,13,vibration_x,IntermittentRecordDropout,315,98,1.00784522816585,1.00643971150022,0.994073718257969,0.787682735138493,0,1,NaN,213,0.0103092783505155,0,2,0.0103092783505155,0
PHM2010,c6,13,vibration_y,LinearBiasDrift,315,113,0.64949719508356,0.652172115265248,0.64949719508356,0.618594473295333,0,0,NaN,NaN,0.00892857142857143,0,0,0.00892857142857143,0
PHM2010,c6,13,vibration_y,GainDrift,315,117,0.604224818079967,0.606437811293441,0.604224818079967,0.616547698241139,0,0,NaN,NaN,0.00862068965517241,0,0,0.00862068965517241,0
PHM2010,c6,13,vibration_y,ColoredNoiseRamp,315,88,1.04728782997079,1.04491151929787,1.04728782997079,0.676862322590948,0,0,NaN,NaN,0.0114942528735632,0,0,0.0114942528735632,0
PHM2010,c6,13,vibration_y,IntermittentRecordDropout,315,121,0.927747790474288,0.927205093860817,0.927747790474288,0.610146442716351,0,0,NaN,NaN,0.00833333333333333,0,0,0.00833333333333333,0
PHM2010,c6,14,force_z,LinearBiasDrift,315,75,1.03842937771683,1.03842937771683,0.946538545241591,0.750308842782173,0,1,NaN,195,0.0135135135135135,0,1,0.0135135135135135,0
PHM2010,c6,14,force_z,GainDrift,315,66,0.805855963077698,0.806744565261387,0.805855963077698,0.756808257392821,1,0,226,NaN,0.0153846153846154,0,0,0.0153846153846154,0
PHM2010,c6,14,force_z,ColoredNoiseRamp,315,99,0.905584865750555,0.925001688315405,0.890691722231496,0.714419153656933,1,1,148,171,0.0102040816326531,0,1,0.0102040816326531,0
PHM2010,c6,14,force_z,IntermittentRecordDropout,315,67,1.36028816381166,0.871702843087853,0.756539526197627,0.756539526197627,1,1,0,0,0.0151515151515152,0,1,0.0151515151515152,0
PHM2010,c6,14,vibration_x,LinearBiasDrift,315,87,1.39112946646808,1.3902841513749,1.39112946646808,0.802331286779889,0,0,NaN,NaN,0.0116279069767442,0,0,0.0116279069767442,0
PHM2010,c6,14,vibration_x,GainDrift,315,132,0.853807381569027,0.851116728464862,0.853807381569027,0.852769235347089,0,0,NaN,NaN,0.00763358778625954,0,0,0.00763358778625954,0
PHM2010,c6,14,vibration_x,ColoredNoiseRamp,315,134,1.0832839538807,1.08179649622624,1.0832839538807,0.859076447755134,0,0,NaN,NaN,0.0075187969924812,0,0,0.0075187969924812,0
PHM2010,c6,14,vibration_x,IntermittentRecordDropout,315,125,1.10005299987937,1.09792679548977,1.05286660592851,0.835171782581404,1,1,9,176,0.00806451612903226,0,1,0.00806451612903226,0
PHM2010,c6,14,vibration_y,LinearBiasDrift,315,76,1.05545341403204,1.05530908251109,1.05545341403204,0.713311901006151,0,0,NaN,NaN,0.0133333333333333,0,0,0.0133333333333333,0
PHM2010,c6,14,vibration_y,GainDrift,315,102,1.37274130942216,1.3690088461052,1.37274130942216,0.628929024933959,0,0,NaN,NaN,0.0099009900990099,0,0,0.0099009900990099,0
PHM2010,c6,14,vibration_y,ColoredNoiseRamp,315,79,1.18501984795944,1.18180012162864,1.18501984795944,0.704581308130055,0,0,NaN,NaN,0.0128205128205128,0,0,0.0128205128205128,0
PHM2010,c6,14,vibration_y,IntermittentRecordDropout,315,80,0.885061286719141,0.885041324260529,0.879860738477888,0.700807396679587,0,1,NaN,230,0.0126582278481013,0,1,0.0126582278481013,0
PHM2010,c6,15,force_z,LinearBiasDrift,315,115,1.21573574352953,0.8274340430051,0.765736783652911,0.728354483964962,1,1,109,84,0.0087719298245614,0,1,0.0087719298245614,0
PHM2010,c6,15,force_z,GainDrift,315,124,1.35671045636714,1.35150159674682,1.35671045636714,0.740207491049143,1,0,168,NaN,0.00813008130081301,0,0,0.00813008130081301,0
PHM2010,c6,15,force_z,ColoredNoiseRamp,315,116,0.965125273899044,0.97069184958431,0.931275207755424,0.730554120966345,1,1,134,152,0.00869565217391304,0,1,0.00869565217391304,0
PHM2010,c6,15,force_z,IntermittentRecordDropout,315,136,1.5418492946741,0.936147531346216,0.760567237067654,0.76072125099159,1,1,8,8,0.00740740740740741,0,1,0.00740740740740741,0
PHM2010,c6,15,vibration_x,LinearBiasDrift,315,115,1.76776964280457,1.76748260900979,1.76776964280457,0.813135716954621,0,0,NaN,NaN,0.0087719298245614,0,0,0.0087719298245614,0
PHM2010,c6,15,vibration_x,GainDrift,315,63,0.819050145053511,0.817165540396492,0.819050145053511,0.825872880178177,0,0,NaN,NaN,0.0161290322580645,0,0,0.0161290322580645,0
PHM2010,c6,15,vibration_x,ColoredNoiseRamp,315,125,1.02112809818392,1.01980218725016,1.02112809818392,0.835171782581404,0,0,NaN,NaN,0.00806451612903226,0,0,0.00806451612903226,0
PHM2010,c6,15,vibration_x,IntermittentRecordDropout,315,104,1.03277616743583,1.03130936356563,1.00499086769184,0.789990811614926,0,1,NaN,205,0.00970873786407767,0,1,0.00970873786407767,0
PHM2010,c6,15,vibration_y,LinearBiasDrift,315,123,0.642912401596879,0.648274526452403,0.642912401596879,0.607952838756378,0,0,NaN,NaN,0.00819672131147541,0,0,0.00819672131147541,0
PHM2010,c6,15,vibration_y,GainDrift,315,117,1.59607681541918,1.59113016244615,1.59607681541918,0.616547698241139,0,0,NaN,NaN,0.00862068965517241,0,0,0.00862068965517241,0
PHM2010,c6,15,vibration_y,ColoredNoiseRamp,315,87,1.31498940469686,1.31279494299176,1.31498940469686,0.681922819467147,0,0,NaN,NaN,0.0116279069767442,0,0,0.0116279069767442,0
PHM2010,c6,15,vibration_y,IntermittentRecordDropout,315,102,0.86979403135278,0.86962212292122,0.867103151730358,0.628929024933959,0,1,NaN,209,0.0099009900990099,0,1,0.0099009900990099,0
PHM2010,c6,16,force_z,LinearBiasDrift,315,102,0.596073913432541,0.664406236175372,0.690032684505494,0.713975825268537,1,1,127,114,0.0099009900990099,0,1,0.0099009900990099,0
PHM2010,c6,16,force_z,GainDrift,315,103,0.774490257470129,0.775620505041977,0.774490257470129,0.710984942221719,1,0,189,NaN,0.00980392156862745,0,0,0.00980392156862745,0
PHM2010,c6,16,force_z,ColoredNoiseRamp,315,141,1.01627059905459,1.01146329564627,0.994286683491071,0.774252781251957,1,1,90,128,0.00714285714285714,0,1,0.00714285714285714,0
PHM2010,c6,16,force_z,IntermittentRecordDropout,315,71,1.41588762851909,0.852789002938948,0.754679976732502,0.752823041062947,1,1,11,11,0.0142857142857143,0,1,0.0142857142857143,0
PHM2010,c6,16,vibration_x,LinearBiasDrift,315,101,1.96972471412095,1.97017613826829,1.96972471412095,0.787297131355909,0,0,NaN,NaN,0.01,0,0,0.01,0
PHM2010,c6,16,vibration_x,GainDrift,315,87,0.865457766409878,0.863670262626786,0.865457766409878,0.802331286779889,0,0,NaN,NaN,0.0116279069767442,0,0,0.0116279069767442,0
PHM2010,c6,16,vibration_x,ColoredNoiseRamp,315,87,0.975089935157569,0.973862927116256,0.975089935157569,0.802331286779889,0,0,NaN,NaN,0.0116279069767442,0,0,0.0116279069767442,0
PHM2010,c6,16,vibration_x,IntermittentRecordDropout,315,114,1.0610794470575,1.0595507446897,1.02854606880907,0.81128407383378,0,1,NaN,184,0.00884955752212389,0,3,0.00884955752212389,0
PHM2010,c6,16,vibration_y,LinearBiasDrift,315,107,0.952325889548386,0.960069267079951,0.952325889548386,0.623331800813251,0,0,NaN,NaN,0.00943396226415094,0,0,0.00943396226415094,0
PHM2010,c6,16,vibration_y,GainDrift,315,90,0.732371721230462,0.732652025697629,0.732371721230462,0.66964778544436,0,0,NaN,NaN,0.0112359550561798,0,0,0.0112359550561798,0
PHM2010,c6,16,vibration_y,ColoredNoiseRamp,315,85,1.05524730374261,1.05403454601162,1.05524730374261,0.687687535432326,0,0,NaN,NaN,0.0119047619047619,0,0,0.0119047619047619,0
PHM2010,c6,16,vibration_y,IntermittentRecordDropout,315,119,0.905628806600382,0.90407346328511,0.893931536836282,0.616599918973802,0,1,NaN,187,0.00847457627118644,0,1,0.00847457627118644,0
PHM2010,c6,17,force_z,LinearBiasDrift,315,121,1.11600609512115,1.11600609512115,1.02400994965827,0.732932207925523,0,1,NaN,156,0.00833333333333333,0,1,0.00833333333333333,0
PHM2010,c6,17,force_z,GainDrift,315,90,0.782121771598353,0.783180498283432,0.782121771598353,0.729766811665345,1,0,202,NaN,0.0112359550561798,0,0,0.0112359550561798,0
PHM2010,c6,17,force_z,ColoredNoiseRamp,315,90,1.01496988311721,1.01807070164593,1.01496988311721,0.729766811665345,1,0,205,NaN,0.0112359550561798,0,0,0.0112359550561798,0
PHM2010,c6,17,force_z,IntermittentRecordDropout,315,71,1.37074183234715,0.850250201371882,0.748003850750855,0.752823041062947,1,1,29,29,0.0142857142857143,0,1,0.0142857142857143,0
PHM2010,c6,17,vibration_x,LinearBiasDrift,315,131,0.617137974196058,0.61939341674471,0.617137974196058,0.85334216584289,0,0,NaN,NaN,0.00769230769230769,0,0,0.00769230769230769,0
PHM2010,c6,17,vibration_x,GainDrift,315,109,0.889321619525308,0.887389196699325,0.889321619525308,0.804199492723299,0,0,NaN,NaN,0.00925925925925926,0,0,0.00925925925925926,0
PHM2010,c6,17,vibration_x,ColoredNoiseRamp,315,70,0.971170934764147,0.970566581162022,0.971170934764147,0.818562388850595,0,0,NaN,NaN,0.0144927536231884,0,0,0.0144927536231884,0
PHM2010,c6,17,vibration_x,IntermittentRecordDropout,315,95,1.01420180036628,1.01270967355531,0.997940993324413,0.789839954837181,0,1,NaN,215,0.0106382978723404,0,1,0.0106382978723404,0
PHM2010,c6,17,vibration_y,LinearBiasDrift,315,136,0.683737341472049,0.689474037354786,0.683737341472049,0.607172406071442,0,0,NaN,NaN,0.00740740740740741,0,0,0.00740740740740741,0
PHM2010,c6,17,vibration_y,GainDrift,315,66,0.653216651959925,0.654635433292006,0.653216651959925,0.737113910246785,0,0,NaN,NaN,0.0153846153846154,0,0,0.0153846153846154,0
PHM2010,c6,17,vibration_y,ColoredNoiseRamp,315,107,1.39800249944467,1.39496951114633,1.39800249944467,0.623331800813251,0,0,NaN,NaN,0.00943396226415094,0,0,0.00943396226415094,0
PHM2010,c6,17,vibration_y,IntermittentRecordDropout,315,92,0.885531649564189,0.884163780666382,0.885531649564189,0.65974958335853,0,0,NaN,NaN,0.010989010989011,0,0,0.010989010989011,0
PHM2010,c6,18,force_z,LinearBiasDrift,315,121,0.645611133648666,0.710946715915683,0.740393614281324,0.732932207925523,1,1,128,110,0.00833333333333333,0,1,0.00833333333333333,0
PHM2010,c6,18,force_z,GainDrift,315,125,1.35806713492602,1.35286517617005,1.35806713492602,0.742167805543044,1,0,167,NaN,0.00806451612903226,0,0,0.00806451612903226,0
PHM2010,c6,18,force_z,ColoredNoiseRamp,315,94,0.989941492750985,0.989941492750985,0.989941492750985,0.719088607113997,0,0,NaN,NaN,0.010752688172043,0,0,0.010752688172043,0
PHM2010,c6,18,force_z,IntermittentRecordDropout,315,66,1.38457910485671,0.836927180557898,0.756216649723241,0.756808257392821,1,1,1,1,0.0153846153846154,0,1,0.0153846153846154,0
PHM2010,c6,18,vibration_x,LinearBiasDrift,315,122,0.931939111923869,0.934409210160497,0.931939111923869,0.825910718601987,0,0,NaN,NaN,0.00826446280991736,0,0,0.00826446280991736,0
PHM2010,c6,18,vibration_x,GainDrift,315,126,0.8341168367944,0.831506556113312,0.8341168367944,0.837903552998813,0,0,NaN,NaN,0.008,0,0,0.008,0
PHM2010,c6,18,vibration_x,ColoredNoiseRamp,315,69,0.974400381123523,0.973266836768414,0.974400381123523,0.819695428430759,0,0,NaN,NaN,0.0147058823529412,0,0,0.0147058823529412,0
PHM2010,c6,18,vibration_x,IntermittentRecordDropout,315,95,1.00564712637102,1.00435614177947,0.999203932766512,0.789839954837181,0,1,NaN,215,0.0106382978723404,0,3,0.0106382978723404,0
PHM2010,c6,18,vibration_y,LinearBiasDrift,315,91,1.02197333838549,1.02220466876228,1.02197333838549,0.663324933280458,0,0,NaN,NaN,0.0111111111111111,0,0,0.0111111111111111,0
PHM2010,c6,18,vibration_y,GainDrift,315,130,0.633638792203453,0.63610567625035,0.633638792203453,0.608503516209409,0,0,NaN,NaN,0.00775193798449612,0,0,0.00775193798449612,0
PHM2010,c6,18,vibration_y,ColoredNoiseRamp,315,69,1.05900795348702,1.0563118754094,1.05900795348702,0.733201205365437,0,0,NaN,NaN,0.0147058823529412,0,0,0.0147058823529412,0
PHM2010,c6,18,vibration_y,IntermittentRecordDropout,315,124,0.954115815134089,0.952519968086649,0.954115815134089,0.609039054149587,0,0,NaN,NaN,0.00813008130081301,0,0,0.00813008130081301,0
PHM2010,c6,19,force_z,LinearBiasDrift,315,117,1.11003059851927,0.963115445385334,0.885672579229932,0.730971492777399,1,1,146,120,0.00862068965517241,0,1,0.00862068965517241,0
PHM2010,c6,19,force_z,GainDrift,315,83,0.815719795265706,0.816352109255646,0.815719795265706,0.742709171257302,1,0,209,NaN,0.0121951219512195,0,0,0.0121951219512195,0
PHM2010,c6,19,force_z,ColoredNoiseRamp,315,89,1.02622619315822,1.02622619315822,1.02622619315822,0.730019905668016,0,0,NaN,NaN,0.0113636363636364,0,0,0.0113636363636364,0
PHM2010,c6,19,force_z,IntermittentRecordDropout,315,78,1.3595378151495,0.845243940434969,0.7458821558175,0.747409577871621,1,1,8,8,0.012987012987013,0,1,0.012987012987013,0
PHM2010,c6,19,vibration_x,LinearBiasDrift,315,138,0.642529196299628,0.644820250899826,0.642529196299628,0.86922234833998,0,0,NaN,NaN,0.0072992700729927,0,0,0.0072992700729927,0
PHM2010,c6,19,vibration_x,GainDrift,315,82,0.794609457011166,0.792523190370196,0.794609457011166,0.807893990221588,0,0,NaN,NaN,0.0123456790123457,0,0,0.0123456790123457,0
PHM2010,c6,19,vibration_x,ColoredNoiseRamp,315,123,1.02903056805936,1.02842292947406,1.02903056805936,0.828023635294336,0,0,NaN,NaN,0.00819672131147541,0,0,0.00819672131147541,0
PHM2010,c6,19,vibration_x,IntermittentRecordDropout,315,138,1.1379582918305,1.13623692872315,1.1379582918305,0.86922234833998,0,0,NaN,NaN,0.0072992700729927,0,0,0.0072992700729927,0
PHM2010,c6,19,vibration_y,LinearBiasDrift,315,136,0.690400381625853,0.696396193813385,0.690400381625853,0.607172406071442,0,0,NaN,NaN,0.00740740740740741,0,0,0.00740740740740741,0
PHM2010,c6,19,vibration_y,GainDrift,315,136,0.714623069496462,0.71607324526644,0.714623069496462,0.607172406071442,0,0,NaN,NaN,0.00740740740740741,0,0,0.00740740740740741,0
PHM2010,c6,19,vibration_y,ColoredNoiseRamp,315,102,1.21554540055178,1.21155977913311,1.21554540055178,0.628929024933959,0,0,NaN,NaN,0.0099009900990099,0,0,0.0099009900990099,0
PHM2010,c6,19,vibration_y,IntermittentRecordDropout,315,97,0.853252612319956,0.853258851271223,0.845099236985829,0.642785265549539,0,1,NaN,196,0.0104166666666667,0,3,0.0104166666666667,0
PHM2010,c6,20,force_z,LinearBiasDrift,315,63,0.679338660138334,0.731192798348537,0.758011426429484,0.761534967653725,1,1,193,167,0.0161290322580645,0,1,0.0161290322580645,0
PHM2010,c6,20,force_z,GainDrift,315,93,1.17481348033138,1.17114854492385,1.17481348033138,0.723011010617195,1,0,199,NaN,0.0108695652173913,0,0,0.0108695652173913,0
PHM2010,c6,20,force_z,ColoredNoiseRamp,315,120,0.939592049873524,0.956154444561167,0.921974851967173,0.732338095927212,1,1,98,139,0.00840336134453781,0,3,0.00840336134453781,0
PHM2010,c6,20,force_z,IntermittentRecordDropout,315,79,1.39414464696359,0.842700075766008,0.745226836436745,0.746589776529399,1,1,2,2,0.0128205128205128,0,1,0.0128205128205128,0
PHM2010,c6,20,vibration_x,LinearBiasDrift,315,71,0.758144469537616,0.76001045317678,0.758144469537616,0.816374179000248,0,0,NaN,NaN,0.0142857142857143,0,0,0.0142857142857143,0
PHM2010,c6,20,vibration_x,GainDrift,315,135,1.29131430051679,1.29053707882397,1.29131430051679,0.859108448585374,0,0,NaN,NaN,0.00746268656716418,0,0,0.00746268656716418,0
PHM2010,c6,20,vibration_x,ColoredNoiseRamp,315,141,1.21029842875381,1.20981254253277,1.21029842875381,0.879837988826867,0,0,NaN,NaN,0.00714285714285714,0,0,0.00714285714285714,0
PHM2010,c6,20,vibration_x,IntermittentRecordDropout,315,65,1.02048740837788,1.01922564281081,0.998097308658215,0.818494331695486,0,1,NaN,240,0.015625,0,3,0.015625,0
PHM2010,c6,20,vibration_y,LinearBiasDrift,315,121,1.02214560236443,1.02279669530692,1.02214560236443,0.610146442716351,0,0,NaN,NaN,0.00833333333333333,0,0,0.00833333333333333,0
PHM2010,c6,20,vibration_y,GainDrift,315,131,1.55805410850837,1.55340763630884,1.55805410850837,0.610192663817673,0,0,NaN,NaN,0.00769230769230769,0,0,0.00769230769230769,0
PHM2010,c6,20,vibration_y,ColoredNoiseRamp,315,125,1.29335167218964,1.29098528349602,1.29335167218964,0.611289085441744,0,0,NaN,NaN,0.00806451612903226,0,0,0.00806451612903226,0
PHM2010,c6,20,vibration_y,IntermittentRecordDropout,315,140,1.00893336774994,1.00719244369819,1.00893336774994,0.60454372628494,0,0,NaN,NaN,0.00719424460431655,0,0,0.00719424460431655,0
PHM2010,c6,21,force_z,LinearBiasDrift,315,122,0.744027157381044,0.781216231100953,0.793144277442655,0.73448787549548,1,1,159,141,0.00826446280991736,0,1,0.00826446280991736,0
PHM2010,c6,21,force_z,GainDrift,315,63,0.825479465260135,0.826145737361791,0.825479465260135,0.761534967653725,1,0,229,NaN,0.0161290322580645,0,0,0.0161290322580645,0
PHM2010,c6,21,force_z,ColoredNoiseRamp,315,70,0.982456232725513,0.98454426531494,0.934332660031958,0.755855598641735,1,1,200,201,0.0144927536231884,0,1,0.0144927536231884,0
PHM2010,c6,21,force_z,IntermittentRecordDropout,315,134,1.54204983358173,0.917947698687229,0.760368674899001,0.757614044654888,1,1,3,3,0.0075187969924812,0,1,0.0075187969924812,0
PHM2010,c6,21,vibration_x,LinearBiasDrift,315,91,1.80355507790764,1.80363908039462,1.80355507790764,0.795098300760215,0,0,NaN,NaN,0.0111111111111111,0,0,0.0111111111111111,0
PHM2010,c6,21,vibration_x,GainDrift,315,133,1.30764412475841,1.30696654739938,1.30764412475841,0.857178416978198,0,0,NaN,NaN,0.00757575757575758,0,0,0.00757575757575758,0
PHM2010,c6,21,vibration_x,ColoredNoiseRamp,315,89,1.0328966794499,1.03232546718453,1.0328966794499,0.797549739529235,0,0,NaN,NaN,0.0113636363636364,0,0,0.0113636363636364,0
PHM2010,c6,21,vibration_x,IntermittentRecordDropout,315,104,1.01539572589847,1.01395043045928,1.00555054876385,0.789990811614926,0,1,NaN,180,0.00970873786407767,0,2,0.00970873786407767,0
PHM2010,c6,21,vibration_y,LinearBiasDrift,315,93,0.919703018157952,0.92039195701071,0.919703018157952,0.656130227005406,0,0,NaN,NaN,0.0108695652173913,0,0,0.0108695652173913,0
PHM2010,c6,21,vibration_y,GainDrift,315,126,1.47652124152001,1.47231246861706,1.47652124152001,0.610379068777165,0,0,NaN,NaN,0.008,0,0,0.008,0
PHM2010,c6,21,vibration_y,ColoredNoiseRamp,315,79,0.995773437803736,0.994086353136172,0.995773437803736,0.704581308130055,0,0,NaN,NaN,0.0128205128205128,0,0,0.0128205128205128,0
PHM2010,c6,21,vibration_y,IntermittentRecordDropout,315,131,0.959259142947206,0.957993605489851,0.95506067044328,0.610192663817673,0,1,NaN,183,0.00769230769230769,0,1,0.00769230769230769,0
PHM2010,c6,22,force_z,LinearBiasDrift,315,126,0.781710416844921,0.80014026988803,0.820615934871738,0.742804507321942,1,1,161,144,0.008,0,1,0.008,0
PHM2010,c6,22,force_z,GainDrift,315,112,1.24795071992982,1.2436601041416,1.24795071992982,0.722490674290054,1,0,180,NaN,0.00900900900900901,0,0,0.00900900900900901,0
PHM2010,c6,22,force_z,ColoredNoiseRamp,315,120,1.07750075239966,1.07851467681674,1.07750075239966,0.732338095927212,1,0,184,NaN,0.00840336134453781,0,0,0.00840336134453781,0
PHM2010,c6,22,force_z,IntermittentRecordDropout,315,70,1.42000444307681,0.838524836132823,0.755395115601326,0.755855598641735,1,1,6,6,0.0144927536231884,0,3,0.0144927536231884,0
PHM2010,c6,22,vibration_x,LinearBiasDrift,315,85,1.55266612011849,1.55216428353985,1.55266612011849,0.80378450851751,0,0,NaN,NaN,0.0119047619047619,0,0,0.0119047619047619,0
PHM2010,c6,22,vibration_x,GainDrift,315,103,0.805695450198656,0.803531152771267,0.805695450198656,0.786537023168399,0,0,NaN,NaN,0.00980392156862745,0,0,0.00980392156862745,0
PHM2010,c6,22,vibration_x,ColoredNoiseRamp,315,130,1.08068370672987,1.07975817046731,1.08068370672987,0.85062162794219,0,0,NaN,NaN,0.00775193798449612,0,0,0.00775193798449612,0
PHM2010,c6,22,vibration_x,IntermittentRecordDropout,315,110,1.04536860280965,1.04388121138679,1.03763287001727,0.802894031034873,0,1,NaN,204,0.00917431192660551,0,1,0.00917431192660551,0
PHM2010,c6,22,vibration_y,LinearBiasDrift,315,87,0.615421245183548,0.620030702638063,0.615421245183548,0.681922819467147,0,0,NaN,NaN,0.0116279069767442,0,0,0.0116279069767442,0
PHM2010,c6,22,vibration_y,GainDrift,315,106,1.32638862335215,1.32293116972851,1.32638862335215,0.623919746207085,0,0,NaN,NaN,0.00952380952380952,0,0,0.00952380952380952,0
PHM2010,c6,22,vibration_y,ColoredNoiseRamp,315,108,1.09489990632058,1.09181205485655,1.09489990632058,0.625330213396601,0,0,NaN,NaN,0.00934579439252336,0,0,0.00934579439252336,0
PHM2010,c6,22,vibration_y,IntermittentRecordDropout,315,139,1.00911162027663,1.00806466550879,0.984775997455642,0.603017874961405,0,1,NaN,161,0.0072463768115942,0,2,0.0072463768115942,0
PHM2010,c6,23,force_z,LinearBiasDrift,315,96,0.654813874505909,0.698847130615538,0.723432942628688,0.716271746177234,1,1,168,149,0.0105263157894737,0,1,0.0105263157894737,0
PHM2010,c6,23,force_z,GainDrift,315,65,1.21879113972136,1.21493869768231,1.21879113972136,0.755764743175505,1,0,227,NaN,0.015625,0,0,0.015625,0
PHM2010,c6,23,force_z,ColoredNoiseRamp,315,109,0.963293757700615,0.970865198306099,0.964157803143712,0.723354541525042,1,1,145,145,0.00925925925925926,0,3,0.00925925925925926,0
PHM2010,c6,23,force_z,IntermittentRecordDropout,315,139,1.50936976563891,0.974140749950964,0.760353670503855,0.766049904768446,1,1,13,13,0.0072463768115942,0,1,0.0072463768115942,0
PHM2010,c6,23,vibration_x,LinearBiasDrift,315,68,0.674504403059208,0.674169455352505,0.674504403059208,0.818662917479533,0,0,NaN,NaN,0.0149253731343284,0,0,0.0149253731343284,0
PHM2010,c6,23,vibration_x,GainDrift,315,118,0.888032534675113,0.885895482560468,0.888032534675113,0.821127419426302,0,0,NaN,NaN,0.00854700854700855,0,0,0.00854700854700855,0
PHM2010,c6,23,vibration_x,ColoredNoiseRamp,315,113,1.04620324859657,1.04569868967616,1.04620324859657,0.808829720949515,0,0,NaN,NaN,0.00892857142857143,0,0,0.00892857142857143,0
PHM2010,c6,23,vibration_x,IntermittentRecordDropout,315,68,1.02224411312908,1.02100281572568,1.00198290645539,0.818662917479533,0,1,NaN,242,0.0149253731343284,0,1,0.0149253731343284,0
PHM2010,c6,23,vibration_y,LinearBiasDrift,315,97,0.691749292436935,0.690430596709602,0.691749292436935,0.642785265549539,0,0,NaN,NaN,0.0104166666666667,0,0,0.0104166666666667,0
PHM2010,c6,23,vibration_y,GainDrift,315,77,0.612712102747972,0.614601688088375,0.612712102747972,0.709436479331988,0,0,NaN,NaN,0.0131578947368421,0,0,0.0131578947368421,0
PHM2010,c6,23,vibration_y,ColoredNoiseRamp,315,110,1.46140715513913,1.45523204953687,1.46140715513913,0.621258956352117,0,0,NaN,NaN,0.00917431192660551,0,0,0.00917431192660551,0
PHM2010,c6,23,vibration_y,IntermittentRecordDropout,315,103,0.872094211528773,0.870655701514179,0.871303764298634,0.623769539355738,0,1,NaN,184,0.00980392156862745,0,4,0.00980392156862745,0
PHM2010,c6,24,force_z,LinearBiasDrift,315,86,0.615579159155303,0.686899424343751,0.716584150763198,0.740226363484468,1,1,149,132,0.0117647058823529,0,1,0.0117647058823529,0
PHM2010,c6,24,force_z,GainDrift,315,110,0.784194855787508,0.785518472933966,0.784194855787508,0.720944010820611,1,0,182,NaN,0.00917431192660551,0,0,0.00917431192660551,0
PHM2010,c6,24,force_z,ColoredNoiseRamp,315,103,1.01774141831719,1.02081007428236,1.00973779467972,0.710984942221719,1,1,174,184,0.00980392156862745,0,2,0.00980392156862745,0
PHM2010,c6,24,force_z,IntermittentRecordDropout,315,68,1.33841779881009,0.875238507114344,0.756125813962906,0.75522183012456,1,1,2,2,0.0149253731343284,0,1,0.0149253731343284,0
PHM2010,c6,24,vibration_x,LinearBiasDrift,315,109,1.78953244734104,1.78938705779966,1.78953244734104,0.804199492723299,0,0,NaN,NaN,0.00925925925925926,0,0,0.00925925925925926,0
PHM2010,c6,24,vibration_x,GainDrift,315,64,1.08052073900879,1.079726842695,1.08052073900879,0.821338164894724,0,0,NaN,NaN,0.0158730158730159,0,0,0.0158730158730159,0
PHM2010,c6,24,vibration_x,ColoredNoiseRamp,315,107,0.974457122262477,0.973056340564831,0.974457122262477,0.797591324480381,0,0,NaN,NaN,0.00943396226415094,0,0,0.00943396226415094,0
PHM2010,c6,24,vibration_x,IntermittentRecordDropout,315,105,1.03083380082011,1.02938165563951,1.00536876319296,0.792233841986167,0,1,NaN,204,0.00961538461538462,0,1,0.00961538461538462,0
PHM2010,c6,24,vibration_y,LinearBiasDrift,315,91,0.983259322978636,0.983698111585859,0.983259322978636,0.663324933280458,0,0,NaN,NaN,0.0111111111111111,0,0,0.0111111111111111,0
PHM2010,c6,24,vibration_y,GainDrift,315,125,0.689999014990398,0.69129771196462,0.689999014990398,0.611289085441744,0,0,NaN,NaN,0.00806451612903226,0,0,0.00806451612903226,0
PHM2010,c6,24,vibration_y,ColoredNoiseRamp,315,132,1.16131390644973,1.15801669740389,1.16131390644973,0.605973076744136,0,0,NaN,NaN,0.00763358778625954,0,0,0.00763358778625954,0
PHM2010,c6,24,vibration_y,IntermittentRecordDropout,315,83,0.877308352272066,0.876986698450353,0.871118248566444,0.693930059392497,0,1,NaN,218,0.0121951219512195,0,5,0.0121951219512195,0
PHM2010,c6,25,force_z,LinearBiasDrift,315,67,1.02632442824715,0.931956403133363,0.857150351900673,0.756539526197627,1,1,199,168,0.0151515151515152,0,1,0.0151515151515152,0
PHM2010,c6,25,force_z,GainDrift,315,96,0.728796217181704,0.730656261709702,0.728796217181704,0.716271746177234,1,0,196,NaN,0.0105263157894737,0,0,0.0105263157894737,0
PHM2010,c6,25,force_z,ColoredNoiseRamp,315,91,0.966016108545767,0.960022801855054,0.934340319867593,0.72553653822335,1,1,181,181,0.0111111111111111,0,3,0.0111111111111111,0
PHM2010,c6,25,force_z,IntermittentRecordDropout,315,91,1.42871467703653,0.820858946046806,0.720377232696954,0.72553653822335,1,1,11,11,0.0111111111111111,0,1,0.0111111111111111,0
PHM2010,c6,25,vibration_x,LinearBiasDrift,315,120,1.45467933623635,1.45363737361639,1.45467933623635,0.821704850033036,0,0,NaN,NaN,0.00840336134453781,0,0,0.00840336134453781,0
PHM2010,c6,25,vibration_x,GainDrift,315,131,0.926533792852779,0.924223402245341,0.926533792852779,0.85334216584289,0,0,NaN,NaN,0.00769230769230769,0,0,0.00769230769230769,0
PHM2010,c6,25,vibration_x,ColoredNoiseRamp,315,137,1.0656049675373,1.06434367323382,1.0656049675373,0.864686329982397,0,0,NaN,NaN,0.00735294117647059,0,0,0.00735294117647059,0
PHM2010,c6,25,vibration_x,IntermittentRecordDropout,315,117,1.06734289692253,1.06574405271212,1.06734289692253,0.81716191533094,0,0,NaN,NaN,0.00862068965517241,0,0,0.00862068965517241,0
PHM2010,c6,25,vibration_y,LinearBiasDrift,315,109,0.609765319587533,0.614654147451847,0.609765319587533,0.624717920997148,0,0,NaN,NaN,0.00925925925925926,0,0,0.00925925925925926,0
PHM2010,c6,25,vibration_y,GainDrift,315,95,0.590367172357535,0.592213460711091,0.590367172357535,0.648667134152971,0,0,NaN,NaN,0.0106382978723404,0,0,0.0106382978723404,0
PHM2010,c6,25,vibration_y,ColoredNoiseRamp,315,128,1.12004804659169,1.11714189690054,1.12004804659169,0.61156239195461,0,0,NaN,NaN,0.0078740157480315,0,0,0.0078740157480315,0
PHM2010,c6,25,vibration_y,IntermittentRecordDropout,315,133,0.988351300970585,0.986676969642123,0.980345294794708,0.606303706808798,0,1,NaN,178,0.00757575757575758,0,1,0.00757575757575758,0
PHM2010,c6,26,force_z,LinearBiasDrift,315,92,1.02984639654029,0.945207497852039,0.876520665871708,0.723839747313107,1,1,180,155,0.010989010989011,0,1,0.010989010989011,0
PHM2010,c6,26,force_z,GainDrift,315,64,0.764411951949552,0.766032055872039,0.764411951949552,0.757414087579204,1,0,228,NaN,0.0158730158730159,0,0,0.0158730158730159,0
PHM2010,c6,26,force_z,ColoredNoiseRamp,315,67,0.97414353235553,0.97863961283734,0.970536648325277,0.756539526197627,1,1,209,244,0.0151515151515152,0,1,0.0151515151515152,0
PHM2010,c6,26,force_z,IntermittentRecordDropout,315,125,1.42669601454609,0.924503309300309,0.738672814865579,0.742167805543044,1,1,3,3,0.00806451612903226,0,1,0.00806451612903226,0
PHM2010,c6,26,vibration_x,LinearBiasDrift,315,120,1.63519478102206,1.63451379849442,1.63519478102206,0.821704850033036,0,0,NaN,NaN,0.00840336134453781,0,0,0.00840336134453781,0
PHM2010,c6,26,vibration_x,GainDrift,315,141,0.89364662098598,0.890864421519088,0.89364662098598,0.879837988826867,0,0,NaN,NaN,0.00714285714285714,0,0,0.00714285714285714,0
PHM2010,c6,26,vibration_x,ColoredNoiseRamp,315,133,1.10959834794234,1.10826843580943,1.10959834794234,0.857178416978198,0,0,NaN,NaN,0.00757575757575758,0,0,0.00757575757575758,0
PHM2010,c6,26,vibration_x,IntermittentRecordDropout,315,88,1.01366393406334,1.01209654313736,0.979344849278467,0.79959096409358,1,1,43,203,0.0114942528735632,0,5,0.0114942528735632,0
PHM2010,c6,26,vibration_y,LinearBiasDrift,315,134,0.739674308101263,0.740372154755824,0.739674308101263,0.6053302331355,0,0,NaN,NaN,0.0075187969924812,0,0,0.0075187969924812,0
PHM2010,c6,26,vibration_y,GainDrift,315,77,0.74997890532474,0.750196483335082,0.74997890532474,0.709436479331988,0,0,NaN,NaN,0.0131578947368421,0,0,0.0131578947368421,0
PHM2010,c6,26,vibration_y,ColoredNoiseRamp,315,122,1.12188555316288,1.1191750406195,1.12188555316288,0.609216605212963,0,0,NaN,NaN,0.00826446280991736,0,0,0.00826446280991736,0
PHM2010,c6,26,vibration_y,IntermittentRecordDropout,315,136,1.00299064279684,1.00173985004067,1.00299064279684,0.607172406071442,0,0,NaN,NaN,0.00740740740740741,0,0,0.00740740740740741,0
PHM2010,c6,27,force_z,LinearBiasDrift,315,114,1.08877393668573,0.969168645582353,0.899137994219928,0.726927451206414,1,1,152,128,0.00884955752212389,0,1,0.00884955752212389,0
PHM2010,c6,27,force_z,GainDrift,315,120,0.878628574157458,0.878901163124104,0.878628574157458,0.732338095927212,1,0,172,NaN,0.00840336134453781,0,0,0.00840336134453781,0
PHM2010,c6,27,force_z,ColoredNoiseRamp,315,121,0.993018076602953,1.01278808494243,0.942251320955848,0.732932207925523,1,1,116,136,0.00833333333333333,0,3,0.00833333333333333,0
PHM2010,c6,27,force_z,IntermittentRecordDropout,315,121,1.47078051915492,0.883431570146438,0.730906695571063,0.732932207925523,1,1,0,0,0.00833333333333333,0,3,0.00833333333333333,0
PHM2010,c6,27,vibration_x,LinearBiasDrift,315,66,1.65749181581382,1.65735340223624,1.65749181581382,0.818790917861926,0,0,NaN,NaN,0.0153846153846154,0,0,0.0153846153846154,0
PHM2010,c6,27,vibration_x,GainDrift,315,131,1.2974982299908,1.29681759785659,1.2974982299908,0.85334216584289,0,0,NaN,NaN,0.00769230769230769,0,0,0.00769230769230769,0
PHM2010,c6,27,vibration_x,ColoredNoiseRamp,315,97,1.01574915788508,1.0147755024352,1.01574915788508,0.789325994292648,0,0,NaN,NaN,0.0104166666666667,0,0,0.0104166666666667,0
PHM2010,c6,27,vibration_x,IntermittentRecordDropout,315,77,1.02090439281287,1.01932193417207,1.00159116175657,0.808449882831477,0,1,NaN,227,0.0131578947368421,0,5,0.0131578947368421,0
PHM2010,c6,27,vibration_y,LinearBiasDrift,315,108,0.757679328951256,0.764348748010055,0.757679328951256,0.625330213396601,0,0,NaN,NaN,0.00934579439252336,0,0,0.00934579439252336,0
PHM2010,c6,27,vibration_y,GainDrift,315,113,1.34163130011171,1.33812644884266,1.34163130011171,0.618594473295333,0,0,NaN,NaN,0.00892857142857143,0,0,0.00892857142857143,0
PHM2010,c6,27,vibration_y,ColoredNoiseRamp,315,75,1.06210948569705,1.05984279030264,1.06210948569705,0.715693184103707,0,0,NaN,NaN,0.0135135135135135,0,0,0.0135135135135135,0
PHM2010,c6,27,vibration_y,IntermittentRecordDropout,315,94,0.879416857619851,0.879929291029818,0.879416857619851,0.650477739980364,0,0,NaN,NaN,0.010752688172043,0,0,0.010752688172043,0
PHM2010,c6,28,force_z,LinearBiasDrift,315,110,1.07714758289787,1.07714758289787,0.983923870855256,0.720944010820611,0,1,NaN,165,0.00917431192660551,0,1,0.00917431192660551,0
PHM2010,c6,28,force_z,GainDrift,315,80,1.16947586134516,1.16602183088247,1.16947586134516,0.74440832497978,1,0,212,NaN,0.0126582278481013,0,0,0.0126582278481013,0
PHM2010,c6,28,force_z,ColoredNoiseRamp,315,133,0.930206679462022,0.921571464040363,0.913463439330469,0.755806160334273,1,1,105,108,0.00757575757575758,0,1,0.00757575757575758,0
PHM2010,c6,28,force_z,IntermittentRecordDropout,315,93,1.3958269776239,0.844614246056051,0.714984762473081,0.723011010617195,1,1,8,8,0.0108695652173913,0,3,0.0108695652173913,0
PHM2010,c6,28,vibration_x,LinearBiasDrift,315,95,0.812241096684029,0.814368237134813,0.812241096684029,0.789839954837181,0,0,NaN,NaN,0.0106382978723404,0,0,0.0106382978723404,0
PHM2010,c6,28,vibration_x,GainDrift,315,112,0.834772693928011,0.832537720482222,0.834772693928011,0.805810616505885,0,0,NaN,NaN,0.00900900900900901,0,0,0.00900900900900901,0
PHM2010,c6,28,vibration_x,ColoredNoiseRamp,315,115,1.06616011472865,1.06482892619582,1.06616011472865,0.813135716954621,0,0,NaN,NaN,0.0087719298245614,0,0,0.0087719298245614,0
PHM2010,c6,28,vibration_x,IntermittentRecordDropout,315,95,1.01910097584768,1.01774840587338,1.01716652325595,0.789839954837181,0,1,NaN,199,0.0106382978723404,0,2,0.0106382978723404,0
PHM2010,c6,28,vibration_y,LinearBiasDrift,315,75,0.6573236975208,0.662119312725545,0.6573236975208,0.715693184103707,0,0,NaN,NaN,0.0135135135135135,0,0,0.0135135135135135,0
PHM2010,c6,28,vibration_y,GainDrift,315,91,0.582468455567438,0.584575473260263,0.582468455567438,0.663324933280458,0,0,NaN,NaN,0.0111111111111111,0,0,0.0111111111111111,0
PHM2010,c6,28,vibration_y,ColoredNoiseRamp,315,91,1.0132366950772,1.01142171501821,1.0132366950772,0.663324933280458,0,0,NaN,NaN,0.0111111111111111,0,0,0.0111111111111111,0
PHM2010,c6,28,vibration_y,IntermittentRecordDropout,315,109,0.898640985066416,0.897540017444956,0.898124375785875,0.624717920997148,0,1,NaN,202,0.00925925925925926,0,2,0.00925925925925926,0
PHM2010,c6,29,force_z,LinearBiasDrift,315,137,0.683396957273364,0.749380160823999,0.773260395121239,0.76140294190852,1,1,98,86,0.00735294117647059,0,1,0.00735294117647059,0
PHM2010,c6,29,force_z,GainDrift,315,98,0.812480457365251,0.812991797642558,0.812480457365251,0.715889155903775,1,0,194,NaN,0.0103092783505155,0,0,0.0103092783505155,0
PHM2010,c6,29,force_z,ColoredNoiseRamp,315,141,0.979065537499044,0.97436900877776,0.94863092006363,0.774252781251957,1,1,89,104,0.00714285714285714,0,1,0.00714285714285714,0
PHM2010,c6,29,force_z,IntermittentRecordDropout,315,96,1.32687331732866,0.861281956592359,0.716609146433415,0.716271746177234,1,1,1,1,0.0105263157894737,0,1,0.0105263157894737,0
PHM2010,c6,29,vibration_x,LinearBiasDrift,315,127,2.16849166353459,2.16910966703528,2.16849166353459,0.842151340646083,0,0,NaN,NaN,0.00793650793650794,0,0,0.00793650793650794,0
PHM2010,c6,29,vibration_x,GainDrift,315,98,1.16616294094638,1.16555997648666,1.16616294094638,0.787682735138493,0,0,NaN,NaN,0.0103092783505155,0,0,0.0103092783505155,0
PHM2010,c6,29,vibration_x,ColoredNoiseRamp,315,133,1.13811567478575,1.13745705955857,1.13811567478575,0.857178416978198,0,0,NaN,NaN,0.00757575757575758,0,0,0.00757575757575758,0
PHM2010,c6,29,vibration_x,IntermittentRecordDropout,315,119,1.0592572181373,1.05764464172995,1.0592572181373,0.823602939457649,0,0,NaN,NaN,0.00847457627118644,0,0,0.00847457627118644,0
PHM2010,c6,29,vibration_y,LinearBiasDrift,315,93,0.991436689483839,0.99184249694301,0.991436689483839,0.656130227005406,0,0,NaN,NaN,0.0108695652173913,0,0,0.0108695652173913,0
PHM2010,c6,29,vibration_y,GainDrift,315,139,0.740334236694174,0.741608022936673,0.740334236694174,0.603017874961405,0,0,NaN,NaN,0.0072463768115942,0,0,0.0072463768115942,0
PHM2010,c6,29,vibration_y,ColoredNoiseRamp,315,75,1.08199097090076,1.08095715495382,1.08199097090076,0.715693184103707,0,0,NaN,NaN,0.0135135135135135,0,0,0.0135135135135135,0
PHM2010,c6,29,vibration_y,IntermittentRecordDropout,315,81,0.87126364688814,0.871021334378295,0.865893868387856,0.699843104308173,0,1,NaN,230,0.0125,0,2,0.0125,0
PHM2010,c6,30,force_z,LinearBiasDrift,315,80,0.678897296270469,0.719636729640571,0.744924501153257,0.74440832497978,1,1,184,163,0.0126582278481013,0,1,0.0126582278481013,0
PHM2010,c6,30,force_z,GainDrift,315,90,0.743635547861742,0.745356248222782,0.743635547861742,0.729766811665345,1,0,202,NaN,0.0112359550561798,0,0,0.0112359550561798,0
PHM2010,c6,30,force_z,ColoredNoiseRamp,315,75,0.9035794283139,0.893327497208572,0.865841510183227,0.750308842782173,1,1,164,166,0.0135135135135135,0,1,0.0135135135135135,0
PHM2010,c6,30,force_z,IntermittentRecordDropout,315,116,1.44819347086432,0.876973450575219,0.727678335205071,0.730554120966345,1,1,0,0,0.00869565217391304,0,3,0.00869565217391304,0
PHM2010,c6,30,vibration_x,LinearBiasDrift,315,71,1.48771591744589,1.48715490632031,1.48771591744589,0.816374179000248,0,0,NaN,NaN,0.0142857142857143,0,0,0.0142857142857143,0
PHM2010,c6,30,vibration_x,GainDrift,315,138,1.33380106032481,1.33313397205781,1.33380106032481,0.86922234833998,0,0,NaN,NaN,0.0072992700729927,0,0,0.0072992700729927,0
PHM2010,c6,30,vibration_x,ColoredNoiseRamp,315,64,1.01434976157666,1.01386114256842,1.01434976157666,0.821338164894724,0,0,NaN,NaN,0.0158730158730159,0,0,0.0158730158730159,0
PHM2010,c6,30,vibration_x,IntermittentRecordDropout,315,125,1.09295370639701,1.09128535404338,1.08858940746726,0.835171782581404,1,1,115,172,0.00806451612903226,0,6,0.00806451612903226,0
PHM2010,c6,30,vibration_y,LinearBiasDrift,315,136,0.698727720619782,0.703106234897467,0.698727720619782,0.607172406071442,0,0,NaN,NaN,0.00740740740740741,0,0,0.00740740740740741,0
PHM2010,c6,30,vibration_y,GainDrift,315,140,1.55948374202747,1.55486226359617,1.55948374202747,0.60454372628494,0,0,NaN,NaN,0.00719424460431655,0,0,0.00719424460431655,0
PHM2010,c6,30,vibration_y,ColoredNoiseRamp,315,136,1.27174434876047,1.26848445054578,1.27174434876047,0.607172406071442,0,0,NaN,NaN,0.00740740740740741,0,0,0.00740740740740741,0
PHM2010,c6,30,vibration_y,IntermittentRecordDropout,315,135,0.989953007028845,0.988260174801725,0.989953007028845,0.605749151127782,0,0,NaN,NaN,0.00746268656716418,0,0,0.00746268656716418,0
